id,name,category,amount,signup_date,notes
1,Person 1,South,1.5,2024-01-15,
2,Person 2,East,3.0,2024-01-15,
3,Person 3,West,4.5,2024-01-15,
4,Person 4,North,6.0,2024-01-15,
5,Person 5,South,7.5,2024-01-15,
6,Person 6,East,9.0,2024-01-15,
7,Person 7,West,10.5,2024-01-15,
8,Person 8,North,12.0,2024-01-15,
9,Person 9,South,13.5,2024-01-15,
10,Person 10,East,15.0,2024-01-15,
11,Person 11,West,16.5,2024-01-15,
12,Person 12,North,18.0,2024-01-15,
13,Person 13,South,19.5,2024-01-15,
14,Person 14,East,21.0,2024-01-15,
15,Person 15,West,22.5,2024-01-15,
16,Person 16,North,24.0,2024-01-15,
17,Person 17,South,25.5,2024-01-15,
18,Person 18,East,27.0,2024-01-15,
19,Person 19,West,28.5,2024-01-15,
20,Person 20,North,30.0,2024-01-15,
21,Person 21,South,31.5,2024-01-15,
22,Person 22,East,33.0,2024-01-15,
23,Person 23,West,34.5,2024-01-15,
24,Person 24,North,36.0,2024-01-15,
25,Person 25,South,37.5,2024-01-15,
26,Person 26,East,39.0,2024-01-15,
27,Person 27,West,40.5,2024-01-15,
28,Person 28,North,42.0,2024-01-15,
29,Person 29,South,43.5,2024-01-15,
30,Person 30,East,45.0,2024-01-15,
31,Person 31,West,46.5,2024-01-15,
32,Person 32,North,48.0,2024-01-15,
33,Person 33,South,49.5,2024-01-15,
34,Person 34,East,51.0,2024-01-15,
35,Person 35,West,52.5,2024-01-15,
36,Person 36,North,54.0,2024-01-15,
37,Person 37,South,55.5,2024-01-15,
38,Person 38,East,57.0,2024-01-15,
39,Person 39,West,58.5,2024-01-15,
40,Person 40,North,60.0,2024-01-15,
41,Person 41,South,61.5,2024-01-15,
42,Person 42,East,63.0,2024-01-15,
43,Person 43,West,64.5,2024-01-15,
44,Person 44,North,66.0,2024-01-15,
45,Person 45,South,67.5,2024-01-15,
46,Person 46,East,69.0,2024-01-15,
47,Person 47,West,70.5,2024-01-15,
48,Person 48,North,72.0,2024-01-15,
49,Person 49,South,73.5,2024-01-15,
50,Person 50,East,75.0,2024-01-15,
51,Person 51,West,76.5,2024-01-15,
52,Person 52,North,78.0,2024-01-15,
53,Person 53,South,79.5,2024-01-15,
54,Person 54,East,81.0,2024-01-15,
55,Person 55,West,82.5,2024-01-15,
56,Person 56,North,84.0,2024-01-15,
57,Person 57,South,85.5,2024-01-15,
58,Person 58,East,87.0,2024-01-15,
59,Person 59,West,88.5,2024-01-15,
60,Person 60,North,90.0,2024-01-15,
61,Person 61,South,91.5,2024-01-15,
62,Person 62,East,93.0,2024-01-15,
63,Person 63,West,94.5,2024-01-15,
64,Person 64,North,96.0,2024-01-15,
65,Person 65,South,97.5,2024-01-15,
66,Person 66,East,99.0,2024-01-15,
67,Person 67,West,100.5,2024-01-15,
68,Person 68,North,102.0,2024-01-15,
69,Person 69,South,103.5,2024-01-15,
70,Person 70,East,105.0,2024-01-15,
71,Person 71,West,106.5,2024-01-15,
72,Person 72,North,108.0,2024-01-15,
73,Person 73,South,109.5,2024-01-15,
74,Person 74,East,111.0,2024-01-15,
75,Person 75,West,112.5,2024-01-15,
76,Person 76,North,114.0,2024-01-15,
77,Person 77,South,115.5,2024-01-15,
78,Person 78,East,117.0,2024-01-15,
79,Person 79,West,118.5,2024-01-15,
80,Person 80,North,120.0,2024-01-15,
81,Person 81,South,121.5,2024-01-15,
82,Person 82,East,123.0,2024-01-15,
83,Person 83,West,124.5,2024-01-15,
84,Person 84,North,126.0,2024-01-15,
85,Person 85,South,127.5,2024-01-15,
86,Person 86,East,129.0,2024-01-15,
87,Person 87,West,130.5,2024-01-15,
88,Person 88,North,132.0,2024-01-15,
89,Person 89,South,133.5,2024-01-15,
90,Person 90,East,135.0,2024-01-15,
91,Person 91,West,136.5,2024-01-15,
92,Person 92,North,138.0,2024-01-15,
93,Person 93,South,139.5,2024-01-15,
94,Person 94,East,141.0,2024-01-15,
95,Person 95,West,142.5,2024-01-15,
96,Person 96,North,144.0,2024-01-15,
97,Person 97,South,145.5,2024-01-15,
98,Person 98,East,147.0,2024-01-15,
99,Person 99,West,148.5,2024-01-15,
100,Person 100,North,150.0,2024-01-15,
101,Person 101,South,151.5,2024-01-15,
102,Person 102,East,153.0,2024-01-15,
103,Person 103,West,154.5,2024-01-15,
104,Person 104,North,156.0,2024-01-15,
105,Person 105,South,157.5,2024-01-15,
106,Person 106,East,159.0,2024-01-15,
107,Person 107,West,160.5,2024-01-15,
108,Person 108,North,162.0,2024-01-15,
109,Person 109,South,163.5,2024-01-15,
110,Person 110,East,165.0,2024-01-15,
111,Person 111,West,166.5,2024-01-15,
112,Person 112,North,168.0,2024-01-15,
113,Person 113,South,169.5,2024-01-15,
114,Person 114,East,171.0,2024-01-15,
115,Person 115,West,172.5,2024-01-15,
116,Person 116,North,174.0,2024-01-15,
117,Person 117,South,175.5,2024-01-15,
118,Person 118,East,177.0,2024-01-15,
119,Person 119,West,178.5,2024-01-15,
120,Person 120,North,180.0,2024-01-15,
121,Person 121,South,181.5,2024-01-15,
122,Person 122,East,183.0,2024-01-15,
123,Person 123,West,184.5,2024-01-15,
124,Person 124,North,186.0,2024-01-15,
125,Person 125,South,187.5,2024-01-15,
126,Person 126,East,189.0,2024-01-15,
127,Person 127,West,190.5,2024-01-15,
128,Person 128,North,192.0,2024-01-15,
129,Person 129,South,193.5,2024-01-15,
130,Person 130,East,195.0,2024-01-15,
131,Person 131,West,196.5,2024-01-15,
132,Person 132,North,198.0,2024-01-15,
133,Person 133,South,199.5,2024-01-15,
134,Person 134,East,201.0,2024-01-15,
135,Person 135,West,202.5,2024-01-15,
136,Person 136,North,204.0,2024-01-15,
137,Person 137,South,205.5,2024-01-15,
138,Person 138,East,207.0,2024-01-15,
139,Person 139,West,208.5,2024-01-15,
140,Person 140,North,210.0,2024-01-15,
141,Person 141,South,211.5,2024-01-15,
142,Person 142,East,213.0,2024-01-15,
143,Person 143,West,214.5,2024-01-15,
144,Person 144,North,216.0,2024-01-15,
145,Person 145,South,217.5,2024-01-15,
146,Person 146,East,219.0,2024-01-15,
147,Person 147,West,220.5,2024-01-15,
148,Person 148,North,222.0,2024-01-15,
149,Person 149,South,223.5,2024-01-15,
150,Person 150,East,225.0,2024-01-15,
151,Person 151,West,226.5,2024-01-15,
152,Person 152,North,228.0,2024-01-15,
153,Person 153,South,229.5,2024-01-15,
154,Person 154,East,231.0,2024-01-15,
155,Person 155,West,232.5,2024-01-15,
156,Person 156,North,234.0,2024-01-15,
157,Person 157,South,235.5,2024-01-15,
158,Person 158,East,237.0,2024-01-15,
159,Person 159,West,238.5,2024-01-15,
160,Person 160,North,240.0,2024-01-15,
161,Person 161,South,241.5,2024-01-15,
162,Person 162,East,243.0,2024-01-15,
163,Person 163,West,244.5,2024-01-15,
164,Person 164,North,246.0,2024-01-15,
165,Person 165,South,247.5,2024-01-15,
166,Person 166,East,249.0,2024-01-15,
167,Person 167,West,250.5,2024-01-15,
168,Person 168,North,252.0,2024-01-15,
169,Person 169,South,253.5,2024-01-15,
170,Person 170,East,255.0,2024-01-15,
171,Person 171,West,256.5,2024-01-15,
172,Person 172,North,258.0,2024-01-15,
173,Person 173,South,259.5,2024-01-15,
174,Person 174,East,261.0,2024-01-15,
175,Person 175,West,262.5,2024-01-15,
176,Person 176,North,264.0,2024-01-15,
177,Person 177,South,265.5,2024-01-15,
178,Person 178,East,267.0,2024-01-15,
179,Person 179,West,268.5,2024-01-15,
180,Person 180,North,270.0,2024-01-15,
181,Person 181,South,271.5,2024-01-15,
182,Person 182,East,273.0,2024-01-15,
183,Person 183,West,274.5,2024-01-15,
184,Person 184,North,276.0,2024-01-15,
185,Person 185,South,277.5,2024-01-15,
186,Person 186,East,279.0,2024-01-15,
187,Person 187,West,280.5,2024-01-15,
188,Person 188,North,282.0,2024-01-15,
189,Person 189,South,283.5,2024-01-15,
190,Person 190,East,285.0,2024-01-15,
191,Person 191,West,286.5,2024-01-15,
192,Person 192,North,288.0,2024-01-15,
193,Person 193,South,289.5,2024-01-15,
194,Person 194,East,291.0,2024-01-15,
195,Person 195,West,292.5,2024-01-15,
196,Person 196,North,294.0,2024-01-15,
197,Person 197,South,295.5,2024-01-15,
198,Person 198,East,297.0,2024-01-15,
199,Person 199,West,298.5,2024-01-15,
200,Person 200,North,300.0,2024-01-15,
201,Person 201,South,301.5,2024-01-15,
202,Person 202,East,303.0,2024-01-15,
203,Person 203,West,304.5,2024-01-15,
204,Person 204,North,306.0,2024-01-15,
205,Person 205,South,307.5,2024-01-15,
206,Person 206,East,309.0,2024-01-15,
207,Person 207,West,310.5,2024-01-15,
208,Person 208,North,312.0,2024-01-15,
209,Person 209,South,313.5,2024-01-15,
210,Person 210,East,315.0,2024-01-15,
211,Person 211,West,316.5,2024-01-15,
212,Person 212,North,318.0,2024-01-15,
213,Person 213,South,319.5,2024-01-15,
214,Person 214,East,321.0,2024-01-15,
215,Person 215,West,322.5,2024-01-15,
216,Person 216,North,324.0,2024-01-15,
217,Person 217,South,325.5,2024-01-15,
218,Person 218,East,327.0,2024-01-15,
219,Person 219,West,328.5,2024-01-15,
220,Person 220,North,330.0,2024-01-15,
221,Person 221,South,331.5,2024-01-15,
222,Person 222,East,333.0,2024-01-15,
223,Person 223,West,334.5,2024-01-15,
224,Person 224,North,336.0,2024-01-15,
225,Person 225,South,337.5,2024-01-15,
226,Person 226,East,339.0,2024-01-15,
227,Person 227,West,340.5,2024-01-15,
228,Person 228,North,342.0,2024-01-15,
229,Person 229,South,343.5,2024-01-15,
230,Person 230,East,345.0,2024-01-15,
231,Person 231,West,346.5,2024-01-15,
232,Person 232,North,348.0,2024-01-15,
233,Person 233,South,349.5,2024-01-15,
234,Person 234,East,351.0,2024-01-15,
235,Person 235,West,352.5,2024-01-15,
236,Person 236,North,354.0,2024-01-15,
237,Person 237,South,355.5,2024-01-15,
238,Person 238,East,357.0,2024-01-15,
239,Person 239,West,358.5,2024-01-15,
240,Person 240,North,360.0,2024-01-15,
241,Person 241,South,361.5,2024-01-15,
242,Person 242,East,363.0,2024-01-15,
243,Person 243,West,364.5,2024-01-15,
244,Person 244,North,366.0,2024-01-15,
245,Person 245,South,367.5,2024-01-15,
246,Person 246,East,369.0,2024-01-15,
247,Person 247,West,370.5,2024-01-15,
248,Person 248,North,372.0,2024-01-15,
249,Person 249,South,373.5,2024-01-15,
250,Person 250,East,375.0,2024-01-15,
251,Person 251,West,376.5,2024-01-15,
252,Person 252,North,378.0,2024-01-15,
253,Person 253,South,379.5,2024-01-15,
254,Person 254,East,381.0,2024-01-15,
255,Person 255,West,382.5,2024-01-15,
256,Person 256,North,384.0,2024-01-15,
257,Person 257,South,385.5,2024-01-15,
258,Person 258,East,387.0,2024-01-15,
259,Person 259,West,388.5,2024-01-15,
260,Person 260,North,390.0,2024-01-15,
261,Person 261,South,391.5,2024-01-15,
262,Person 262,East,393.0,2024-01-15,
263,Person 263,West,394.5,2024-01-15,
264,Person 264,North,396.0,2024-01-15,
265,Person 265,South,397.5,2024-01-15,
266,Person 266,East,399.0,2024-01-15,
267,Person 267,West,400.5,2024-01-15,
268,Person 268,North,402.0,2024-01-15,
269,Person 269,South,403.5,2024-01-15,
270,Person 270,East,405.0,2024-01-15,
271,Person 271,West,406.5,2024-01-15,
272,Person 272,North,408.0,2024-01-15,
273,Person 273,South,409.5,2024-01-15,
274,Person 274,East,411.0,2024-01-15,
275,Person 275,West,412.5,2024-01-15,
276,Person 276,North,414.0,2024-01-15,
277,Person 277,South,415.5,2024-01-15,
278,Person 278,East,417.0,2024-01-15,
279,Person 279,West,418.5,2024-01-15,
280,Person 280,North,420.0,2024-01-15,
281,Person 281,South,421.5,2024-01-15,
282,Person 282,East,423.0,2024-01-15,
283,Person 283,West,424.5,2024-01-15,
284,Person 284,North,426.0,2024-01-15,
285,Person 285,South,427.5,2024-01-15,
286,Person 286,East,429.0,2024-01-15,
287,Person 287,West,430.5,2024-01-15,
288,Person 288,North,432.0,2024-01-15,
289,Person 289,South,433.5,2024-01-15,
290,Person 290,East,435.0,2024-01-15,
291,Person 291,West,436.5,2024-01-15,
292,Person 292,North,438.0,2024-01-15,
293,Person 293,South,439.5,2024-01-15,
294,Person 294,East,441.0,2024-01-15,
295,Person 295,West,442.5,2024-01-15,
296,Person 296,North,444.0,2024-01-15,
297,Person 297,South,445.5,2024-01-15,
298,Person 298,East,447.0,2024-01-15,
299,Person 299,West,448.5,2024-01-15,
300,Person 300,North,450.0,2024-01-15,
301,Person 301,South,451.5,2024-01-15,
302,Person 302,East,453.0,2024-01-15,
303,Person 303,West,454.5,2024-01-15,
304,Person 304,North,456.0,2024-01-15,
305,Person 305,South,457.5,2024-01-15,
306,Person 306,East,459.0,2024-01-15,
307,Person 307,West,460.5,2024-01-15,
308,Person 308,North,462.0,2024-01-15,
309,Person 309,South,463.5,2024-01-15,
310,Person 310,East,465.0,2024-01-15,
311,Person 311,West,466.5,2024-01-15,
312,Person 312,North,468.0,2024-01-15,
313,Person 313,South,469.5,2024-01-15,
314,Person 314,East,471.0,2024-01-15,
315,Person 315,West,472.5,2024-01-15,
316,Person 316,North,474.0,2024-01-15,
317,Person 317,South,475.5,2024-01-15,
318,Person 318,East,477.0,2024-01-15,
319,Person 319,West,478.5,2024-01-15,
320,Person 320,North,480.0,2024-01-15,
321,Person 321,South,481.5,2024-01-15,
322,Person 322,East,483.0,2024-01-15,
323,Person 323,West,484.5,2024-01-15,
324,Person 324,North,486.0,2024-01-15,
325,Person 325,South,487.5,2024-01-15,
326,Person 326,East,489.0,2024-01-15,
327,Person 327,West,490.5,2024-01-15,
328,Person 328,North,492.0,2024-01-15,
329,Person 329,South,493.5,2024-01-15,
330,Person 330,East,495.0,2024-01-15,
331,Person 331,West,496.5,2024-01-15,
332,Person 332,North,498.0,2024-01-15,
333,Person 333,South,499.5,2024-01-15,
334,Person 334,East,501.0,2024-01-15,
335,Person 335,West,502.5,2024-01-15,
336,Person 336,North,504.0,2024-01-15,
337,Person 337,South,505.5,2024-01-15,
338,Person 338,East,507.0,2024-01-15,
339,Person 339,West,508.5,2024-01-15,
340,Person 340,North,510.0,2024-01-15,
341,Person 341,South,511.5,2024-01-15,
342,Person 342,East,513.0,2024-01-15,
343,Person 343,West,514.5,2024-01-15,
344,Person 344,North,516.0,2024-01-15,
345,Person 345,South,517.5,2024-01-15,
346,Person 346,East,519.0,2024-01-15,
347,Person 347,West,520.5,2024-01-15,
348,Person 348,North,522.0,2024-01-15,
349,Person 349,South,523.5,2024-01-15,
350,Person 350,East,525.0,2024-01-15,
351,Person 351,West,526.5,2024-01-15,
352,Person 352,North,528.0,2024-01-15,
353,Person 353,South,529.5,2024-01-15,
354,Person 354,East,531.0,2024-01-15,
355,Person 355,West,532.5,2024-01-15,
356,Person 356,North,534.0,2024-01-15,
357,Person 357,South,535.5,2024-01-15,
358,Person 358,East,537.0,2024-01-15,
359,Person 359,West,538.5,2024-01-15,
360,Person 360,North,540.0,2024-01-15,
361,Person 361,South,541.5,2024-01-15,
362,Person 362,East,543.0,2024-01-15,
363,Person 363,West,544.5,2024-01-15,
364,Person 364,North,546.0,2024-01-15,
365,Person 365,South,547.5,2024-01-15,
366,Person 366,East,549.0,2024-01-15,
367,Person 367,West,550.5,2024-01-15,
368,Person 368,North,552.0,2024-01-15,
369,Person 369,South,553.5,2024-01-15,
370,Person 370,East,555.0,2024-01-15,
371,Person 371,West,556.5,2024-01-15,
372,Person 372,North,558.0,2024-01-15,
373,Person 373,South,559.5,2024-01-15,
374,Person 374,East,561.0,2024-01-15,
375,Person 375,West,562.5,2024-01-15,
376,Person 376,North,564.0,2024-01-15,
377,Person 377,South,565.5,2024-01-15,
378,Person 378,East,567.0,2024-01-15,
379,Person 379,West,568.5,2024-01-15,
380,Person 380,North,570.0,2024-01-15,
381,Person 381,South,571.5,2024-01-15,
382,Person 382,East,573.0,2024-01-15,
383,Person 383,West,574.5,2024-01-15,
384,Person 384,North,576.0,2024-01-15,
385,Person 385,South,577.5,2024-01-15,
386,Person 386,East,579.0,2024-01-15,
387,Person 387,West,580.5,2024-01-15,
388,Person 388,North,582.0,2024-01-15,
389,Person 389,South,583.5,2024-01-15,
390,Person 390,East,585.0,2024-01-15,
391,Person 391,West,586.5,2024-01-15,
392,Person 392,North,588.0,2024-01-15,
393,Person 393,South,589.5,2024-01-15,
394,Person 394,East,591.0,2024-01-15,
395,Person 395,West,592.5,2024-01-15,
396,Person 396,North,594.0,2024-01-15,
397,Person 397,South,595.5,2024-01-15,
398,Person 398,East,597.0,2024-01-15,
399,Person 399,West,598.5,2024-01-15,
400,Person 400,North,600.0,2024-01-15,
401,Person 401,South,601.5,2024-01-15,
402,Person 402,East,603.0,2024-01-15,
403,Person 403,West,604.5,2024-01-15,
404,Person 404,North,606.0,2024-01-15,
405,Person 405,South,607.5,2024-01-15,
406,Person 406,East,609.0,2024-01-15,
407,Person 407,West,610.5,2024-01-15,
408,Person 408,North,612.0,2024-01-15,
409,Person 409,South,613.5,2024-01-15,
410,Person 410,East,615.0,2024-01-15,
411,Person 411,West,616.5,2024-01-15,
412,Person 412,North,618.0,2024-01-15,
413,Person 413,South,619.5,2024-01-15,
414,Person 414,East,621.0,2024-01-15,
415,Person 415,West,622.5,2024-01-15,
416,Person 416,North,624.0,2024-01-15,
417,Person 417,South,625.5,2024-01-15,
418,Person 418,East,627.0,2024-01-15,
419,Person 419,West,628.5,2024-01-15,
420,Person 420,North,630.0,2024-01-15,
421,Person 421,South,631.5,2024-01-15,
422,Person 422,East,633.0,2024-01-15,
423,Person 423,West,634.5,2024-01-15,
424,Person 424,North,636.0,2024-01-15,
425,Person 425,South,637.5,2024-01-15,
426,Person 426,East,639.0,2024-01-15,
427,Person 427,West,640.5,2024-01-15,
428,Person 428,North,642.0,2024-01-15,
429,Person 429,South,643.5,2024-01-15,
430,Person 430,East,645.0,2024-01-15,
431,Person 431,West,646.5,2024-01-15,
432,Person 432,North,648.0,2024-01-15,
433,Person 433,South,649.5,2024-01-15,
434,Person 434,East,651.0,2024-01-15,
435,Person 435,West,652.5,2024-01-15,
436,Person 436,North,654.0,2024-01-15,
437,Person 437,South,655.5,2024-01-15,
438,Person 438,East,657.0,2024-01-15,
439,Person 439,West,658.5,2024-01-15,
440,Person 440,North,660.0,2024-01-15,
441,Person 441,South,661.5,2024-01-15,
442,Person 442,East,663.0,2024-01-15,
443,Person 443,West,664.5,2024-01-15,
444,Person 444,North,666.0,2024-01-15,
445,Person 445,South,667.5,2024-01-15,
446,Person 446,East,669.0,2024-01-15,
447,Person 447,West,670.5,2024-01-15,
448,Person 448,North,672.0,2024-01-15,
449,Person 449,South,673.5,2024-01-15,
450,Person 450,East,675.0,2024-01-15,
451,Person 451,West,676.5,2024-01-15,
452,Person 452,North,678.0,2024-01-15,
453,Person 453,South,679.5,2024-01-15,
454,Person 454,East,681.0,2024-01-15,
455,Person 455,West,682.5,2024-01-15,
456,Person 456,North,684.0,2024-01-15,
457,Person 457,South,685.5,2024-01-15,
458,Person 458,East,687.0,2024-01-15,
459,Person 459,West,688.5,2024-01-15,
460,Person 460,North,690.0,2024-01-15,
461,Person 461,South,691.5,2024-01-15,
462,Person 462,East,693.0,2024-01-15,
463,Person 463,West,694.5,2024-01-15,
464,Person 464,North,696.0,2024-01-15,
465,Person 465,South,697.5,2024-01-15,
466,Person 466,East,699.0,2024-01-15,
467,Person 467,West,700.5,2024-01-15,
468,Person 468,North,702.0,2024-01-15,
469,Person 469,South,703.5,2024-01-15,
470,Person 470,East,705.0,2024-01-15,
471,Person 471,West,706.5,2024-01-15,
472,Person 472,North,708.0,2024-01-15,
473,Person 473,South,709.5,2024-01-15,
474,Person 474,East,711.0,2024-01-15,
475,Person 475,West,712.5,2024-01-15,
476,Person 476,North,714.0,2024-01-15,
477,Person 477,South,715.5,2024-01-15,
478,Person 478,East,717.0,2024-01-15,
479,Person 479,West,718.5,2024-01-15,
480,Person 480,North,720.0,2024-01-15,
481,Person 481,South,721.5,2024-01-15,
482,Person 482,East,723.0,2024-01-15,
483,Person 483,West,724.5,2024-01-15,
484,Person 484,North,726.0,2024-01-15,
485,Person 485,South,727.5,2024-01-15,
486,Person 486,East,729.0,2024-01-15,
487,Person 487,West,730.5,2024-01-15,
488,Person 488,North,732.0,2024-01-15,
489,Person 489,South,733.5,2024-01-15,
490,Person 490,East,735.0,2024-01-15,
491,Person 491,West,736.5,2024-01-15,
492,Person 492,North,738.0,2024-01-15,
493,Person 493,South,739.5,2024-01-15,
494,Person 494,East,741.0,2024-01-15,
495,Person 495,West,742.5,2024-01-15,
496,Person 496,North,744.0,2024-01-15,
497,Person 497,South,745.5,2024-01-15,
498,Person 498,East,747.0,2024-01-15,
499,Person 499,West,748.5,2024-01-15,
500,Person 500,North,750.0,2024-01-15,
501,Person 501,South,751.5,2024-01-15,
502,Person 502,East,753.0,2024-01-15,
503,Person 503,West,754.5,2024-01-15,
504,Person 504,North,756.0,2024-01-15,
505,Person 505,South,757.5,2024-01-15,
506,Person 506,East,759.0,2024-01-15,
507,Person 507,West,760.5,2024-01-15,
508,Person 508,North,762.0,2024-01-15,
509,Person 509,South,763.5,2024-01-15,
510,Person 510,East,765.0,2024-01-15,
511,Person 511,West,766.5,2024-01-15,
512,Person 512,North,768.0,2024-01-15,
513,Person 513,South,769.5,2024-01-15,
514,Person 514,East,771.0,2024-01-15,
515,Person 515,West,772.5,2024-01-15,
516,Person 516,North,774.0,2024-01-15,
517,Person 517,South,775.5,2024-01-15,
518,Person 518,East,777.0,2024-01-15,
519,Person 519,West,778.5,2024-01-15,
520,Person 520,North,780.0,2024-01-15,
521,Person 521,South,781.5,2024-01-15,
522,Person 522,East,783.0,2024-01-15,
523,Person 523,West,784.5,2024-01-15,
524,Person 524,North,786.0,2024-01-15,
525,Person 525,South,787.5,2024-01-15,
526,Person 526,East,789.0,2024-01-15,
527,Person 527,West,790.5,2024-01-15,
528,Person 528,North,792.0,2024-01-15,
529,Person 529,South,793.5,2024-01-15,
530,Person 530,East,795.0,2024-01-15,
531,Person 531,West,796.5,2024-01-15,
532,Person 532,North,798.0,2024-01-15,
533,Person 533,South,799.5,2024-01-15,
534,Person 534,East,801.0,2024-01-15,
535,Person 535,West,802.5,2024-01-15,
536,Person 536,North,804.0,2024-01-15,
537,Person 537,South,805.5,2024-01-15,
538,Person 538,East,807.0,2024-01-15,
539,Person 539,West,808.5,2024-01-15,
540,Person 540,North,810.0,2024-01-15,
541,Person 541,South,811.5,2024-01-15,
542,Person 542,East,813.0,2024-01-15,
543,Person 543,West,814.5,2024-01-15,
544,Person 544,North,816.0,2024-01-15,
545,Person 545,South,817.5,2024-01-15,
546,Person 546,East,819.0,2024-01-15,
547,Person 547,West,820.5,2024-01-15,
548,Person 548,North,822.0,2024-01-15,
549,Person 549,South,823.5,2024-01-15,
550,Person 550,East,825.0,2024-01-15,
551,Person 551,West,826.5,2024-01-15,
552,Person 552,North,828.0,2024-01-15,
553,Person 553,South,829.5,2024-01-15,
554,Person 554,East,831.0,2024-01-15,
555,Person 555,West,832.5,2024-01-15,
556,Person 556,North,834.0,2024-01-15,
557,Person 557,South,835.5,2024-01-15,
558,Person 558,East,837.0,2024-01-15,
559,Person 559,West,838.5,2024-01-15,
560,Person 560,North,840.0,2024-01-15,
561,Person 561,South,841.5,2024-01-15,
562,Person 562,East,843.0,2024-01-15,
563,Person 563,West,844.5,2024-01-15,
564,Person 564,North,846.0,2024-01-15,
565,Person 565,South,847.5,2024-01-15,
566,Person 566,East,849.0,2024-01-15,
567,Person 567,West,850.5,2024-01-15,
568,Person 568,North,852.0,2024-01-15,
569,Person 569,South,853.5,2024-01-15,
570,Person 570,East,855.0,2024-01-15,
571,Person 571,West,856.5,2024-01-15,
572,Person 572,North,858.0,2024-01-15,
573,Person 573,South,859.5,2024-01-15,
574,Person 574,East,861.0,2024-01-15,
575,Person 575,West,862.5,2024-01-15,
576,Person 576,North,864.0,2024-01-15,
577,Person 577,South,865.5,2024-01-15,
578,Person 578,East,867.0,2024-01-15,
579,Person 579,West,868.5,2024-01-15,
580,Person 580,North,870.0,2024-01-15,
581,Person 581,South,871.5,2024-01-15,
582,Person 582,East,873.0,2024-01-15,
583,Person 583,West,874.5,2024-01-15,
584,Person 584,North,876.0,2024-01-15,
585,Person 585,South,877.5,2024-01-15,
586,Person 586,East,879.0,2024-01-15,
587,Person 587,West,880.5,2024-01-15,
588,Person 588,North,882.0,2024-01-15,
589,Person 589,South,883.5,2024-01-15,
590,Person 590,East,885.0,2024-01-15,
591,Person 591,West,886.5,2024-01-15,
592,Person 592,North,888.0,2024-01-15,
593,Person 593,South,889.5,2024-01-15,
594,Person 594,East,891.0,2024-01-15,
595,Person 595,West,892.5,2024-01-15,
596,Person 596,North,894.0,2024-01-15,
597,Person 597,South,895.5,2024-01-15,
598,Person 598,East,897.0,2024-01-15,
599,Person 599,West,898.5,2024-01-15,
600,Person 600,North,900.0,2024-01-15,
601,Person 601,South,901.5,2024-01-15,
602,Person 602,East,903.0,2024-01-15,
603,Person 603,West,904.5,2024-01-15,
604,Person 604,North,906.0,2024-01-15,
605,Person 605,South,907.5,2024-01-15,
606,Person 606,East,909.0,2024-01-15,
607,Person 607,West,910.5,2024-01-15,
608,Person 608,North,912.0,2024-01-15,
609,Person 609,South,913.5,2024-01-15,
610,Person 610,East,915.0,2024-01-15,
611,Person 611,West,916.5,2024-01-15,
612,Person 612,North,918.0,2024-01-15,
613,Person 613,South,919.5,2024-01-15,
614,Person 614,East,921.0,2024-01-15,
615,Person 615,West,922.5,2024-01-15,
616,Person 616,North,924.0,2024-01-15,
617,Person 617,South,925.5,2024-01-15,
618,Person 618,East,927.0,2024-01-15,
619,Person 619,West,928.5,2024-01-15,
620,Person 620,North,930.0,2024-01-15,
621,Person 621,South,931.5,2024-01-15,
622,Person 622,East,933.0,2024-01-15,
623,Person 623,West,934.5,2024-01-15,
624,Person 624,North,936.0,2024-01-15,
625,Person 625,South,937.5,2024-01-15,
626,Person 626,East,939.0,2024-01-15,
627,Person 627,West,940.5,2024-01-15,
628,Person 628,North,942.0,2024-01-15,
629,Person 629,South,943.5,2024-01-15,
630,Person 630,East,945.0,2024-01-15,
631,Person 631,West,946.5,2024-01-15,
632,Person 632,North,948.0,2024-01-15,
633,Person 633,South,949.5,2024-01-15,
634,Person 634,East,951.0,2024-01-15,
635,Person 635,West,952.5,2024-01-15,
636,Person 636,North,954.0,2024-01-15,
637,Person 637,South,955.5,2024-01-15,
638,Person 638,East,957.0,2024-01-15,
639,Person 639,West,958.5,2024-01-15,
640,Person 640,North,960.0,2024-01-15,
641,Person 641,South,961.5,2024-01-15,
642,Person 642,East,963.0,2024-01-15,
643,Person 643,West,964.5,2024-01-15,
644,Person 644,North,966.0,2024-01-15,
645,Person 645,South,967.5,2024-01-15,
646,Person 646,East,969.0,2024-01-15,
647,Person 647,West,970.5,2024-01-15,
648,Person 648,North,972.0,2024-01-15,
649,Person 649,South,973.5,2024-01-15,
650,Person 650,East,975.0,2024-01-15,
651,Person 651,West,976.5,2024-01-15,
652,Person 652,North,978.0,2024-01-15,
653,Person 653,South,979.5,2024-01-15,
654,Person 654,East,981.0,2024-01-15,
655,Person 655,West,982.5,2024-01-15,
656,Person 656,North,984.0,2024-01-15,
657,Person 657,South,985.5,2024-01-15,
658,Person 658,East,987.0,2024-01-15,
659,Person 659,West,988.5,2024-01-15,
660,Person 660,North,990.0,2024-01-15,
661,Person 661,South,991.5,2024-01-15,
662,Person 662,East,993.0,2024-01-15,
663,Person 663,West,994.5,2024-01-15,
664,Person 664,North,996.0,2024-01-15,
665,Person 665,South,997.5,2024-01-15,
666,Person 666,East,999.0,2024-01-15,
667,Person 667,West,1000.5,2024-01-15,
668,Person 668,North,1002.0,2024-01-15,
669,Person 669,South,1003.5,2024-01-15,
670,Person 670,East,1005.0,2024-01-15,
671,Person 671,West,1006.5,2024-01-15,
672,Person 672,North,1008.0,2024-01-15,
673,Person 673,South,1009.5,2024-01-15,
674,Person 674,East,1011.0,2024-01-15,
675,Person 675,West,1012.5,2024-01-15,
676,Person 676,North,1014.0,2024-01-15,
677,Person 677,South,1015.5,2024-01-15,
678,Person 678,East,1017.0,2024-01-15,
679,Person 679,West,1018.5,2024-01-15,
680,Person 680,North,1020.0,2024-01-15,
681,Person 681,South,1021.5,2024-01-15,
682,Person 682,East,1023.0,2024-01-15,
683,Person 683,West,1024.5,2024-01-15,
684,Person 684,North,1026.0,2024-01-15,
685,Person 685,South,1027.5,2024-01-15,
686,Person 686,East,1029.0,2024-01-15,
687,Person 687,West,1030.5,2024-01-15,
688,Person 688,North,1032.0,2024-01-15,
689,Person 689,South,1033.5,2024-01-15,
690,Person 690,East,1035.0,2024-01-15,
691,Person 691,West,1036.5,2024-01-15,
692,Person 692,North,1038.0,2024-01-15,
693,Person 693,South,1039.5,2024-01-15,
694,Person 694,East,1041.0,2024-01-15,
695,Person 695,West,1042.5,2024-01-15,
696,Person 696,North,1044.0,2024-01-15,
697,Person 697,South,1045.5,2024-01-15,
698,Person 698,East,1047.0,2024-01-15,
699,Person 699,West,1048.5,2024-01-15,
700,Person 700,North,1050.0,2024-01-15,
701,Person 701,South,1051.5,2024-01-15,
702,Person 702,East,1053.0,2024-01-15,
703,Person 703,West,1054.5,2024-01-15,
704,Person 704,North,1056.0,2024-01-15,
705,Person 705,South,1057.5,2024-01-15,
706,Person 706,East,1059.0,2024-01-15,
707,Person 707,West,1060.5,2024-01-15,
708,Person 708,North,1062.0,2024-01-15,
709,Person 709,South,1063.5,2024-01-15,
710,Person 710,East,1065.0,2024-01-15,
711,Person 711,West,1066.5,2024-01-15,
712,Person 712,North,1068.0,2024-01-15,
713,Person 713,South,1069.5,2024-01-15,
714,Person 714,East,1071.0,2024-01-15,
715,Person 715,West,1072.5,2024-01-15,
716,Person 716,North,1074.0,2024-01-15,
717,Person 717,South,1075.5,2024-01-15,
718,Person 718,East,1077.0,2024-01-15,
719,Person 719,West,1078.5,2024-01-15,
720,Person 720,North,1080.0,2024-01-15,
721,Person 721,South,1081.5,2024-01-15,
722,Person 722,East,1083.0,2024-01-15,
723,Person 723,West,1084.5,2024-01-15,
724,Person 724,North,1086.0,2024-01-15,
725,Person 725,South,1087.5,2024-01-15,
726,Person 726,East,1089.0,2024-01-15,
727,Person 727,West,1090.5,2024-01-15,
728,Person 728,North,1092.0,2024-01-15,
729,Person 729,South,1093.5,2024-01-15,
730,Person 730,East,1095.0,2024-01-15,
731,Person 731,West,1096.5,2024-01-15,
732,Person 732,North,1098.0,2024-01-15,
733,Person 733,South,1099.5,2024-01-15,
734,Person 734,East,1101.0,2024-01-15,
735,Person 735,West,1102.5,2024-01-15,
736,Person 736,North,1104.0,2024-01-15,
737,Person 737,South,1105.5,2024-01-15,
738,Person 738,East,1107.0,2024-01-15,
739,Person 739,West,1108.5,2024-01-15,
740,Person 740,North,1110.0,2024-01-15,
741,Person 741,South,1111.5,2024-01-15,
742,Person 742,East,1113.0,2024-01-15,
743,Person 743,West,1114.5,2024-01-15,
744,Person 744,North,1116.0,2024-01-15,
745,Person 745,South,1117.5,2024-01-15,
746,Person 746,East,1119.0,2024-01-15,
747,Person 747,West,1120.5,2024-01-15,
748,Person 748,North,1122.0,2024-01-15,
749,Person 749,South,1123.5,2024-01-15,
750,Person 750,East,1125.0,2024-01-15,
751,Person 751,West,1126.5,2024-01-15,
752,Person 752,North,1128.0,2024-01-15,
753,Person 753,South,1129.5,2024-01-15,
754,Person 754,East,1131.0,2024-01-15,
755,Person 755,West,1132.5,2024-01-15,
756,Person 756,North,1134.0,2024-01-15,
757,Person 757,South,1135.5,2024-01-15,
758,Person 758,East,1137.0,2024-01-15,
759,Person 759,West,1138.5,2024-01-15,
760,Person 760,North,1140.0,2024-01-15,
761,Person 761,South,1141.5,2024-01-15,
762,Person 762,East,1143.0,2024-01-15,
763,Person 763,West,1144.5,2024-01-15,
764,Person 764,North,1146.0,2024-01-15,
765,Person 765,South,1147.5,2024-01-15,
766,Person 766,East,1149.0,2024-01-15,
767,Person 767,West,1150.5,2024-01-15,
768,Person 768,North,1152.0,2024-01-15,
769,Person 769,South,1153.5,2024-01-15,
770,Person 770,East,1155.0,2024-01-15,
771,Person 771,West,1156.5,2024-01-15,
772,Person 772,North,1158.0,2024-01-15,
773,Person 773,South,1159.5,2024-01-15,
774,Person 774,East,1161.0,2024-01-15,
775,Person 775,West,1162.5,2024-01-15,
776,Person 776,North,1164.0,2024-01-15,
777,Person 777,South,1165.5,2024-01-15,
778,Person 778,East,1167.0,2024-01-15,
779,Person 779,West,1168.5,2024-01-15,
780,Person 780,North,1170.0,2024-01-15,
781,Person 781,South,1171.5,2024-01-15,
782,Person 782,East,1173.0,2024-01-15,
783,Person 783,West,1174.5,2024-01-15,
784,Person 784,North,1176.0,2024-01-15,
785,Person 785,South,1177.5,2024-01-15,
786,Person 786,East,1179.0,2024-01-15,
787,Person 787,West,1180.5,2024-01-15,
788,Person 788,North,1182.0,2024-01-15,
789,Person 789,South,1183.5,2024-01-15,
790,Person 790,East,1185.0,2024-01-15,
791,Person 791,West,1186.5,2024-01-15,
792,Person 792,North,1188.0,2024-01-15,
793,Person 793,South,1189.5,2024-01-15,
794,Person 794,East,1191.0,2024-01-15,
795,Person 795,West,1192.5,2024-01-15,
796,Person 796,North,1194.0,2024-01-15,
797,Person 797,South,1195.5,2024-01-15,
798,Person 798,East,1197.0,2024-01-15,
799,Person 799,West,1198.5,2024-01-15,
800,Person 800,North,1200.0,2024-01-15,
801,Person 801,South,1201.5,2024-01-15,
802,Person 802,East,1203.0,2024-01-15,
803,Person 803,West,1204.5,2024-01-15,
804,Person 804,North,1206.0,2024-01-15,
805,Person 805,South,1207.5,2024-01-15,
806,Person 806,East,1209.0,2024-01-15,
807,Person 807,West,1210.5,2024-01-15,
808,Person 808,North,1212.0,2024-01-15,
809,Person 809,South,1213.5,2024-01-15,
810,Person 810,East,1215.0,2024-01-15,
811,Person 811,West,1216.5,2024-01-15,
812,Person 812,North,1218.0,2024-01-15,
813,Person 813,South,1219.5,2024-01-15,
814,Person 814,East,1221.0,2024-01-15,
815,Person 815,West,1222.5,2024-01-15,
816,Person 816,North,1224.0,2024-01-15,
817,Person 817,South,1225.5,2024-01-15,
818,Person 818,East,1227.0,2024-01-15,
819,Person 819,West,1228.5,2024-01-15,
820,Person 820,North,1230.0,2024-01-15,
821,Person 821,South,1231.5,2024-01-15,
822,Person 822,East,1233.0,2024-01-15,
823,Person 823,West,1234.5,2024-01-15,
824,Person 824,North,1236.0,2024-01-15,
825,Person 825,South,1237.5,2024-01-15,
826,Person 826,East,1239.0,2024-01-15,
827,Person 827,West,1240.5,2024-01-15,
828,Person 828,North,1242.0,2024-01-15,
829,Person 829,South,1243.5,2024-01-15,
830,Person 830,East,1245.0,2024-01-15,
831,Person 831,West,1246.5,2024-01-15,
832,Person 832,North,1248.0,2024-01-15,
833,Person 833,South,1249.5,2024-01-15,
834,Person 834,East,1251.0,2024-01-15,
835,Person 835,West,1252.5,2024-01-15,
836,Person 836,North,1254.0,2024-01-15,
837,Person 837,South,1255.5,2024-01-15,
838,Person 838,East,1257.0,2024-01-15,
839,Person 839,West,1258.5,2024-01-15,
840,Person 840,North,1260.0,2024-01-15,
841,Person 841,South,1261.5,2024-01-15,
842,Person 842,East,1263.0,2024-01-15,
843,Person 843,West,1264.5,2024-01-15,
844,Person 844,North,1266.0,2024-01-15,
845,Person 845,South,1267.5,2024-01-15,
846,Person 846,East,1269.0,2024-01-15,
847,Person 847,West,1270.5,2024-01-15,
848,Person 848,North,1272.0,2024-01-15,
849,Person 849,South,1273.5,2024-01-15,
850,Person 850,East,1275.0,2024-01-15,
851,Person 851,West,1276.5,2024-01-15,
852,Person 852,North,1278.0,2024-01-15,
853,Person 853,South,1279.5,2024-01-15,
854,Person 854,East,1281.0,2024-01-15,
855,Person 855,West,1282.5,2024-01-15,
856,Person 856,North,1284.0,2024-01-15,
857,Person 857,South,1285.5,2024-01-15,
858,Person 858,East,1287.0,2024-01-15,
859,Person 859,West,1288.5,2024-01-15,
860,Person 860,North,1290.0,2024-01-15,
861,Person 861,South,1291.5,2024-01-15,
862,Person 862,East,1293.0,2024-01-15,
863,Person 863,West,1294.5,2024-01-15,
864,Person 864,North,1296.0,2024-01-15,
865,Person 865,South,1297.5,2024-01-15,
866,Person 866,East,1299.0,2024-01-15,
867,Person 867,West,1300.5,2024-01-15,
868,Person 868,North,1302.0,2024-01-15,
869,Person 869,South,1303.5,2024-01-15,
870,Person 870,East,1305.0,2024-01-15,
871,Person 871,West,1306.5,2024-01-15,
872,Person 872,North,1308.0,2024-01-15,
873,Person 873,South,1309.5,2024-01-15,
874,Person 874,East,1311.0,2024-01-15,
875,Person 875,West,1312.5,2024-01-15,
876,Person 876,North,1314.0,2024-01-15,
877,Person 877,South,1315.5,2024-01-15,
878,Person 878,East,1317.0,2024-01-15,
879,Person 879,West,1318.5,2024-01-15,
880,Person 880,North,1320.0,2024-01-15,
881,Person 881,South,1321.5,2024-01-15,
882,Person 882,East,1323.0,2024-01-15,
883,Person 883,West,1324.5,2024-01-15,
884,Person 884,North,1326.0,2024-01-15,
885,Person 885,South,1327.5,2024-01-15,
886,Person 886,East,1329.0,2024-01-15,
887,Person 887,West,1330.5,2024-01-15,
888,Person 888,North,1332.0,2024-01-15,
889,Person 889,South,1333.5,2024-01-15,
890,Person 890,East,1335.0,2024-01-15,
891,Person 891,West,1336.5,2024-01-15,
892,Person 892,North,1338.0,2024-01-15,
893,Person 893,South,1339.5,2024-01-15,
894,Person 894,East,1341.0,2024-01-15,
895,Person 895,West,1342.5,2024-01-15,
896,Person 896,North,1344.0,2024-01-15,
897,Person 897,South,1345.5,2024-01-15,
898,Person 898,East,1347.0,2024-01-15,
899,Person 899,West,1348.5,2024-01-15,
900,Person 900,North,1350.0,2024-01-15,
901,Person 901,South,1351.5,2024-01-15,
902,Person 902,East,1353.0,2024-01-15,
903,Person 903,West,1354.5,2024-01-15,
904,Person 904,North,1356.0,2024-01-15,
905,Person 905,South,1357.5,2024-01-15,
906,Person 906,East,1359.0,2024-01-15,
907,Person 907,West,1360.5,2024-01-15,
908,Person 908,North,1362.0,2024-01-15,
909,Person 909,South,1363.5,2024-01-15,
910,Person 910,East,1365.0,2024-01-15,
911,Person 911,West,1366.5,2024-01-15,
912,Person 912,North,1368.0,2024-01-15,
913,Person 913,South,1369.5,2024-01-15,
914,Person 914,East,1371.0,2024-01-15,
915,Person 915,West,1372.5,2024-01-15,
916,Person 916,North,1374.0,2024-01-15,
917,Person 917,South,1375.5,2024-01-15,
918,Person 918,East,1377.0,2024-01-15,
919,Person 919,West,1378.5,2024-01-15,
920,Person 920,North,1380.0,2024-01-15,
921,Person 921,South,1381.5,2024-01-15,
922,Person 922,East,1383.0,2024-01-15,
923,Person 923,West,1384.5,2024-01-15,
924,Person 924,North,1386.0,2024-01-15,
925,Person 925,South,1387.5,2024-01-15,
926,Person 926,East,1389.0,2024-01-15,
927,Person 927,West,1390.5,2024-01-15,
928,Person 928,North,1392.0,2024-01-15,
929,Person 929,South,1393.5,2024-01-15,
930,Person 930,East,1395.0,2024-01-15,
931,Person 931,West,1396.5,2024-01-15,
932,Person 932,North,1398.0,2024-01-15,
933,Person 933,South,1399.5,2024-01-15,
934,Person 934,East,1401.0,2024-01-15,
935,Person 935,West,1402.5,2024-01-15,
936,Person 936,North,1404.0,2024-01-15,
937,Person 937,South,1405.5,2024-01-15,
938,Person 938,East,1407.0,2024-01-15,
939,Person 939,West,1408.5,2024-01-15,
940,Person 940,North,1410.0,2024-01-15,
941,Person 941,South,1411.5,2024-01-15,
942,Person 942,East,1413.0,2024-01-15,
943,Person 943,West,1414.5,2024-01-15,
944,Person 944,North,1416.0,2024-01-15,
945,Person 945,South,1417.5,2024-01-15,
946,Person 946,East,1419.0,2024-01-15,
947,Person 947,West,1420.5,2024-01-15,
948,Person 948,North,1422.0,2024-01-15,
949,Person 949,South,1423.5,2024-01-15,
950,Person 950,East,1425.0,2024-01-15,
951,Person 951,West,1426.5,2024-01-15,
952,Person 952,North,1428.0,2024-01-15,
953,Person 953,South,1429.5,2024-01-15,
954,Person 954,East,1431.0,2024-01-15,
955,Person 955,West,1432.5,2024-01-15,
956,Person 956,North,1434.0,2024-01-15,
957,Person 957,South,1435.5,2024-01-15,
958,Person 958,East,1437.0,2024-01-15,
959,Person 959,West,1438.5,2024-01-15,
960,Person 960,North,1440.0,2024-01-15,
961,Person 961,South,1441.5,2024-01-15,
962,Person 962,East,1443.0,2024-01-15,
963,Person 963,West,1444.5,2024-01-15,
964,Person 964,North,1446.0,2024-01-15,
965,Person 965,South,1447.5,2024-01-15,
966,Person 966,East,1449.0,2024-01-15,
967,Person 967,West,1450.5,2024-01-15,
968,Person 968,North,1452.0,2024-01-15,
969,Person 969,South,1453.5,2024-01-15,
970,Person 970,East,1455.0,2024-01-15,
971,Person 971,West,1456.5,2024-01-15,
972,Person 972,North,1458.0,2024-01-15,
973,Person 973,South,1459.5,2024-01-15,
974,Person 974,East,1461.0,2024-01-15,
975,Person 975,West,1462.5,2024-01-15,
976,Person 976,North,1464.0,2024-01-15,
977,Person 977,South,1465.5,2024-01-15,
978,Person 978,East,1467.0,2024-01-15,
979,Person 979,West,1468.5,2024-01-15,
980,Person 980,North,1470.0,2024-01-15,
981,Person 981,South,1471.5,2024-01-15,
982,Person 982,East,1473.0,2024-01-15,
983,Person 983,West,1474.5,2024-01-15,
984,Person 984,North,1476.0,2024-01-15,
985,Person 985,South,1477.5,2024-01-15,
986,Person 986,East,1479.0,2024-01-15,
987,Person 987,West,1480.5,2024-01-15,
988,Person 988,North,1482.0,2024-01-15,
989,Person 989,South,1483.5,2024-01-15,
990,Person 990,East,1485.0,2024-01-15,
991,Person 991,West,1486.5,2024-01-15,
992,Person 992,North,1488.0,2024-01-15,
993,Person 993,South,1489.5,2024-01-15,
994,Person 994,East,1491.0,2024-01-15,
995,Person 995,West,1492.5,2024-01-15,
996,Person 996,North,1494.0,2024-01-15,
997,Person 997,South,1495.5,2024-01-15,
998,Person 998,East,1497.0,2024-01-15,
999,Person 999,West,1498.5,2024-01-15,
1000,Person 1000,North,1500.0,2024-01-15,
1001,Person 1001,South,1501.5,2024-01-15,
1002,Person 1002,East,1503.0,2024-01-15,
1003,Person 1003,West,1504.5,2024-01-15,
1004,Person 1004,North,1506.0,2024-01-15,
1005,Person 1005,South,1507.5,2024-01-15,
1006,Person 1006,East,1509.0,2024-01-15,
1007,Person 1007,West,1510.5,2024-01-15,
1008,Person 1008,North,1512.0,2024-01-15,
1009,Person 1009,South,1513.5,2024-01-15,
1010,Person 1010,East,1515.0,2024-01-15,
1011,Person 1011,West,1516.5,2024-01-15,
1012,Person 1012,North,1518.0,2024-01-15,
1013,Person 1013,South,1519.5,2024-01-15,
1014,Person 1014,East,1521.0,2024-01-15,
1015,Person 1015,West,1522.5,2024-01-15,
1016,Person 1016,North,1524.0,2024-01-15,
1017,Person 1017,South,1525.5,2024-01-15,
1018,Person 1018,East,1527.0,2024-01-15,
1019,Person 1019,West,1528.5,2024-01-15,
1020,Person 1020,North,1530.0,2024-01-15,
1021,Person 1021,South,1531.5,2024-01-15,
1022,Person 1022,East,1533.0,2024-01-15,
1023,Person 1023,West,1534.5,2024-01-15,
1024,Person 1024,North,1536.0,2024-01-15,
1025,Person 1025,South,1537.5,2024-01-15,
1026,Person 1026,East,1539.0,2024-01-15,
1027,Person 1027,West,1540.5,2024-01-15,
1028,Person 1028,North,1542.0,2024-01-15,
1029,Person 1029,South,1543.5,2024-01-15,
1030,Person 1030,East,1545.0,2024-01-15,
1031,Person 1031,West,1546.5,2024-01-15,
1032,Person 1032,North,1548.0,2024-01-15,
1033,Person 1033,South,1549.5,2024-01-15,
1034,Person 1034,East,1551.0,2024-01-15,
1035,Person 1035,West,1552.5,2024-01-15,
1036,Person 1036,North,1554.0,2024-01-15,
1037,Person 1037,South,1555.5,2024-01-15,
1038,Person 1038,East,1557.0,2024-01-15,
1039,Person 1039,West,1558.5,2024-01-15,
1040,Person 1040,North,1560.0,2024-01-15,
1041,Person 1041,South,1561.5,2024-01-15,
1042,Person 1042,East,1563.0,2024-01-15,
1043,Person 1043,West,1564.5,2024-01-15,
1044,Person 1044,North,1566.0,2024-01-15,
1045,Person 1045,South,1567.5,2024-01-15,
1046,Person 1046,East,1569.0,2024-01-15,
1047,Person 1047,West,1570.5,2024-01-15,
1048,Person 1048,North,1572.0,2024-01-15,
1049,Person 1049,South,1573.5,2024-01-15,
1050,Person 1050,East,1575.0,2024-01-15,
1051,Person 1051,West,1576.5,2024-01-15,
1052,Person 1052,North,1578.0,2024-01-15,
1053,Person 1053,South,1579.5,2024-01-15,
1054,Person 1054,East,1581.0,2024-01-15,
1055,Person 1055,West,1582.5,2024-01-15,
1056,Person 1056,North,1584.0,2024-01-15,
1057,Person 1057,South,1585.5,2024-01-15,
1058,Person 1058,East,1587.0,2024-01-15,
1059,Person 1059,West,1588.5,2024-01-15,
1060,Person 1060,North,1590.0,2024-01-15,
1061,Person 1061,South,1591.5,2024-01-15,
1062,Person 1062,East,1593.0,2024-01-15,
1063,Person 1063,West,1594.5,2024-01-15,
1064,Person 1064,North,1596.0,2024-01-15,
1065,Person 1065,South,1597.5,2024-01-15,
1066,Person 1066,East,1599.0,2024-01-15,
1067,Person 1067,West,1600.5,2024-01-15,
1068,Person 1068,North,1602.0,2024-01-15,
1069,Person 1069,South,1603.5,2024-01-15,
1070,Person 1070,East,1605.0,2024-01-15,
1071,Person 1071,West,1606.5,2024-01-15,
1072,Person 1072,North,1608.0,2024-01-15,
1073,Person 1073,South,1609.5,2024-01-15,
1074,Person 1074,East,1611.0,2024-01-15,
1075,Person 1075,West,1612.5,2024-01-15,
1076,Person 1076,North,1614.0,2024-01-15,
1077,Person 1077,South,1615.5,2024-01-15,
1078,Person 1078,East,1617.0,2024-01-15,
1079,Person 1079,West,1618.5,2024-01-15,
1080,Person 1080,North,1620.0,2024-01-15,
1081,Person 1081,South,1621.5,2024-01-15,
1082,Person 1082,East,1623.0,2024-01-15,
1083,Person 1083,West,1624.5,2024-01-15,
1084,Person 1084,North,1626.0,2024-01-15,
1085,Person 1085,South,1627.5,2024-01-15,
1086,Person 1086,East,1629.0,2024-01-15,
1087,Person 1087,West,1630.5,2024-01-15,
1088,Person 1088,North,1632.0,2024-01-15,
1089,Person 1089,South,1633.5,2024-01-15,
1090,Person 1090,East,1635.0,2024-01-15,
1091,Person 1091,West,1636.5,2024-01-15,
1092,Person 1092,North,1638.0,2024-01-15,
1093,Person 1093,South,1639.5,2024-01-15,
1094,Person 1094,East,1641.0,2024-01-15,
1095,Person 1095,West,1642.5,2024-01-15,
1096,Person 1096,North,1644.0,2024-01-15,
1097,Person 1097,South,1645.5,2024-01-15,
1098,Person 1098,East,1647.0,2024-01-15,
1099,Person 1099,West,1648.5,2024-01-15,
1100,Person 1100,North,1650.0,2024-01-15,
1101,Person 1101,South,1651.5,2024-01-15,
1102,Person 1102,East,1653.0,2024-01-15,
1103,Person 1103,West,1654.5,2024-01-15,
1104,Person 1104,North,1656.0,2024-01-15,
1105,Person 1105,South,1657.5,2024-01-15,
1106,Person 1106,East,1659.0,2024-01-15,
1107,Person 1107,West,1660.5,2024-01-15,
1108,Person 1108,North,1662.0,2024-01-15,
1109,Person 1109,South,1663.5,2024-01-15,
1110,Person 1110,East,1665.0,2024-01-15,
1111,Person 1111,West,1666.5,2024-01-15,
1112,Person 1112,North,1668.0,2024-01-15,
1113,Person 1113,South,1669.5,2024-01-15,
1114,Person 1114,East,1671.0,2024-01-15,
1115,Person 1115,West,1672.5,2024-01-15,
1116,Person 1116,North,1674.0,2024-01-15,
1117,Person 1117,South,1675.5,2024-01-15,
1118,Person 1118,East,1677.0,2024-01-15,
1119,Person 1119,West,1678.5,2024-01-15,
1120,Person 1120,North,1680.0,2024-01-15,
1121,Person 1121,South,1681.5,2024-01-15,
1122,Person 1122,East,1683.0,2024-01-15,
1123,Person 1123,West,1684.5,2024-01-15,
1124,Person 1124,North,1686.0,2024-01-15,
1125,Person 1125,South,1687.5,2024-01-15,
1126,Person 1126,East,1689.0,2024-01-15,
1127,Person 1127,West,1690.5,2024-01-15,
1128,Person 1128,North,1692.0,2024-01-15,
1129,Person 1129,South,1693.5,2024-01-15,
1130,Person 1130,East,1695.0,2024-01-15,
1131,Person 1131,West,1696.5,2024-01-15,
1132,Person 1132,North,1698.0,2024-01-15,
1133,Person 1133,South,1699.5,2024-01-15,
1134,Person 1134,East,1701.0,2024-01-15,
1135,Person 1135,West,1702.5,2024-01-15,
1136,Person 1136,North,1704.0,2024-01-15,
1137,Person 1137,South,1705.5,2024-01-15,
1138,Person 1138,East,1707.0,2024-01-15,
1139,Person 1139,West,1708.5,2024-01-15,
1140,Person 1140,North,1710.0,2024-01-15,
1141,Person 1141,South,1711.5,2024-01-15,
1142,Person 1142,East,1713.0,2024-01-15,
1143,Person 1143,West,1714.5,2024-01-15,
1144,Person 1144,North,1716.0,2024-01-15,
1145,Person 1145,South,1717.5,2024-01-15,
1146,Person 1146,East,1719.0,2024-01-15,
1147,Person 1147,West,1720.5,2024-01-15,
1148,Person 1148,North,1722.0,2024-01-15,
1149,Person 1149,South,1723.5,2024-01-15,
1150,Person 1150,East,1725.0,2024-01-15,
1151,Person 1151,West,1726.5,2024-01-15,
1152,Person 1152,North,1728.0,2024-01-15,
1153,Person 1153,South,1729.5,2024-01-15,
1154,Person 1154,East,1731.0,2024-01-15,
1155,Person 1155,West,1732.5,2024-01-15,
1156,Person 1156,North,1734.0,2024-01-15,
1157,Person 1157,South,1735.5,2024-01-15,
1158,Person 1158,East,1737.0,2024-01-15,
1159,Person 1159,West,1738.5,2024-01-15,
1160,Person 1160,North,1740.0,2024-01-15,
1161,Person 1161,South,1741.5,2024-01-15,
1162,Person 1162,East,1743.0,2024-01-15,
1163,Person 1163,West,1744.5,2024-01-15,
1164,Person 1164,North,1746.0,2024-01-15,
1165,Person 1165,South,1747.5,2024-01-15,
1166,Person 1166,East,1749.0,2024-01-15,
1167,Person 1167,West,1750.5,2024-01-15,
1168,Person 1168,North,1752.0,2024-01-15,
1169,Person 1169,South,1753.5,2024-01-15,
1170,Person 1170,East,1755.0,2024-01-15,
1171,Person 1171,West,1756.5,2024-01-15,
1172,Person 1172,North,1758.0,2024-01-15,
1173,Person 1173,South,1759.5,2024-01-15,
1174,Person 1174,East,1761.0,2024-01-15,
1175,Person 1175,West,1762.5,2024-01-15,
1176,Person 1176,North,1764.0,2024-01-15,
1177,Person 1177,South,1765.5,2024-01-15,
1178,Person 1178,East,1767.0,2024-01-15,
1179,Person 1179,West,1768.5,2024-01-15,
1180,Person 1180,North,1770.0,2024-01-15,
1181,Person 1181,South,1771.5,2024-01-15,
1182,Person 1182,East,1773.0,2024-01-15,
1183,Person 1183,West,1774.5,2024-01-15,
1184,Person 1184,North,1776.0,2024-01-15,
1185,Person 1185,South,1777.5,2024-01-15,
1186,Person 1186,East,1779.0,2024-01-15,
1187,Person 1187,West,1780.5,2024-01-15,
1188,Person 1188,North,1782.0,2024-01-15,
1189,Person 1189,South,1783.5,2024-01-15,
1190,Person 1190,East,1785.0,2024-01-15,
1191,Person 1191,West,1786.5,2024-01-15,
1192,Person 1192,North,1788.0,2024-01-15,
1193,Person 1193,South,1789.5,2024-01-15,
1194,Person 1194,East,1791.0,2024-01-15,
1195,Person 1195,West,1792.5,2024-01-15,
1196,Person 1196,North,1794.0,2024-01-15,
1197,Person 1197,South,1795.5,2024-01-15,
1198,Person 1198,East,1797.0,2024-01-15,
1199,Person 1199,West,1798.5,2024-01-15,
1200,Person 1200,North,1800.0,2024-01-15,
1201,Person 1201,South,1801.5,2024-01-15,
1202,Person 1202,East,1803.0,2024-01-15,
1203,Person 1203,West,1804.5,2024-01-15,
1204,Person 1204,North,1806.0,2024-01-15,
1205,Person 1205,South,1807.5,2024-01-15,
1206,Person 1206,East,1809.0,2024-01-15,
1207,Person 1207,West,1810.5,2024-01-15,
1208,Person 1208,North,1812.0,2024-01-15,
1209,Person 1209,South,1813.5,2024-01-15,
1210,Person 1210,East,1815.0,2024-01-15,
1211,Person 1211,West,1816.5,2024-01-15,
1212,Person 1212,North,1818.0,2024-01-15,
1213,Person 1213,South,1819.5,2024-01-15,
1214,Person 1214,East,1821.0,2024-01-15,
1215,Person 1215,West,1822.5,2024-01-15,
1216,Person 1216,North,1824.0,2024-01-15,
1217,Person 1217,South,1825.5,2024-01-15,
1218,Person 1218,East,1827.0,2024-01-15,
1219,Person 1219,West,1828.5,2024-01-15,
1220,Person 1220,North,1830.0,2024-01-15,
1221,Person 1221,South,1831.5,2024-01-15,
1222,Person 1222,East,1833.0,2024-01-15,
1223,Person 1223,West,1834.5,2024-01-15,
1224,Person 1224,North,1836.0,2024-01-15,
1225,Person 1225,South,1837.5,2024-01-15,
1226,Person 1226,East,1839.0,2024-01-15,
1227,Person 1227,West,1840.5,2024-01-15,
1228,Person 1228,North,1842.0,2024-01-15,
1229,Person 1229,South,1843.5,2024-01-15,
1230,Person 1230,East,1845.0,2024-01-15,
1231,Person 1231,West,1846.5,2024-01-15,
1232,Person 1232,North,1848.0,2024-01-15,
1233,Person 1233,South,1849.5,2024-01-15,
1234,Person 1234,East,1851.0,2024-01-15,
1235,Person 1235,West,1852.5,2024-01-15,
1236,Person 1236,North,1854.0,2024-01-15,
1237,Person 1237,South,1855.5,2024-01-15,
1238,Person 1238,East,1857.0,2024-01-15,
1239,Person 1239,West,1858.5,2024-01-15,
1240,Person 1240,North,1860.0,2024-01-15,
1241,Person 1241,South,1861.5,2024-01-15,
1242,Person 1242,East,1863.0,2024-01-15,
1243,Person 1243,West,1864.5,2024-01-15,
1244,Person 1244,North,1866.0,2024-01-15,
1245,Person 1245,South,1867.5,2024-01-15,
1246,Person 1246,East,1869.0,2024-01-15,
1247,Person 1247,West,1870.5,2024-01-15,
1248,Person 1248,North,1872.0,2024-01-15,
1249,Person 1249,South,1873.5,2024-01-15,
1250,Person 1250,East,1875.0,2024-01-15,
1251,Person 1251,West,1876.5,2024-01-15,
1252,Person 1252,North,1878.0,2024-01-15,
1253,Person 1253,South,1879.5,2024-01-15,
1254,Person 1254,East,1881.0,2024-01-15,
1255,Person 1255,West,1882.5,2024-01-15,
1256,Person 1256,North,1884.0,2024-01-15,
1257,Person 1257,South,1885.5,2024-01-15,
1258,Person 1258,East,1887.0,2024-01-15,
1259,Person 1259,West,1888.5,2024-01-15,
1260,Person 1260,North,1890.0,2024-01-15,
1261,Person 1261,South,1891.5,2024-01-15,
1262,Person 1262,East,1893.0,2024-01-15,
1263,Person 1263,West,1894.5,2024-01-15,
1264,Person 1264,North,1896.0,2024-01-15,
1265,Person 1265,South,1897.5,2024-01-15,
1266,Person 1266,East,1899.0,2024-01-15,
1267,Person 1267,West,1900.5,2024-01-15,
1268,Person 1268,North,1902.0,2024-01-15,
1269,Person 1269,South,1903.5,2024-01-15,
1270,Person 1270,East,1905.0,2024-01-15,
1271,Person 1271,West,1906.5,2024-01-15,
1272,Person 1272,North,1908.0,2024-01-15,
1273,Person 1273,South,1909.5,2024-01-15,
1274,Person 1274,East,1911.0,2024-01-15,
1275,Person 1275,West,1912.5,2024-01-15,
1276,Person 1276,North,1914.0,2024-01-15,
1277,Person 1277,South,1915.5,2024-01-15,
1278,Person 1278,East,1917.0,2024-01-15,
1279,Person 1279,West,1918.5,2024-01-15,
1280,Person 1280,North,1920.0,2024-01-15,
1281,Person 1281,South,1921.5,2024-01-15,
1282,Person 1282,East,1923.0,2024-01-15,
1283,Person 1283,West,1924.5,2024-01-15,
1284,Person 1284,North,1926.0,2024-01-15,
1285,Person 1285,South,1927.5,2024-01-15,
1286,Person 1286,East,1929.0,2024-01-15,
1287,Person 1287,West,1930.5,2024-01-15,
1288,Person 1288,North,1932.0,2024-01-15,
1289,Person 1289,South,1933.5,2024-01-15,
1290,Person 1290,East,1935.0,2024-01-15,
1291,Person 1291,West,1936.5,2024-01-15,
1292,Person 1292,North,1938.0,2024-01-15,
1293,Person 1293,South,1939.5,2024-01-15,
1294,Person 1294,East,1941.0,2024-01-15,
1295,Person 1295,West,1942.5,2024-01-15,
1296,Person 1296,North,1944.0,2024-01-15,
1297,Person 1297,South,1945.5,2024-01-15,
1298,Person 1298,East,1947.0,2024-01-15,
1299,Person 1299,West,1948.5,2024-01-15,
1300,Person 1300,North,1950.0,2024-01-15,
1301,Person 1301,South,1951.5,2024-01-15,
1302,Person 1302,East,1953.0,2024-01-15,
1303,Person 1303,West,1954.5,2024-01-15,
1304,Person 1304,North,1956.0,2024-01-15,
1305,Person 1305,South,1957.5,2024-01-15,
1306,Person 1306,East,1959.0,2024-01-15,
1307,Person 1307,West,1960.5,2024-01-15,
1308,Person 1308,North,1962.0,2024-01-15,
1309,Person 1309,South,1963.5,2024-01-15,
1310,Person 1310,East,1965.0,2024-01-15,
1311,Person 1311,West,1966.5,2024-01-15,
1312,Person 1312,North,1968.0,2024-01-15,
1313,Person 1313,South,1969.5,2024-01-15,
1314,Person 1314,East,1971.0,2024-01-15,
1315,Person 1315,West,1972.5,2024-01-15,
1316,Person 1316,North,1974.0,2024-01-15,
1317,Person 1317,South,1975.5,2024-01-15,
1318,Person 1318,East,1977.0,2024-01-15,
1319,Person 1319,West,1978.5,2024-01-15,
1320,Person 1320,North,1980.0,2024-01-15,
1321,Person 1321,South,1981.5,2024-01-15,
1322,Person 1322,East,1983.0,2024-01-15,
1323,Person 1323,West,1984.5,2024-01-15,
1324,Person 1324,North,1986.0,2024-01-15,
1325,Person 1325,South,1987.5,2024-01-15,
1326,Person 1326,East,1989.0,2024-01-15,
1327,Person 1327,West,1990.5,2024-01-15,
1328,Person 1328,North,1992.0,2024-01-15,
1329,Person 1329,South,1993.5,2024-01-15,
1330,Person 1330,East,1995.0,2024-01-15,
1331,Person 1331,West,1996.5,2024-01-15,
1332,Person 1332,North,1998.0,2024-01-15,
1333,Person 1333,South,1999.5,2024-01-15,
1334,Person 1334,East,2001.0,2024-01-15,
1335,Person 1335,West,2002.5,2024-01-15,
1336,Person 1336,North,2004.0,2024-01-15,
1337,Person 1337,South,2005.5,2024-01-15,
1338,Person 1338,East,2007.0,2024-01-15,
1339,Person 1339,West,2008.5,2024-01-15,
1340,Person 1340,North,2010.0,2024-01-15,
1341,Person 1341,South,2011.5,2024-01-15,
1342,Person 1342,East,2013.0,2024-01-15,
1343,Person 1343,West,2014.5,2024-01-15,
1344,Person 1344,North,2016.0,2024-01-15,
1345,Person 1345,South,2017.5,2024-01-15,
1346,Person 1346,East,2019.0,2024-01-15,
1347,Person 1347,West,2020.5,2024-01-15,
1348,Person 1348,North,2022.0,2024-01-15,
1349,Person 1349,South,2023.5,2024-01-15,
1350,Person 1350,East,2025.0,2024-01-15,
1351,Person 1351,West,2026.5,2024-01-15,
1352,Person 1352,North,2028.0,2024-01-15,
1353,Person 1353,South,2029.5,2024-01-15,
1354,Person 1354,East,2031.0,2024-01-15,
1355,Person 1355,West,2032.5,2024-01-15,
1356,Person 1356,North,2034.0,2024-01-15,
1357,Person 1357,South,2035.5,2024-01-15,
1358,Person 1358,East,2037.0,2024-01-15,
1359,Person 1359,West,2038.5,2024-01-15,
1360,Person 1360,North,2040.0,2024-01-15,
1361,Person 1361,South,2041.5,2024-01-15,
1362,Person 1362,East,2043.0,2024-01-15,
1363,Person 1363,West,2044.5,2024-01-15,
1364,Person 1364,North,2046.0,2024-01-15,
1365,Person 1365,South,2047.5,2024-01-15,
1366,Person 1366,East,2049.0,2024-01-15,
1367,Person 1367,West,2050.5,2024-01-15,
1368,Person 1368,North,2052.0,2024-01-15,
1369,Person 1369,South,2053.5,2024-01-15,
1370,Person 1370,East,2055.0,2024-01-15,
1371,Person 1371,West,2056.5,2024-01-15,
1372,Person 1372,North,2058.0,2024-01-15,
1373,Person 1373,South,2059.5,2024-01-15,
1374,Person 1374,East,2061.0,2024-01-15,
1375,Person 1375,West,2062.5,2024-01-15,
1376,Person 1376,North,2064.0,2024-01-15,
1377,Person 1377,South,2065.5,2024-01-15,
1378,Person 1378,East,2067.0,2024-01-15,
1379,Person 1379,West,2068.5,2024-01-15,
1380,Person 1380,North,2070.0,2024-01-15,
1381,Person 1381,South,2071.5,2024-01-15,
1382,Person 1382,East,2073.0,2024-01-15,
1383,Person 1383,West,2074.5,2024-01-15,
1384,Person 1384,North,2076.0,2024-01-15,
1385,Person 1385,South,2077.5,2024-01-15,
1386,Person 1386,East,2079.0,2024-01-15,
1387,Person 1387,West,2080.5,2024-01-15,
1388,Person 1388,North,2082.0,2024-01-15,
1389,Person 1389,South,2083.5,2024-01-15,
1390,Person 1390,East,2085.0,2024-01-15,
1391,Person 1391,West,2086.5,2024-01-15,
1392,Person 1392,North,2088.0,2024-01-15,
1393,Person 1393,South,2089.5,2024-01-15,
1394,Person 1394,East,2091.0,2024-01-15,
1395,Person 1395,West,2092.5,2024-01-15,
1396,Person 1396,North,2094.0,2024-01-15,
1397,Person 1397,South,2095.5,2024-01-15,
1398,Person 1398,East,2097.0,2024-01-15,
1399,Person 1399,West,2098.5,2024-01-15,
1400,Person 1400,North,2100.0,2024-01-15,
1401,Person 1401,South,2101.5,2024-01-15,
1402,Person 1402,East,2103.0,2024-01-15,
1403,Person 1403,West,2104.5,2024-01-15,
1404,Person 1404,North,2106.0,2024-01-15,
1405,Person 1405,South,2107.5,2024-01-15,
1406,Person 1406,East,2109.0,2024-01-15,
1407,Person 1407,West,2110.5,2024-01-15,
1408,Person 1408,North,2112.0,2024-01-15,
1409,Person 1409,South,2113.5,2024-01-15,
1410,Person 1410,East,2115.0,2024-01-15,
1411,Person 1411,West,2116.5,2024-01-15,
1412,Person 1412,North,2118.0,2024-01-15,
1413,Person 1413,South,2119.5,2024-01-15,
1414,Person 1414,East,2121.0,2024-01-15,
1415,Person 1415,West,2122.5,2024-01-15,
1416,Person 1416,North,2124.0,2024-01-15,
1417,Person 1417,South,2125.5,2024-01-15,
1418,Person 1418,East,2127.0,2024-01-15,
1419,Person 1419,West,2128.5,2024-01-15,
1420,Person 1420,North,2130.0,2024-01-15,
1421,Person 1421,South,2131.5,2024-01-15,
1422,Person 1422,East,2133.0,2024-01-15,
1423,Person 1423,West,2134.5,2024-01-15,
1424,Person 1424,North,2136.0,2024-01-15,
1425,Person 1425,South,2137.5,2024-01-15,
1426,Person 1426,East,2139.0,2024-01-15,
1427,Person 1427,West,2140.5,2024-01-15,
1428,Person 1428,North,2142.0,2024-01-15,
1429,Person 1429,South,2143.5,2024-01-15,
1430,Person 1430,East,2145.0,2024-01-15,
1431,Person 1431,West,2146.5,2024-01-15,
1432,Person 1432,North,2148.0,2024-01-15,
1433,Person 1433,South,2149.5,2024-01-15,
1434,Person 1434,East,2151.0,2024-01-15,
1435,Person 1435,West,2152.5,2024-01-15,
1436,Person 1436,North,2154.0,2024-01-15,
1437,Person 1437,South,2155.5,2024-01-15,
1438,Person 1438,East,2157.0,2024-01-15,
1439,Person 1439,West,2158.5,2024-01-15,
1440,Person 1440,North,2160.0,2024-01-15,
1441,Person 1441,South,2161.5,2024-01-15,
1442,Person 1442,East,2163.0,2024-01-15,
1443,Person 1443,West,2164.5,2024-01-15,
1444,Person 1444,North,2166.0,2024-01-15,
1445,Person 1445,South,2167.5,2024-01-15,
1446,Person 1446,East,2169.0,2024-01-15,
1447,Person 1447,West,2170.5,2024-01-15,
1448,Person 1448,North,2172.0,2024-01-15,
1449,Person 1449,South,2173.5,2024-01-15,
1450,Person 1450,East,2175.0,2024-01-15,
1451,Person 1451,West,2176.5,2024-01-15,
1452,Person 1452,North,2178.0,2024-01-15,
1453,Person 1453,South,2179.5,2024-01-15,
1454,Person 1454,East,2181.0,2024-01-15,
1455,Person 1455,West,2182.5,2024-01-15,
1456,Person 1456,North,2184.0,2024-01-15,
1457,Person 1457,South,2185.5,2024-01-15,
1458,Person 1458,East,2187.0,2024-01-15,
1459,Person 1459,West,2188.5,2024-01-15,
1460,Person 1460,North,2190.0,2024-01-15,
1461,Person 1461,South,2191.5,2024-01-15,
1462,Person 1462,East,2193.0,2024-01-15,
1463,Person 1463,West,2194.5,2024-01-15,
1464,Person 1464,North,2196.0,2024-01-15,
1465,Person 1465,South,2197.5,2024-01-15,
1466,Person 1466,East,2199.0,2024-01-15,
1467,Person 1467,West,2200.5,2024-01-15,
1468,Person 1468,North,2202.0,2024-01-15,
1469,Person 1469,South,2203.5,2024-01-15,
1470,Person 1470,East,2205.0,2024-01-15,
1471,Person 1471,West,2206.5,2024-01-15,
1472,Person 1472,North,2208.0,2024-01-15,
1473,Person 1473,South,2209.5,2024-01-15,
1474,Person 1474,East,2211.0,2024-01-15,
1475,Person 1475,West,2212.5,2024-01-15,
1476,Person 1476,North,2214.0,2024-01-15,
1477,Person 1477,South,2215.5,2024-01-15,
1478,Person 1478,East,2217.0,2024-01-15,
1479,Person 1479,West,2218.5,2024-01-15,
1480,Person 1480,North,2220.0,2024-01-15,
1481,Person 1481,South,2221.5,2024-01-15,
1482,Person 1482,East,2223.0,2024-01-15,
1483,Person 1483,West,2224.5,2024-01-15,
1484,Person 1484,North,2226.0,2024-01-15,
1485,Person 1485,South,2227.5,2024-01-15,
1486,Person 1486,East,2229.0,2024-01-15,
1487,Person 1487,West,2230.5,2024-01-15,
1488,Person 1488,North,2232.0,2024-01-15,
1489,Person 1489,South,2233.5,2024-01-15,
1490,Person 1490,East,2235.0,2024-01-15,
1491,Person 1491,West,2236.5,2024-01-15,
1492,Person 1492,North,2238.0,2024-01-15,
1493,Person 1493,South,2239.5,2024-01-15,
1494,Person 1494,East,2241.0,2024-01-15,
1495,Person 1495,West,2242.5,2024-01-15,
1496,Person 1496,North,2244.0,2024-01-15,
1497,Person 1497,South,2245.5,2024-01-15,
1498,Person 1498,East,2247.0,2024-01-15,
1499,Person 1499,West,2248.5,2024-01-15,
1500,Person 1500,North,2250.0,2024-01-15,
1501,Person 1501,South,2251.5,2024-01-15,
1502,Person 1502,East,2253.0,2024-01-15,
1503,Person 1503,West,2254.5,2024-01-15,
1504,Person 1504,North,2256.0,2024-01-15,
1505,Person 1505,South,2257.5,2024-01-15,
1506,Person 1506,East,2259.0,2024-01-15,
1507,Person 1507,West,2260.5,2024-01-15,
1508,Person 1508,North,2262.0,2024-01-15,
1509,Person 1509,South,2263.5,2024-01-15,
1510,Person 1510,East,2265.0,2024-01-15,
1511,Person 1511,West,2266.5,2024-01-15,
1512,Person 1512,North,2268.0,2024-01-15,
1513,Person 1513,South,2269.5,2024-01-15,
1514,Person 1514,East,2271.0,2024-01-15,
1515,Person 1515,West,2272.5,2024-01-15,
1516,Person 1516,North,2274.0,2024-01-15,
1517,Person 1517,South,2275.5,2024-01-15,
1518,Person 1518,East,2277.0,2024-01-15,
1519,Person 1519,West,2278.5,2024-01-15,
1520,Person 1520,North,2280.0,2024-01-15,
1521,Person 1521,South,2281.5,2024-01-15,
1522,Person 1522,East,2283.0,2024-01-15,
1523,Person 1523,West,2284.5,2024-01-15,
1524,Person 1524,North,2286.0,2024-01-15,
1525,Person 1525,South,2287.5,2024-01-15,
1526,Person 1526,East,2289.0,2024-01-15,
1527,Person 1527,West,2290.5,2024-01-15,
1528,Person 1528,North,2292.0,2024-01-15,
1529,Person 1529,South,2293.5,2024-01-15,
1530,Person 1530,East,2295.0,2024-01-15,
1531,Person 1531,West,2296.5,2024-01-15,
1532,Person 1532,North,2298.0,2024-01-15,
1533,Person 1533,South,2299.5,2024-01-15,
1534,Person 1534,East,2301.0,2024-01-15,
1535,Person 1535,West,2302.5,2024-01-15,
1536,Person 1536,North,2304.0,2024-01-15,
1537,Person 1537,South,2305.5,2024-01-15,
1538,Person 1538,East,2307.0,2024-01-15,
1539,Person 1539,West,2308.5,2024-01-15,
1540,Person 1540,North,2310.0,2024-01-15,
1541,Person 1541,South,2311.5,2024-01-15,
1542,Person 1542,East,2313.0,2024-01-15,
1543,Person 1543,West,2314.5,2024-01-15,
1544,Person 1544,North,2316.0,2024-01-15,
1545,Person 1545,South,2317.5,2024-01-15,
1546,Person 1546,East,2319.0,2024-01-15,
1547,Person 1547,West,2320.5,2024-01-15,
1548,Person 1548,North,2322.0,2024-01-15,
1549,Person 1549,South,2323.5,2024-01-15,
1550,Person 1550,East,2325.0,2024-01-15,
1551,Person 1551,West,2326.5,2024-01-15,
1552,Person 1552,North,2328.0,2024-01-15,
1553,Person 1553,South,2329.5,2024-01-15,
1554,Person 1554,East,2331.0,2024-01-15,
1555,Person 1555,West,2332.5,2024-01-15,
1556,Person 1556,North,2334.0,2024-01-15,
1557,Person 1557,South,2335.5,2024-01-15,
1558,Person 1558,East,2337.0,2024-01-15,
1559,Person 1559,West,2338.5,2024-01-15,
1560,Person 1560,North,2340.0,2024-01-15,
1561,Person 1561,South,2341.5,2024-01-15,
1562,Person 1562,East,2343.0,2024-01-15,
1563,Person 1563,West,2344.5,2024-01-15,
1564,Person 1564,North,2346.0,2024-01-15,
1565,Person 1565,South,2347.5,2024-01-15,
1566,Person 1566,East,2349.0,2024-01-15,
1567,Person 1567,West,2350.5,2024-01-15,
1568,Person 1568,North,2352.0,2024-01-15,
1569,Person 1569,South,2353.5,2024-01-15,
1570,Person 1570,East,2355.0,2024-01-15,
1571,Person 1571,West,2356.5,2024-01-15,
1572,Person 1572,North,2358.0,2024-01-15,
1573,Person 1573,South,2359.5,2024-01-15,
1574,Person 1574,East,2361.0,2024-01-15,
1575,Person 1575,West,2362.5,2024-01-15,
1576,Person 1576,North,2364.0,2024-01-15,
1577,Person 1577,South,2365.5,2024-01-15,
1578,Person 1578,East,2367.0,2024-01-15,
1579,Person 1579,West,2368.5,2024-01-15,
1580,Person 1580,North,2370.0,2024-01-15,
1581,Person 1581,South,2371.5,2024-01-15,
1582,Person 1582,East,2373.0,2024-01-15,
1583,Person 1583,West,2374.5,2024-01-15,
1584,Person 1584,North,2376.0,2024-01-15,
1585,Person 1585,South,2377.5,2024-01-15,
1586,Person 1586,East,2379.0,2024-01-15,
1587,Person 1587,West,2380.5,2024-01-15,
1588,Person 1588,North,2382.0,2024-01-15,
1589,Person 1589,South,2383.5,2024-01-15,
1590,Person 1590,East,2385.0,2024-01-15,
1591,Person 1591,West,2386.5,2024-01-15,
1592,Person 1592,North,2388.0,2024-01-15,
1593,Person 1593,South,2389.5,2024-01-15,
1594,Person 1594,East,2391.0,2024-01-15,
1595,Person 1595,West,2392.5,2024-01-15,
1596,Person 1596,North,2394.0,2024-01-15,
1597,Person 1597,South,2395.5,2024-01-15,
1598,Person 1598,East,2397.0,2024-01-15,
1599,Person 1599,West,2398.5,2024-01-15,
1600,Person 1600,North,2400.0,2024-01-15,
1601,Person 1601,South,2401.5,2024-01-15,
1602,Person 1602,East,2403.0,2024-01-15,
1603,Person 1603,West,2404.5,2024-01-15,
1604,Person 1604,North,2406.0,2024-01-15,
1605,Person 1605,South,2407.5,2024-01-15,
1606,Person 1606,East,2409.0,2024-01-15,
1607,Person 1607,West,2410.5,2024-01-15,
1608,Person 1608,North,2412.0,2024-01-15,
1609,Person 1609,South,2413.5,2024-01-15,
1610,Person 1610,East,2415.0,2024-01-15,
1611,Person 1611,West,2416.5,2024-01-15,
1612,Person 1612,North,2418.0,2024-01-15,
1613,Person 1613,South,2419.5,2024-01-15,
1614,Person 1614,East,2421.0,2024-01-15,
1615,Person 1615,West,2422.5,2024-01-15,
1616,Person 1616,North,2424.0,2024-01-15,
1617,Person 1617,South,2425.5,2024-01-15,
1618,Person 1618,East,2427.0,2024-01-15,
1619,Person 1619,West,2428.5,2024-01-15,
1620,Person 1620,North,2430.0,2024-01-15,
1621,Person 1621,South,2431.5,2024-01-15,
1622,Person 1622,East,2433.0,2024-01-15,
1623,Person 1623,West,2434.5,2024-01-15,
1624,Person 1624,North,2436.0,2024-01-15,
1625,Person 1625,South,2437.5,2024-01-15,
1626,Person 1626,East,2439.0,2024-01-15,
1627,Person 1627,West,2440.5,2024-01-15,
1628,Person 1628,North,2442.0,2024-01-15,
1629,Person 1629,South,2443.5,2024-01-15,
1630,Person 1630,East,2445.0,2024-01-15,
1631,Person 1631,West,2446.5,2024-01-15,
1632,Person 1632,North,2448.0,2024-01-15,
1633,Person 1633,South,2449.5,2024-01-15,
1634,Person 1634,East,2451.0,2024-01-15,
1635,Person 1635,West,2452.5,2024-01-15,
1636,Person 1636,North,2454.0,2024-01-15,
1637,Person 1637,South,2455.5,2024-01-15,
1638,Person 1638,East,2457.0,2024-01-15,
1639,Person 1639,West,2458.5,2024-01-15,
1640,Person 1640,North,2460.0,2024-01-15,
1641,Person 1641,South,2461.5,2024-01-15,
1642,Person 1642,East,2463.0,2024-01-15,
1643,Person 1643,West,2464.5,2024-01-15,
1644,Person 1644,North,2466.0,2024-01-15,
1645,Person 1645,South,2467.5,2024-01-15,
1646,Person 1646,East,2469.0,2024-01-15,
1647,Person 1647,West,2470.5,2024-01-15,
1648,Person 1648,North,2472.0,2024-01-15,
1649,Person 1649,South,2473.5,2024-01-15,
1650,Person 1650,East,2475.0,2024-01-15,
1651,Person 1651,West,2476.5,2024-01-15,
1652,Person 1652,North,2478.0,2024-01-15,
1653,Person 1653,South,2479.5,2024-01-15,
1654,Person 1654,East,2481.0,2024-01-15,
1655,Person 1655,West,2482.5,2024-01-15,
1656,Person 1656,North,2484.0,2024-01-15,
1657,Person 1657,South,2485.5,2024-01-15,
1658,Person 1658,East,2487.0,2024-01-15,
1659,Person 1659,West,2488.5,2024-01-15,
1660,Person 1660,North,2490.0,2024-01-15,
1661,Person 1661,South,2491.5,2024-01-15,
1662,Person 1662,East,2493.0,2024-01-15,
1663,Person 1663,West,2494.5,2024-01-15,
1664,Person 1664,North,2496.0,2024-01-15,
1665,Person 1665,South,2497.5,2024-01-15,
1666,Person 1666,East,2499.0,2024-01-15,
1667,Person 1667,West,2500.5,2024-01-15,
1668,Person 1668,North,2502.0,2024-01-15,
1669,Person 1669,South,2503.5,2024-01-15,
1670,Person 1670,East,2505.0,2024-01-15,
1671,Person 1671,West,2506.5,2024-01-15,
1672,Person 1672,North,2508.0,2024-01-15,
1673,Person 1673,South,2509.5,2024-01-15,
1674,Person 1674,East,2511.0,2024-01-15,
1675,Person 1675,West,2512.5,2024-01-15,
1676,Person 1676,North,2514.0,2024-01-15,
1677,Person 1677,South,2515.5,2024-01-15,
1678,Person 1678,East,2517.0,2024-01-15,
1679,Person 1679,West,2518.5,2024-01-15,
1680,Person 1680,North,2520.0,2024-01-15,
1681,Person 1681,South,2521.5,2024-01-15,
1682,Person 1682,East,2523.0,2024-01-15,
1683,Person 1683,West,2524.5,2024-01-15,
1684,Person 1684,North,2526.0,2024-01-15,
1685,Person 1685,South,2527.5,2024-01-15,
1686,Person 1686,East,2529.0,2024-01-15,
1687,Person 1687,West,2530.5,2024-01-15,
1688,Person 1688,North,2532.0,2024-01-15,
1689,Person 1689,South,2533.5,2024-01-15,
1690,Person 1690,East,2535.0,2024-01-15,
1691,Person 1691,West,2536.5,2024-01-15,
1692,Person 1692,North,2538.0,2024-01-15,
1693,Person 1693,South,2539.5,2024-01-15,
1694,Person 1694,East,2541.0,2024-01-15,
1695,Person 1695,West,2542.5,2024-01-15,
1696,Person 1696,North,2544.0,2024-01-15,
1697,Person 1697,South,2545.5,2024-01-15,
1698,Person 1698,East,2547.0,2024-01-15,
1699,Person 1699,West,2548.5,2024-01-15,
1700,Person 1700,North,2550.0,2024-01-15,
1701,Person 1701,South,2551.5,2024-01-15,
1702,Person 1702,East,2553.0,2024-01-15,
1703,Person 1703,West,2554.5,2024-01-15,
1704,Person 1704,North,2556.0,2024-01-15,
1705,Person 1705,South,2557.5,2024-01-15,
1706,Person 1706,East,2559.0,2024-01-15,
1707,Person 1707,West,2560.5,2024-01-15,
1708,Person 1708,North,2562.0,2024-01-15,
1709,Person 1709,South,2563.5,2024-01-15,
1710,Person 1710,East,2565.0,2024-01-15,
1711,Person 1711,West,2566.5,2024-01-15,
1712,Person 1712,North,2568.0,2024-01-15,
1713,Person 1713,South,2569.5,2024-01-15,
1714,Person 1714,East,2571.0,2024-01-15,
1715,Person 1715,West,2572.5,2024-01-15,
1716,Person 1716,North,2574.0,2024-01-15,
1717,Person 1717,South,2575.5,2024-01-15,
1718,Person 1718,East,2577.0,2024-01-15,
1719,Person 1719,West,2578.5,2024-01-15,
1720,Person 1720,North,2580.0,2024-01-15,
1721,Person 1721,South,2581.5,2024-01-15,
1722,Person 1722,East,2583.0,2024-01-15,
1723,Person 1723,West,2584.5,2024-01-15,
1724,Person 1724,North,2586.0,2024-01-15,
1725,Person 1725,South,2587.5,2024-01-15,
1726,Person 1726,East,2589.0,2024-01-15,
1727,Person 1727,West,2590.5,2024-01-15,
1728,Person 1728,North,2592.0,2024-01-15,
1729,Person 1729,South,2593.5,2024-01-15,
1730,Person 1730,East,2595.0,2024-01-15,
1731,Person 1731,West,2596.5,2024-01-15,
1732,Person 1732,North,2598.0,2024-01-15,
1733,Person 1733,South,2599.5,2024-01-15,
1734,Person 1734,East,2601.0,2024-01-15,
1735,Person 1735,West,2602.5,2024-01-15,
1736,Person 1736,North,2604.0,2024-01-15,
1737,Person 1737,South,2605.5,2024-01-15,
1738,Person 1738,East,2607.0,2024-01-15,
1739,Person 1739,West,2608.5,2024-01-15,
1740,Person 1740,North,2610.0,2024-01-15,
1741,Person 1741,South,2611.5,2024-01-15,
1742,Person 1742,East,2613.0,2024-01-15,
1743,Person 1743,West,2614.5,2024-01-15,
1744,Person 1744,North,2616.0,2024-01-15,
1745,Person 1745,South,2617.5,2024-01-15,
1746,Person 1746,East,2619.0,2024-01-15,
1747,Person 1747,West,2620.5,2024-01-15,
1748,Person 1748,North,2622.0,2024-01-15,
1749,Person 1749,South,2623.5,2024-01-15,
1750,Person 1750,East,2625.0,2024-01-15,
1751,Person 1751,West,2626.5,2024-01-15,
1752,Person 1752,North,2628.0,2024-01-15,
1753,Person 1753,South,2629.5,2024-01-15,
1754,Person 1754,East,2631.0,2024-01-15,
1755,Person 1755,West,2632.5,2024-01-15,
1756,Person 1756,North,2634.0,2024-01-15,
1757,Person 1757,South,2635.5,2024-01-15,
1758,Person 1758,East,2637.0,2024-01-15,
1759,Person 1759,West,2638.5,2024-01-15,
1760,Person 1760,North,2640.0,2024-01-15,
1761,Person 1761,South,2641.5,2024-01-15,
1762,Person 1762,East,2643.0,2024-01-15,
1763,Person 1763,West,2644.5,2024-01-15,
1764,Person 1764,North,2646.0,2024-01-15,
1765,Person 1765,South,2647.5,2024-01-15,
1766,Person 1766,East,2649.0,2024-01-15,
1767,Person 1767,West,2650.5,2024-01-15,
1768,Person 1768,North,2652.0,2024-01-15,
1769,Person 1769,South,2653.5,2024-01-15,
1770,Person 1770,East,2655.0,2024-01-15,
1771,Person 1771,West,2656.5,2024-01-15,
1772,Person 1772,North,2658.0,2024-01-15,
1773,Person 1773,South,2659.5,2024-01-15,
1774,Person 1774,East,2661.0,2024-01-15,
1775,Person 1775,West,2662.5,2024-01-15,
1776,Person 1776,North,2664.0,2024-01-15,
1777,Person 1777,South,2665.5,2024-01-15,
1778,Person 1778,East,2667.0,2024-01-15,
1779,Person 1779,West,2668.5,2024-01-15,
1780,Person 1780,North,2670.0,2024-01-15,
1781,Person 1781,South,2671.5,2024-01-15,
1782,Person 1782,East,2673.0,2024-01-15,
1783,Person 1783,West,2674.5,2024-01-15,
1784,Person 1784,North,2676.0,2024-01-15,
1785,Person 1785,South,2677.5,2024-01-15,
1786,Person 1786,East,2679.0,2024-01-15,
1787,Person 1787,West,2680.5,2024-01-15,
1788,Person 1788,North,2682.0,2024-01-15,
1789,Person 1789,South,2683.5,2024-01-15,
1790,Person 1790,East,2685.0,2024-01-15,
1791,Person 1791,West,2686.5,2024-01-15,
1792,Person 1792,North,2688.0,2024-01-15,
1793,Person 1793,South,2689.5,2024-01-15,
1794,Person 1794,East,2691.0,2024-01-15,
1795,Person 1795,West,2692.5,2024-01-15,
1796,Person 1796,North,2694.0,2024-01-15,
1797,Person 1797,South,2695.5,2024-01-15,
1798,Person 1798,East,2697.0,2024-01-15,
1799,Person 1799,West,2698.5,2024-01-15,
1800,Person 1800,North,2700.0,2024-01-15,
1801,Person 1801,South,2701.5,2024-01-15,
1802,Person 1802,East,2703.0,2024-01-15,
1803,Person 1803,West,2704.5,2024-01-15,
1804,Person 1804,North,2706.0,2024-01-15,
1805,Person 1805,South,2707.5,2024-01-15,
1806,Person 1806,East,2709.0,2024-01-15,
1807,Person 1807,West,2710.5,2024-01-15,
1808,Person 1808,North,2712.0,2024-01-15,
1809,Person 1809,South,2713.5,2024-01-15,
1810,Person 1810,East,2715.0,2024-01-15,
1811,Person 1811,West,2716.5,2024-01-15,
1812,Person 1812,North,2718.0,2024-01-15,
1813,Person 1813,South,2719.5,2024-01-15,
1814,Person 1814,East,2721.0,2024-01-15,
1815,Person 1815,West,2722.5,2024-01-15,
1816,Person 1816,North,2724.0,2024-01-15,
1817,Person 1817,South,2725.5,2024-01-15,
1818,Person 1818,East,2727.0,2024-01-15,
1819,Person 1819,West,2728.5,2024-01-15,
1820,Person 1820,North,2730.0,2024-01-15,
1821,Person 1821,South,2731.5,2024-01-15,
1822,Person 1822,East,2733.0,2024-01-15,
1823,Person 1823,West,2734.5,2024-01-15,
1824,Person 1824,North,2736.0,2024-01-15,
1825,Person 1825,South,2737.5,2024-01-15,
1826,Person 1826,East,2739.0,2024-01-15,
1827,Person 1827,West,2740.5,2024-01-15,
1828,Person 1828,North,2742.0,2024-01-15,
1829,Person 1829,South,2743.5,2024-01-15,
1830,Person 1830,East,2745.0,2024-01-15,
1831,Person 1831,West,2746.5,2024-01-15,
1832,Person 1832,North,2748.0,2024-01-15,
1833,Person 1833,South,2749.5,2024-01-15,
1834,Person 1834,East,2751.0,2024-01-15,
1835,Person 1835,West,2752.5,2024-01-15,
1836,Person 1836,North,2754.0,2024-01-15,
1837,Person 1837,South,2755.5,2024-01-15,
1838,Person 1838,East,2757.0,2024-01-15,
1839,Person 1839,West,2758.5,2024-01-15,
1840,Person 1840,North,2760.0,2024-01-15,
1841,Person 1841,South,2761.5,2024-01-15,
1842,Person 1842,East,2763.0,2024-01-15,
1843,Person 1843,West,2764.5,2024-01-15,
1844,Person 1844,North,2766.0,2024-01-15,
1845,Person 1845,South,2767.5,2024-01-15,
1846,Person 1846,East,2769.0,2024-01-15,
1847,Person 1847,West,2770.5,2024-01-15,
1848,Person 1848,North,2772.0,2024-01-15,
1849,Person 1849,South,2773.5,2024-01-15,
1850,Person 1850,East,2775.0,2024-01-15,
1851,Person 1851,West,2776.5,2024-01-15,
1852,Person 1852,North,2778.0,2024-01-15,
1853,Person 1853,South,2779.5,2024-01-15,
1854,Person 1854,East,2781.0,2024-01-15,
1855,Person 1855,West,2782.5,2024-01-15,
1856,Person 1856,North,2784.0,2024-01-15,
1857,Person 1857,South,2785.5,2024-01-15,
1858,Person 1858,East,2787.0,2024-01-15,
1859,Person 1859,West,2788.5,2024-01-15,
1860,Person 1860,North,2790.0,2024-01-15,
1861,Person 1861,South,2791.5,2024-01-15,
1862,Person 1862,East,2793.0,2024-01-15,
1863,Person 1863,West,2794.5,2024-01-15,
1864,Person 1864,North,2796.0,2024-01-15,
1865,Person 1865,South,2797.5,2024-01-15,
1866,Person 1866,East,2799.0,2024-01-15,
1867,Person 1867,West,2800.5,2024-01-15,
1868,Person 1868,North,2802.0,2024-01-15,
1869,Person 1869,South,2803.5,2024-01-15,
1870,Person 1870,East,2805.0,2024-01-15,
1871,Person 1871,West,2806.5,2024-01-15,
1872,Person 1872,North,2808.0,2024-01-15,
1873,Person 1873,South,2809.5,2024-01-15,
1874,Person 1874,East,2811.0,2024-01-15,
1875,Person 1875,West,2812.5,2024-01-15,
1876,Person 1876,North,2814.0,2024-01-15,
1877,Person 1877,South,2815.5,2024-01-15,
1878,Person 1878,East,2817.0,2024-01-15,
1879,Person 1879,West,2818.5,2024-01-15,
1880,Person 1880,North,2820.0,2024-01-15,
1881,Person 1881,South,2821.5,2024-01-15,
1882,Person 1882,East,2823.0,2024-01-15,
1883,Person 1883,West,2824.5,2024-01-15,
1884,Person 1884,North,2826.0,2024-01-15,
1885,Person 1885,South,2827.5,2024-01-15,
1886,Person 1886,East,2829.0,2024-01-15,
1887,Person 1887,West,2830.5,2024-01-15,
1888,Person 1888,North,2832.0,2024-01-15,
1889,Person 1889,South,2833.5,2024-01-15,
1890,Person 1890,East,2835.0,2024-01-15,
1891,Person 1891,West,2836.5,2024-01-15,
1892,Person 1892,North,2838.0,2024-01-15,
1893,Person 1893,South,2839.5,2024-01-15,
1894,Person 1894,East,2841.0,2024-01-15,
1895,Person 1895,West,2842.5,2024-01-15,
1896,Person 1896,North,2844.0,2024-01-15,
1897,Person 1897,South,2845.5,2024-01-15,
1898,Person 1898,East,2847.0,2024-01-15,
1899,Person 1899,West,2848.5,2024-01-15,
1900,Person 1900,North,2850.0,2024-01-15,
1901,Person 1901,South,2851.5,2024-01-15,
1902,Person 1902,East,2853.0,2024-01-15,
1903,Person 1903,West,2854.5,2024-01-15,
1904,Person 1904,North,2856.0,2024-01-15,
1905,Person 1905,South,2857.5,2024-01-15,
1906,Person 1906,East,2859.0,2024-01-15,
1907,Person 1907,West,2860.5,2024-01-15,
1908,Person 1908,North,2862.0,2024-01-15,
1909,Person 1909,South,2863.5,2024-01-15,
1910,Person 1910,East,2865.0,2024-01-15,
1911,Person 1911,West,2866.5,2024-01-15,
1912,Person 1912,North,2868.0,2024-01-15,
1913,Person 1913,South,2869.5,2024-01-15,
1914,Person 1914,East,2871.0,2024-01-15,
1915,Person 1915,West,2872.5,2024-01-15,
1916,Person 1916,North,2874.0,2024-01-15,
1917,Person 1917,South,2875.5,2024-01-15,
1918,Person 1918,East,2877.0,2024-01-15,
1919,Person 1919,West,2878.5,2024-01-15,
1920,Person 1920,North,2880.0,2024-01-15,
1921,Person 1921,South,2881.5,2024-01-15,
1922,Person 1922,East,2883.0,2024-01-15,
1923,Person 1923,West,2884.5,2024-01-15,
1924,Person 1924,North,2886.0,2024-01-15,
1925,Person 1925,South,2887.5,2024-01-15,
1926,Person 1926,East,2889.0,2024-01-15,
1927,Person 1927,West,2890.5,2024-01-15,
1928,Person 1928,North,2892.0,2024-01-15,
1929,Person 1929,South,2893.5,2024-01-15,
1930,Person 1930,East,2895.0,2024-01-15,
1931,Person 1931,West,2896.5,2024-01-15,
1932,Person 1932,North,2898.0,2024-01-15,
1933,Person 1933,South,2899.5,2024-01-15,
1934,Person 1934,East,2901.0,2024-01-15,
1935,Person 1935,West,2902.5,2024-01-15,
1936,Person 1936,North,2904.0,2024-01-15,
1937,Person 1937,South,2905.5,2024-01-15,
1938,Person 1938,East,2907.0,2024-01-15,
1939,Person 1939,West,2908.5,2024-01-15,
1940,Person 1940,North,2910.0,2024-01-15,
1941,Person 1941,South,2911.5,2024-01-15,
1942,Person 1942,East,2913.0,2024-01-15,
1943,Person 1943,West,2914.5,2024-01-15,
1944,Person 1944,North,2916.0,2024-01-15,
1945,Person 1945,South,2917.5,2024-01-15,
1946,Person 1946,East,2919.0,2024-01-15,
1947,Person 1947,West,2920.5,2024-01-15,
1948,Person 1948,North,2922.0,2024-01-15,
1949,Person 1949,South,2923.5,2024-01-15,
1950,Person 1950,East,2925.0,2024-01-15,
1951,Person 1951,West,2926.5,2024-01-15,
1952,Person 1952,North,2928.0,2024-01-15,
1953,Person 1953,South,2929.5,2024-01-15,
1954,Person 1954,East,2931.0,2024-01-15,
1955,Person 1955,West,2932.5,2024-01-15,
1956,Person 1956,North,2934.0,2024-01-15,
1957,Person 1957,South,2935.5,2024-01-15,
1958,Person 1958,East,2937.0,2024-01-15,
1959,Person 1959,West,2938.5,2024-01-15,
1960,Person 1960,North,2940.0,2024-01-15,
1961,Person 1961,South,2941.5,2024-01-15,
1962,Person 1962,East,2943.0,2024-01-15,
1963,Person 1963,West,2944.5,2024-01-15,
1964,Person 1964,North,2946.0,2024-01-15,
1965,Person 1965,South,2947.5,2024-01-15,
1966,Person 1966,East,2949.0,2024-01-15,
1967,Person 1967,West,2950.5,2024-01-15,
1968,Person 1968,North,2952.0,2024-01-15,
1969,Person 1969,South,2953.5,2024-01-15,
1970,Person 1970,East,2955.0,2024-01-15,
1971,Person 1971,West,2956.5,2024-01-15,
1972,Person 1972,North,2958.0,2024-01-15,
1973,Person 1973,South,2959.5,2024-01-15,
1974,Person 1974,East,2961.0,2024-01-15,
1975,Person 1975,West,2962.5,2024-01-15,
1976,Person 1976,North,2964.0,2024-01-15,
1977,Person 1977,South,2965.5,2024-01-15,
1978,Person 1978,East,2967.0,2024-01-15,
1979,Person 1979,West,2968.5,2024-01-15,
1980,Person 1980,North,2970.0,2024-01-15,
1981,Person 1981,South,2971.5,2024-01-15,
1982,Person 1982,East,2973.0,2024-01-15,
1983,Person 1983,West,2974.5,2024-01-15,
1984,Person 1984,North,2976.0,2024-01-15,
1985,Person 1985,South,2977.5,2024-01-15,
1986,Person 1986,East,2979.0,2024-01-15,
1987,Person 1987,West,2980.5,2024-01-15,
1988,Person 1988,North,2982.0,2024-01-15,
1989,Person 1989,South,2983.5,2024-01-15,
1990,Person 1990,East,2985.0,2024-01-15,
1991,Person 1991,West,2986.5,2024-01-15,
1992,Person 1992,North,2988.0,2024-01-15,
1993,Person 1993,South,2989.5,2024-01-15,
1994,Person 1994,East,2991.0,2024-01-15,
1995,Person 1995,West,2992.5,2024-01-15,
1996,Person 1996,North,2994.0,2024-01-15,
1997,Person 1997,South,2995.5,2024-01-15,
1998,Person 1998,East,2997.0,2024-01-15,
1999,Person 1999,West,2998.5,2024-01-15,
2000,Person 2000,North,3000.0,2024-01-15,
2001,Person 2001,South,3001.5,2024-01-15,
2002,Person 2002,East,3003.0,2024-01-15,
2003,Person 2003,West,3004.5,2024-01-15,
2004,Person 2004,North,3006.0,2024-01-15,
2005,Person 2005,South,3007.5,2024-01-15,
2006,Person 2006,East,3009.0,2024-01-15,
2007,Person 2007,West,3010.5,2024-01-15,
2008,Person 2008,North,3012.0,2024-01-15,
2009,Person 2009,South,3013.5,2024-01-15,
2010,Person 2010,East,3015.0,2024-01-15,
2011,Person 2011,West,3016.5,2024-01-15,
2012,Person 2012,North,3018.0,2024-01-15,
2013,Person 2013,South,3019.5,2024-01-15,
2014,Person 2014,East,3021.0,2024-01-15,
2015,Person 2015,West,3022.5,2024-01-15,
2016,Person 2016,North,3024.0,2024-01-15,
2017,Person 2017,South,3025.5,2024-01-15,
2018,Person 2018,East,3027.0,2024-01-15,
2019,Person 2019,West,3028.5,2024-01-15,
2020,Person 2020,North,3030.0,2024-01-15,
2021,Person 2021,South,3031.5,2024-01-15,
2022,Person 2022,East,3033.0,2024-01-15,
2023,Person 2023,West,3034.5,2024-01-15,
2024,Person 2024,North,3036.0,2024-01-15,
2025,Person 2025,South,3037.5,2024-01-15,
2026,Person 2026,East,3039.0,2024-01-15,
2027,Person 2027,West,3040.5,2024-01-15,
2028,Person 2028,North,3042.0,2024-01-15,
2029,Person 2029,South,3043.5,2024-01-15,
2030,Person 2030,East,3045.0,2024-01-15,
2031,Person 2031,West,3046.5,2024-01-15,
2032,Person 2032,North,3048.0,2024-01-15,
2033,Person 2033,South,3049.5,2024-01-15,
2034,Person 2034,East,3051.0,2024-01-15,
2035,Person 2035,West,3052.5,2024-01-15,
2036,Person 2036,North,3054.0,2024-01-15,
2037,Person 2037,South,3055.5,2024-01-15,
2038,Person 2038,East,3057.0,2024-01-15,
2039,Person 2039,West,3058.5,2024-01-15,
2040,Person 2040,North,3060.0,2024-01-15,
2041,Person 2041,South,3061.5,2024-01-15,
2042,Person 2042,East,3063.0,2024-01-15,
2043,Person 2043,West,3064.5,2024-01-15,
2044,Person 2044,North,3066.0,2024-01-15,
2045,Person 2045,South,3067.5,2024-01-15,
2046,Person 2046,East,3069.0,2024-01-15,
2047,Person 2047,West,3070.5,2024-01-15,
2048,Person 2048,North,3072.0,2024-01-15,
2049,Person 2049,South,3073.5,2024-01-15,
2050,Person 2050,East,3075.0,2024-01-15,
2051,Person 2051,West,3076.5,2024-01-15,
2052,Person 2052,North,3078.0,2024-01-15,
2053,Person 2053,South,3079.5,2024-01-15,
2054,Person 2054,East,3081.0,2024-01-15,
2055,Person 2055,West,3082.5,2024-01-15,
2056,Person 2056,North,3084.0,2024-01-15,
2057,Person 2057,South,3085.5,2024-01-15,
2058,Person 2058,East,3087.0,2024-01-15,
2059,Person 2059,West,3088.5,2024-01-15,
2060,Person 2060,North,3090.0,2024-01-15,
2061,Person 2061,South,3091.5,2024-01-15,
2062,Person 2062,East,3093.0,2024-01-15,
2063,Person 2063,West,3094.5,2024-01-15,
2064,Person 2064,North,3096.0,2024-01-15,
2065,Person 2065,South,3097.5,2024-01-15,
2066,Person 2066,East,3099.0,2024-01-15,
2067,Person 2067,West,3100.5,2024-01-15,
2068,Person 2068,North,3102.0,2024-01-15,
2069,Person 2069,South,3103.5,2024-01-15,
2070,Person 2070,East,3105.0,2024-01-15,
2071,Person 2071,West,3106.5,2024-01-15,
2072,Person 2072,North,3108.0,2024-01-15,
2073,Person 2073,South,3109.5,2024-01-15,
2074,Person 2074,East,3111.0,2024-01-15,
2075,Person 2075,West,3112.5,2024-01-15,
2076,Person 2076,North,3114.0,2024-01-15,
2077,Person 2077,South,3115.5,2024-01-15,
2078,Person 2078,East,3117.0,2024-01-15,
2079,Person 2079,West,3118.5,2024-01-15,
2080,Person 2080,North,3120.0,2024-01-15,
2081,Person 2081,South,3121.5,2024-01-15,
2082,Person 2082,East,3123.0,2024-01-15,
2083,Person 2083,West,3124.5,2024-01-15,
2084,Person 2084,North,3126.0,2024-01-15,
2085,Person 2085,South,3127.5,2024-01-15,
2086,Person 2086,East,3129.0,2024-01-15,
2087,Person 2087,West,3130.5,2024-01-15,
2088,Person 2088,North,3132.0,2024-01-15,
2089,Person 2089,South,3133.5,2024-01-15,
2090,Person 2090,East,3135.0,2024-01-15,
2091,Person 2091,West,3136.5,2024-01-15,
2092,Person 2092,North,3138.0,2024-01-15,
2093,Person 2093,South,3139.5,2024-01-15,
2094,Person 2094,East,3141.0,2024-01-15,
2095,Person 2095,West,3142.5,2024-01-15,
2096,Person 2096,North,3144.0,2024-01-15,
2097,Person 2097,South,3145.5,2024-01-15,
2098,Person 2098,East,3147.0,2024-01-15,
2099,Person 2099,West,3148.5,2024-01-15,
2100,Person 2100,North,3150.0,2024-01-15,
2101,Person 2101,South,3151.5,2024-01-15,
2102,Person 2102,East,3153.0,2024-01-15,
2103,Person 2103,West,3154.5,2024-01-15,
2104,Person 2104,North,3156.0,2024-01-15,
2105,Person 2105,South,3157.5,2024-01-15,
2106,Person 2106,East,3159.0,2024-01-15,
2107,Person 2107,West,3160.5,2024-01-15,
2108,Person 2108,North,3162.0,2024-01-15,
2109,Person 2109,South,3163.5,2024-01-15,
2110,Person 2110,East,3165.0,2024-01-15,
2111,Person 2111,West,3166.5,2024-01-15,
2112,Person 2112,North,3168.0,2024-01-15,
2113,Person 2113,South,3169.5,2024-01-15,
2114,Person 2114,East,3171.0,2024-01-15,
2115,Person 2115,West,3172.5,2024-01-15,
2116,Person 2116,North,3174.0,2024-01-15,
2117,Person 2117,South,3175.5,2024-01-15,
2118,Person 2118,East,3177.0,2024-01-15,
2119,Person 2119,West,3178.5,2024-01-15,
2120,Person 2120,North,3180.0,2024-01-15,
2121,Person 2121,South,3181.5,2024-01-15,
2122,Person 2122,East,3183.0,2024-01-15,
2123,Person 2123,West,3184.5,2024-01-15,
2124,Person 2124,North,3186.0,2024-01-15,
2125,Person 2125,South,3187.5,2024-01-15,
2126,Person 2126,East,3189.0,2024-01-15,
2127,Person 2127,West,3190.5,2024-01-15,
2128,Person 2128,North,3192.0,2024-01-15,
2129,Person 2129,South,3193.5,2024-01-15,
2130,Person 2130,East,3195.0,2024-01-15,
2131,Person 2131,West,3196.5,2024-01-15,
2132,Person 2132,North,3198.0,2024-01-15,
2133,Person 2133,South,3199.5,2024-01-15,
2134,Person 2134,East,3201.0,2024-01-15,
2135,Person 2135,West,3202.5,2024-01-15,
2136,Person 2136,North,3204.0,2024-01-15,
2137,Person 2137,South,3205.5,2024-01-15,
2138,Person 2138,East,3207.0,2024-01-15,
2139,Person 2139,West,3208.5,2024-01-15,
2140,Person 2140,North,3210.0,2024-01-15,
2141,Person 2141,South,3211.5,2024-01-15,
2142,Person 2142,East,3213.0,2024-01-15,
2143,Person 2143,West,3214.5,2024-01-15,
2144,Person 2144,North,3216.0,2024-01-15,
2145,Person 2145,South,3217.5,2024-01-15,
2146,Person 2146,East,3219.0,2024-01-15,
2147,Person 2147,West,3220.5,2024-01-15,
2148,Person 2148,North,3222.0,2024-01-15,
2149,Person 2149,South,3223.5,2024-01-15,
2150,Person 2150,East,3225.0,2024-01-15,
2151,Person 2151,West,3226.5,2024-01-15,
2152,Person 2152,North,3228.0,2024-01-15,
2153,Person 2153,South,3229.5,2024-01-15,
2154,Person 2154,East,3231.0,2024-01-15,
2155,Person 2155,West,3232.5,2024-01-15,
2156,Person 2156,North,3234.0,2024-01-15,
2157,Person 2157,South,3235.5,2024-01-15,
2158,Person 2158,East,3237.0,2024-01-15,
2159,Person 2159,West,3238.5,2024-01-15,
2160,Person 2160,North,3240.0,2024-01-15,
2161,Person 2161,South,3241.5,2024-01-15,
2162,Person 2162,East,3243.0,2024-01-15,
2163,Person 2163,West,3244.5,2024-01-15,
2164,Person 2164,North,3246.0,2024-01-15,
2165,Person 2165,South,3247.5,2024-01-15,
2166,Person 2166,East,3249.0,2024-01-15,
2167,Person 2167,West,3250.5,2024-01-15,
2168,Person 2168,North,3252.0,2024-01-15,
2169,Person 2169,South,3253.5,2024-01-15,
2170,Person 2170,East,3255.0,2024-01-15,
2171,Person 2171,West,3256.5,2024-01-15,
2172,Person 2172,North,3258.0,2024-01-15,
2173,Person 2173,South,3259.5,2024-01-15,
2174,Person 2174,East,3261.0,2024-01-15,
2175,Person 2175,West,3262.5,2024-01-15,
2176,Person 2176,North,3264.0,2024-01-15,
2177,Person 2177,South,3265.5,2024-01-15,
2178,Person 2178,East,3267.0,2024-01-15,
2179,Person 2179,West,3268.5,2024-01-15,
2180,Person 2180,North,3270.0,2024-01-15,
2181,Person 2181,South,3271.5,2024-01-15,
2182,Person 2182,East,3273.0,2024-01-15,
2183,Person 2183,West,3274.5,2024-01-15,
2184,Person 2184,North,3276.0,2024-01-15,
2185,Person 2185,South,3277.5,2024-01-15,
2186,Person 2186,East,3279.0,2024-01-15,
2187,Person 2187,West,3280.5,2024-01-15,
2188,Person 2188,North,3282.0,2024-01-15,
2189,Person 2189,South,3283.5,2024-01-15,
2190,Person 2190,East,3285.0,2024-01-15,
2191,Person 2191,West,3286.5,2024-01-15,
2192,Person 2192,North,3288.0,2024-01-15,
2193,Person 2193,South,3289.5,2024-01-15,
2194,Person 2194,East,3291.0,2024-01-15,
2195,Person 2195,West,3292.5,2024-01-15,
2196,Person 2196,North,3294.0,2024-01-15,
2197,Person 2197,South,3295.5,2024-01-15,
2198,Person 2198,East,3297.0,2024-01-15,
2199,Person 2199,West,3298.5,2024-01-15,
2200,Person 2200,North,3300.0,2024-01-15,
2201,Person 2201,South,3301.5,2024-01-15,
2202,Person 2202,East,3303.0,2024-01-15,
2203,Person 2203,West,3304.5,2024-01-15,
2204,Person 2204,North,3306.0,2024-01-15,
2205,Person 2205,South,3307.5,2024-01-15,
2206,Person 2206,East,3309.0,2024-01-15,
2207,Person 2207,West,3310.5,2024-01-15,
2208,Person 2208,North,3312.0,2024-01-15,
2209,Person 2209,South,3313.5,2024-01-15,
2210,Person 2210,East,3315.0,2024-01-15,
2211,Person 2211,West,3316.5,2024-01-15,
2212,Person 2212,North,3318.0,2024-01-15,
2213,Person 2213,South,3319.5,2024-01-15,
2214,Person 2214,East,3321.0,2024-01-15,
2215,Person 2215,West,3322.5,2024-01-15,
2216,Person 2216,North,3324.0,2024-01-15,
2217,Person 2217,South,3325.5,2024-01-15,
2218,Person 2218,East,3327.0,2024-01-15,
2219,Person 2219,West,3328.5,2024-01-15,
2220,Person 2220,North,3330.0,2024-01-15,
2221,Person 2221,South,3331.5,2024-01-15,
2222,Person 2222,East,3333.0,2024-01-15,
2223,Person 2223,West,3334.5,2024-01-15,
2224,Person 2224,North,3336.0,2024-01-15,
2225,Person 2225,South,3337.5,2024-01-15,
2226,Person 2226,East,3339.0,2024-01-15,
2227,Person 2227,West,3340.5,2024-01-15,
2228,Person 2228,North,3342.0,2024-01-15,
2229,Person 2229,South,3343.5,2024-01-15,
2230,Person 2230,East,3345.0,2024-01-15,
2231,Person 2231,West,3346.5,2024-01-15,
2232,Person 2232,North,3348.0,2024-01-15,
2233,Person 2233,South,3349.5,2024-01-15,
2234,Person 2234,East,3351.0,2024-01-15,
2235,Person 2235,West,3352.5,2024-01-15,
2236,Person 2236,North,3354.0,2024-01-15,
2237,Person 2237,South,3355.5,2024-01-15,
2238,Person 2238,East,3357.0,2024-01-15,
2239,Person 2239,West,3358.5,2024-01-15,
2240,Person 2240,North,3360.0,2024-01-15,
2241,Person 2241,South,3361.5,2024-01-15,
2242,Person 2242,East,3363.0,2024-01-15,
2243,Person 2243,West,3364.5,2024-01-15,
2244,Person 2244,North,3366.0,2024-01-15,
2245,Person 2245,South,3367.5,2024-01-15,
2246,Person 2246,East,3369.0,2024-01-15,
2247,Person 2247,West,3370.5,2024-01-15,
2248,Person 2248,North,3372.0,2024-01-15,
2249,Person 2249,South,3373.5,2024-01-15,
2250,Person 2250,East,3375.0,2024-01-15,
2251,Person 2251,West,3376.5,2024-01-15,
2252,Person 2252,North,3378.0,2024-01-15,
2253,Person 2253,South,3379.5,2024-01-15,
2254,Person 2254,East,3381.0,2024-01-15,
2255,Person 2255,West,3382.5,2024-01-15,
2256,Person 2256,North,3384.0,2024-01-15,
2257,Person 2257,South,3385.5,2024-01-15,
2258,Person 2258,East,3387.0,2024-01-15,
2259,Person 2259,West,3388.5,2024-01-15,
2260,Person 2260,North,3390.0,2024-01-15,
2261,Person 2261,South,3391.5,2024-01-15,
2262,Person 2262,East,3393.0,2024-01-15,
2263,Person 2263,West,3394.5,2024-01-15,
2264,Person 2264,North,3396.0,2024-01-15,
2265,Person 2265,South,3397.5,2024-01-15,
2266,Person 2266,East,3399.0,2024-01-15,
2267,Person 2267,West,3400.5,2024-01-15,
2268,Person 2268,North,3402.0,2024-01-15,
2269,Person 2269,South,3403.5,2024-01-15,
2270,Person 2270,East,3405.0,2024-01-15,
2271,Person 2271,West,3406.5,2024-01-15,
2272,Person 2272,North,3408.0,2024-01-15,
2273,Person 2273,South,3409.5,2024-01-15,
2274,Person 2274,East,3411.0,2024-01-15,
2275,Person 2275,West,3412.5,2024-01-15,
2276,Person 2276,North,3414.0,2024-01-15,
2277,Person 2277,South,3415.5,2024-01-15,
2278,Person 2278,East,3417.0,2024-01-15,
2279,Person 2279,West,3418.5,2024-01-15,
2280,Person 2280,North,3420.0,2024-01-15,
2281,Person 2281,South,3421.5,2024-01-15,
2282,Person 2282,East,3423.0,2024-01-15,
2283,Person 2283,West,3424.5,2024-01-15,
2284,Person 2284,North,3426.0,2024-01-15,
2285,Person 2285,South,3427.5,2024-01-15,
2286,Person 2286,East,3429.0,2024-01-15,
2287,Person 2287,West,3430.5,2024-01-15,
2288,Person 2288,North,3432.0,2024-01-15,
2289,Person 2289,South,3433.5,2024-01-15,
2290,Person 2290,East,3435.0,2024-01-15,
2291,Person 2291,West,3436.5,2024-01-15,
2292,Person 2292,North,3438.0,2024-01-15,
2293,Person 2293,South,3439.5,2024-01-15,
2294,Person 2294,East,3441.0,2024-01-15,
2295,Person 2295,West,3442.5,2024-01-15,
2296,Person 2296,North,3444.0,2024-01-15,
2297,Person 2297,South,3445.5,2024-01-15,
2298,Person 2298,East,3447.0,2024-01-15,
2299,Person 2299,West,3448.5,2024-01-15,
2300,Person 2300,North,3450.0,2024-01-15,
2301,Person 2301,South,3451.5,2024-01-15,
2302,Person 2302,East,3453.0,2024-01-15,
2303,Person 2303,West,3454.5,2024-01-15,
2304,Person 2304,North,3456.0,2024-01-15,
2305,Person 2305,South,3457.5,2024-01-15,
2306,Person 2306,East,3459.0,2024-01-15,
2307,Person 2307,West,3460.5,2024-01-15,
2308,Person 2308,North,3462.0,2024-01-15,
2309,Person 2309,South,3463.5,2024-01-15,
2310,Person 2310,East,3465.0,2024-01-15,
2311,Person 2311,West,3466.5,2024-01-15,
2312,Person 2312,North,3468.0,2024-01-15,
2313,Person 2313,South,3469.5,2024-01-15,
2314,Person 2314,East,3471.0,2024-01-15,
2315,Person 2315,West,3472.5,2024-01-15,
2316,Person 2316,North,3474.0,2024-01-15,
2317,Person 2317,South,3475.5,2024-01-15,
2318,Person 2318,East,3477.0,2024-01-15,
2319,Person 2319,West,3478.5,2024-01-15,
2320,Person 2320,North,3480.0,2024-01-15,
2321,Person 2321,South,3481.5,2024-01-15,
2322,Person 2322,East,3483.0,2024-01-15,
2323,Person 2323,West,3484.5,2024-01-15,
2324,Person 2324,North,3486.0,2024-01-15,
2325,Person 2325,South,3487.5,2024-01-15,
2326,Person 2326,East,3489.0,2024-01-15,
2327,Person 2327,West,3490.5,2024-01-15,
2328,Person 2328,North,3492.0,2024-01-15,
2329,Person 2329,South,3493.5,2024-01-15,
2330,Person 2330,East,3495.0,2024-01-15,
2331,Person 2331,West,3496.5,2024-01-15,
2332,Person 2332,North,3498.0,2024-01-15,
2333,Person 2333,South,3499.5,2024-01-15,
2334,Person 2334,East,3501.0,2024-01-15,
2335,Person 2335,West,3502.5,2024-01-15,
2336,Person 2336,North,3504.0,2024-01-15,
2337,Person 2337,South,3505.5,2024-01-15,
2338,Person 2338,East,3507.0,2024-01-15,
2339,Person 2339,West,3508.5,2024-01-15,
2340,Person 2340,North,3510.0,2024-01-15,
2341,Person 2341,South,3511.5,2024-01-15,
2342,Person 2342,East,3513.0,2024-01-15,
2343,Person 2343,West,3514.5,2024-01-15,
2344,Person 2344,North,3516.0,2024-01-15,
2345,Person 2345,South,3517.5,2024-01-15,
2346,Person 2346,East,3519.0,2024-01-15,
2347,Person 2347,West,3520.5,2024-01-15,
2348,Person 2348,North,3522.0,2024-01-15,
2349,Person 2349,South,3523.5,2024-01-15,
2350,Person 2350,East,3525.0,2024-01-15,
2351,Person 2351,West,3526.5,2024-01-15,
2352,Person 2352,North,3528.0,2024-01-15,
2353,Person 2353,South,3529.5,2024-01-15,
2354,Person 2354,East,3531.0,2024-01-15,
2355,Person 2355,West,3532.5,2024-01-15,
2356,Person 2356,North,3534.0,2024-01-15,
2357,Person 2357,South,3535.5,2024-01-15,
2358,Person 2358,East,3537.0,2024-01-15,
2359,Person 2359,West,3538.5,2024-01-15,
2360,Person 2360,North,3540.0,2024-01-15,
2361,Person 2361,South,3541.5,2024-01-15,
2362,Person 2362,East,3543.0,2024-01-15,
2363,Person 2363,West,3544.5,2024-01-15,
2364,Person 2364,North,3546.0,2024-01-15,
2365,Person 2365,South,3547.5,2024-01-15,
2366,Person 2366,East,3549.0,2024-01-15,
2367,Person 2367,West,3550.5,2024-01-15,
2368,Person 2368,North,3552.0,2024-01-15,
2369,Person 2369,South,3553.5,2024-01-15,
2370,Person 2370,East,3555.0,2024-01-15,
2371,Person 2371,West,3556.5,2024-01-15,
2372,Person 2372,North,3558.0,2024-01-15,
2373,Person 2373,South,3559.5,2024-01-15,
2374,Person 2374,East,3561.0,2024-01-15,
2375,Person 2375,West,3562.5,2024-01-15,
2376,Person 2376,North,3564.0,2024-01-15,
2377,Person 2377,South,3565.5,2024-01-15,
2378,Person 2378,East,3567.0,2024-01-15,
2379,Person 2379,West,3568.5,2024-01-15,
2380,Person 2380,North,3570.0,2024-01-15,
2381,Person 2381,South,3571.5,2024-01-15,
2382,Person 2382,East,3573.0,2024-01-15,
2383,Person 2383,West,3574.5,2024-01-15,
2384,Person 2384,North,3576.0,2024-01-15,
2385,Person 2385,South,3577.5,2024-01-15,
2386,Person 2386,East,3579.0,2024-01-15,
2387,Person 2387,West,3580.5,2024-01-15,
2388,Person 2388,North,3582.0,2024-01-15,
2389,Person 2389,South,3583.5,2024-01-15,
2390,Person 2390,East,3585.0,2024-01-15,
2391,Person 2391,West,3586.5,2024-01-15,
2392,Person 2392,North,3588.0,2024-01-15,
2393,Person 2393,South,3589.5,2024-01-15,
2394,Person 2394,East,3591.0,2024-01-15,
2395,Person 2395,West,3592.5,2024-01-15,
2396,Person 2396,North,3594.0,2024-01-15,
2397,Person 2397,South,3595.5,2024-01-15,
2398,Person 2398,East,3597.0,2024-01-15,
2399,Person 2399,West,3598.5,2024-01-15,
2400,Person 2400,North,3600.0,2024-01-15,
2401,Person 2401,South,3601.5,2024-01-15,
2402,Person 2402,East,3603.0,2024-01-15,
2403,Person 2403,West,3604.5,2024-01-15,
2404,Person 2404,North,3606.0,2024-01-15,
2405,Person 2405,South,3607.5,2024-01-15,
2406,Person 2406,East,3609.0,2024-01-15,
2407,Person 2407,West,3610.5,2024-01-15,
2408,Person 2408,North,3612.0,2024-01-15,
2409,Person 2409,South,3613.5,2024-01-15,
2410,Person 2410,East,3615.0,2024-01-15,
2411,Person 2411,West,3616.5,2024-01-15,
2412,Person 2412,North,3618.0,2024-01-15,
2413,Person 2413,South,3619.5,2024-01-15,
2414,Person 2414,East,3621.0,2024-01-15,
2415,Person 2415,West,3622.5,2024-01-15,
2416,Person 2416,North,3624.0,2024-01-15,
2417,Person 2417,South,3625.5,2024-01-15,
2418,Person 2418,East,3627.0,2024-01-15,
2419,Person 2419,West,3628.5,2024-01-15,
2420,Person 2420,North,3630.0,2024-01-15,
2421,Person 2421,South,3631.5,2024-01-15,
2422,Person 2422,East,3633.0,2024-01-15,
2423,Person 2423,West,3634.5,2024-01-15,
2424,Person 2424,North,3636.0,2024-01-15,
2425,Person 2425,South,3637.5,2024-01-15,
2426,Person 2426,East,3639.0,2024-01-15,
2427,Person 2427,West,3640.5,2024-01-15,
2428,Person 2428,North,3642.0,2024-01-15,
2429,Person 2429,South,3643.5,2024-01-15,
2430,Person 2430,East,3645.0,2024-01-15,
2431,Person 2431,West,3646.5,2024-01-15,
2432,Person 2432,North,3648.0,2024-01-15,
2433,Person 2433,South,3649.5,2024-01-15,
2434,Person 2434,East,3651.0,2024-01-15,
2435,Person 2435,West,3652.5,2024-01-15,
2436,Person 2436,North,3654.0,2024-01-15,
2437,Person 2437,South,3655.5,2024-01-15,
2438,Person 2438,East,3657.0,2024-01-15,
2439,Person 2439,West,3658.5,2024-01-15,
2440,Person 2440,North,3660.0,2024-01-15,
2441,Person 2441,South,3661.5,2024-01-15,
2442,Person 2442,East,3663.0,2024-01-15,
2443,Person 2443,West,3664.5,2024-01-15,
2444,Person 2444,North,3666.0,2024-01-15,
2445,Person 2445,South,3667.5,2024-01-15,
2446,Person 2446,East,3669.0,2024-01-15,
2447,Person 2447,West,3670.5,2024-01-15,
2448,Person 2448,North,3672.0,2024-01-15,
2449,Person 2449,South,3673.5,2024-01-15,
2450,Person 2450,East,3675.0,2024-01-15,
2451,Person 2451,West,3676.5,2024-01-15,
2452,Person 2452,North,3678.0,2024-01-15,
2453,Person 2453,South,3679.5,2024-01-15,
2454,Person 2454,East,3681.0,2024-01-15,
2455,Person 2455,West,3682.5,2024-01-15,
2456,Person 2456,North,3684.0,2024-01-15,
2457,Person 2457,South,3685.5,2024-01-15,
2458,Person 2458,East,3687.0,2024-01-15,
2459,Person 2459,West,3688.5,2024-01-15,
2460,Person 2460,North,3690.0,2024-01-15,
2461,Person 2461,South,3691.5,2024-01-15,
2462,Person 2462,East,3693.0,2024-01-15,
2463,Person 2463,West,3694.5,2024-01-15,
2464,Person 2464,North,3696.0,2024-01-15,
2465,Person 2465,South,3697.5,2024-01-15,
2466,Person 2466,East,3699.0,2024-01-15,
2467,Person 2467,West,3700.5,2024-01-15,
2468,Person 2468,North,3702.0,2024-01-15,
2469,Person 2469,South,3703.5,2024-01-15,
2470,Person 2470,East,3705.0,2024-01-15,
2471,Person 2471,West,3706.5,2024-01-15,
2472,Person 2472,North,3708.0,2024-01-15,
2473,Person 2473,South,3709.5,2024-01-15,
2474,Person 2474,East,3711.0,2024-01-15,
2475,Person 2475,West,3712.5,2024-01-15,
2476,Person 2476,North,3714.0,2024-01-15,
2477,Person 2477,South,3715.5,2024-01-15,
2478,Person 2478,East,3717.0,2024-01-15,
2479,Person 2479,West,3718.5,2024-01-15,
2480,Person 2480,North,3720.0,2024-01-15,
2481,Person 2481,South,3721.5,2024-01-15,
2482,Person 2482,East,3723.0,2024-01-15,
2483,Person 2483,West,3724.5,2024-01-15,
2484,Person 2484,North,3726.0,2024-01-15,
2485,Person 2485,South,3727.5,2024-01-15,
2486,Person 2486,East,3729.0,2024-01-15,
2487,Person 2487,West,3730.5,2024-01-15,
2488,Person 2488,North,3732.0,2024-01-15,
2489,Person 2489,South,3733.5,2024-01-15,
2490,Person 2490,East,3735.0,2024-01-15,
2491,Person 2491,West,3736.5,2024-01-15,
2492,Person 2492,North,3738.0,2024-01-15,
2493,Person 2493,South,3739.5,2024-01-15,
2494,Person 2494,East,3741.0,2024-01-15,
2495,Person 2495,West,3742.5,2024-01-15,
2496,Person 2496,North,3744.0,2024-01-15,
2497,Person 2497,South,3745.5,2024-01-15,
2498,Person 2498,East,3747.0,2024-01-15,
2499,Person 2499,West,3748.5,2024-01-15,
2500,Person 2500,North,3750.0,2024-01-15,
2501,Person 2501,South,3751.5,2024-01-15,
2502,Person 2502,East,3753.0,2024-01-15,
2503,Person 2503,West,3754.5,2024-01-15,
2504,Person 2504,North,3756.0,2024-01-15,
2505,Person 2505,South,3757.5,2024-01-15,
2506,Person 2506,East,3759.0,2024-01-15,
2507,Person 2507,West,3760.5,2024-01-15,
2508,Person 2508,North,3762.0,2024-01-15,
2509,Person 2509,South,3763.5,2024-01-15,
2510,Person 2510,East,3765.0,2024-01-15,
2511,Person 2511,West,3766.5,2024-01-15,
2512,Person 2512,North,3768.0,2024-01-15,
2513,Person 2513,South,3769.5,2024-01-15,
2514,Person 2514,East,3771.0,2024-01-15,
2515,Person 2515,West,3772.5,2024-01-15,
2516,Person 2516,North,3774.0,2024-01-15,
2517,Person 2517,South,3775.5,2024-01-15,
2518,Person 2518,East,3777.0,2024-01-15,
2519,Person 2519,West,3778.5,2024-01-15,
2520,Person 2520,North,3780.0,2024-01-15,
2521,Person 2521,South,3781.5,2024-01-15,
2522,Person 2522,East,3783.0,2024-01-15,
2523,Person 2523,West,3784.5,2024-01-15,
2524,Person 2524,North,3786.0,2024-01-15,
2525,Person 2525,South,3787.5,2024-01-15,
2526,Person 2526,East,3789.0,2024-01-15,
2527,Person 2527,West,3790.5,2024-01-15,
2528,Person 2528,North,3792.0,2024-01-15,
2529,Person 2529,South,3793.5,2024-01-15,
2530,Person 2530,East,3795.0,2024-01-15,
2531,Person 2531,West,3796.5,2024-01-15,
2532,Person 2532,North,3798.0,2024-01-15,
2533,Person 2533,South,3799.5,2024-01-15,
2534,Person 2534,East,3801.0,2024-01-15,
2535,Person 2535,West,3802.5,2024-01-15,
2536,Person 2536,North,3804.0,2024-01-15,
2537,Person 2537,South,3805.5,2024-01-15,
2538,Person 2538,East,3807.0,2024-01-15,
2539,Person 2539,West,3808.5,2024-01-15,
2540,Person 2540,North,3810.0,2024-01-15,
2541,Person 2541,South,3811.5,2024-01-15,
2542,Person 2542,East,3813.0,2024-01-15,
2543,Person 2543,West,3814.5,2024-01-15,
2544,Person 2544,North,3816.0,2024-01-15,
2545,Person 2545,South,3817.5,2024-01-15,
2546,Person 2546,East,3819.0,2024-01-15,
2547,Person 2547,West,3820.5,2024-01-15,
2548,Person 2548,North,3822.0,2024-01-15,
2549,Person 2549,South,3823.5,2024-01-15,
2550,Person 2550,East,3825.0,2024-01-15,
2551,Person 2551,West,3826.5,2024-01-15,
2552,Person 2552,North,3828.0,2024-01-15,
2553,Person 2553,South,3829.5,2024-01-15,
2554,Person 2554,East,3831.0,2024-01-15,
2555,Person 2555,West,3832.5,2024-01-15,
2556,Person 2556,North,3834.0,2024-01-15,
2557,Person 2557,South,3835.5,2024-01-15,
2558,Person 2558,East,3837.0,2024-01-15,
2559,Person 2559,West,3838.5,2024-01-15,
2560,Person 2560,North,3840.0,2024-01-15,
2561,Person 2561,South,3841.5,2024-01-15,
2562,Person 2562,East,3843.0,2024-01-15,
2563,Person 2563,West,3844.5,2024-01-15,
2564,Person 2564,North,3846.0,2024-01-15,
2565,Person 2565,South,3847.5,2024-01-15,
2566,Person 2566,East,3849.0,2024-01-15,
2567,Person 2567,West,3850.5,2024-01-15,
2568,Person 2568,North,3852.0,2024-01-15,
2569,Person 2569,South,3853.5,2024-01-15,
2570,Person 2570,East,3855.0,2024-01-15,
2571,Person 2571,West,3856.5,2024-01-15,
2572,Person 2572,North,3858.0,2024-01-15,
2573,Person 2573,South,3859.5,2024-01-15,
2574,Person 2574,East,3861.0,2024-01-15,
2575,Person 2575,West,3862.5,2024-01-15,
2576,Person 2576,North,3864.0,2024-01-15,
2577,Person 2577,South,3865.5,2024-01-15,
2578,Person 2578,East,3867.0,2024-01-15,
2579,Person 2579,West,3868.5,2024-01-15,
2580,Person 2580,North,3870.0,2024-01-15,
2581,Person 2581,South,3871.5,2024-01-15,
2582,Person 2582,East,3873.0,2024-01-15,
2583,Person 2583,West,3874.5,2024-01-15,
2584,Person 2584,North,3876.0,2024-01-15,
2585,Person 2585,South,3877.5,2024-01-15,
2586,Person 2586,East,3879.0,2024-01-15,
2587,Person 2587,West,3880.5,2024-01-15,
2588,Person 2588,North,3882.0,2024-01-15,
2589,Person 2589,South,3883.5,2024-01-15,
2590,Person 2590,East,3885.0,2024-01-15,
2591,Person 2591,West,3886.5,2024-01-15,
2592,Person 2592,North,3888.0,2024-01-15,
2593,Person 2593,South,3889.5,2024-01-15,
2594,Person 2594,East,3891.0,2024-01-15,
2595,Person 2595,West,3892.5,2024-01-15,
2596,Person 2596,North,3894.0,2024-01-15,
2597,Person 2597,South,3895.5,2024-01-15,
2598,Person 2598,East,3897.0,2024-01-15,
2599,Person 2599,West,3898.5,2024-01-15,
2600,Person 2600,North,3900.0,2024-01-15,
2601,Person 2601,South,3901.5,2024-01-15,
2602,Person 2602,East,3903.0,2024-01-15,
2603,Person 2603,West,3904.5,2024-01-15,
2604,Person 2604,North,3906.0,2024-01-15,
2605,Person 2605,South,3907.5,2024-01-15,
2606,Person 2606,East,3909.0,2024-01-15,
2607,Person 2607,West,3910.5,2024-01-15,
2608,Person 2608,North,3912.0,2024-01-15,
2609,Person 2609,South,3913.5,2024-01-15,
2610,Person 2610,East,3915.0,2024-01-15,
2611,Person 2611,West,3916.5,2024-01-15,
2612,Person 2612,North,3918.0,2024-01-15,
2613,Person 2613,South,3919.5,2024-01-15,
2614,Person 2614,East,3921.0,2024-01-15,
2615,Person 2615,West,3922.5,2024-01-15,
2616,Person 2616,North,3924.0,2024-01-15,
2617,Person 2617,South,3925.5,2024-01-15,
2618,Person 2618,East,3927.0,2024-01-15,
2619,Person 2619,West,3928.5,2024-01-15,
2620,Person 2620,North,3930.0,2024-01-15,
2621,Person 2621,South,3931.5,2024-01-15,
2622,Person 2622,East,3933.0,2024-01-15,
2623,Person 2623,West,3934.5,2024-01-15,
2624,Person 2624,North,3936.0,2024-01-15,
2625,Person 2625,South,3937.5,2024-01-15,
2626,Person 2626,East,3939.0,2024-01-15,
2627,Person 2627,West,3940.5,2024-01-15,
2628,Person 2628,North,3942.0,2024-01-15,
2629,Person 2629,South,3943.5,2024-01-15,
2630,Person 2630,East,3945.0,2024-01-15,
2631,Person 2631,West,3946.5,2024-01-15,
2632,Person 2632,North,3948.0,2024-01-15,
2633,Person 2633,South,3949.5,2024-01-15,
2634,Person 2634,East,3951.0,2024-01-15,
2635,Person 2635,West,3952.5,2024-01-15,
2636,Person 2636,North,3954.0,2024-01-15,
2637,Person 2637,South,3955.5,2024-01-15,
2638,Person 2638,East,3957.0,2024-01-15,
2639,Person 2639,West,3958.5,2024-01-15,
2640,Person 2640,North,3960.0,2024-01-15,
2641,Person 2641,South,3961.5,2024-01-15,
2642,Person 2642,East,3963.0,2024-01-15,
2643,Person 2643,West,3964.5,2024-01-15,
2644,Person 2644,North,3966.0,2024-01-15,
2645,Person 2645,South,3967.5,2024-01-15,
2646,Person 2646,East,3969.0,2024-01-15,
2647,Person 2647,West,3970.5,2024-01-15,
2648,Person 2648,North,3972.0,2024-01-15,
2649,Person 2649,South,3973.5,2024-01-15,
2650,Person 2650,East,3975.0,2024-01-15,
2651,Person 2651,West,3976.5,2024-01-15,
2652,Person 2652,North,3978.0,2024-01-15,
2653,Person 2653,South,3979.5,2024-01-15,
2654,Person 2654,East,3981.0,2024-01-15,
2655,Person 2655,West,3982.5,2024-01-15,
2656,Person 2656,North,3984.0,2024-01-15,
2657,Person 2657,South,3985.5,2024-01-15,
2658,Person 2658,East,3987.0,2024-01-15,
2659,Person 2659,West,3988.5,2024-01-15,
2660,Person 2660,North,3990.0,2024-01-15,
2661,Person 2661,South,3991.5,2024-01-15,
2662,Person 2662,East,3993.0,2024-01-15,
2663,Person 2663,West,3994.5,2024-01-15,
2664,Person 2664,North,3996.0,2024-01-15,
2665,Person 2665,South,3997.5,2024-01-15,
2666,Person 2666,East,3999.0,2024-01-15,
2667,Person 2667,West,4000.5,2024-01-15,
2668,Person 2668,North,4002.0,2024-01-15,
2669,Person 2669,South,4003.5,2024-01-15,
2670,Person 2670,East,4005.0,2024-01-15,
2671,Person 2671,West,4006.5,2024-01-15,
2672,Person 2672,North,4008.0,2024-01-15,
2673,Person 2673,South,4009.5,2024-01-15,
2674,Person 2674,East,4011.0,2024-01-15,
2675,Person 2675,West,4012.5,2024-01-15,
2676,Person 2676,North,4014.0,2024-01-15,
2677,Person 2677,South,4015.5,2024-01-15,
2678,Person 2678,East,4017.0,2024-01-15,
2679,Person 2679,West,4018.5,2024-01-15,
2680,Person 2680,North,4020.0,2024-01-15,
2681,Person 2681,South,4021.5,2024-01-15,
2682,Person 2682,East,4023.0,2024-01-15,
2683,Person 2683,West,4024.5,2024-01-15,
2684,Person 2684,North,4026.0,2024-01-15,
2685,Person 2685,South,4027.5,2024-01-15,
2686,Person 2686,East,4029.0,2024-01-15,
2687,Person 2687,West,4030.5,2024-01-15,
2688,Person 2688,North,4032.0,2024-01-15,
2689,Person 2689,South,4033.5,2024-01-15,
2690,Person 2690,East,4035.0,2024-01-15,
2691,Person 2691,West,4036.5,2024-01-15,
2692,Person 2692,North,4038.0,2024-01-15,
2693,Person 2693,South,4039.5,2024-01-15,
2694,Person 2694,East,4041.0,2024-01-15,
2695,Person 2695,West,4042.5,2024-01-15,
2696,Person 2696,North,4044.0,2024-01-15,
2697,Person 2697,South,4045.5,2024-01-15,
2698,Person 2698,East,4047.0,2024-01-15,
2699,Person 2699,West,4048.5,2024-01-15,
2700,Person 2700,North,4050.0,2024-01-15,
2701,Person 2701,South,4051.5,2024-01-15,
2702,Person 2702,East,4053.0,2024-01-15,
2703,Person 2703,West,4054.5,2024-01-15,
2704,Person 2704,North,4056.0,2024-01-15,
2705,Person 2705,South,4057.5,2024-01-15,
2706,Person 2706,East,4059.0,2024-01-15,
2707,Person 2707,West,4060.5,2024-01-15,
2708,Person 2708,North,4062.0,2024-01-15,
2709,Person 2709,South,4063.5,2024-01-15,
2710,Person 2710,East,4065.0,2024-01-15,
2711,Person 2711,West,4066.5,2024-01-15,
2712,Person 2712,North,4068.0,2024-01-15,
2713,Person 2713,South,4069.5,2024-01-15,
2714,Person 2714,East,4071.0,2024-01-15,
2715,Person 2715,West,4072.5,2024-01-15,
2716,Person 2716,North,4074.0,2024-01-15,
2717,Person 2717,South,4075.5,2024-01-15,
2718,Person 2718,East,4077.0,2024-01-15,
2719,Person 2719,West,4078.5,2024-01-15,
2720,Person 2720,North,4080.0,2024-01-15,
2721,Person 2721,South,4081.5,2024-01-15,
2722,Person 2722,East,4083.0,2024-01-15,
2723,Person 2723,West,4084.5,2024-01-15,
2724,Person 2724,North,4086.0,2024-01-15,
2725,Person 2725,South,4087.5,2024-01-15,
2726,Person 2726,East,4089.0,2024-01-15,
2727,Person 2727,West,4090.5,2024-01-15,
2728,Person 2728,North,4092.0,2024-01-15,
2729,Person 2729,South,4093.5,2024-01-15,
2730,Person 2730,East,4095.0,2024-01-15,
2731,Person 2731,West,4096.5,2024-01-15,
2732,Person 2732,North,4098.0,2024-01-15,
2733,Person 2733,South,4099.5,2024-01-15,
2734,Person 2734,East,4101.0,2024-01-15,
2735,Person 2735,West,4102.5,2024-01-15,
2736,Person 2736,North,4104.0,2024-01-15,
2737,Person 2737,South,4105.5,2024-01-15,
2738,Person 2738,East,4107.0,2024-01-15,
2739,Person 2739,West,4108.5,2024-01-15,
2740,Person 2740,North,4110.0,2024-01-15,
2741,Person 2741,South,4111.5,2024-01-15,
2742,Person 2742,East,4113.0,2024-01-15,
2743,Person 2743,West,4114.5,2024-01-15,
2744,Person 2744,North,4116.0,2024-01-15,
2745,Person 2745,South,4117.5,2024-01-15,
2746,Person 2746,East,4119.0,2024-01-15,
2747,Person 2747,West,4120.5,2024-01-15,
2748,Person 2748,North,4122.0,2024-01-15,
2749,Person 2749,South,4123.5,2024-01-15,
2750,Person 2750,East,4125.0,2024-01-15,
2751,Person 2751,West,4126.5,2024-01-15,
2752,Person 2752,North,4128.0,2024-01-15,
2753,Person 2753,South,4129.5,2024-01-15,
2754,Person 2754,East,4131.0,2024-01-15,
2755,Person 2755,West,4132.5,2024-01-15,
2756,Person 2756,North,4134.0,2024-01-15,
2757,Person 2757,South,4135.5,2024-01-15,
2758,Person 2758,East,4137.0,2024-01-15,
2759,Person 2759,West,4138.5,2024-01-15,
2760,Person 2760,North,4140.0,2024-01-15,
2761,Person 2761,South,4141.5,2024-01-15,
2762,Person 2762,East,4143.0,2024-01-15,
2763,Person 2763,West,4144.5,2024-01-15,
2764,Person 2764,North,4146.0,2024-01-15,
2765,Person 2765,South,4147.5,2024-01-15,
2766,Person 2766,East,4149.0,2024-01-15,
2767,Person 2767,West,4150.5,2024-01-15,
2768,Person 2768,North,4152.0,2024-01-15,
2769,Person 2769,South,4153.5,2024-01-15,
2770,Person 2770,East,4155.0,2024-01-15,
2771,Person 2771,West,4156.5,2024-01-15,
2772,Person 2772,North,4158.0,2024-01-15,
2773,Person 2773,South,4159.5,2024-01-15,
2774,Person 2774,East,4161.0,2024-01-15,
2775,Person 2775,West,4162.5,2024-01-15,
2776,Person 2776,North,4164.0,2024-01-15,
2777,Person 2777,South,4165.5,2024-01-15,
2778,Person 2778,East,4167.0,2024-01-15,
2779,Person 2779,West,4168.5,2024-01-15,
2780,Person 2780,North,4170.0,2024-01-15,
2781,Person 2781,South,4171.5,2024-01-15,
2782,Person 2782,East,4173.0,2024-01-15,
2783,Person 2783,West,4174.5,2024-01-15,
2784,Person 2784,North,4176.0,2024-01-15,
2785,Person 2785,South,4177.5,2024-01-15,
2786,Person 2786,East,4179.0,2024-01-15,
2787,Person 2787,West,4180.5,2024-01-15,
2788,Person 2788,North,4182.0,2024-01-15,
2789,Person 2789,South,4183.5,2024-01-15,
2790,Person 2790,East,4185.0,2024-01-15,
2791,Person 2791,West,4186.5,2024-01-15,
2792,Person 2792,North,4188.0,2024-01-15,
2793,Person 2793,South,4189.5,2024-01-15,
2794,Person 2794,East,4191.0,2024-01-15,
2795,Person 2795,West,4192.5,2024-01-15,
2796,Person 2796,North,4194.0,2024-01-15,
2797,Person 2797,South,4195.5,2024-01-15,
2798,Person 2798,East,4197.0,2024-01-15,
2799,Person 2799,West,4198.5,2024-01-15,
2800,Person 2800,North,4200.0,2024-01-15,
2801,Person 2801,South,4201.5,2024-01-15,
2802,Person 2802,East,4203.0,2024-01-15,
2803,Person 2803,West,4204.5,2024-01-15,
2804,Person 2804,North,4206.0,2024-01-15,
2805,Person 2805,South,4207.5,2024-01-15,
2806,Person 2806,East,4209.0,2024-01-15,
2807,Person 2807,West,4210.5,2024-01-15,
2808,Person 2808,North,4212.0,2024-01-15,
2809,Person 2809,South,4213.5,2024-01-15,
2810,Person 2810,East,4215.0,2024-01-15,
2811,Person 2811,West,4216.5,2024-01-15,
2812,Person 2812,North,4218.0,2024-01-15,
2813,Person 2813,South,4219.5,2024-01-15,
2814,Person 2814,East,4221.0,2024-01-15,
2815,Person 2815,West,4222.5,2024-01-15,
2816,Person 2816,North,4224.0,2024-01-15,
2817,Person 2817,South,4225.5,2024-01-15,
2818,Person 2818,East,4227.0,2024-01-15,
2819,Person 2819,West,4228.5,2024-01-15,
2820,Person 2820,North,4230.0,2024-01-15,
2821,Person 2821,South,4231.5,2024-01-15,
2822,Person 2822,East,4233.0,2024-01-15,
2823,Person 2823,West,4234.5,2024-01-15,
2824,Person 2824,North,4236.0,2024-01-15,
2825,Person 2825,South,4237.5,2024-01-15,
2826,Person 2826,East,4239.0,2024-01-15,
2827,Person 2827,West,4240.5,2024-01-15,
2828,Person 2828,North,4242.0,2024-01-15,
2829,Person 2829,South,4243.5,2024-01-15,
2830,Person 2830,East,4245.0,2024-01-15,
2831,Person 2831,West,4246.5,2024-01-15,
2832,Person 2832,North,4248.0,2024-01-15,
2833,Person 2833,South,4249.5,2024-01-15,
2834,Person 2834,East,4251.0,2024-01-15,
2835,Person 2835,West,4252.5,2024-01-15,
2836,Person 2836,North,4254.0,2024-01-15,
2837,Person 2837,South,4255.5,2024-01-15,
2838,Person 2838,East,4257.0,2024-01-15,
2839,Person 2839,West,4258.5,2024-01-15,
2840,Person 2840,North,4260.0,2024-01-15,
2841,Person 2841,South,4261.5,2024-01-15,
2842,Person 2842,East,4263.0,2024-01-15,
2843,Person 2843,West,4264.5,2024-01-15,
2844,Person 2844,North,4266.0,2024-01-15,
2845,Person 2845,South,4267.5,2024-01-15,
2846,Person 2846,East,4269.0,2024-01-15,
2847,Person 2847,West,4270.5,2024-01-15,
2848,Person 2848,North,4272.0,2024-01-15,
2849,Person 2849,South,4273.5,2024-01-15,
2850,Person 2850,East,4275.0,2024-01-15,
2851,Person 2851,West,4276.5,2024-01-15,
2852,Person 2852,North,4278.0,2024-01-15,
2853,Person 2853,South,4279.5,2024-01-15,
2854,Person 2854,East,4281.0,2024-01-15,
2855,Person 2855,West,4282.5,2024-01-15,
2856,Person 2856,North,4284.0,2024-01-15,
2857,Person 2857,South,4285.5,2024-01-15,
2858,Person 2858,East,4287.0,2024-01-15,
2859,Person 2859,West,4288.5,2024-01-15,
2860,Person 2860,North,4290.0,2024-01-15,
2861,Person 2861,South,4291.5,2024-01-15,
2862,Person 2862,East,4293.0,2024-01-15,
2863,Person 2863,West,4294.5,2024-01-15,
2864,Person 2864,North,4296.0,2024-01-15,
2865,Person 2865,South,4297.5,2024-01-15,
2866,Person 2866,East,4299.0,2024-01-15,
2867,Person 2867,West,4300.5,2024-01-15,
2868,Person 2868,North,4302.0,2024-01-15,
2869,Person 2869,South,4303.5,2024-01-15,
2870,Person 2870,East,4305.0,2024-01-15,
2871,Person 2871,West,4306.5,2024-01-15,
2872,Person 2872,North,4308.0,2024-01-15,
2873,Person 2873,South,4309.5,2024-01-15,
2874,Person 2874,East,4311.0,2024-01-15,
2875,Person 2875,West,4312.5,2024-01-15,
2876,Person 2876,North,4314.0,2024-01-15,
2877,Person 2877,South,4315.5,2024-01-15,
2878,Person 2878,East,4317.0,2024-01-15,
2879,Person 2879,West,4318.5,2024-01-15,
2880,Person 2880,North,4320.0,2024-01-15,
2881,Person 2881,South,4321.5,2024-01-15,
2882,Person 2882,East,4323.0,2024-01-15,
2883,Person 2883,West,4324.5,2024-01-15,
2884,Person 2884,North,4326.0,2024-01-15,
2885,Person 2885,South,4327.5,2024-01-15,
2886,Person 2886,East,4329.0,2024-01-15,
2887,Person 2887,West,4330.5,2024-01-15,
2888,Person 2888,North,4332.0,2024-01-15,
2889,Person 2889,South,4333.5,2024-01-15,
2890,Person 2890,East,4335.0,2024-01-15,
2891,Person 2891,West,4336.5,2024-01-15,
2892,Person 2892,North,4338.0,2024-01-15,
2893,Person 2893,South,4339.5,2024-01-15,
2894,Person 2894,East,4341.0,2024-01-15,
2895,Person 2895,West,4342.5,2024-01-15,
2896,Person 2896,North,4344.0,2024-01-15,
2897,Person 2897,South,4345.5,2024-01-15,
2898,Person 2898,East,4347.0,2024-01-15,
2899,Person 2899,West,4348.5,2024-01-15,
2900,Person 2900,North,4350.0,2024-01-15,
2901,Person 2901,South,4351.5,2024-01-15,
2902,Person 2902,East,4353.0,2024-01-15,
2903,Person 2903,West,4354.5,2024-01-15,
2904,Person 2904,North,4356.0,2024-01-15,
2905,Person 2905,South,4357.5,2024-01-15,
2906,Person 2906,East,4359.0,2024-01-15,
2907,Person 2907,West,4360.5,2024-01-15,
2908,Person 2908,North,4362.0,2024-01-15,
2909,Person 2909,South,4363.5,2024-01-15,
2910,Person 2910,East,4365.0,2024-01-15,
2911,Person 2911,West,4366.5,2024-01-15,
2912,Person 2912,North,4368.0,2024-01-15,
2913,Person 2913,South,4369.5,2024-01-15,
2914,Person 2914,East,4371.0,2024-01-15,
2915,Person 2915,West,4372.5,2024-01-15,
2916,Person 2916,North,4374.0,2024-01-15,
2917,Person 2917,South,4375.5,2024-01-15,
2918,Person 2918,East,4377.0,2024-01-15,
2919,Person 2919,West,4378.5,2024-01-15,
2920,Person 2920,North,4380.0,2024-01-15,
2921,Person 2921,South,4381.5,2024-01-15,
2922,Person 2922,East,4383.0,2024-01-15,
2923,Person 2923,West,4384.5,2024-01-15,
2924,Person 2924,North,4386.0,2024-01-15,
2925,Person 2925,South,4387.5,2024-01-15,
2926,Person 2926,East,4389.0,2024-01-15,
2927,Person 2927,West,4390.5,2024-01-15,
2928,Person 2928,North,4392.0,2024-01-15,
2929,Person 2929,South,4393.5,2024-01-15,
2930,Person 2930,East,4395.0,2024-01-15,
2931,Person 2931,West,4396.5,2024-01-15,
2932,Person 2932,North,4398.0,2024-01-15,
2933,Person 2933,South,4399.5,2024-01-15,
2934,Person 2934,East,4401.0,2024-01-15,
2935,Person 2935,West,4402.5,2024-01-15,
2936,Person 2936,North,4404.0,2024-01-15,
2937,Person 2937,South,4405.5,2024-01-15,
2938,Person 2938,East,4407.0,2024-01-15,
2939,Person 2939,West,4408.5,2024-01-15,
2940,Person 2940,North,4410.0,2024-01-15,
2941,Person 2941,South,4411.5,2024-01-15,
2942,Person 2942,East,4413.0,2024-01-15,
2943,Person 2943,West,4414.5,2024-01-15,
2944,Person 2944,North,4416.0,2024-01-15,
2945,Person 2945,South,4417.5,2024-01-15,
2946,Person 2946,East,4419.0,2024-01-15,
2947,Person 2947,West,4420.5,2024-01-15,
2948,Person 2948,North,4422.0,2024-01-15,
2949,Person 2949,South,4423.5,2024-01-15,
2950,Person 2950,East,4425.0,2024-01-15,
2951,Person 2951,West,4426.5,2024-01-15,
2952,Person 2952,North,4428.0,2024-01-15,
2953,Person 2953,South,4429.5,2024-01-15,
2954,Person 2954,East,4431.0,2024-01-15,
2955,Person 2955,West,4432.5,2024-01-15,
2956,Person 2956,North,4434.0,2024-01-15,
2957,Person 2957,South,4435.5,2024-01-15,
2958,Person 2958,East,4437.0,2024-01-15,
2959,Person 2959,West,4438.5,2024-01-15,
2960,Person 2960,North,4440.0,2024-01-15,
2961,Person 2961,South,4441.5,2024-01-15,
2962,Person 2962,East,4443.0,2024-01-15,
2963,Person 2963,West,4444.5,2024-01-15,
2964,Person 2964,North,4446.0,2024-01-15,
2965,Person 2965,South,4447.5,2024-01-15,
2966,Person 2966,East,4449.0,2024-01-15,
2967,Person 2967,West,4450.5,2024-01-15,
2968,Person 2968,North,4452.0,2024-01-15,
2969,Person 2969,South,4453.5,2024-01-15,
2970,Person 2970,East,4455.0,2024-01-15,
2971,Person 2971,West,4456.5,2024-01-15,
2972,Person 2972,North,4458.0,2024-01-15,
2973,Person 2973,South,4459.5,2024-01-15,
2974,Person 2974,East,4461.0,2024-01-15,
2975,Person 2975,West,4462.5,2024-01-15,
2976,Person 2976,North,4464.0,2024-01-15,
2977,Person 2977,South,4465.5,2024-01-15,
2978,Person 2978,East,4467.0,2024-01-15,
2979,Person 2979,West,4468.5,2024-01-15,
2980,Person 2980,North,4470.0,2024-01-15,
2981,Person 2981,South,4471.5,2024-01-15,
2982,Person 2982,East,4473.0,2024-01-15,
2983,Person 2983,West,4474.5,2024-01-15,
2984,Person 2984,North,4476.0,2024-01-15,
2985,Person 2985,South,4477.5,2024-01-15,
2986,Person 2986,East,4479.0,2024-01-15,
2987,Person 2987,West,4480.5,2024-01-15,
2988,Person 2988,North,4482.0,2024-01-15,
2989,Person 2989,South,4483.5,2024-01-15,
2990,Person 2990,East,4485.0,2024-01-15,
2991,Person 2991,West,4486.5,2024-01-15,
2992,Person 2992,North,4488.0,2024-01-15,
2993,Person 2993,South,4489.5,2024-01-15,
2994,Person 2994,East,4491.0,2024-01-15,
2995,Person 2995,West,4492.5,2024-01-15,
2996,Person 2996,North,4494.0,2024-01-15,
2997,Person 2997,South,4495.5,2024-01-15,
2998,Person 2998,East,4497.0,2024-01-15,
2999,Person 2999,West,4498.5,2024-01-15,
3000,Person 3000,North,4500.0,2024-01-15,
3001,Person 3001,South,4501.5,2024-01-15,
3002,Person 3002,East,4503.0,2024-01-15,
3003,Person 3003,West,4504.5,2024-01-15,
3004,Person 3004,North,4506.0,2024-01-15,
3005,Person 3005,South,4507.5,2024-01-15,
3006,Person 3006,East,4509.0,2024-01-15,
3007,Person 3007,West,4510.5,2024-01-15,
3008,Person 3008,North,4512.0,2024-01-15,
3009,Person 3009,South,4513.5,2024-01-15,
3010,Person 3010,East,4515.0,2024-01-15,
3011,Person 3011,West,4516.5,2024-01-15,
3012,Person 3012,North,4518.0,2024-01-15,
3013,Person 3013,South,4519.5,2024-01-15,
3014,Person 3014,East,4521.0,2024-01-15,
3015,Person 3015,West,4522.5,2024-01-15,
3016,Person 3016,North,4524.0,2024-01-15,
3017,Person 3017,South,4525.5,2024-01-15,
3018,Person 3018,East,4527.0,2024-01-15,
3019,Person 3019,West,4528.5,2024-01-15,
3020,Person 3020,North,4530.0,2024-01-15,
3021,Person 3021,South,4531.5,2024-01-15,
3022,Person 3022,East,4533.0,2024-01-15,
3023,Person 3023,West,4534.5,2024-01-15,
3024,Person 3024,North,4536.0,2024-01-15,
3025,Person 3025,South,4537.5,2024-01-15,
3026,Person 3026,East,4539.0,2024-01-15,
3027,Person 3027,West,4540.5,2024-01-15,
3028,Person 3028,North,4542.0,2024-01-15,
3029,Person 3029,South,4543.5,2024-01-15,
3030,Person 3030,East,4545.0,2024-01-15,
3031,Person 3031,West,4546.5,2024-01-15,
3032,Person 3032,North,4548.0,2024-01-15,
3033,Person 3033,South,4549.5,2024-01-15,
3034,Person 3034,East,4551.0,2024-01-15,
3035,Person 3035,West,4552.5,2024-01-15,
3036,Person 3036,North,4554.0,2024-01-15,
3037,Person 3037,South,4555.5,2024-01-15,
3038,Person 3038,East,4557.0,2024-01-15,
3039,Person 3039,West,4558.5,2024-01-15,
3040,Person 3040,North,4560.0,2024-01-15,
3041,Person 3041,South,4561.5,2024-01-15,
3042,Person 3042,East,4563.0,2024-01-15,
3043,Person 3043,West,4564.5,2024-01-15,
3044,Person 3044,North,4566.0,2024-01-15,
3045,Person 3045,South,4567.5,2024-01-15,
3046,Person 3046,East,4569.0,2024-01-15,
3047,Person 3047,West,4570.5,2024-01-15,
3048,Person 3048,North,4572.0,2024-01-15,
3049,Person 3049,South,4573.5,2024-01-15,
3050,Person 3050,East,4575.0,2024-01-15,
3051,Person 3051,West,4576.5,2024-01-15,
3052,Person 3052,North,4578.0,2024-01-15,
3053,Person 3053,South,4579.5,2024-01-15,
3054,Person 3054,East,4581.0,2024-01-15,
3055,Person 3055,West,4582.5,2024-01-15,
3056,Person 3056,North,4584.0,2024-01-15,
3057,Person 3057,South,4585.5,2024-01-15,
3058,Person 3058,East,4587.0,2024-01-15,
3059,Person 3059,West,4588.5,2024-01-15,
3060,Person 3060,North,4590.0,2024-01-15,
3061,Person 3061,South,4591.5,2024-01-15,
3062,Person 3062,East,4593.0,2024-01-15,
3063,Person 3063,West,4594.5,2024-01-15,
3064,Person 3064,North,4596.0,2024-01-15,
3065,Person 3065,South,4597.5,2024-01-15,
3066,Person 3066,East,4599.0,2024-01-15,
3067,Person 3067,West,4600.5,2024-01-15,
3068,Person 3068,North,4602.0,2024-01-15,
3069,Person 3069,South,4603.5,2024-01-15,
3070,Person 3070,East,4605.0,2024-01-15,
3071,Person 3071,West,4606.5,2024-01-15,
3072,Person 3072,North,4608.0,2024-01-15,
3073,Person 3073,South,4609.5,2024-01-15,
3074,Person 3074,East,4611.0,2024-01-15,
3075,Person 3075,West,4612.5,2024-01-15,
3076,Person 3076,North,4614.0,2024-01-15,
3077,Person 3077,South,4615.5,2024-01-15,
3078,Person 3078,East,4617.0,2024-01-15,
3079,Person 3079,West,4618.5,2024-01-15,
3080,Person 3080,North,4620.0,2024-01-15,
3081,Person 3081,South,4621.5,2024-01-15,
3082,Person 3082,East,4623.0,2024-01-15,
3083,Person 3083,West,4624.5,2024-01-15,
3084,Person 3084,North,4626.0,2024-01-15,
3085,Person 3085,South,4627.5,2024-01-15,
3086,Person 3086,East,4629.0,2024-01-15,
3087,Person 3087,West,4630.5,2024-01-15,
3088,Person 3088,North,4632.0,2024-01-15,
3089,Person 3089,South,4633.5,2024-01-15,
3090,Person 3090,East,4635.0,2024-01-15,
3091,Person 3091,West,4636.5,2024-01-15,
3092,Person 3092,North,4638.0,2024-01-15,
3093,Person 3093,South,4639.5,2024-01-15,
3094,Person 3094,East,4641.0,2024-01-15,
3095,Person 3095,West,4642.5,2024-01-15,
3096,Person 3096,North,4644.0,2024-01-15,
3097,Person 3097,South,4645.5,2024-01-15,
3098,Person 3098,East,4647.0,2024-01-15,
3099,Person 3099,West,4648.5,2024-01-15,
3100,Person 3100,North,4650.0,2024-01-15,
3101,Person 3101,South,4651.5,2024-01-15,
3102,Person 3102,East,4653.0,2024-01-15,
3103,Person 3103,West,4654.5,2024-01-15,
3104,Person 3104,North,4656.0,2024-01-15,
3105,Person 3105,South,4657.5,2024-01-15,
3106,Person 3106,East,4659.0,2024-01-15,
3107,Person 3107,West,4660.5,2024-01-15,
3108,Person 3108,North,4662.0,2024-01-15,
3109,Person 3109,South,4663.5,2024-01-15,
3110,Person 3110,East,4665.0,2024-01-15,
3111,Person 3111,West,4666.5,2024-01-15,
3112,Person 3112,North,4668.0,2024-01-15,
3113,Person 3113,South,4669.5,2024-01-15,
3114,Person 3114,East,4671.0,2024-01-15,
3115,Person 3115,West,4672.5,2024-01-15,
3116,Person 3116,North,4674.0,2024-01-15,
3117,Person 3117,South,4675.5,2024-01-15,
3118,Person 3118,East,4677.0,2024-01-15,
3119,Person 3119,West,4678.5,2024-01-15,
3120,Person 3120,North,4680.0,2024-01-15,
3121,Person 3121,South,4681.5,2024-01-15,
3122,Person 3122,East,4683.0,2024-01-15,
3123,Person 3123,West,4684.5,2024-01-15,
3124,Person 3124,North,4686.0,2024-01-15,
3125,Person 3125,South,4687.5,2024-01-15,
3126,Person 3126,East,4689.0,2024-01-15,
3127,Person 3127,West,4690.5,2024-01-15,
3128,Person 3128,North,4692.0,2024-01-15,
3129,Person 3129,South,4693.5,2024-01-15,
3130,Person 3130,East,4695.0,2024-01-15,
3131,Person 3131,West,4696.5,2024-01-15,
3132,Person 3132,North,4698.0,2024-01-15,
3133,Person 3133,South,4699.5,2024-01-15,
3134,Person 3134,East,4701.0,2024-01-15,
3135,Person 3135,West,4702.5,2024-01-15,
3136,Person 3136,North,4704.0,2024-01-15,
3137,Person 3137,South,4705.5,2024-01-15,
3138,Person 3138,East,4707.0,2024-01-15,
3139,Person 3139,West,4708.5,2024-01-15,
3140,Person 3140,North,4710.0,2024-01-15,
3141,Person 3141,South,4711.5,2024-01-15,
3142,Person 3142,East,4713.0,2024-01-15,
3143,Person 3143,West,4714.5,2024-01-15,
3144,Person 3144,North,4716.0,2024-01-15,
3145,Person 3145,South,4717.5,2024-01-15,
3146,Person 3146,East,4719.0,2024-01-15,
3147,Person 3147,West,4720.5,2024-01-15,
3148,Person 3148,North,4722.0,2024-01-15,
3149,Person 3149,South,4723.5,2024-01-15,
3150,Person 3150,East,4725.0,2024-01-15,
3151,Person 3151,West,4726.5,2024-01-15,
3152,Person 3152,North,4728.0,2024-01-15,
3153,Person 3153,South,4729.5,2024-01-15,
3154,Person 3154,East,4731.0,2024-01-15,
3155,Person 3155,West,4732.5,2024-01-15,
3156,Person 3156,North,4734.0,2024-01-15,
3157,Person 3157,South,4735.5,2024-01-15,
3158,Person 3158,East,4737.0,2024-01-15,
3159,Person 3159,West,4738.5,2024-01-15,
3160,Person 3160,North,4740.0,2024-01-15,
3161,Person 3161,South,4741.5,2024-01-15,
3162,Person 3162,East,4743.0,2024-01-15,
3163,Person 3163,West,4744.5,2024-01-15,
3164,Person 3164,North,4746.0,2024-01-15,
3165,Person 3165,South,4747.5,2024-01-15,
3166,Person 3166,East,4749.0,2024-01-15,
3167,Person 3167,West,4750.5,2024-01-15,
3168,Person 3168,North,4752.0,2024-01-15,
3169,Person 3169,South,4753.5,2024-01-15,
3170,Person 3170,East,4755.0,2024-01-15,
3171,Person 3171,West,4756.5,2024-01-15,
3172,Person 3172,North,4758.0,2024-01-15,
3173,Person 3173,South,4759.5,2024-01-15,
3174,Person 3174,East,4761.0,2024-01-15,
3175,Person 3175,West,4762.5,2024-01-15,
3176,Person 3176,North,4764.0,2024-01-15,
3177,Person 3177,South,4765.5,2024-01-15,
3178,Person 3178,East,4767.0,2024-01-15,
3179,Person 3179,West,4768.5,2024-01-15,
3180,Person 3180,North,4770.0,2024-01-15,
3181,Person 3181,South,4771.5,2024-01-15,
3182,Person 3182,East,4773.0,2024-01-15,
3183,Person 3183,West,4774.5,2024-01-15,
3184,Person 3184,North,4776.0,2024-01-15,
3185,Person 3185,South,4777.5,2024-01-15,
3186,Person 3186,East,4779.0,2024-01-15,
3187,Person 3187,West,4780.5,2024-01-15,
3188,Person 3188,North,4782.0,2024-01-15,
3189,Person 3189,South,4783.5,2024-01-15,
3190,Person 3190,East,4785.0,2024-01-15,
3191,Person 3191,West,4786.5,2024-01-15,
3192,Person 3192,North,4788.0,2024-01-15,
3193,Person 3193,South,4789.5,2024-01-15,
3194,Person 3194,East,4791.0,2024-01-15,
3195,Person 3195,West,4792.5,2024-01-15,
3196,Person 3196,North,4794.0,2024-01-15,
3197,Person 3197,South,4795.5,2024-01-15,
3198,Person 3198,East,4797.0,2024-01-15,
3199,Person 3199,West,4798.5,2024-01-15,
3200,Person 3200,North,4800.0,2024-01-15,
3201,Person 3201,South,4801.5,2024-01-15,
3202,Person 3202,East,4803.0,2024-01-15,
3203,Person 3203,West,4804.5,2024-01-15,
3204,Person 3204,North,4806.0,2024-01-15,
3205,Person 3205,South,4807.5,2024-01-15,
3206,Person 3206,East,4809.0,2024-01-15,
3207,Person 3207,West,4810.5,2024-01-15,
3208,Person 3208,North,4812.0,2024-01-15,
3209,Person 3209,South,4813.5,2024-01-15,
3210,Person 3210,East,4815.0,2024-01-15,
3211,Person 3211,West,4816.5,2024-01-15,
3212,Person 3212,North,4818.0,2024-01-15,
3213,Person 3213,South,4819.5,2024-01-15,
3214,Person 3214,East,4821.0,2024-01-15,
3215,Person 3215,West,4822.5,2024-01-15,
3216,Person 3216,North,4824.0,2024-01-15,
3217,Person 3217,South,4825.5,2024-01-15,
3218,Person 3218,East,4827.0,2024-01-15,
3219,Person 3219,West,4828.5,2024-01-15,
3220,Person 3220,North,4830.0,2024-01-15,
3221,Person 3221,South,4831.5,2024-01-15,
3222,Person 3222,East,4833.0,2024-01-15,
3223,Person 3223,West,4834.5,2024-01-15,
3224,Person 3224,North,4836.0,2024-01-15,
3225,Person 3225,South,4837.5,2024-01-15,
3226,Person 3226,East,4839.0,2024-01-15,
3227,Person 3227,West,4840.5,2024-01-15,
3228,Person 3228,North,4842.0,2024-01-15,
3229,Person 3229,South,4843.5,2024-01-15,
3230,Person 3230,East,4845.0,2024-01-15,
3231,Person 3231,West,4846.5,2024-01-15,
3232,Person 3232,North,4848.0,2024-01-15,
3233,Person 3233,South,4849.5,2024-01-15,
3234,Person 3234,East,4851.0,2024-01-15,
3235,Person 3235,West,4852.5,2024-01-15,
3236,Person 3236,North,4854.0,2024-01-15,
3237,Person 3237,South,4855.5,2024-01-15,
3238,Person 3238,East,4857.0,2024-01-15,
3239,Person 3239,West,4858.5,2024-01-15,
3240,Person 3240,North,4860.0,2024-01-15,
3241,Person 3241,South,4861.5,2024-01-15,
3242,Person 3242,East,4863.0,2024-01-15,
3243,Person 3243,West,4864.5,2024-01-15,
3244,Person 3244,North,4866.0,2024-01-15,
3245,Person 3245,South,4867.5,2024-01-15,
3246,Person 3246,East,4869.0,2024-01-15,
3247,Person 3247,West,4870.5,2024-01-15,
3248,Person 3248,North,4872.0,2024-01-15,
3249,Person 3249,South,4873.5,2024-01-15,
3250,Person 3250,East,4875.0,2024-01-15,
3251,Person 3251,West,4876.5,2024-01-15,
3252,Person 3252,North,4878.0,2024-01-15,
3253,Person 3253,South,4879.5,2024-01-15,
3254,Person 3254,East,4881.0,2024-01-15,
3255,Person 3255,West,4882.5,2024-01-15,
3256,Person 3256,North,4884.0,2024-01-15,
3257,Person 3257,South,4885.5,2024-01-15,
3258,Person 3258,East,4887.0,2024-01-15,
3259,Person 3259,West,4888.5,2024-01-15,
3260,Person 3260,North,4890.0,2024-01-15,
3261,Person 3261,South,4891.5,2024-01-15,
3262,Person 3262,East,4893.0,2024-01-15,
3263,Person 3263,West,4894.5,2024-01-15,
3264,Person 3264,North,4896.0,2024-01-15,
3265,Person 3265,South,4897.5,2024-01-15,
3266,Person 3266,East,4899.0,2024-01-15,
3267,Person 3267,West,4900.5,2024-01-15,
3268,Person 3268,North,4902.0,2024-01-15,
3269,Person 3269,South,4903.5,2024-01-15,
3270,Person 3270,East,4905.0,2024-01-15,
3271,Person 3271,West,4906.5,2024-01-15,
3272,Person 3272,North,4908.0,2024-01-15,
3273,Person 3273,South,4909.5,2024-01-15,
3274,Person 3274,East,4911.0,2024-01-15,
3275,Person 3275,West,4912.5,2024-01-15,
3276,Person 3276,North,4914.0,2024-01-15,
3277,Person 3277,South,4915.5,2024-01-15,
3278,Person 3278,East,4917.0,2024-01-15,
3279,Person 3279,West,4918.5,2024-01-15,
3280,Person 3280,North,4920.0,2024-01-15,
3281,Person 3281,South,4921.5,2024-01-15,
3282,Person 3282,East,4923.0,2024-01-15,
3283,Person 3283,West,4924.5,2024-01-15,
3284,Person 3284,North,4926.0,2024-01-15,
3285,Person 3285,South,4927.5,2024-01-15,
3286,Person 3286,East,4929.0,2024-01-15,
3287,Person 3287,West,4930.5,2024-01-15,
3288,Person 3288,North,4932.0,2024-01-15,
3289,Person 3289,South,4933.5,2024-01-15,
3290,Person 3290,East,4935.0,2024-01-15,
3291,Person 3291,West,4936.5,2024-01-15,
3292,Person 3292,North,4938.0,2024-01-15,
3293,Person 3293,South,4939.5,2024-01-15,
3294,Person 3294,East,4941.0,2024-01-15,
3295,Person 3295,West,4942.5,2024-01-15,
3296,Person 3296,North,4944.0,2024-01-15,
3297,Person 3297,South,4945.5,2024-01-15,
3298,Person 3298,East,4947.0,2024-01-15,
3299,Person 3299,West,4948.5,2024-01-15,
3300,Person 3300,North,4950.0,2024-01-15,
3301,Person 3301,South,4951.5,2024-01-15,
3302,Person 3302,East,4953.0,2024-01-15,
3303,Person 3303,West,4954.5,2024-01-15,
3304,Person 3304,North,4956.0,2024-01-15,
3305,Person 3305,South,4957.5,2024-01-15,
3306,Person 3306,East,4959.0,2024-01-15,
3307,Person 3307,West,4960.5,2024-01-15,
3308,Person 3308,North,4962.0,2024-01-15,
3309,Person 3309,South,4963.5,2024-01-15,
3310,Person 3310,East,4965.0,2024-01-15,
3311,Person 3311,West,4966.5,2024-01-15,
3312,Person 3312,North,4968.0,2024-01-15,
3313,Person 3313,South,4969.5,2024-01-15,
3314,Person 3314,East,4971.0,2024-01-15,
3315,Person 3315,West,4972.5,2024-01-15,
3316,Person 3316,North,4974.0,2024-01-15,
3317,Person 3317,South,4975.5,2024-01-15,
3318,Person 3318,East,4977.0,2024-01-15,
3319,Person 3319,West,4978.5,2024-01-15,
3320,Person 3320,North,4980.0,2024-01-15,
3321,Person 3321,South,4981.5,2024-01-15,
3322,Person 3322,East,4983.0,2024-01-15,
3323,Person 3323,West,4984.5,2024-01-15,
3324,Person 3324,North,4986.0,2024-01-15,
3325,Person 3325,South,4987.5,2024-01-15,
3326,Person 3326,East,4989.0,2024-01-15,
3327,Person 3327,West,4990.5,2024-01-15,
3328,Person 3328,North,4992.0,2024-01-15,
3329,Person 3329,South,4993.5,2024-01-15,
3330,Person 3330,East,4995.0,2024-01-15,
3331,Person 3331,West,4996.5,2024-01-15,
3332,Person 3332,North,4998.0,2024-01-15,
3333,Person 3333,South,4999.5,2024-01-15,
3334,Person 3334,East,5001.0,2024-01-15,
3335,Person 3335,West,5002.5,2024-01-15,
3336,Person 3336,North,5004.0,2024-01-15,
3337,Person 3337,South,5005.5,2024-01-15,
3338,Person 3338,East,5007.0,2024-01-15,
3339,Person 3339,West,5008.5,2024-01-15,
3340,Person 3340,North,5010.0,2024-01-15,
3341,Person 3341,South,5011.5,2024-01-15,
3342,Person 3342,East,5013.0,2024-01-15,
3343,Person 3343,West,5014.5,2024-01-15,
3344,Person 3344,North,5016.0,2024-01-15,
3345,Person 3345,South,5017.5,2024-01-15,
3346,Person 3346,East,5019.0,2024-01-15,
3347,Person 3347,West,5020.5,2024-01-15,
3348,Person 3348,North,5022.0,2024-01-15,
3349,Person 3349,South,5023.5,2024-01-15,
3350,Person 3350,East,5025.0,2024-01-15,
3351,Person 3351,West,5026.5,2024-01-15,
3352,Person 3352,North,5028.0,2024-01-15,
3353,Person 3353,South,5029.5,2024-01-15,
3354,Person 3354,East,5031.0,2024-01-15,
3355,Person 3355,West,5032.5,2024-01-15,
3356,Person 3356,North,5034.0,2024-01-15,
3357,Person 3357,South,5035.5,2024-01-15,
3358,Person 3358,East,5037.0,2024-01-15,
3359,Person 3359,West,5038.5,2024-01-15,
3360,Person 3360,North,5040.0,2024-01-15,
3361,Person 3361,South,5041.5,2024-01-15,
3362,Person 3362,East,5043.0,2024-01-15,
3363,Person 3363,West,5044.5,2024-01-15,
3364,Person 3364,North,5046.0,2024-01-15,
3365,Person 3365,South,5047.5,2024-01-15,
3366,Person 3366,East,5049.0,2024-01-15,
3367,Person 3367,West,5050.5,2024-01-15,
3368,Person 3368,North,5052.0,2024-01-15,
3369,Person 3369,South,5053.5,2024-01-15,
3370,Person 3370,East,5055.0,2024-01-15,
3371,Person 3371,West,5056.5,2024-01-15,
3372,Person 3372,North,5058.0,2024-01-15,
3373,Person 3373,South,5059.5,2024-01-15,
3374,Person 3374,East,5061.0,2024-01-15,
3375,Person 3375,West,5062.5,2024-01-15,
3376,Person 3376,North,5064.0,2024-01-15,
3377,Person 3377,South,5065.5,2024-01-15,
3378,Person 3378,East,5067.0,2024-01-15,
3379,Person 3379,West,5068.5,2024-01-15,
3380,Person 3380,North,5070.0,2024-01-15,
3381,Person 3381,South,5071.5,2024-01-15,
3382,Person 3382,East,5073.0,2024-01-15,
3383,Person 3383,West,5074.5,2024-01-15,
3384,Person 3384,North,5076.0,2024-01-15,
3385,Person 3385,South,5077.5,2024-01-15,
3386,Person 3386,East,5079.0,2024-01-15,
3387,Person 3387,West,5080.5,2024-01-15,
3388,Person 3388,North,5082.0,2024-01-15,
3389,Person 3389,South,5083.5,2024-01-15,
3390,Person 3390,East,5085.0,2024-01-15,
3391,Person 3391,West,5086.5,2024-01-15,
3392,Person 3392,North,5088.0,2024-01-15,
3393,Person 3393,South,5089.5,2024-01-15,
3394,Person 3394,East,5091.0,2024-01-15,
3395,Person 3395,West,5092.5,2024-01-15,
3396,Person 3396,North,5094.0,2024-01-15,
3397,Person 3397,South,5095.5,2024-01-15,
3398,Person 3398,East,5097.0,2024-01-15,
3399,Person 3399,West,5098.5,2024-01-15,
3400,Person 3400,North,5100.0,2024-01-15,
3401,Person 3401,South,5101.5,2024-01-15,
3402,Person 3402,East,5103.0,2024-01-15,
3403,Person 3403,West,5104.5,2024-01-15,
3404,Person 3404,North,5106.0,2024-01-15,
3405,Person 3405,South,5107.5,2024-01-15,
3406,Person 3406,East,5109.0,2024-01-15,
3407,Person 3407,West,5110.5,2024-01-15,
3408,Person 3408,North,5112.0,2024-01-15,
3409,Person 3409,South,5113.5,2024-01-15,
3410,Person 3410,East,5115.0,2024-01-15,
3411,Person 3411,West,5116.5,2024-01-15,
3412,Person 3412,North,5118.0,2024-01-15,
3413,Person 3413,South,5119.5,2024-01-15,
3414,Person 3414,East,5121.0,2024-01-15,
3415,Person 3415,West,5122.5,2024-01-15,
3416,Person 3416,North,5124.0,2024-01-15,
3417,Person 3417,South,5125.5,2024-01-15,
3418,Person 3418,East,5127.0,2024-01-15,
3419,Person 3419,West,5128.5,2024-01-15,
3420,Person 3420,North,5130.0,2024-01-15,
3421,Person 3421,South,5131.5,2024-01-15,
3422,Person 3422,East,5133.0,2024-01-15,
3423,Person 3423,West,5134.5,2024-01-15,
3424,Person 3424,North,5136.0,2024-01-15,
3425,Person 3425,South,5137.5,2024-01-15,
3426,Person 3426,East,5139.0,2024-01-15,
3427,Person 3427,West,5140.5,2024-01-15,
3428,Person 3428,North,5142.0,2024-01-15,
3429,Person 3429,South,5143.5,2024-01-15,
3430,Person 3430,East,5145.0,2024-01-15,
3431,Person 3431,West,5146.5,2024-01-15,
3432,Person 3432,North,5148.0,2024-01-15,
3433,Person 3433,South,5149.5,2024-01-15,
3434,Person 3434,East,5151.0,2024-01-15,
3435,Person 3435,West,5152.5,2024-01-15,
3436,Person 3436,North,5154.0,2024-01-15,
3437,Person 3437,South,5155.5,2024-01-15,
3438,Person 3438,East,5157.0,2024-01-15,
3439,Person 3439,West,5158.5,2024-01-15,
3440,Person 3440,North,5160.0,2024-01-15,
3441,Person 3441,South,5161.5,2024-01-15,
3442,Person 3442,East,5163.0,2024-01-15,
3443,Person 3443,West,5164.5,2024-01-15,
3444,Person 3444,North,5166.0,2024-01-15,
3445,Person 3445,South,5167.5,2024-01-15,
3446,Person 3446,East,5169.0,2024-01-15,
3447,Person 3447,West,5170.5,2024-01-15,
3448,Person 3448,North,5172.0,2024-01-15,
3449,Person 3449,South,5173.5,2024-01-15,
3450,Person 3450,East,5175.0,2024-01-15,
3451,Person 3451,West,5176.5,2024-01-15,
3452,Person 3452,North,5178.0,2024-01-15,
3453,Person 3453,South,5179.5,2024-01-15,
3454,Person 3454,East,5181.0,2024-01-15,
3455,Person 3455,West,5182.5,2024-01-15,
3456,Person 3456,North,5184.0,2024-01-15,
3457,Person 3457,South,5185.5,2024-01-15,
3458,Person 3458,East,5187.0,2024-01-15,
3459,Person 3459,West,5188.5,2024-01-15,
3460,Person 3460,North,5190.0,2024-01-15,
3461,Person 3461,South,5191.5,2024-01-15,
3462,Person 3462,East,5193.0,2024-01-15,
3463,Person 3463,West,5194.5,2024-01-15,
3464,Person 3464,North,5196.0,2024-01-15,
3465,Person 3465,South,5197.5,2024-01-15,
3466,Person 3466,East,5199.0,2024-01-15,
3467,Person 3467,West,5200.5,2024-01-15,
3468,Person 3468,North,5202.0,2024-01-15,
3469,Person 3469,South,5203.5,2024-01-15,
3470,Person 3470,East,5205.0,2024-01-15,
3471,Person 3471,West,5206.5,2024-01-15,
3472,Person 3472,North,5208.0,2024-01-15,
3473,Person 3473,South,5209.5,2024-01-15,
3474,Person 3474,East,5211.0,2024-01-15,
3475,Person 3475,West,5212.5,2024-01-15,
3476,Person 3476,North,5214.0,2024-01-15,
3477,Person 3477,South,5215.5,2024-01-15,
3478,Person 3478,East,5217.0,2024-01-15,
3479,Person 3479,West,5218.5,2024-01-15,
3480,Person 3480,North,5220.0,2024-01-15,
3481,Person 3481,South,5221.5,2024-01-15,
3482,Person 3482,East,5223.0,2024-01-15,
3483,Person 3483,West,5224.5,2024-01-15,
3484,Person 3484,North,5226.0,2024-01-15,
3485,Person 3485,South,5227.5,2024-01-15,
3486,Person 3486,East,5229.0,2024-01-15,
3487,Person 3487,West,5230.5,2024-01-15,
3488,Person 3488,North,5232.0,2024-01-15,
3489,Person 3489,South,5233.5,2024-01-15,
3490,Person 3490,East,5235.0,2024-01-15,
3491,Person 3491,West,5236.5,2024-01-15,
3492,Person 3492,North,5238.0,2024-01-15,
3493,Person 3493,South,5239.5,2024-01-15,
3494,Person 3494,East,5241.0,2024-01-15,
3495,Person 3495,West,5242.5,2024-01-15,
3496,Person 3496,North,5244.0,2024-01-15,
3497,Person 3497,South,5245.5,2024-01-15,
3498,Person 3498,East,5247.0,2024-01-15,
3499,Person 3499,West,5248.5,2024-01-15,
3500,Person 3500,North,5250.0,2024-01-15,
3501,Person 3501,South,5251.5,2024-01-15,
3502,Person 3502,East,5253.0,2024-01-15,
3503,Person 3503,West,5254.5,2024-01-15,
3504,Person 3504,North,5256.0,2024-01-15,
3505,Person 3505,South,5257.5,2024-01-15,
3506,Person 3506,East,5259.0,2024-01-15,
3507,Person 3507,West,5260.5,2024-01-15,
3508,Person 3508,North,5262.0,2024-01-15,
3509,Person 3509,South,5263.5,2024-01-15,
3510,Person 3510,East,5265.0,2024-01-15,
3511,Person 3511,West,5266.5,2024-01-15,
3512,Person 3512,North,5268.0,2024-01-15,
3513,Person 3513,South,5269.5,2024-01-15,
3514,Person 3514,East,5271.0,2024-01-15,
3515,Person 3515,West,5272.5,2024-01-15,
3516,Person 3516,North,5274.0,2024-01-15,
3517,Person 3517,South,5275.5,2024-01-15,
3518,Person 3518,East,5277.0,2024-01-15,
3519,Person 3519,West,5278.5,2024-01-15,
3520,Person 3520,North,5280.0,2024-01-15,
3521,Person 3521,South,5281.5,2024-01-15,
3522,Person 3522,East,5283.0,2024-01-15,
3523,Person 3523,West,5284.5,2024-01-15,
3524,Person 3524,North,5286.0,2024-01-15,
3525,Person 3525,South,5287.5,2024-01-15,
3526,Person 3526,East,5289.0,2024-01-15,
3527,Person 3527,West,5290.5,2024-01-15,
3528,Person 3528,North,5292.0,2024-01-15,
3529,Person 3529,South,5293.5,2024-01-15,
3530,Person 3530,East,5295.0,2024-01-15,
3531,Person 3531,West,5296.5,2024-01-15,
3532,Person 3532,North,5298.0,2024-01-15,
3533,Person 3533,South,5299.5,2024-01-15,
3534,Person 3534,East,5301.0,2024-01-15,
3535,Person 3535,West,5302.5,2024-01-15,
3536,Person 3536,North,5304.0,2024-01-15,
3537,Person 3537,South,5305.5,2024-01-15,
3538,Person 3538,East,5307.0,2024-01-15,
3539,Person 3539,West,5308.5,2024-01-15,
3540,Person 3540,North,5310.0,2024-01-15,
3541,Person 3541,South,5311.5,2024-01-15,
3542,Person 3542,East,5313.0,2024-01-15,
3543,Person 3543,West,5314.5,2024-01-15,
3544,Person 3544,North,5316.0,2024-01-15,
3545,Person 3545,South,5317.5,2024-01-15,
3546,Person 3546,East,5319.0,2024-01-15,
3547,Person 3547,West,5320.5,2024-01-15,
3548,Person 3548,North,5322.0,2024-01-15,
3549,Person 3549,South,5323.5,2024-01-15,
3550,Person 3550,East,5325.0,2024-01-15,
3551,Person 3551,West,5326.5,2024-01-15,
3552,Person 3552,North,5328.0,2024-01-15,
3553,Person 3553,South,5329.5,2024-01-15,
3554,Person 3554,East,5331.0,2024-01-15,
3555,Person 3555,West,5332.5,2024-01-15,
3556,Person 3556,North,5334.0,2024-01-15,
3557,Person 3557,South,5335.5,2024-01-15,
3558,Person 3558,East,5337.0,2024-01-15,
3559,Person 3559,West,5338.5,2024-01-15,
3560,Person 3560,North,5340.0,2024-01-15,
3561,Person 3561,South,5341.5,2024-01-15,
3562,Person 3562,East,5343.0,2024-01-15,
3563,Person 3563,West,5344.5,2024-01-15,
3564,Person 3564,North,5346.0,2024-01-15,
3565,Person 3565,South,5347.5,2024-01-15,
3566,Person 3566,East,5349.0,2024-01-15,
3567,Person 3567,West,5350.5,2024-01-15,
3568,Person 3568,North,5352.0,2024-01-15,
3569,Person 3569,South,5353.5,2024-01-15,
3570,Person 3570,East,5355.0,2024-01-15,
3571,Person 3571,West,5356.5,2024-01-15,
3572,Person 3572,North,5358.0,2024-01-15,
3573,Person 3573,South,5359.5,2024-01-15,
3574,Person 3574,East,5361.0,2024-01-15,
3575,Person 3575,West,5362.5,2024-01-15,
3576,Person 3576,North,5364.0,2024-01-15,
3577,Person 3577,South,5365.5,2024-01-15,
3578,Person 3578,East,5367.0,2024-01-15,
3579,Person 3579,West,5368.5,2024-01-15,
3580,Person 3580,North,5370.0,2024-01-15,
3581,Person 3581,South,5371.5,2024-01-15,
3582,Person 3582,East,5373.0,2024-01-15,
3583,Person 3583,West,5374.5,2024-01-15,
3584,Person 3584,North,5376.0,2024-01-15,
3585,Person 3585,South,5377.5,2024-01-15,
3586,Person 3586,East,5379.0,2024-01-15,
3587,Person 3587,West,5380.5,2024-01-15,
3588,Person 3588,North,5382.0,2024-01-15,
3589,Person 3589,South,5383.5,2024-01-15,
3590,Person 3590,East,5385.0,2024-01-15,
3591,Person 3591,West,5386.5,2024-01-15,
3592,Person 3592,North,5388.0,2024-01-15,
3593,Person 3593,South,5389.5,2024-01-15,
3594,Person 3594,East,5391.0,2024-01-15,
3595,Person 3595,West,5392.5,2024-01-15,
3596,Person 3596,North,5394.0,2024-01-15,
3597,Person 3597,South,5395.5,2024-01-15,
3598,Person 3598,East,5397.0,2024-01-15,
3599,Person 3599,West,5398.5,2024-01-15,
3600,Person 3600,North,5400.0,2024-01-15,
3601,Person 3601,South,5401.5,2024-01-15,
3602,Person 3602,East,5403.0,2024-01-15,
3603,Person 3603,West,5404.5,2024-01-15,
3604,Person 3604,North,5406.0,2024-01-15,
3605,Person 3605,South,5407.5,2024-01-15,
3606,Person 3606,East,5409.0,2024-01-15,
3607,Person 3607,West,5410.5,2024-01-15,
3608,Person 3608,North,5412.0,2024-01-15,
3609,Person 3609,South,5413.5,2024-01-15,
3610,Person 3610,East,5415.0,2024-01-15,
3611,Person 3611,West,5416.5,2024-01-15,
3612,Person 3612,North,5418.0,2024-01-15,
3613,Person 3613,South,5419.5,2024-01-15,
3614,Person 3614,East,5421.0,2024-01-15,
3615,Person 3615,West,5422.5,2024-01-15,
3616,Person 3616,North,5424.0,2024-01-15,
3617,Person 3617,South,5425.5,2024-01-15,
3618,Person 3618,East,5427.0,2024-01-15,
3619,Person 3619,West,5428.5,2024-01-15,
3620,Person 3620,North,5430.0,2024-01-15,
3621,Person 3621,South,5431.5,2024-01-15,
3622,Person 3622,East,5433.0,2024-01-15,
3623,Person 3623,West,5434.5,2024-01-15,
3624,Person 3624,North,5436.0,2024-01-15,
3625,Person 3625,South,5437.5,2024-01-15,
3626,Person 3626,East,5439.0,2024-01-15,
3627,Person 3627,West,5440.5,2024-01-15,
3628,Person 3628,North,5442.0,2024-01-15,
3629,Person 3629,South,5443.5,2024-01-15,
3630,Person 3630,East,5445.0,2024-01-15,
3631,Person 3631,West,5446.5,2024-01-15,
3632,Person 3632,North,5448.0,2024-01-15,
3633,Person 3633,South,5449.5,2024-01-15,
3634,Person 3634,East,5451.0,2024-01-15,
3635,Person 3635,West,5452.5,2024-01-15,
3636,Person 3636,North,5454.0,2024-01-15,
3637,Person 3637,South,5455.5,2024-01-15,
3638,Person 3638,East,5457.0,2024-01-15,
3639,Person 3639,West,5458.5,2024-01-15,
3640,Person 3640,North,5460.0,2024-01-15,
3641,Person 3641,South,5461.5,2024-01-15,
3642,Person 3642,East,5463.0,2024-01-15,
3643,Person 3643,West,5464.5,2024-01-15,
3644,Person 3644,North,5466.0,2024-01-15,
3645,Person 3645,South,5467.5,2024-01-15,
3646,Person 3646,East,5469.0,2024-01-15,
3647,Person 3647,West,5470.5,2024-01-15,
3648,Person 3648,North,5472.0,2024-01-15,
3649,Person 3649,South,5473.5,2024-01-15,
3650,Person 3650,East,5475.0,2024-01-15,
3651,Person 3651,West,5476.5,2024-01-15,
3652,Person 3652,North,5478.0,2024-01-15,
3653,Person 3653,South,5479.5,2024-01-15,
3654,Person 3654,East,5481.0,2024-01-15,
3655,Person 3655,West,5482.5,2024-01-15,
3656,Person 3656,North,5484.0,2024-01-15,
3657,Person 3657,South,5485.5,2024-01-15,
3658,Person 3658,East,5487.0,2024-01-15,
3659,Person 3659,West,5488.5,2024-01-15,
3660,Person 3660,North,5490.0,2024-01-15,
3661,Person 3661,South,5491.5,2024-01-15,
3662,Person 3662,East,5493.0,2024-01-15,
3663,Person 3663,West,5494.5,2024-01-15,
3664,Person 3664,North,5496.0,2024-01-15,
3665,Person 3665,South,5497.5,2024-01-15,
3666,Person 3666,East,5499.0,2024-01-15,
3667,Person 3667,West,5500.5,2024-01-15,
3668,Person 3668,North,5502.0,2024-01-15,
3669,Person 3669,South,5503.5,2024-01-15,
3670,Person 3670,East,5505.0,2024-01-15,
3671,Person 3671,West,5506.5,2024-01-15,
3672,Person 3672,North,5508.0,2024-01-15,
3673,Person 3673,South,5509.5,2024-01-15,
3674,Person 3674,East,5511.0,2024-01-15,
3675,Person 3675,West,5512.5,2024-01-15,
3676,Person 3676,North,5514.0,2024-01-15,
3677,Person 3677,South,5515.5,2024-01-15,
3678,Person 3678,East,5517.0,2024-01-15,
3679,Person 3679,West,5518.5,2024-01-15,
3680,Person 3680,North,5520.0,2024-01-15,
3681,Person 3681,South,5521.5,2024-01-15,
3682,Person 3682,East,5523.0,2024-01-15,
3683,Person 3683,West,5524.5,2024-01-15,
3684,Person 3684,North,5526.0,2024-01-15,
3685,Person 3685,South,5527.5,2024-01-15,
3686,Person 3686,East,5529.0,2024-01-15,
3687,Person 3687,West,5530.5,2024-01-15,
3688,Person 3688,North,5532.0,2024-01-15,
3689,Person 3689,South,5533.5,2024-01-15,
3690,Person 3690,East,5535.0,2024-01-15,
3691,Person 3691,West,5536.5,2024-01-15,
3692,Person 3692,North,5538.0,2024-01-15,
3693,Person 3693,South,5539.5,2024-01-15,
3694,Person 3694,East,5541.0,2024-01-15,
3695,Person 3695,West,5542.5,2024-01-15,
3696,Person 3696,North,5544.0,2024-01-15,
3697,Person 3697,South,5545.5,2024-01-15,
3698,Person 3698,East,5547.0,2024-01-15,
3699,Person 3699,West,5548.5,2024-01-15,
3700,Person 3700,North,5550.0,2024-01-15,
3701,Person 3701,South,5551.5,2024-01-15,
3702,Person 3702,East,5553.0,2024-01-15,
3703,Person 3703,West,5554.5,2024-01-15,
3704,Person 3704,North,5556.0,2024-01-15,
3705,Person 3705,South,5557.5,2024-01-15,
3706,Person 3706,East,5559.0,2024-01-15,
3707,Person 3707,West,5560.5,2024-01-15,
3708,Person 3708,North,5562.0,2024-01-15,
3709,Person 3709,South,5563.5,2024-01-15,
3710,Person 3710,East,5565.0,2024-01-15,
3711,Person 3711,West,5566.5,2024-01-15,
3712,Person 3712,North,5568.0,2024-01-15,
3713,Person 3713,South,5569.5,2024-01-15,
3714,Person 3714,East,5571.0,2024-01-15,
3715,Person 3715,West,5572.5,2024-01-15,
3716,Person 3716,North,5574.0,2024-01-15,
3717,Person 3717,South,5575.5,2024-01-15,
3718,Person 3718,East,5577.0,2024-01-15,
3719,Person 3719,West,5578.5,2024-01-15,
3720,Person 3720,North,5580.0,2024-01-15,
3721,Person 3721,South,5581.5,2024-01-15,
3722,Person 3722,East,5583.0,2024-01-15,
3723,Person 3723,West,5584.5,2024-01-15,
3724,Person 3724,North,5586.0,2024-01-15,
3725,Person 3725,South,5587.5,2024-01-15,
3726,Person 3726,East,5589.0,2024-01-15,
3727,Person 3727,West,5590.5,2024-01-15,
3728,Person 3728,North,5592.0,2024-01-15,
3729,Person 3729,South,5593.5,2024-01-15,
3730,Person 3730,East,5595.0,2024-01-15,
3731,Person 3731,West,5596.5,2024-01-15,
3732,Person 3732,North,5598.0,2024-01-15,
3733,Person 3733,South,5599.5,2024-01-15,
3734,Person 3734,East,5601.0,2024-01-15,
3735,Person 3735,West,5602.5,2024-01-15,
3736,Person 3736,North,5604.0,2024-01-15,
3737,Person 3737,South,5605.5,2024-01-15,
3738,Person 3738,East,5607.0,2024-01-15,
3739,Person 3739,West,5608.5,2024-01-15,
3740,Person 3740,North,5610.0,2024-01-15,
3741,Person 3741,South,5611.5,2024-01-15,
3742,Person 3742,East,5613.0,2024-01-15,
3743,Person 3743,West,5614.5,2024-01-15,
3744,Person 3744,North,5616.0,2024-01-15,
3745,Person 3745,South,5617.5,2024-01-15,
3746,Person 3746,East,5619.0,2024-01-15,
3747,Person 3747,West,5620.5,2024-01-15,
3748,Person 3748,North,5622.0,2024-01-15,
3749,Person 3749,South,5623.5,2024-01-15,
3750,Person 3750,East,5625.0,2024-01-15,
3751,Person 3751,West,5626.5,2024-01-15,
3752,Person 3752,North,5628.0,2024-01-15,
3753,Person 3753,South,5629.5,2024-01-15,
3754,Person 3754,East,5631.0,2024-01-15,
3755,Person 3755,West,5632.5,2024-01-15,
3756,Person 3756,North,5634.0,2024-01-15,
3757,Person 3757,South,5635.5,2024-01-15,
3758,Person 3758,East,5637.0,2024-01-15,
3759,Person 3759,West,5638.5,2024-01-15,
3760,Person 3760,North,5640.0,2024-01-15,
3761,Person 3761,South,5641.5,2024-01-15,
3762,Person 3762,East,5643.0,2024-01-15,
3763,Person 3763,West,5644.5,2024-01-15,
3764,Person 3764,North,5646.0,2024-01-15,
3765,Person 3765,South,5647.5,2024-01-15,
3766,Person 3766,East,5649.0,2024-01-15,
3767,Person 3767,West,5650.5,2024-01-15,
3768,Person 3768,North,5652.0,2024-01-15,
3769,Person 3769,South,5653.5,2024-01-15,
3770,Person 3770,East,5655.0,2024-01-15,
3771,Person 3771,West,5656.5,2024-01-15,
3772,Person 3772,North,5658.0,2024-01-15,
3773,Person 3773,South,5659.5,2024-01-15,
3774,Person 3774,East,5661.0,2024-01-15,
3775,Person 3775,West,5662.5,2024-01-15,
3776,Person 3776,North,5664.0,2024-01-15,
3777,Person 3777,South,5665.5,2024-01-15,
3778,Person 3778,East,5667.0,2024-01-15,
3779,Person 3779,West,5668.5,2024-01-15,
3780,Person 3780,North,5670.0,2024-01-15,
3781,Person 3781,South,5671.5,2024-01-15,
3782,Person 3782,East,5673.0,2024-01-15,
3783,Person 3783,West,5674.5,2024-01-15,
3784,Person 3784,North,5676.0,2024-01-15,
3785,Person 3785,South,5677.5,2024-01-15,
3786,Person 3786,East,5679.0,2024-01-15,
3787,Person 3787,West,5680.5,2024-01-15,
3788,Person 3788,North,5682.0,2024-01-15,
3789,Person 3789,South,5683.5,2024-01-15,
3790,Person 3790,East,5685.0,2024-01-15,
3791,Person 3791,West,5686.5,2024-01-15,
3792,Person 3792,North,5688.0,2024-01-15,
3793,Person 3793,South,5689.5,2024-01-15,
3794,Person 3794,East,5691.0,2024-01-15,
3795,Person 3795,West,5692.5,2024-01-15,
3796,Person 3796,North,5694.0,2024-01-15,
3797,Person 3797,South,5695.5,2024-01-15,
3798,Person 3798,East,5697.0,2024-01-15,
3799,Person 3799,West,5698.5,2024-01-15,
3800,Person 3800,North,5700.0,2024-01-15,
3801,Person 3801,South,5701.5,2024-01-15,
3802,Person 3802,East,5703.0,2024-01-15,
3803,Person 3803,West,5704.5,2024-01-15,
3804,Person 3804,North,5706.0,2024-01-15,
3805,Person 3805,South,5707.5,2024-01-15,
3806,Person 3806,East,5709.0,2024-01-15,
3807,Person 3807,West,5710.5,2024-01-15,
3808,Person 3808,North,5712.0,2024-01-15,
3809,Person 3809,South,5713.5,2024-01-15,
3810,Person 3810,East,5715.0,2024-01-15,
3811,Person 3811,West,5716.5,2024-01-15,
3812,Person 3812,North,5718.0,2024-01-15,
3813,Person 3813,South,5719.5,2024-01-15,
3814,Person 3814,East,5721.0,2024-01-15,
3815,Person 3815,West,5722.5,2024-01-15,
3816,Person 3816,North,5724.0,2024-01-15,
3817,Person 3817,South,5725.5,2024-01-15,
3818,Person 3818,East,5727.0,2024-01-15,
3819,Person 3819,West,5728.5,2024-01-15,
3820,Person 3820,North,5730.0,2024-01-15,
3821,Person 3821,South,5731.5,2024-01-15,
3822,Person 3822,East,5733.0,2024-01-15,
3823,Person 3823,West,5734.5,2024-01-15,
3824,Person 3824,North,5736.0,2024-01-15,
3825,Person 3825,South,5737.5,2024-01-15,
3826,Person 3826,East,5739.0,2024-01-15,
3827,Person 3827,West,5740.5,2024-01-15,
3828,Person 3828,North,5742.0,2024-01-15,
3829,Person 3829,South,5743.5,2024-01-15,
3830,Person 3830,East,5745.0,2024-01-15,
3831,Person 3831,West,5746.5,2024-01-15,
3832,Person 3832,North,5748.0,2024-01-15,
3833,Person 3833,South,5749.5,2024-01-15,
3834,Person 3834,East,5751.0,2024-01-15,
3835,Person 3835,West,5752.5,2024-01-15,
3836,Person 3836,North,5754.0,2024-01-15,
3837,Person 3837,South,5755.5,2024-01-15,
3838,Person 3838,East,5757.0,2024-01-15,
3839,Person 3839,West,5758.5,2024-01-15,
3840,Person 3840,North,5760.0,2024-01-15,
3841,Person 3841,South,5761.5,2024-01-15,
3842,Person 3842,East,5763.0,2024-01-15,
3843,Person 3843,West,5764.5,2024-01-15,
3844,Person 3844,North,5766.0,2024-01-15,
3845,Person 3845,South,5767.5,2024-01-15,
3846,Person 3846,East,5769.0,2024-01-15,
3847,Person 3847,West,5770.5,2024-01-15,
3848,Person 3848,North,5772.0,2024-01-15,
3849,Person 3849,South,5773.5,2024-01-15,
3850,Person 3850,East,5775.0,2024-01-15,
3851,Person 3851,West,5776.5,2024-01-15,
3852,Person 3852,North,5778.0,2024-01-15,
3853,Person 3853,South,5779.5,2024-01-15,
3854,Person 3854,East,5781.0,2024-01-15,
3855,Person 3855,West,5782.5,2024-01-15,
3856,Person 3856,North,5784.0,2024-01-15,
3857,Person 3857,South,5785.5,2024-01-15,
3858,Person 3858,East,5787.0,2024-01-15,
3859,Person 3859,West,5788.5,2024-01-15,
3860,Person 3860,North,5790.0,2024-01-15,
3861,Person 3861,South,5791.5,2024-01-15,
3862,Person 3862,East,5793.0,2024-01-15,
3863,Person 3863,West,5794.5,2024-01-15,
3864,Person 3864,North,5796.0,2024-01-15,
3865,Person 3865,South,5797.5,2024-01-15,
3866,Person 3866,East,5799.0,2024-01-15,
3867,Person 3867,West,5800.5,2024-01-15,
3868,Person 3868,North,5802.0,2024-01-15,
3869,Person 3869,South,5803.5,2024-01-15,
3870,Person 3870,East,5805.0,2024-01-15,
3871,Person 3871,West,5806.5,2024-01-15,
3872,Person 3872,North,5808.0,2024-01-15,
3873,Person 3873,South,5809.5,2024-01-15,
3874,Person 3874,East,5811.0,2024-01-15,
3875,Person 3875,West,5812.5,2024-01-15,
3876,Person 3876,North,5814.0,2024-01-15,
3877,Person 3877,South,5815.5,2024-01-15,
3878,Person 3878,East,5817.0,2024-01-15,
3879,Person 3879,West,5818.5,2024-01-15,
3880,Person 3880,North,5820.0,2024-01-15,
3881,Person 3881,South,5821.5,2024-01-15,
3882,Person 3882,East,5823.0,2024-01-15,
3883,Person 3883,West,5824.5,2024-01-15,
3884,Person 3884,North,5826.0,2024-01-15,
3885,Person 3885,South,5827.5,2024-01-15,
3886,Person 3886,East,5829.0,2024-01-15,
3887,Person 3887,West,5830.5,2024-01-15,
3888,Person 3888,North,5832.0,2024-01-15,
3889,Person 3889,South,5833.5,2024-01-15,
3890,Person 3890,East,5835.0,2024-01-15,
3891,Person 3891,West,5836.5,2024-01-15,
3892,Person 3892,North,5838.0,2024-01-15,
3893,Person 3893,South,5839.5,2024-01-15,
3894,Person 3894,East,5841.0,2024-01-15,
3895,Person 3895,West,5842.5,2024-01-15,
3896,Person 3896,North,5844.0,2024-01-15,
3897,Person 3897,South,5845.5,2024-01-15,
3898,Person 3898,East,5847.0,2024-01-15,
3899,Person 3899,West,5848.5,2024-01-15,
3900,Person 3900,North,5850.0,2024-01-15,
3901,Person 3901,South,5851.5,2024-01-15,
3902,Person 3902,East,5853.0,2024-01-15,
3903,Person 3903,West,5854.5,2024-01-15,
3904,Person 3904,North,5856.0,2024-01-15,
3905,Person 3905,South,5857.5,2024-01-15,
3906,Person 3906,East,5859.0,2024-01-15,
3907,Person 3907,West,5860.5,2024-01-15,
3908,Person 3908,North,5862.0,2024-01-15,
3909,Person 3909,South,5863.5,2024-01-15,
3910,Person 3910,East,5865.0,2024-01-15,
3911,Person 3911,West,5866.5,2024-01-15,
3912,Person 3912,North,5868.0,2024-01-15,
3913,Person 3913,South,5869.5,2024-01-15,
3914,Person 3914,East,5871.0,2024-01-15,
3915,Person 3915,West,5872.5,2024-01-15,
3916,Person 3916,North,5874.0,2024-01-15,
3917,Person 3917,South,5875.5,2024-01-15,
3918,Person 3918,East,5877.0,2024-01-15,
3919,Person 3919,West,5878.5,2024-01-15,
3920,Person 3920,North,5880.0,2024-01-15,
3921,Person 3921,South,5881.5,2024-01-15,
3922,Person 3922,East,5883.0,2024-01-15,
3923,Person 3923,West,5884.5,2024-01-15,
3924,Person 3924,North,5886.0,2024-01-15,
3925,Person 3925,South,5887.5,2024-01-15,
3926,Person 3926,East,5889.0,2024-01-15,
3927,Person 3927,West,5890.5,2024-01-15,
3928,Person 3928,North,5892.0,2024-01-15,
3929,Person 3929,South,5893.5,2024-01-15,
3930,Person 3930,East,5895.0,2024-01-15,
3931,Person 3931,West,5896.5,2024-01-15,
3932,Person 3932,North,5898.0,2024-01-15,
3933,Person 3933,South,5899.5,2024-01-15,
3934,Person 3934,East,5901.0,2024-01-15,
3935,Person 3935,West,5902.5,2024-01-15,
3936,Person 3936,North,5904.0,2024-01-15,
3937,Person 3937,South,5905.5,2024-01-15,
3938,Person 3938,East,5907.0,2024-01-15,
3939,Person 3939,West,5908.5,2024-01-15,
3940,Person 3940,North,5910.0,2024-01-15,
3941,Person 3941,South,5911.5,2024-01-15,
3942,Person 3942,East,5913.0,2024-01-15,
3943,Person 3943,West,5914.5,2024-01-15,
3944,Person 3944,North,5916.0,2024-01-15,
3945,Person 3945,South,5917.5,2024-01-15,
3946,Person 3946,East,5919.0,2024-01-15,
3947,Person 3947,West,5920.5,2024-01-15,
3948,Person 3948,North,5922.0,2024-01-15,
3949,Person 3949,South,5923.5,2024-01-15,
3950,Person 3950,East,5925.0,2024-01-15,
3951,Person 3951,West,5926.5,2024-01-15,
3952,Person 3952,North,5928.0,2024-01-15,
3953,Person 3953,South,5929.5,2024-01-15,
3954,Person 3954,East,5931.0,2024-01-15,
3955,Person 3955,West,5932.5,2024-01-15,
3956,Person 3956,North,5934.0,2024-01-15,
3957,Person 3957,South,5935.5,2024-01-15,
3958,Person 3958,East,5937.0,2024-01-15,
3959,Person 3959,West,5938.5,2024-01-15,
3960,Person 3960,North,5940.0,2024-01-15,
3961,Person 3961,South,5941.5,2024-01-15,
3962,Person 3962,East,5943.0,2024-01-15,
3963,Person 3963,West,5944.5,2024-01-15,
3964,Person 3964,North,5946.0,2024-01-15,
3965,Person 3965,South,5947.5,2024-01-15,
3966,Person 3966,East,5949.0,2024-01-15,
3967,Person 3967,West,5950.5,2024-01-15,
3968,Person 3968,North,5952.0,2024-01-15,
3969,Person 3969,South,5953.5,2024-01-15,
3970,Person 3970,East,5955.0,2024-01-15,
3971,Person 3971,West,5956.5,2024-01-15,
3972,Person 3972,North,5958.0,2024-01-15,
3973,Person 3973,South,5959.5,2024-01-15,
3974,Person 3974,East,5961.0,2024-01-15,
3975,Person 3975,West,5962.5,2024-01-15,
3976,Person 3976,North,5964.0,2024-01-15,
3977,Person 3977,South,5965.5,2024-01-15,
3978,Person 3978,East,5967.0,2024-01-15,
3979,Person 3979,West,5968.5,2024-01-15,
3980,Person 3980,North,5970.0,2024-01-15,
3981,Person 3981,South,5971.5,2024-01-15,
3982,Person 3982,East,5973.0,2024-01-15,
3983,Person 3983,West,5974.5,2024-01-15,
3984,Person 3984,North,5976.0,2024-01-15,
3985,Person 3985,South,5977.5,2024-01-15,
3986,Person 3986,East,5979.0,2024-01-15,
3987,Person 3987,West,5980.5,2024-01-15,
3988,Person 3988,North,5982.0,2024-01-15,
3989,Person 3989,South,5983.5,2024-01-15,
3990,Person 3990,East,5985.0,2024-01-15,
3991,Person 3991,West,5986.5,2024-01-15,
3992,Person 3992,North,5988.0,2024-01-15,
3993,Person 3993,South,5989.5,2024-01-15,
3994,Person 3994,East,5991.0,2024-01-15,
3995,Person 3995,West,5992.5,2024-01-15,
3996,Person 3996,North,5994.0,2024-01-15,
3997,Person 3997,South,5995.5,2024-01-15,
3998,Person 3998,East,5997.0,2024-01-15,
3999,Person 3999,West,5998.5,2024-01-15,
4000,Person 4000,North,6000.0,2024-01-15,
4001,Person 4001,South,6001.5,2024-01-15,
4002,Person 4002,East,6003.0,2024-01-15,
4003,Person 4003,West,6004.5,2024-01-15,
4004,Person 4004,North,6006.0,2024-01-15,
4005,Person 4005,South,6007.5,2024-01-15,
4006,Person 4006,East,6009.0,2024-01-15,
4007,Person 4007,West,6010.5,2024-01-15,
4008,Person 4008,North,6012.0,2024-01-15,
4009,Person 4009,South,6013.5,2024-01-15,
4010,Person 4010,East,6015.0,2024-01-15,
4011,Person 4011,West,6016.5,2024-01-15,
4012,Person 4012,North,6018.0,2024-01-15,
4013,Person 4013,South,6019.5,2024-01-15,
4014,Person 4014,East,6021.0,2024-01-15,
4015,Person 4015,West,6022.5,2024-01-15,
4016,Person 4016,North,6024.0,2024-01-15,
4017,Person 4017,South,6025.5,2024-01-15,
4018,Person 4018,East,6027.0,2024-01-15,
4019,Person 4019,West,6028.5,2024-01-15,
4020,Person 4020,North,6030.0,2024-01-15,
4021,Person 4021,South,6031.5,2024-01-15,
4022,Person 4022,East,6033.0,2024-01-15,
4023,Person 4023,West,6034.5,2024-01-15,
4024,Person 4024,North,6036.0,2024-01-15,
4025,Person 4025,South,6037.5,2024-01-15,
4026,Person 4026,East,6039.0,2024-01-15,
4027,Person 4027,West,6040.5,2024-01-15,
4028,Person 4028,North,6042.0,2024-01-15,
4029,Person 4029,South,6043.5,2024-01-15,
4030,Person 4030,East,6045.0,2024-01-15,
4031,Person 4031,West,6046.5,2024-01-15,
4032,Person 4032,North,6048.0,2024-01-15,
4033,Person 4033,South,6049.5,2024-01-15,
4034,Person 4034,East,6051.0,2024-01-15,
4035,Person 4035,West,6052.5,2024-01-15,
4036,Person 4036,North,6054.0,2024-01-15,
4037,Person 4037,South,6055.5,2024-01-15,
4038,Person 4038,East,6057.0,2024-01-15,
4039,Person 4039,West,6058.5,2024-01-15,
4040,Person 4040,North,6060.0,2024-01-15,
4041,Person 4041,South,6061.5,2024-01-15,
4042,Person 4042,East,6063.0,2024-01-15,
4043,Person 4043,West,6064.5,2024-01-15,
4044,Person 4044,North,6066.0,2024-01-15,
4045,Person 4045,South,6067.5,2024-01-15,
4046,Person 4046,East,6069.0,2024-01-15,
4047,Person 4047,West,6070.5,2024-01-15,
4048,Person 4048,North,6072.0,2024-01-15,
4049,Person 4049,South,6073.5,2024-01-15,
4050,Person 4050,East,6075.0,2024-01-15,
4051,Person 4051,West,6076.5,2024-01-15,
4052,Person 4052,North,6078.0,2024-01-15,
4053,Person 4053,South,6079.5,2024-01-15,
4054,Person 4054,East,6081.0,2024-01-15,
4055,Person 4055,West,6082.5,2024-01-15,
4056,Person 4056,North,6084.0,2024-01-15,
4057,Person 4057,South,6085.5,2024-01-15,
4058,Person 4058,East,6087.0,2024-01-15,
4059,Person 4059,West,6088.5,2024-01-15,
4060,Person 4060,North,6090.0,2024-01-15,
4061,Person 4061,South,6091.5,2024-01-15,
4062,Person 4062,East,6093.0,2024-01-15,
4063,Person 4063,West,6094.5,2024-01-15,
4064,Person 4064,North,6096.0,2024-01-15,
4065,Person 4065,South,6097.5,2024-01-15,
4066,Person 4066,East,6099.0,2024-01-15,
4067,Person 4067,West,6100.5,2024-01-15,
4068,Person 4068,North,6102.0,2024-01-15,
4069,Person 4069,South,6103.5,2024-01-15,
4070,Person 4070,East,6105.0,2024-01-15,
4071,Person 4071,West,6106.5,2024-01-15,
4072,Person 4072,North,6108.0,2024-01-15,
4073,Person 4073,South,6109.5,2024-01-15,
4074,Person 4074,East,6111.0,2024-01-15,
4075,Person 4075,West,6112.5,2024-01-15,
4076,Person 4076,North,6114.0,2024-01-15,
4077,Person 4077,South,6115.5,2024-01-15,
4078,Person 4078,East,6117.0,2024-01-15,
4079,Person 4079,West,6118.5,2024-01-15,
4080,Person 4080,North,6120.0,2024-01-15,
4081,Person 4081,South,6121.5,2024-01-15,
4082,Person 4082,East,6123.0,2024-01-15,
4083,Person 4083,West,6124.5,2024-01-15,
4084,Person 4084,North,6126.0,2024-01-15,
4085,Person 4085,South,6127.5,2024-01-15,
4086,Person 4086,East,6129.0,2024-01-15,
4087,Person 4087,West,6130.5,2024-01-15,
4088,Person 4088,North,6132.0,2024-01-15,
4089,Person 4089,South,6133.5,2024-01-15,
4090,Person 4090,East,6135.0,2024-01-15,
4091,Person 4091,West,6136.5,2024-01-15,
4092,Person 4092,North,6138.0,2024-01-15,
4093,Person 4093,South,6139.5,2024-01-15,
4094,Person 4094,East,6141.0,2024-01-15,
4095,Person 4095,West,6142.5,2024-01-15,
4096,Person 4096,North,6144.0,2024-01-15,
4097,Person 4097,South,6145.5,2024-01-15,
4098,Person 4098,East,6147.0,2024-01-15,
4099,Person 4099,West,6148.5,2024-01-15,
4100,Person 4100,North,6150.0,2024-01-15,
4101,Person 4101,South,6151.5,2024-01-15,
4102,Person 4102,East,6153.0,2024-01-15,
4103,Person 4103,West,6154.5,2024-01-15,
4104,Person 4104,North,6156.0,2024-01-15,
4105,Person 4105,South,6157.5,2024-01-15,
4106,Person 4106,East,6159.0,2024-01-15,
4107,Person 4107,West,6160.5,2024-01-15,
4108,Person 4108,North,6162.0,2024-01-15,
4109,Person 4109,South,6163.5,2024-01-15,
4110,Person 4110,East,6165.0,2024-01-15,
4111,Person 4111,West,6166.5,2024-01-15,
4112,Person 4112,North,6168.0,2024-01-15,
4113,Person 4113,South,6169.5,2024-01-15,
4114,Person 4114,East,6171.0,2024-01-15,
4115,Person 4115,West,6172.5,2024-01-15,
4116,Person 4116,North,6174.0,2024-01-15,
4117,Person 4117,South,6175.5,2024-01-15,
4118,Person 4118,East,6177.0,2024-01-15,
4119,Person 4119,West,6178.5,2024-01-15,
4120,Person 4120,North,6180.0,2024-01-15,
4121,Person 4121,South,6181.5,2024-01-15,
4122,Person 4122,East,6183.0,2024-01-15,
4123,Person 4123,West,6184.5,2024-01-15,
4124,Person 4124,North,6186.0,2024-01-15,
4125,Person 4125,South,6187.5,2024-01-15,
4126,Person 4126,East,6189.0,2024-01-15,
4127,Person 4127,West,6190.5,2024-01-15,
4128,Person 4128,North,6192.0,2024-01-15,
4129,Person 4129,South,6193.5,2024-01-15,
4130,Person 4130,East,6195.0,2024-01-15,
4131,Person 4131,West,6196.5,2024-01-15,
4132,Person 4132,North,6198.0,2024-01-15,
4133,Person 4133,South,6199.5,2024-01-15,
4134,Person 4134,East,6201.0,2024-01-15,
4135,Person 4135,West,6202.5,2024-01-15,
4136,Person 4136,North,6204.0,2024-01-15,
4137,Person 4137,South,6205.5,2024-01-15,
4138,Person 4138,East,6207.0,2024-01-15,
4139,Person 4139,West,6208.5,2024-01-15,
4140,Person 4140,North,6210.0,2024-01-15,
4141,Person 4141,South,6211.5,2024-01-15,
4142,Person 4142,East,6213.0,2024-01-15,
4143,Person 4143,West,6214.5,2024-01-15,
4144,Person 4144,North,6216.0,2024-01-15,
4145,Person 4145,South,6217.5,2024-01-15,
4146,Person 4146,East,6219.0,2024-01-15,
4147,Person 4147,West,6220.5,2024-01-15,
4148,Person 4148,North,6222.0,2024-01-15,
4149,Person 4149,South,6223.5,2024-01-15,
4150,Person 4150,East,6225.0,2024-01-15,
4151,Person 4151,West,6226.5,2024-01-15,
4152,Person 4152,North,6228.0,2024-01-15,
4153,Person 4153,South,6229.5,2024-01-15,
4154,Person 4154,East,6231.0,2024-01-15,
4155,Person 4155,West,6232.5,2024-01-15,
4156,Person 4156,North,6234.0,2024-01-15,
4157,Person 4157,South,6235.5,2024-01-15,
4158,Person 4158,East,6237.0,2024-01-15,
4159,Person 4159,West,6238.5,2024-01-15,
4160,Person 4160,North,6240.0,2024-01-15,
4161,Person 4161,South,6241.5,2024-01-15,
4162,Person 4162,East,6243.0,2024-01-15,
4163,Person 4163,West,6244.5,2024-01-15,
4164,Person 4164,North,6246.0,2024-01-15,
4165,Person 4165,South,6247.5,2024-01-15,
4166,Person 4166,East,6249.0,2024-01-15,
4167,Person 4167,West,6250.5,2024-01-15,
4168,Person 4168,North,6252.0,2024-01-15,
4169,Person 4169,South,6253.5,2024-01-15,
4170,Person 4170,East,6255.0,2024-01-15,
4171,Person 4171,West,6256.5,2024-01-15,
4172,Person 4172,North,6258.0,2024-01-15,
4173,Person 4173,South,6259.5,2024-01-15,
4174,Person 4174,East,6261.0,2024-01-15,
4175,Person 4175,West,6262.5,2024-01-15,
4176,Person 4176,North,6264.0,2024-01-15,
4177,Person 4177,South,6265.5,2024-01-15,
4178,Person 4178,East,6267.0,2024-01-15,
4179,Person 4179,West,6268.5,2024-01-15,
4180,Person 4180,North,6270.0,2024-01-15,
4181,Person 4181,South,6271.5,2024-01-15,
4182,Person 4182,East,6273.0,2024-01-15,
4183,Person 4183,West,6274.5,2024-01-15,
4184,Person 4184,North,6276.0,2024-01-15,
4185,Person 4185,South,6277.5,2024-01-15,
4186,Person 4186,East,6279.0,2024-01-15,
4187,Person 4187,West,6280.5,2024-01-15,
4188,Person 4188,North,6282.0,2024-01-15,
4189,Person 4189,South,6283.5,2024-01-15,
4190,Person 4190,East,6285.0,2024-01-15,
4191,Person 4191,West,6286.5,2024-01-15,
4192,Person 4192,North,6288.0,2024-01-15,
4193,Person 4193,South,6289.5,2024-01-15,
4194,Person 4194,East,6291.0,2024-01-15,
4195,Person 4195,West,6292.5,2024-01-15,
4196,Person 4196,North,6294.0,2024-01-15,
4197,Person 4197,South,6295.5,2024-01-15,
4198,Person 4198,East,6297.0,2024-01-15,
4199,Person 4199,West,6298.5,2024-01-15,
4200,Person 4200,North,6300.0,2024-01-15,
4201,Person 4201,South,6301.5,2024-01-15,
4202,Person 4202,East,6303.0,2024-01-15,
4203,Person 4203,West,6304.5,2024-01-15,
4204,Person 4204,North,6306.0,2024-01-15,
4205,Person 4205,South,6307.5,2024-01-15,
4206,Person 4206,East,6309.0,2024-01-15,
4207,Person 4207,West,6310.5,2024-01-15,
4208,Person 4208,North,6312.0,2024-01-15,
4209,Person 4209,South,6313.5,2024-01-15,
4210,Person 4210,East,6315.0,2024-01-15,
4211,Person 4211,West,6316.5,2024-01-15,
4212,Person 4212,North,6318.0,2024-01-15,
4213,Person 4213,South,6319.5,2024-01-15,
4214,Person 4214,East,6321.0,2024-01-15,
4215,Person 4215,West,6322.5,2024-01-15,
4216,Person 4216,North,6324.0,2024-01-15,
4217,Person 4217,South,6325.5,2024-01-15,
4218,Person 4218,East,6327.0,2024-01-15,
4219,Person 4219,West,6328.5,2024-01-15,
4220,Person 4220,North,6330.0,2024-01-15,
4221,Person 4221,South,6331.5,2024-01-15,
4222,Person 4222,East,6333.0,2024-01-15,
4223,Person 4223,West,6334.5,2024-01-15,
4224,Person 4224,North,6336.0,2024-01-15,
4225,Person 4225,South,6337.5,2024-01-15,
4226,Person 4226,East,6339.0,2024-01-15,
4227,Person 4227,West,6340.5,2024-01-15,
4228,Person 4228,North,6342.0,2024-01-15,
4229,Person 4229,South,6343.5,2024-01-15,
4230,Person 4230,East,6345.0,2024-01-15,
4231,Person 4231,West,6346.5,2024-01-15,
4232,Person 4232,North,6348.0,2024-01-15,
4233,Person 4233,South,6349.5,2024-01-15,
4234,Person 4234,East,6351.0,2024-01-15,
4235,Person 4235,West,6352.5,2024-01-15,
4236,Person 4236,North,6354.0,2024-01-15,
4237,Person 4237,South,6355.5,2024-01-15,
4238,Person 4238,East,6357.0,2024-01-15,
4239,Person 4239,West,6358.5,2024-01-15,
4240,Person 4240,North,6360.0,2024-01-15,
4241,Person 4241,South,6361.5,2024-01-15,
4242,Person 4242,East,6363.0,2024-01-15,
4243,Person 4243,West,6364.5,2024-01-15,
4244,Person 4244,North,6366.0,2024-01-15,
4245,Person 4245,South,6367.5,2024-01-15,
4246,Person 4246,East,6369.0,2024-01-15,
4247,Person 4247,West,6370.5,2024-01-15,
4248,Person 4248,North,6372.0,2024-01-15,
4249,Person 4249,South,6373.5,2024-01-15,
4250,Person 4250,East,6375.0,2024-01-15,
4251,Person 4251,West,6376.5,2024-01-15,
4252,Person 4252,North,6378.0,2024-01-15,
4253,Person 4253,South,6379.5,2024-01-15,
4254,Person 4254,East,6381.0,2024-01-15,
4255,Person 4255,West,6382.5,2024-01-15,
4256,Person 4256,North,6384.0,2024-01-15,
4257,Person 4257,South,6385.5,2024-01-15,
4258,Person 4258,East,6387.0,2024-01-15,
4259,Person 4259,West,6388.5,2024-01-15,
4260,Person 4260,North,6390.0,2024-01-15,
4261,Person 4261,South,6391.5,2024-01-15,
4262,Person 4262,East,6393.0,2024-01-15,
4263,Person 4263,West,6394.5,2024-01-15,
4264,Person 4264,North,6396.0,2024-01-15,
4265,Person 4265,South,6397.5,2024-01-15,
4266,Person 4266,East,6399.0,2024-01-15,
4267,Person 4267,West,6400.5,2024-01-15,
4268,Person 4268,North,6402.0,2024-01-15,
4269,Person 4269,South,6403.5,2024-01-15,
4270,Person 4270,East,6405.0,2024-01-15,
4271,Person 4271,West,6406.5,2024-01-15,
4272,Person 4272,North,6408.0,2024-01-15,
4273,Person 4273,South,6409.5,2024-01-15,
4274,Person 4274,East,6411.0,2024-01-15,
4275,Person 4275,West,6412.5,2024-01-15,
4276,Person 4276,North,6414.0,2024-01-15,
4277,Person 4277,South,6415.5,2024-01-15,
4278,Person 4278,East,6417.0,2024-01-15,
4279,Person 4279,West,6418.5,2024-01-15,
4280,Person 4280,North,6420.0,2024-01-15,
4281,Person 4281,South,6421.5,2024-01-15,
4282,Person 4282,East,6423.0,2024-01-15,
4283,Person 4283,West,6424.5,2024-01-15,
4284,Person 4284,North,6426.0,2024-01-15,
4285,Person 4285,South,6427.5,2024-01-15,
4286,Person 4286,East,6429.0,2024-01-15,
4287,Person 4287,West,6430.5,2024-01-15,
4288,Person 4288,North,6432.0,2024-01-15,
4289,Person 4289,South,6433.5,2024-01-15,
4290,Person 4290,East,6435.0,2024-01-15,
4291,Person 4291,West,6436.5,2024-01-15,
4292,Person 4292,North,6438.0,2024-01-15,
4293,Person 4293,South,6439.5,2024-01-15,
4294,Person 4294,East,6441.0,2024-01-15,
4295,Person 4295,West,6442.5,2024-01-15,
4296,Person 4296,North,6444.0,2024-01-15,
4297,Person 4297,South,6445.5,2024-01-15,
4298,Person 4298,East,6447.0,2024-01-15,
4299,Person 4299,West,6448.5,2024-01-15,
4300,Person 4300,North,6450.0,2024-01-15,
4301,Person 4301,South,6451.5,2024-01-15,
4302,Person 4302,East,6453.0,2024-01-15,
4303,Person 4303,West,6454.5,2024-01-15,
4304,Person 4304,North,6456.0,2024-01-15,
4305,Person 4305,South,6457.5,2024-01-15,
4306,Person 4306,East,6459.0,2024-01-15,
4307,Person 4307,West,6460.5,2024-01-15,
4308,Person 4308,North,6462.0,2024-01-15,
4309,Person 4309,South,6463.5,2024-01-15,
4310,Person 4310,East,6465.0,2024-01-15,
4311,Person 4311,West,6466.5,2024-01-15,
4312,Person 4312,North,6468.0,2024-01-15,
4313,Person 4313,South,6469.5,2024-01-15,
4314,Person 4314,East,6471.0,2024-01-15,
4315,Person 4315,West,6472.5,2024-01-15,
4316,Person 4316,North,6474.0,2024-01-15,
4317,Person 4317,South,6475.5,2024-01-15,
4318,Person 4318,East,6477.0,2024-01-15,
4319,Person 4319,West,6478.5,2024-01-15,
4320,Person 4320,North,6480.0,2024-01-15,
4321,Person 4321,South,6481.5,2024-01-15,
4322,Person 4322,East,6483.0,2024-01-15,
4323,Person 4323,West,6484.5,2024-01-15,
4324,Person 4324,North,6486.0,2024-01-15,
4325,Person 4325,South,6487.5,2024-01-15,
4326,Person 4326,East,6489.0,2024-01-15,
4327,Person 4327,West,6490.5,2024-01-15,
4328,Person 4328,North,6492.0,2024-01-15,
4329,Person 4329,South,6493.5,2024-01-15,
4330,Person 4330,East,6495.0,2024-01-15,
4331,Person 4331,West,6496.5,2024-01-15,
4332,Person 4332,North,6498.0,2024-01-15,
4333,Person 4333,South,6499.5,2024-01-15,
4334,Person 4334,East,6501.0,2024-01-15,
4335,Person 4335,West,6502.5,2024-01-15,
4336,Person 4336,North,6504.0,2024-01-15,
4337,Person 4337,South,6505.5,2024-01-15,
4338,Person 4338,East,6507.0,2024-01-15,
4339,Person 4339,West,6508.5,2024-01-15,
4340,Person 4340,North,6510.0,2024-01-15,
4341,Person 4341,South,6511.5,2024-01-15,
4342,Person 4342,East,6513.0,2024-01-15,
4343,Person 4343,West,6514.5,2024-01-15,
4344,Person 4344,North,6516.0,2024-01-15,
4345,Person 4345,South,6517.5,2024-01-15,
4346,Person 4346,East,6519.0,2024-01-15,
4347,Person 4347,West,6520.5,2024-01-15,
4348,Person 4348,North,6522.0,2024-01-15,
4349,Person 4349,South,6523.5,2024-01-15,
4350,Person 4350,East,6525.0,2024-01-15,
4351,Person 4351,West,6526.5,2024-01-15,
4352,Person 4352,North,6528.0,2024-01-15,
4353,Person 4353,South,6529.5,2024-01-15,
4354,Person 4354,East,6531.0,2024-01-15,
4355,Person 4355,West,6532.5,2024-01-15,
4356,Person 4356,North,6534.0,2024-01-15,
4357,Person 4357,South,6535.5,2024-01-15,
4358,Person 4358,East,6537.0,2024-01-15,
4359,Person 4359,West,6538.5,2024-01-15,
4360,Person 4360,North,6540.0,2024-01-15,
4361,Person 4361,South,6541.5,2024-01-15,
4362,Person 4362,East,6543.0,2024-01-15,
4363,Person 4363,West,6544.5,2024-01-15,
4364,Person 4364,North,6546.0,2024-01-15,
4365,Person 4365,South,6547.5,2024-01-15,
4366,Person 4366,East,6549.0,2024-01-15,
4367,Person 4367,West,6550.5,2024-01-15,
4368,Person 4368,North,6552.0,2024-01-15,
4369,Person 4369,South,6553.5,2024-01-15,
4370,Person 4370,East,6555.0,2024-01-15,
4371,Person 4371,West,6556.5,2024-01-15,
4372,Person 4372,North,6558.0,2024-01-15,
4373,Person 4373,South,6559.5,2024-01-15,
4374,Person 4374,East,6561.0,2024-01-15,
4375,Person 4375,West,6562.5,2024-01-15,
4376,Person 4376,North,6564.0,2024-01-15,
4377,Person 4377,South,6565.5,2024-01-15,
4378,Person 4378,East,6567.0,2024-01-15,
4379,Person 4379,West,6568.5,2024-01-15,
4380,Person 4380,North,6570.0,2024-01-15,
4381,Person 4381,South,6571.5,2024-01-15,
4382,Person 4382,East,6573.0,2024-01-15,
4383,Person 4383,West,6574.5,2024-01-15,
4384,Person 4384,North,6576.0,2024-01-15,
4385,Person 4385,South,6577.5,2024-01-15,
4386,Person 4386,East,6579.0,2024-01-15,
4387,Person 4387,West,6580.5,2024-01-15,
4388,Person 4388,North,6582.0,2024-01-15,
4389,Person 4389,South,6583.5,2024-01-15,
4390,Person 4390,East,6585.0,2024-01-15,
4391,Person 4391,West,6586.5,2024-01-15,
4392,Person 4392,North,6588.0,2024-01-15,
4393,Person 4393,South,6589.5,2024-01-15,
4394,Person 4394,East,6591.0,2024-01-15,
4395,Person 4395,West,6592.5,2024-01-15,
4396,Person 4396,North,6594.0,2024-01-15,
4397,Person 4397,South,6595.5,2024-01-15,
4398,Person 4398,East,6597.0,2024-01-15,
4399,Person 4399,West,6598.5,2024-01-15,
4400,Person 4400,North,6600.0,2024-01-15,
4401,Person 4401,South,6601.5,2024-01-15,
4402,Person 4402,East,6603.0,2024-01-15,
4403,Person 4403,West,6604.5,2024-01-15,
4404,Person 4404,North,6606.0,2024-01-15,
4405,Person 4405,South,6607.5,2024-01-15,
4406,Person 4406,East,6609.0,2024-01-15,
4407,Person 4407,West,6610.5,2024-01-15,
4408,Person 4408,North,6612.0,2024-01-15,
4409,Person 4409,South,6613.5,2024-01-15,
4410,Person 4410,East,6615.0,2024-01-15,
4411,Person 4411,West,6616.5,2024-01-15,
4412,Person 4412,North,6618.0,2024-01-15,
4413,Person 4413,South,6619.5,2024-01-15,
4414,Person 4414,East,6621.0,2024-01-15,
4415,Person 4415,West,6622.5,2024-01-15,
4416,Person 4416,North,6624.0,2024-01-15,
4417,Person 4417,South,6625.5,2024-01-15,
4418,Person 4418,East,6627.0,2024-01-15,
4419,Person 4419,West,6628.5,2024-01-15,
4420,Person 4420,North,6630.0,2024-01-15,
4421,Person 4421,South,6631.5,2024-01-15,
4422,Person 4422,East,6633.0,2024-01-15,
4423,Person 4423,West,6634.5,2024-01-15,
4424,Person 4424,North,6636.0,2024-01-15,
4425,Person 4425,South,6637.5,2024-01-15,
4426,Person 4426,East,6639.0,2024-01-15,
4427,Person 4427,West,6640.5,2024-01-15,
4428,Person 4428,North,6642.0,2024-01-15,
4429,Person 4429,South,6643.5,2024-01-15,
4430,Person 4430,East,6645.0,2024-01-15,
4431,Person 4431,West,6646.5,2024-01-15,
4432,Person 4432,North,6648.0,2024-01-15,
4433,Person 4433,South,6649.5,2024-01-15,
4434,Person 4434,East,6651.0,2024-01-15,
4435,Person 4435,West,6652.5,2024-01-15,
4436,Person 4436,North,6654.0,2024-01-15,
4437,Person 4437,South,6655.5,2024-01-15,
4438,Person 4438,East,6657.0,2024-01-15,
4439,Person 4439,West,6658.5,2024-01-15,
4440,Person 4440,North,6660.0,2024-01-15,
4441,Person 4441,South,6661.5,2024-01-15,
4442,Person 4442,East,6663.0,2024-01-15,
4443,Person 4443,West,6664.5,2024-01-15,
4444,Person 4444,North,6666.0,2024-01-15,
4445,Person 4445,South,6667.5,2024-01-15,
4446,Person 4446,East,6669.0,2024-01-15,
4447,Person 4447,West,6670.5,2024-01-15,
4448,Person 4448,North,6672.0,2024-01-15,
4449,Person 4449,South,6673.5,2024-01-15,
4450,Person 4450,East,6675.0,2024-01-15,
4451,Person 4451,West,6676.5,2024-01-15,
4452,Person 4452,North,6678.0,2024-01-15,
4453,Person 4453,South,6679.5,2024-01-15,
4454,Person 4454,East,6681.0,2024-01-15,
4455,Person 4455,West,6682.5,2024-01-15,
4456,Person 4456,North,6684.0,2024-01-15,
4457,Person 4457,South,6685.5,2024-01-15,
4458,Person 4458,East,6687.0,2024-01-15,
4459,Person 4459,West,6688.5,2024-01-15,
4460,Person 4460,North,6690.0,2024-01-15,
4461,Person 4461,South,6691.5,2024-01-15,
4462,Person 4462,East,6693.0,2024-01-15,
4463,Person 4463,West,6694.5,2024-01-15,
4464,Person 4464,North,6696.0,2024-01-15,
4465,Person 4465,South,6697.5,2024-01-15,
4466,Person 4466,East,6699.0,2024-01-15,
4467,Person 4467,West,6700.5,2024-01-15,
4468,Person 4468,North,6702.0,2024-01-15,
4469,Person 4469,South,6703.5,2024-01-15,
4470,Person 4470,East,6705.0,2024-01-15,
4471,Person 4471,West,6706.5,2024-01-15,
4472,Person 4472,North,6708.0,2024-01-15,
4473,Person 4473,South,6709.5,2024-01-15,
4474,Person 4474,East,6711.0,2024-01-15,
4475,Person 4475,West,6712.5,2024-01-15,
4476,Person 4476,North,6714.0,2024-01-15,
4477,Person 4477,South,6715.5,2024-01-15,
4478,Person 4478,East,6717.0,2024-01-15,
4479,Person 4479,West,6718.5,2024-01-15,
4480,Person 4480,North,6720.0,2024-01-15,
4481,Person 4481,South,6721.5,2024-01-15,
4482,Person 4482,East,6723.0,2024-01-15,
4483,Person 4483,West,6724.5,2024-01-15,
4484,Person 4484,North,6726.0,2024-01-15,
4485,Person 4485,South,6727.5,2024-01-15,
4486,Person 4486,East,6729.0,2024-01-15,
4487,Person 4487,West,6730.5,2024-01-15,
4488,Person 4488,North,6732.0,2024-01-15,
4489,Person 4489,South,6733.5,2024-01-15,
4490,Person 4490,East,6735.0,2024-01-15,
4491,Person 4491,West,6736.5,2024-01-15,
4492,Person 4492,North,6738.0,2024-01-15,
4493,Person 4493,South,6739.5,2024-01-15,
4494,Person 4494,East,6741.0,2024-01-15,
4495,Person 4495,West,6742.5,2024-01-15,
4496,Person 4496,North,6744.0,2024-01-15,
4497,Person 4497,South,6745.5,2024-01-15,
4498,Person 4498,East,6747.0,2024-01-15,
4499,Person 4499,West,6748.5,2024-01-15,
4500,Person 4500,North,6750.0,2024-01-15,
4501,Person 4501,South,6751.5,2024-01-15,
4502,Person 4502,East,6753.0,2024-01-15,
4503,Person 4503,West,6754.5,2024-01-15,
4504,Person 4504,North,6756.0,2024-01-15,
4505,Person 4505,South,6757.5,2024-01-15,
4506,Person 4506,East,6759.0,2024-01-15,
4507,Person 4507,West,6760.5,2024-01-15,
4508,Person 4508,North,6762.0,2024-01-15,
4509,Person 4509,South,6763.5,2024-01-15,
4510,Person 4510,East,6765.0,2024-01-15,
4511,Person 4511,West,6766.5,2024-01-15,
4512,Person 4512,North,6768.0,2024-01-15,
4513,Person 4513,South,6769.5,2024-01-15,
4514,Person 4514,East,6771.0,2024-01-15,
4515,Person 4515,West,6772.5,2024-01-15,
4516,Person 4516,North,6774.0,2024-01-15,
4517,Person 4517,South,6775.5,2024-01-15,
4518,Person 4518,East,6777.0,2024-01-15,
4519,Person 4519,West,6778.5,2024-01-15,
4520,Person 4520,North,6780.0,2024-01-15,
4521,Person 4521,South,6781.5,2024-01-15,
4522,Person 4522,East,6783.0,2024-01-15,
4523,Person 4523,West,6784.5,2024-01-15,
4524,Person 4524,North,6786.0,2024-01-15,
4525,Person 4525,South,6787.5,2024-01-15,
4526,Person 4526,East,6789.0,2024-01-15,
4527,Person 4527,West,6790.5,2024-01-15,
4528,Person 4528,North,6792.0,2024-01-15,
4529,Person 4529,South,6793.5,2024-01-15,
4530,Person 4530,East,6795.0,2024-01-15,
4531,Person 4531,West,6796.5,2024-01-15,
4532,Person 4532,North,6798.0,2024-01-15,
4533,Person 4533,South,6799.5,2024-01-15,
4534,Person 4534,East,6801.0,2024-01-15,
4535,Person 4535,West,6802.5,2024-01-15,
4536,Person 4536,North,6804.0,2024-01-15,
4537,Person 4537,South,6805.5,2024-01-15,
4538,Person 4538,East,6807.0,2024-01-15,
4539,Person 4539,West,6808.5,2024-01-15,
4540,Person 4540,North,6810.0,2024-01-15,
4541,Person 4541,South,6811.5,2024-01-15,
4542,Person 4542,East,6813.0,2024-01-15,
4543,Person 4543,West,6814.5,2024-01-15,
4544,Person 4544,North,6816.0,2024-01-15,
4545,Person 4545,South,6817.5,2024-01-15,
4546,Person 4546,East,6819.0,2024-01-15,
4547,Person 4547,West,6820.5,2024-01-15,
4548,Person 4548,North,6822.0,2024-01-15,
4549,Person 4549,South,6823.5,2024-01-15,
4550,Person 4550,East,6825.0,2024-01-15,
4551,Person 4551,West,6826.5,2024-01-15,
4552,Person 4552,North,6828.0,2024-01-15,
4553,Person 4553,South,6829.5,2024-01-15,
4554,Person 4554,East,6831.0,2024-01-15,
4555,Person 4555,West,6832.5,2024-01-15,
4556,Person 4556,North,6834.0,2024-01-15,
4557,Person 4557,South,6835.5,2024-01-15,
4558,Person 4558,East,6837.0,2024-01-15,
4559,Person 4559,West,6838.5,2024-01-15,
4560,Person 4560,North,6840.0,2024-01-15,
4561,Person 4561,South,6841.5,2024-01-15,
4562,Person 4562,East,6843.0,2024-01-15,
4563,Person 4563,West,6844.5,2024-01-15,
4564,Person 4564,North,6846.0,2024-01-15,
4565,Person 4565,South,6847.5,2024-01-15,
4566,Person 4566,East,6849.0,2024-01-15,
4567,Person 4567,West,6850.5,2024-01-15,
4568,Person 4568,North,6852.0,2024-01-15,
4569,Person 4569,South,6853.5,2024-01-15,
4570,Person 4570,East,6855.0,2024-01-15,
4571,Person 4571,West,6856.5,2024-01-15,
4572,Person 4572,North,6858.0,2024-01-15,
4573,Person 4573,South,6859.5,2024-01-15,
4574,Person 4574,East,6861.0,2024-01-15,
4575,Person 4575,West,6862.5,2024-01-15,
4576,Person 4576,North,6864.0,2024-01-15,
4577,Person 4577,South,6865.5,2024-01-15,
4578,Person 4578,East,6867.0,2024-01-15,
4579,Person 4579,West,6868.5,2024-01-15,
4580,Person 4580,North,6870.0,2024-01-15,
4581,Person 4581,South,6871.5,2024-01-15,
4582,Person 4582,East,6873.0,2024-01-15,
4583,Person 4583,West,6874.5,2024-01-15,
4584,Person 4584,North,6876.0,2024-01-15,
4585,Person 4585,South,6877.5,2024-01-15,
4586,Person 4586,East,6879.0,2024-01-15,
4587,Person 4587,West,6880.5,2024-01-15,
4588,Person 4588,North,6882.0,2024-01-15,
4589,Person 4589,South,6883.5,2024-01-15,
4590,Person 4590,East,6885.0,2024-01-15,
4591,Person 4591,West,6886.5,2024-01-15,
4592,Person 4592,North,6888.0,2024-01-15,
4593,Person 4593,South,6889.5,2024-01-15,
4594,Person 4594,East,6891.0,2024-01-15,
4595,Person 4595,West,6892.5,2024-01-15,
4596,Person 4596,North,6894.0,2024-01-15,
4597,Person 4597,South,6895.5,2024-01-15,
4598,Person 4598,East,6897.0,2024-01-15,
4599,Person 4599,West,6898.5,2024-01-15,
4600,Person 4600,North,6900.0,2024-01-15,
4601,Person 4601,South,6901.5,2024-01-15,
4602,Person 4602,East,6903.0,2024-01-15,
4603,Person 4603,West,6904.5,2024-01-15,
4604,Person 4604,North,6906.0,2024-01-15,
4605,Person 4605,South,6907.5,2024-01-15,
4606,Person 4606,East,6909.0,2024-01-15,
4607,Person 4607,West,6910.5,2024-01-15,
4608,Person 4608,North,6912.0,2024-01-15,
4609,Person 4609,South,6913.5,2024-01-15,
4610,Person 4610,East,6915.0,2024-01-15,
4611,Person 4611,West,6916.5,2024-01-15,
4612,Person 4612,North,6918.0,2024-01-15,
4613,Person 4613,South,6919.5,2024-01-15,
4614,Person 4614,East,6921.0,2024-01-15,
4615,Person 4615,West,6922.5,2024-01-15,
4616,Person 4616,North,6924.0,2024-01-15,
4617,Person 4617,South,6925.5,2024-01-15,
4618,Person 4618,East,6927.0,2024-01-15,
4619,Person 4619,West,6928.5,2024-01-15,
4620,Person 4620,North,6930.0,2024-01-15,
4621,Person 4621,South,6931.5,2024-01-15,
4622,Person 4622,East,6933.0,2024-01-15,
4623,Person 4623,West,6934.5,2024-01-15,
4624,Person 4624,North,6936.0,2024-01-15,
4625,Person 4625,South,6937.5,2024-01-15,
4626,Person 4626,East,6939.0,2024-01-15,
4627,Person 4627,West,6940.5,2024-01-15,
4628,Person 4628,North,6942.0,2024-01-15,
4629,Person 4629,South,6943.5,2024-01-15,
4630,Person 4630,East,6945.0,2024-01-15,
4631,Person 4631,West,6946.5,2024-01-15,
4632,Person 4632,North,6948.0,2024-01-15,
4633,Person 4633,South,6949.5,2024-01-15,
4634,Person 4634,East,6951.0,2024-01-15,
4635,Person 4635,West,6952.5,2024-01-15,
4636,Person 4636,North,6954.0,2024-01-15,
4637,Person 4637,South,6955.5,2024-01-15,
4638,Person 4638,East,6957.0,2024-01-15,
4639,Person 4639,West,6958.5,2024-01-15,
4640,Person 4640,North,6960.0,2024-01-15,
4641,Person 4641,South,6961.5,2024-01-15,
4642,Person 4642,East,6963.0,2024-01-15,
4643,Person 4643,West,6964.5,2024-01-15,
4644,Person 4644,North,6966.0,2024-01-15,
4645,Person 4645,South,6967.5,2024-01-15,
4646,Person 4646,East,6969.0,2024-01-15,
4647,Person 4647,West,6970.5,2024-01-15,
4648,Person 4648,North,6972.0,2024-01-15,
4649,Person 4649,South,6973.5,2024-01-15,
4650,Person 4650,East,6975.0,2024-01-15,
4651,Person 4651,West,6976.5,2024-01-15,
4652,Person 4652,North,6978.0,2024-01-15,
4653,Person 4653,South,6979.5,2024-01-15,
4654,Person 4654,East,6981.0,2024-01-15,
4655,Person 4655,West,6982.5,2024-01-15,
4656,Person 4656,North,6984.0,2024-01-15,
4657,Person 4657,South,6985.5,2024-01-15,
4658,Person 4658,East,6987.0,2024-01-15,
4659,Person 4659,West,6988.5,2024-01-15,
4660,Person 4660,North,6990.0,2024-01-15,
4661,Person 4661,South,6991.5,2024-01-15,
4662,Person 4662,East,6993.0,2024-01-15,
4663,Person 4663,West,6994.5,2024-01-15,
4664,Person 4664,North,6996.0,2024-01-15,
4665,Person 4665,South,6997.5,2024-01-15,
4666,Person 4666,East,6999.0,2024-01-15,
4667,Person 4667,West,7000.5,2024-01-15,
4668,Person 4668,North,7002.0,2024-01-15,
4669,Person 4669,South,7003.5,2024-01-15,
4670,Person 4670,East,7005.0,2024-01-15,
4671,Person 4671,West,7006.5,2024-01-15,
4672,Person 4672,North,7008.0,2024-01-15,
4673,Person 4673,South,7009.5,2024-01-15,
4674,Person 4674,East,7011.0,2024-01-15,
4675,Person 4675,West,7012.5,2024-01-15,
4676,Person 4676,North,7014.0,2024-01-15,
4677,Person 4677,South,7015.5,2024-01-15,
4678,Person 4678,East,7017.0,2024-01-15,
4679,Person 4679,West,7018.5,2024-01-15,
4680,Person 4680,North,7020.0,2024-01-15,
4681,Person 4681,South,7021.5,2024-01-15,
4682,Person 4682,East,7023.0,2024-01-15,
4683,Person 4683,West,7024.5,2024-01-15,
4684,Person 4684,North,7026.0,2024-01-15,
4685,Person 4685,South,7027.5,2024-01-15,
4686,Person 4686,East,7029.0,2024-01-15,
4687,Person 4687,West,7030.5,2024-01-15,
4688,Person 4688,North,7032.0,2024-01-15,
4689,Person 4689,South,7033.5,2024-01-15,
4690,Person 4690,East,7035.0,2024-01-15,
4691,Person 4691,West,7036.5,2024-01-15,
4692,Person 4692,North,7038.0,2024-01-15,
4693,Person 4693,South,7039.5,2024-01-15,
4694,Person 4694,East,7041.0,2024-01-15,
4695,Person 4695,West,7042.5,2024-01-15,
4696,Person 4696,North,7044.0,2024-01-15,
4697,Person 4697,South,7045.5,2024-01-15,
4698,Person 4698,East,7047.0,2024-01-15,
4699,Person 4699,West,7048.5,2024-01-15,
4700,Person 4700,North,7050.0,2024-01-15,
4701,Person 4701,South,7051.5,2024-01-15,
4702,Person 4702,East,7053.0,2024-01-15,
4703,Person 4703,West,7054.5,2024-01-15,
4704,Person 4704,North,7056.0,2024-01-15,
4705,Person 4705,South,7057.5,2024-01-15,
4706,Person 4706,East,7059.0,2024-01-15,
4707,Person 4707,West,7060.5,2024-01-15,
4708,Person 4708,North,7062.0,2024-01-15,
4709,Person 4709,South,7063.5,2024-01-15,
4710,Person 4710,East,7065.0,2024-01-15,
4711,Person 4711,West,7066.5,2024-01-15,
4712,Person 4712,North,7068.0,2024-01-15,
4713,Person 4713,South,7069.5,2024-01-15,
4714,Person 4714,East,7071.0,2024-01-15,
4715,Person 4715,West,7072.5,2024-01-15,
4716,Person 4716,North,7074.0,2024-01-15,
4717,Person 4717,South,7075.5,2024-01-15,
4718,Person 4718,East,7077.0,2024-01-15,
4719,Person 4719,West,7078.5,2024-01-15,
4720,Person 4720,North,7080.0,2024-01-15,
4721,Person 4721,South,7081.5,2024-01-15,
4722,Person 4722,East,7083.0,2024-01-15,
4723,Person 4723,West,7084.5,2024-01-15,
4724,Person 4724,North,7086.0,2024-01-15,
4725,Person 4725,South,7087.5,2024-01-15,
4726,Person 4726,East,7089.0,2024-01-15,
4727,Person 4727,West,7090.5,2024-01-15,
4728,Person 4728,North,7092.0,2024-01-15,
4729,Person 4729,South,7093.5,2024-01-15,
4730,Person 4730,East,7095.0,2024-01-15,
4731,Person 4731,West,7096.5,2024-01-15,
4732,Person 4732,North,7098.0,2024-01-15,
4733,Person 4733,South,7099.5,2024-01-15,
4734,Person 4734,East,7101.0,2024-01-15,
4735,Person 4735,West,7102.5,2024-01-15,
4736,Person 4736,North,7104.0,2024-01-15,
4737,Person 4737,South,7105.5,2024-01-15,
4738,Person 4738,East,7107.0,2024-01-15,
4739,Person 4739,West,7108.5,2024-01-15,
4740,Person 4740,North,7110.0,2024-01-15,
4741,Person 4741,South,7111.5,2024-01-15,
4742,Person 4742,East,7113.0,2024-01-15,
4743,Person 4743,West,7114.5,2024-01-15,
4744,Person 4744,North,7116.0,2024-01-15,
4745,Person 4745,South,7117.5,2024-01-15,
4746,Person 4746,East,7119.0,2024-01-15,
4747,Person 4747,West,7120.5,2024-01-15,
4748,Person 4748,North,7122.0,2024-01-15,
4749,Person 4749,South,7123.5,2024-01-15,
4750,Person 4750,East,7125.0,2024-01-15,
4751,Person 4751,West,7126.5,2024-01-15,
4752,Person 4752,North,7128.0,2024-01-15,
4753,Person 4753,South,7129.5,2024-01-15,
4754,Person 4754,East,7131.0,2024-01-15,
4755,Person 4755,West,7132.5,2024-01-15,
4756,Person 4756,North,7134.0,2024-01-15,
4757,Person 4757,South,7135.5,2024-01-15,
4758,Person 4758,East,7137.0,2024-01-15,
4759,Person 4759,West,7138.5,2024-01-15,
4760,Person 4760,North,7140.0,2024-01-15,
4761,Person 4761,South,7141.5,2024-01-15,
4762,Person 4762,East,7143.0,2024-01-15,
4763,Person 4763,West,7144.5,2024-01-15,
4764,Person 4764,North,7146.0,2024-01-15,
4765,Person 4765,South,7147.5,2024-01-15,
4766,Person 4766,East,7149.0,2024-01-15,
4767,Person 4767,West,7150.5,2024-01-15,
4768,Person 4768,North,7152.0,2024-01-15,
4769,Person 4769,South,7153.5,2024-01-15,
4770,Person 4770,East,7155.0,2024-01-15,
4771,Person 4771,West,7156.5,2024-01-15,
4772,Person 4772,North,7158.0,2024-01-15,
4773,Person 4773,South,7159.5,2024-01-15,
4774,Person 4774,East,7161.0,2024-01-15,
4775,Person 4775,West,7162.5,2024-01-15,
4776,Person 4776,North,7164.0,2024-01-15,
4777,Person 4777,South,7165.5,2024-01-15,
4778,Person 4778,East,7167.0,2024-01-15,
4779,Person 4779,West,7168.5,2024-01-15,
4780,Person 4780,North,7170.0,2024-01-15,
4781,Person 4781,South,7171.5,2024-01-15,
4782,Person 4782,East,7173.0,2024-01-15,
4783,Person 4783,West,7174.5,2024-01-15,
4784,Person 4784,North,7176.0,2024-01-15,
4785,Person 4785,South,7177.5,2024-01-15,
4786,Person 4786,East,7179.0,2024-01-15,
4787,Person 4787,West,7180.5,2024-01-15,
4788,Person 4788,North,7182.0,2024-01-15,
4789,Person 4789,South,7183.5,2024-01-15,
4790,Person 4790,East,7185.0,2024-01-15,
4791,Person 4791,West,7186.5,2024-01-15,
4792,Person 4792,North,7188.0,2024-01-15,
4793,Person 4793,South,7189.5,2024-01-15,
4794,Person 4794,East,7191.0,2024-01-15,
4795,Person 4795,West,7192.5,2024-01-15,
4796,Person 4796,North,7194.0,2024-01-15,
4797,Person 4797,South,7195.5,2024-01-15,
4798,Person 4798,East,7197.0,2024-01-15,
4799,Person 4799,West,7198.5,2024-01-15,
4800,Person 4800,North,7200.0,2024-01-15,
4801,Person 4801,South,7201.5,2024-01-15,
4802,Person 4802,East,7203.0,2024-01-15,
4803,Person 4803,West,7204.5,2024-01-15,
4804,Person 4804,North,7206.0,2024-01-15,
4805,Person 4805,South,7207.5,2024-01-15,
4806,Person 4806,East,7209.0,2024-01-15,
4807,Person 4807,West,7210.5,2024-01-15,
4808,Person 4808,North,7212.0,2024-01-15,
4809,Person 4809,South,7213.5,2024-01-15,
4810,Person 4810,East,7215.0,2024-01-15,
4811,Person 4811,West,7216.5,2024-01-15,
4812,Person 4812,North,7218.0,2024-01-15,
4813,Person 4813,South,7219.5,2024-01-15,
4814,Person 4814,East,7221.0,2024-01-15,
4815,Person 4815,West,7222.5,2024-01-15,
4816,Person 4816,North,7224.0,2024-01-15,
4817,Person 4817,South,7225.5,2024-01-15,
4818,Person 4818,East,7227.0,2024-01-15,
4819,Person 4819,West,7228.5,2024-01-15,
4820,Person 4820,North,7230.0,2024-01-15,
4821,Person 4821,South,7231.5,2024-01-15,
4822,Person 4822,East,7233.0,2024-01-15,
4823,Person 4823,West,7234.5,2024-01-15,
4824,Person 4824,North,7236.0,2024-01-15,
4825,Person 4825,South,7237.5,2024-01-15,
4826,Person 4826,East,7239.0,2024-01-15,
4827,Person 4827,West,7240.5,2024-01-15,
4828,Person 4828,North,7242.0,2024-01-15,
4829,Person 4829,South,7243.5,2024-01-15,
4830,Person 4830,East,7245.0,2024-01-15,
4831,Person 4831,West,7246.5,2024-01-15,
4832,Person 4832,North,7248.0,2024-01-15,
4833,Person 4833,South,7249.5,2024-01-15,
4834,Person 4834,East,7251.0,2024-01-15,
4835,Person 4835,West,7252.5,2024-01-15,
4836,Person 4836,North,7254.0,2024-01-15,
4837,Person 4837,South,7255.5,2024-01-15,
4838,Person 4838,East,7257.0,2024-01-15,
4839,Person 4839,West,7258.5,2024-01-15,
4840,Person 4840,North,7260.0,2024-01-15,
4841,Person 4841,South,7261.5,2024-01-15,
4842,Person 4842,East,7263.0,2024-01-15,
4843,Person 4843,West,7264.5,2024-01-15,
4844,Person 4844,North,7266.0,2024-01-15,
4845,Person 4845,South,7267.5,2024-01-15,
4846,Person 4846,East,7269.0,2024-01-15,
4847,Person 4847,West,7270.5,2024-01-15,
4848,Person 4848,North,7272.0,2024-01-15,
4849,Person 4849,South,7273.5,2024-01-15,
4850,Person 4850,East,7275.0,2024-01-15,
4851,Person 4851,West,7276.5,2024-01-15,
4852,Person 4852,North,7278.0,2024-01-15,
4853,Person 4853,South,7279.5,2024-01-15,
4854,Person 4854,East,7281.0,2024-01-15,
4855,Person 4855,West,7282.5,2024-01-15,
4856,Person 4856,North,7284.0,2024-01-15,
4857,Person 4857,South,7285.5,2024-01-15,
4858,Person 4858,East,7287.0,2024-01-15,
4859,Person 4859,West,7288.5,2024-01-15,
4860,Person 4860,North,7290.0,2024-01-15,
4861,Person 4861,South,7291.5,2024-01-15,
4862,Person 4862,East,7293.0,2024-01-15,
4863,Person 4863,West,7294.5,2024-01-15,
4864,Person 4864,North,7296.0,2024-01-15,
4865,Person 4865,South,7297.5,2024-01-15,
4866,Person 4866,East,7299.0,2024-01-15,
4867,Person 4867,West,7300.5,2024-01-15,
4868,Person 4868,North,7302.0,2024-01-15,
4869,Person 4869,South,7303.5,2024-01-15,
4870,Person 4870,East,7305.0,2024-01-15,
4871,Person 4871,West,7306.5,2024-01-15,
4872,Person 4872,North,7308.0,2024-01-15,
4873,Person 4873,South,7309.5,2024-01-15,
4874,Person 4874,East,7311.0,2024-01-15,
4875,Person 4875,West,7312.5,2024-01-15,
4876,Person 4876,North,7314.0,2024-01-15,
4877,Person 4877,South,7315.5,2024-01-15,
4878,Person 4878,East,7317.0,2024-01-15,
4879,Person 4879,West,7318.5,2024-01-15,
4880,Person 4880,North,7320.0,2024-01-15,
4881,Person 4881,South,7321.5,2024-01-15,
4882,Person 4882,East,7323.0,2024-01-15,
4883,Person 4883,West,7324.5,2024-01-15,
4884,Person 4884,North,7326.0,2024-01-15,
4885,Person 4885,South,7327.5,2024-01-15,
4886,Person 4886,East,7329.0,2024-01-15,
4887,Person 4887,West,7330.5,2024-01-15,
4888,Person 4888,North,7332.0,2024-01-15,
4889,Person 4889,South,7333.5,2024-01-15,
4890,Person 4890,East,7335.0,2024-01-15,
4891,Person 4891,West,7336.5,2024-01-15,
4892,Person 4892,North,7338.0,2024-01-15,
4893,Person 4893,South,7339.5,2024-01-15,
4894,Person 4894,East,7341.0,2024-01-15,
4895,Person 4895,West,7342.5,2024-01-15,
4896,Person 4896,North,7344.0,2024-01-15,
4897,Person 4897,South,7345.5,2024-01-15,
4898,Person 4898,East,7347.0,2024-01-15,
4899,Person 4899,West,7348.5,2024-01-15,
4900,Person 4900,North,7350.0,2024-01-15,
4901,Person 4901,South,7351.5,2024-01-15,
4902,Person 4902,East,7353.0,2024-01-15,
4903,Person 4903,West,7354.5,2024-01-15,
4904,Person 4904,North,7356.0,2024-01-15,
4905,Person 4905,South,7357.5,2024-01-15,
4906,Person 4906,East,7359.0,2024-01-15,
4907,Person 4907,West,7360.5,2024-01-15,
4908,Person 4908,North,7362.0,2024-01-15,
4909,Person 4909,South,7363.5,2024-01-15,
4910,Person 4910,East,7365.0,2024-01-15,
4911,Person 4911,West,7366.5,2024-01-15,
4912,Person 4912,North,7368.0,2024-01-15,
4913,Person 4913,South,7369.5,2024-01-15,
4914,Person 4914,East,7371.0,2024-01-15,
4915,Person 4915,West,7372.5,2024-01-15,
4916,Person 4916,North,7374.0,2024-01-15,
4917,Person 4917,South,7375.5,2024-01-15,
4918,Person 4918,East,7377.0,2024-01-15,
4919,Person 4919,West,7378.5,2024-01-15,
4920,Person 4920,North,7380.0,2024-01-15,
4921,Person 4921,South,7381.5,2024-01-15,
4922,Person 4922,East,7383.0,2024-01-15,
4923,Person 4923,West,7384.5,2024-01-15,
4924,Person 4924,North,7386.0,2024-01-15,
4925,Person 4925,South,7387.5,2024-01-15,
4926,Person 4926,East,7389.0,2024-01-15,
4927,Person 4927,West,7390.5,2024-01-15,
4928,Person 4928,North,7392.0,2024-01-15,
4929,Person 4929,South,7393.5,2024-01-15,
4930,Person 4930,East,7395.0,2024-01-15,
4931,Person 4931,West,7396.5,2024-01-15,
4932,Person 4932,North,7398.0,2024-01-15,
4933,Person 4933,South,7399.5,2024-01-15,
4934,Person 4934,East,7401.0,2024-01-15,
4935,Person 4935,West,7402.5,2024-01-15,
4936,Person 4936,North,7404.0,2024-01-15,
4937,Person 4937,South,7405.5,2024-01-15,
4938,Person 4938,East,7407.0,2024-01-15,
4939,Person 4939,West,7408.5,2024-01-15,
4940,Person 4940,North,7410.0,2024-01-15,
4941,Person 4941,South,7411.5,2024-01-15,
4942,Person 4942,East,7413.0,2024-01-15,
4943,Person 4943,West,7414.5,2024-01-15,
4944,Person 4944,North,7416.0,2024-01-15,
4945,Person 4945,South,7417.5,2024-01-15,
4946,Person 4946,East,7419.0,2024-01-15,
4947,Person 4947,West,7420.5,2024-01-15,
4948,Person 4948,North,7422.0,2024-01-15,
4949,Person 4949,South,7423.5,2024-01-15,
4950,Person 4950,East,7425.0,2024-01-15,
4951,Person 4951,West,7426.5,2024-01-15,
4952,Person 4952,North,7428.0,2024-01-15,
4953,Person 4953,South,7429.5,2024-01-15,
4954,Person 4954,East,7431.0,2024-01-15,
4955,Person 4955,West,7432.5,2024-01-15,
4956,Person 4956,North,7434.0,2024-01-15,
4957,Person 4957,South,7435.5,2024-01-15,
4958,Person 4958,East,7437.0,2024-01-15,
4959,Person 4959,West,7438.5,2024-01-15,
4960,Person 4960,North,7440.0,2024-01-15,
4961,Person 4961,South,7441.5,2024-01-15,
4962,Person 4962,East,7443.0,2024-01-15,
4963,Person 4963,West,7444.5,2024-01-15,
4964,Person 4964,North,7446.0,2024-01-15,
4965,Person 4965,South,7447.5,2024-01-15,
4966,Person 4966,East,7449.0,2024-01-15,
4967,Person 4967,West,7450.5,2024-01-15,
4968,Person 4968,North,7452.0,2024-01-15,
4969,Person 4969,South,7453.5,2024-01-15,
4970,Person 4970,East,7455.0,2024-01-15,
4971,Person 4971,West,7456.5,2024-01-15,
4972,Person 4972,North,7458.0,2024-01-15,
4973,Person 4973,South,7459.5,2024-01-15,
4974,Person 4974,East,7461.0,2024-01-15,
4975,Person 4975,West,7462.5,2024-01-15,
4976,Person 4976,North,7464.0,2024-01-15,
4977,Person 4977,South,7465.5,2024-01-15,
4978,Person 4978,East,7467.0,2024-01-15,
4979,Person 4979,West,7468.5,2024-01-15,
4980,Person 4980,North,7470.0,2024-01-15,
4981,Person 4981,South,7471.5,2024-01-15,
4982,Person 4982,East,7473.0,2024-01-15,
4983,Person 4983,West,7474.5,2024-01-15,
4984,Person 4984,North,7476.0,2024-01-15,
4985,Person 4985,South,7477.5,2024-01-15,
4986,Person 4986,East,7479.0,2024-01-15,
4987,Person 4987,West,7480.5,2024-01-15,
4988,Person 4988,North,7482.0,2024-01-15,
4989,Person 4989,South,7483.5,2024-01-15,
4990,Person 4990,East,7485.0,2024-01-15,
4991,Person 4991,West,7486.5,2024-01-15,
4992,Person 4992,North,7488.0,2024-01-15,
4993,Person 4993,South,7489.5,2024-01-15,
4994,Person 4994,East,7491.0,2024-01-15,
4995,Person 4995,West,7492.5,2024-01-15,
4996,Person 4996,North,7494.0,2024-01-15,
4997,Person 4997,South,7495.5,2024-01-15,
4998,Person 4998,East,7497.0,2024-01-15,
4999,Person 4999,West,7498.5,2024-01-15,
5000,Person 5000,North,7500.0,2024-01-15,
