id,unique_token
0,LgVpEddZEFpuRFphneTSU1mEMI20QPig
1,fjGfhb6EAtvOGuBbGrpYkg2XaTqhZIAE
2,Ecjt3r3SUeWH692uRkFzpNAXXOOqDg4g
3,qiYRrsGvB4K5w6olKCOYe7Kr0X7xHvIc
4,zqgkoryhXyqUNzEyg1MBGu7UrylOSNfF
5,EkgVaqCLWOmcWBXz1N7TRnUS6eK5taqA
6,NFn9k3sle5D5SORJwprCgYgaETpCOhfv
7,NiZn4qlX5mvG1LqBe4XhfdGRCgLefmG4
8,2kyuEQU0skvOzCDnsgfvEmysFGTmcGvm
9,GNou30Sy3ylcavd22KBKBZ7VWBi1ElOe
10,X9jBGE8i1DiCks48fr3JmhacQygsu2Qj
11,eqxKA3sd6EJbVlIo1tZdJFlbdbvuVNq3
12,hpAkbaKngBnVjcdM0yPzDNpcfT1SztfS
13,AapjbXmkA3QmWQvXeoToFJvg6D9DVCji
14,cWoKwedi2DFAoejxGILGvl8iDzTHMeiB
15,m0Ho5sa66NiFs3RjbMh3whyFt5umAvoW
16,WubZNRRDUJvGa9oBKBowXwOSViv3r1uD
17,tAz2noZARs7zqDXF62fElBqufAJyPv5a
18,RQKt6LgzQ1fA9oQT5oelo2Fif2P4iwLJ
19,0fbHGLvwDsnEtpMzpIAB2oAc7UnFD7Wz
20,ryrHwX86A1fFOgmChIwaq4mBl8ChdRNj
21,hhf7Etz0uggCE09cKufYwNqoGsotM5BE
22,0lxivMD4Nk9EBQBQ73MemtP5QW0rGAAr
23,tWDQKSxTWl1X8BIXJat10MCGBF5nv37U
24,qXDzUiNNiURnOnSnTfJLvNDw6uRx316n
25,1CcAuulVBxFBZyXi2G9wuMbV9aK9Hd3z
26,TciIRE3X6O2OGVrFw9FsISML8Dc126A2
27,e4QOW4Z58Zp2hGAxfFPm0FIN3FgBe5Ow
28,xjz8JKRrsdJrVlDsbj3zmCucBTMQfdqf
29,iUQIE3TcdjDTQMjF7oNf6P5JnDf3Iq2N
30,nFTjljuqYA21SgtdiUTHdz64jyFHRaiE
31,SVDJcwofeiwFFDMNKTRnMXHmRcrEapnm
32,LeeZfLffGqu34vMMAaEeVcFT4YmSzpLt
33,xkZ1pPu8lfd9pn0EUJZXuNuZU3ZpBWwc
34,LtcxARagh2IxtPNfWNlYCtFthSJBkZPQ
35,yp27e7NExzF7gFq6BuX47lcMoYH5Hmeq
36,6IVdT76gxNKeZFAXFTXgFmrzznms0PHg
37,I7UrPjtQ9UcvKm93rxbOO4jSHcgDbRZU
38,3ATdekkRIBhnuQthZSgTGXCe6BvZNG3M
39,zCixX1OfXnMiNiT8P2QttJaMYzfnUxK3
40,5lglr3QDmWTWCdY0p9ubcj9c2u741ko9
41,t5hjMnryoxmvFycnSdC2PtzYWivZ7oBO
42,N4qpPGq2QpCKOCgATgXKt5po8cuFVtBB
43,6RawuTsJ3V7oi2jj4sdijpQyvJFGQrkW
44,AS6MO8cFv4wupAhGa54rrKREtkYBoljl
45,4lrzYZGpIww2cZHIenEyMJQ9l9SngaS9
46,zEtJQVl809poCAxqtOfanopNvfYnV7Sf
47,KJsFqJY98UnXK0BrMhg989MaqXGFFf5T
48,dwLb3pQtTvFIX6R4DavtNx5zfLx3X9gH
49,3ILsjEVDctge1pLngR5MmsxWincLBSHH
50,OBr15w5C6docITBRzAHW6Gz1S2P4dJww
51,orNlrQ5gBSO9zI1skWgZKztNz8p7SttG
52,gHqUAL6bPiaNgFXWGmEZUZ7Ytz7LDRpH
53,pwC7JwuqRvHmyVWI0H4DI0JctspORbWz
54,2Z0sfS83WRzW8hXBk12cDNlihLGzW12J
55,L3ysOxLMOU90CTtvPGNtN1OlKEbzKmmK
56,AQf5ZcyQfXDIIbXZC9br5Z0KTM7neUi9
57,t1wYFGmlvU9v1H3SKiT8dyATPWksp7mc
58,VkE3Kfkq712lA8o7pxPsD0YN9nfr8hZm
59,aJaviz80EoqRIke84WexqFVMhokHEop7
60,ZZXz97W28wTZwlfxcbQjYXbCbF2eK2iD
61,6q8vThM1jZcNtT35W8CzHAqosKeVBC9r
62,tZ1duH4BAdD8EabXu3OM6NXNObOrNolF
63,IBXaxfHVQDLJsoXyP8hw0dhcOsGIgFfy
64,Ar5afDZJNGYysHhXUZgOjSFLQ8FNpnxn
65,qbmIddrkR9H25mPadz94hRN2GEunhfJu
66,y0ehGTBWxelv481bxNG6v9EezoaRSUNY
67,8woFeb597DzOmI1vIkkPNsigcICvy8lX
68,BCbSFcsn8wKU9WvUxvhFWTdKfMxtTVOk
69,OhSoH0AKwUGsM7mjj7uvtpyK8ufPn2pS
70,J17DuKK2MA296NmWx03XdufM5mR1sqCQ
71,HSeBf0VDbem5WGWkujHOb4fMAmBmDIvw
72,patKjV1VP8nZfwvO6204ldyCSXyyb0MR
73,SE1PGRTNNpOfPyS51abWrNrJArTAwsEX
74,oY9FINXYw96nIZu8AZJd3rkdb3ts9BvT
75,n3TWbmq3sOP4EamBCUZYYBCs0QKs0lqI
76,F6t9klhOXCDIXu0zsy6pVCM3r3Rf7vCk
77,2A33ejvmftJxn4YNEOusPv4mygQQ7Xuf
78,3XgInZNYXyBHPFrH40yStDC8dUIdsVYf
79,bY1AoFoMxkss320OiQhIhQWFOJ1KSiCC
80,SDO0MJpUfF3j7QZzBZBsTxgYuo16I7Dp
81,2CrS1wHoJQJq2dfdFpiyNhVtjOuqZ7Cv
82,wHkNrXiN8zAQM3wY3Qe25csB739G1z4k
83,Wzk2ofQrO5wj7AKAJAPD6vfoXH44Da0F
84,zescvJrHIAzNg3ydYy2pBx852TxYNl6F
85,HrFAtpVSHV9oO8AnB0fb5RBr1GLxaVoe
86,p5sR8NeHoKXj62pyMHcTuOYpjeReDyco
87,LdQr39xvOjkU3fKC3e18q1tzjKlW7NcA
88,Nvd73LY1Bu0fA5Z5Knti51BeK2ouhwx5
89,RSBaOEXLK5ICLQvPSUA18mxqipIs3qfp
90,rvSSrEWFi3fFpPyg9CEJ4f726NmzF8Ag
91,AUdII4XKQ9YLSWzguLY827PIDJiL2Gjc
92,i55jyGQJlUqMwQtn5oLsI6fqAkwWmgn6
93,GrWXVzQAsnCOOt46saZPkind9U0fUIF3
94,hXb5zbRN2i5CsHwmHKO3QzATeoMP8ZC7
95,JXS4rWpNXZnNQQugUbnuKybu1QOxqFZJ
96,slHdgDr2TfPuDHJRyXRDTk4mbmteynLY
97,nsR5EAn2gDZo8jiVeXDh95P6855lWIrY
98,mmMDT7lhQZvuOq20dcbZ9dwmaCnV7w7i
99,GcZFFjeh9XOO6AoLQNmtZR0J3jaymeLT
100,Kohuevuaqp43L4qyPNUljjob9qm2JEmH
101,kbidzud1dpmwTZViHIsBRfVSTadZZsWu
102,253wIPRpuvsIMH0WIwAp19U8s2A64jR8
103,9hELUXXD8cIUBO86WgEn8Olquho9nQqu
104,IBxpEWUCoInDHlTdRoqXBPdifrEtIwpe
105,NLhZziWJg4WuDsLJXEh0TwlIeoUIebXE
106,3sWbKKptCDIVans0dHuuuTKUgk95hZG5
107,BOsDJ7yLJi4sNFDtImhrtwHBc57ufwhT
108,d868doMfSs6BDYl3DvSLAtVopfXesft9
109,q86kcwu0CIkqCLoPp3lDMHavY8ZpR5pB
110,ts6VRiP7X4L7WlWTX82JuUxvVPmEH596
111,ZTBiFGxGA67be63pHovIsak9kIELW7n7
112,dT2taOhrWvu0k7vLts7KRUeRJfoFLUuC
113,cOuwh1BECYKSjt58wMfKnLylkNJdyzZL
114,ZNEIY56LXLPhEna1uRdaLBJCKsAjNziC
115,fb8as6oGpLWLou7njj1ANxRrTmaTAZ5r
116,NMc53h6Jo1rcTcI4lkkaSJCAqC90lNmK
117,9BYqUGHmtUKTIzGnYgV6pjtwjXaeZ44I
118,6oVXh8ZpwVnmmtnpXFtQH7DUU4vCquqd
119,Q19xxyRMPJVHiOfQJBHyFmcgqvh1fEEY
120,2kOdlG7XEbb7spG57R9j14mWbF8F3iwA
121,uzPqWynlV0AcYnnAMjerMy0Tu72MxsdL
122,bFHT6LXSC9pBaEgC0edxHXgMkuiwQ9qn
123,7Zfs926H6lzpCuBcSpJiag5SZ2yYWn5g
124,LEDHu3fmQe3HKejYc40Ho1OG6QCRqh5e
125,VmBK6pdu17SUSmOvFtUUyLlaj4dQJjq6
126,IdQJI9vOeduK93hBt4m5GS8jnpxTgKuB
127,fCLAGfpThAi9k2Z8pyDyylC0anxZPlNi
128,Gcc2e7TppoeLBXct92Zl8KC6vBco0WVh
129,Nc3mbLjapegWrIuA0KC3azQKM2AcUjz2
130,GopeSWz2G68iHz4QZcw8jXFzijd1vfea
131,11vwZgVgYskahWNHE15xfG4aLWnIhUvU
132,6Mu1MuxeEVzTBBmh3ZPTdmrfl6LiOjf3
133,2po9LoQz8aJxVac3dxrwAjzL7e1wRQTs
134,7dWi2Vdlc1Jrt7SUbZrzqaYi3qXD8qR0
135,d8I2yRwyC5bDRIjLmGbcsBMp5S8XABs0
136,N7uGU0AWn3T9y2fYBVrPqOybjnGBvmnL
137,igDpMTYysB7AnjyHHuuRVLi0tXkVwnGV
138,ogr8hCJvfX1F0RLSxUM7kYaE6JaI6JY3
139,tlYaPG2197Ve3ctEU4NLXpdf89CI7xxS
140,ivVpj9dTTeDW2tuGJsKjxzPOBMxGBZEe
141,G3MATW5pni508BPlmbeXmE8ScWd3eoPT
142,1gUt4jYBIN1XiOzpwd5tJu7Jxj69rBb5
143,ycsRFMxK52lzCg62hTY4kJyPGXXY46NL
144,nkmgQJGipMZyAAnRgLRQlcgLfNEXgNWf
145,GSg0wAdRNSpRLy8WJukZCkTZO9zx91ju
146,n7FBzxlL5iOp1hglTuYM2S83qCLqAgE4
147,cXAJ3K1PAjBJowQCNCdkknEQGKmyibJZ
148,5LiakyIEqOaJ6yJUh0MLzJHkqFh70sZq
149,BDhUMjCeXMXXWaVLBI0RuG6lryg4M0dg
150,pBRtWTbX21fjnjrtXq7onLOLhfwzG3Ef
151,NqfzMivsuo1Rn0gPaN9EcHwcHzAs8yNd
152,snOQW2KlTCtfNvLt2vhNHr9fvAQrcCki
153,iyvfAk73Ji3tGDIiPkg9xIenEqduwMID
154,hs1acQ16CsV76LXQR6si8UUinZ3QHyCn
155,FElwuuC731cJkhKoVtmcCVHeDcEFlF5j
156,pEkXEeUx6cHqpe1hhH0gPGqq2t5Sg1sJ
157,epWjaWoCpgPu2z0yzea7XoKoO1IBiDvB
158,FIt20iTnAYva2V6D55taqpoPhFEOLNTN
159,DjmBgzcv8aSkWp4Yy6JsXjzczTVhjhuG
160,pWjR8k3rWtGPTPkB4avFKduRk93oY4t9
161,z0wShIlcfoi8j2CRZHyJlBa7c7dC43cG
162,XJMS6EMj4aGuQJ2LN9BsfDCRb2sCNmlK
163,LXFzBzsWbDmu8kXVten9vEl54fZQxd9x
164,jOVSi72ZOLHByFubuFoWr0jeYlMyKVTo
165,WOofZNhTgCHNtsdISVQSYbvXJDxgQEx4
166,lOqFpgYPDeK7LGd9SrssuqVYZuUROx4Z
167,6LorsLC9pMuGfRmqDBCYZtqgtGb2MuB0
168,aHAP1Sw9Qv205j91FZTa3Jhys1iy7jTG
169,z579qsTekfKtHjpd89sI6KTfqftKing5
170,UdGi3MxLE0Y84UFHLt1K3BNGSCSGhalU
171,S5UeyCyZMMxcbk1jjV7b4kd8ltvBM88b
172,MYWhrDGpIvDL4iNbcJvjcTj8PgiIXvjX
173,Dyhkf6mrKgfD3DJlQV3ozF679SXV3bpe
174,Qg5J9gf8ZoJNLJlFQOgSEZEutHv1SjxK
175,rUAmsqVsOPahrTirbTt1dVwLTUGalsxy
176,8gJM8Qtde5SIvphAnirg4lj7NnXiRot9
177,NiXZf1soqgUf2TJjCke39YXpTTJLIeRU
178,RDKZAWzYSLslrEPYIFWH6GLI6mtC9Y24
179,USzv6ymsxzcl9dR88oyEr3VkiKRuquMr
180,pgu2HH0YXepf9wVAfyjzYUpNbkEbzAQC
181,r4Nx4bJj7EMQheIdXHItq4cIvk8a1FAd
182,RAH6tpJdl1ghOthKB4NaT8X2ihucpjYQ
183,L4fepYRYx5xFcXxW7Z0TlqhJshgmH25N
184,rnXlOEtfZ0n5I2Z0nlhllvYSNxhOl7IR
185,YilLebp8GUpEUIdumaliP7pwZ833vzU4
186,6QoX2mAzvYgm92xdsjrXp2X00ImYXpq9
187,QqFdSaEoO8u08LADOwPrQC43XatyZ8Pw
188,BEs8vjxBi9VwuNq2YDNyvGciKcqqhwm3
189,PL22v4LzUuQpCMvdUysC9w1JqCwX3a7Y
190,MpvTv5VlwYcrDS0DRiugXWZX6C6NcU6y
191,rMxp3bk6MqCQ7YAPa22lK8OaFdbsl9dj
192,rvuOUrzM5BYlW9JnNbSwzwAZJgukT0YY
193,JJ8gU3BaauKrAhwGZmGdgl0F9g69Gtfb
194,SpS0LXoI5P7WoSqRSz64whPWWzrNxcS6
195,Te7tmtF3sPtzS44EzTYwXNeiBYuz9kn4
196,r3hx2MDzPbgaWHr58KwN2cau0xL43MvK
197,VkNC8I3GSZwtnaRaOydgtdaAdLYHL5eW
198,4TtNd8JRGKF099HQt0lvbJ4XYZ1TkuyG
199,gL4I4gtyj1wtq3UVtTxbyTFWj4mWOVja
200,yzsG2ANJ2rV5rHsAuj0cEYLmgmPxqZoe
201,7jG0F6skkvKTvvHBOZ2Bgrqri6GQ2j6O
202,4WaS3TmdooVCJRwslCGLpSpDo5ReAlQc
203,iG7Zr13pWEpOQYvnM7QMsnaMe3gx1mWw
204,FprXVk6Qo3Y4kl82VqtTOn06zZkfOL0Z
205,KZZgKXXDjmagRVVnpZMhfcH6778JeCAz
206,mnN4qK5V9ZiiD2XJlHglZd6cKj7Yo2Xk
207,KkOFCcdsHsJQhkuwFaMxBRhkwfgkgMuK
208,2dNZmQCVdHFTV3RLwDbG5c7HD9ng9L8q
209,SZNIVVDERkW8W1rncLUzU7wC3XLwcZkw
210,JuGzfzJbD29TSemk8zkqKRxfzPE4TXuE
211,wcNCTAhFyk6ZM124IZ1ksmPfuAnOLLvo
212,z02U2Ch7Y5VSxVW9VDfFIUpTONEZb5YN
213,MEJcUAfq0jA3BLx8Ff89nq9KfE0Ialb1
214,p1MFWufztwzSouzfWO4IkbHJqpV6b8xL
215,YqsgEZEh0ztaH9pXHCObvCq1MaTVgLMb
216,guwGQaynkQtSbDoTbyMh5AFc7wkq8Yxv
217,5REG720eu7YKmI032FQ4D89D0SjTm3c4
218,F92Iauz5mukxPfMdOrTqlHfAUouSqaIv
219,zBQlLHwku7zyCKqTpg1XZVJRE6O135GJ
220,ib9sFLwQyVCOZnizJmiaTSHLGiuEN7BG
221,7z5jCAIgWuQR0hUca0O0mkAxNTVPsrW5
222,KlLcZrwcA98m35Ej1KggeoESwGkjfec8
223,q0D4OEBsQ9sVYz0cbtCDz91DfOAp9Y5h
224,LwC8Cpjron5gO8fyalZ10xMDQ9SrUa0f
225,qBQb0fyEcMkF4uG2skO0IDG6aNYuC13j
226,ipFNofpxnM3pTx1cC4A6aVN3Yb02uKRH
227,cwfgL7npV1e7oTUqOS9PK0suKFEPwmHL
228,iBM1aYtzAjGK01dl55TirEqLofOmHmnT
229,oisQrjcY5HviIOWePtKHgWj7f4to70y2
230,2Ry6x4knfadDeb0gyaQ7FdOcc7V228qj
231,30l1JMtF1WIwbUORNEsdQjRQUWt4P5O5
232,Rk12TV5P3ahuXjI0wHDpRI5VQSDjlcdy
233,l3UnCE0oxmbXSDxwxxBjw4H3LmNwB59w
234,khpX6Z7JrTvDtYi4ANaAaXrqHSVrHrB9
235,S2ZTagqNyk0PDtzievkXcFbtpR7q4nY1
236,gdaaFMcocxHNgeBismmBEwe1RVCgI6IB
237,K7YOuIUUmslSodWuh70MbWaFE1xzTOjv
238,03UXybfR5tw1eJNUeLvKdinuaIu3QufX
239,UDU3UC1kMU8SjQ8sUsjPtdSdHb1Dhf9M
240,PPgvPhH5v4NW7GCGWWdk4HrjPjaiCxFZ
241,wfI1WyYL89R8Zqf7eyXPrjfIsi05WWmL
242,uvWPOhDmTi4QocvIHTrsFKMGjNKIulmW
243,wGNQMmhQ8sGiLLCGShldpqfRJyfZjunQ
244,OfuyapqSPVUkvbK9eAfK9AYAKE4vx1WS
245,pqItftulVYg5bwtDU6hE2h72tDxc62Q4
246,DEAFTCXC367yJFMQI7sgSQst3NIB4ck6
247,8YokpTDYIG2QvPyBA74Aoga4yHGzpaPH
248,aC6xT0ncfPlF44uuRNaNdU5xJNn83YV2
249,hHl0bRUsPLO4bPsA13KRonsljeIBCIRF
250,tayNimXpxZoyHTA6ZxGcEaywG2nSxCkj
251,uzCe4IwXFGfOmTCgUWTkiAgdVAKfBprJ
252,wFycNeRRevJ1HOltL7lFGiH5DWF0Cuug
253,UXlHusraVYbtPhG39Wrj68PqnTXyCpdK
254,gHlAIgHEfR5AJlRXNKF7dMX5jvCSX0DF
255,xHB4JlH7AEYfsPe4elNeJuKYA8FKGvUl
256,LtWVLDSlETJX12CEVhBR6T17b2tn0Frv
257,nD2i1gM3H9guXHwVvnZdwSbQvNwLDhU3
258,amPmyeKnfd8DX22Geyte3nc1wA1ChXGz
259,VDXCgLogcfEjSrD5IBpTd2YZIimkluIv
260,FntHyjSB12xFGUiKGscBeilQ7QILoNUo
261,R2MzczTlIqwKOrISQ2I94E5mw9EW9W66
262,0ll5kibPBVz2RLCCWCAB7c3SfLXcUqwy
263,Yg8PliUSXPIcGTpqt96b4Cspm35YadsT
264,AnFA9Ls6JemLSF68un32cPvODsHZJgAI
265,2FRws703QoSr4PRFGNXskrAFReJWdurp
266,fTicVuMDAcH9KtZCRSu354q9qs4shCDe
267,rq3EhGI5zfBwaoJvZRNrvZ1TDQCGkDCB
268,szAvu0TfUU4SbFM0qm8S86H2KDodqb8w
269,EQi7GzaXrBYXSblvX6JuV63rQsbCvork
270,AJWyx1rvQiD2NuUSpMCMMU36yBCyGQa1
271,MA17D5PCPCaTYGbkhisZS9FoDnVs61iG
272,wNVNiRWnpHaaFd1HeAmKr7jeLNI8fX1E
273,vDsDJP1QVAW90ST9wVXLlaY7K8EjqjA9
274,QI4KsXwepcy5q1jaMUMA20Ku4uoBmlhM
275,hDeEHhq8yNzqAlxH7e5IV7ky8z3tAaxd
276,npHPhFlRmoWzWG3314yRtWgKp36t6g4U
277,05yKxEmuzBn8rkZbph7ypfdTbWfnAz7X
278,cYKNBHpuXaWmMjxjQArCGMix9IoxOhaA
279,UXtzwynjk9wUdXav5FxzGKFCTdWbPAQM
280,mokQ6NHbc45CdQkkDESTX1DAFottflT2
281,j4i5BIuVQJAVLIwloBNBTvtmH8hPRa1w
282,yLqsrFsOJo6KRqM5fqux9IJPYJiBlVvN
283,d4lTJ4finPX8twLZp5ht2a9mGVtJlP71
284,w4ooUi9fbm6IWOXV8rNryA2nRjWm62KN
285,qxU1d1qakh8iemFv78x1tv87z85LuS6E
286,IN4FiwepuzN9JBqipQ03oaLlPd5852qo
287,ZoMIYkEXIkQgGa70Y4nopZTvO8fqTE4I
288,SMcTDANqcoEV8l9GWat5CI5aEVMbiAyY
289,jKtKXi71GLljvOVqaqtKkw2o4oXwsAdh
290,O7eJCu8HpR9SEdWHeKie0haSjqDP2bKQ
291,7KgsH9Xx0IoUNCE7NuPjaIxOcVg4xNDZ
292,pAYPhAlbluI80szm3gzWf3gqFq2iD9J3
293,FvJCarcaIQoiBoglormUYur7bZqAzF8m
294,PwEPtXZdbimEPybIevxy83EJJ1HBAHyb
295,KiMRlrzqPPNu3FATG0Yk8BouvtndDGon
296,dAUGeo01TL6fK5KH2hXyvE0syoCnpaJn
297,vonwJU8kOfn8SEP8R77rrpkZlkIFKaq5
298,P2b7jmuW8zj2perO3p4a75zl3jR4Rxn1
299,NhaIWfgHbnSaLg9qJckNfUQ9qL50wTvM
300,VWKUGpjxZnLJ46ApAmnbRTPbmie6wJAP
301,vIBQqU1yVny9OYWYMp7bVFlJKb3GqYwb
302,GbSaWMpus3HtQ7E2Otsod3NwqZ5poFa4
303,xtc7WD0r6W4HH2Q0KHAQqVVt4p88Ws4Y
304,iZGsN7gpjU30fPLYWTzSHuZd0BJbVC8L
305,9Qxvn4IyrI1LgMhDhp7nzXRqTktjxznf
306,dagmHesjfzkqzJ2UpQEcHkqRvihapMHK
307,BfK9XzfxLuEoyf5H1IoyDUQp9nSGlHDz
308,tVYr3vUdhPPKxsw2urhiSN0jCIdy1g6P
309,jT9AaiEr70L4mnjCUZsnuRApnM2Axufr
310,umEPgBuUKUw7wSMLvMPlL1b7amSJqwXA
311,O56YioO3cP6QkZoLmhyIUKC0OX4qC5Hv
312,JIw9caC2zY1ywlM2dW0udV9qGOwg2E7m
313,frF9YBwk7jO9sqXtYAYIZu3DrQtuTpF2
314,PfBEKJfyjMzywbBWUQJjidTKmCxLd9qn
315,aFjy0QUms1kLPJF8KblvTySZlV5JcWHI
316,f3G2H68HrNtHobDtQaZHI9IzIwi8ENIa
317,s3hsIv62bZlgmGM82OyYbyu2gDTaMZjy
318,Ro3i2xUlaanlfMM0jCyNlpSze8MiyjMK
319,KfI7HRXd2emk2OC02pqhb59HHISJVRIa
320,wW024e8I13ANiZbrkXfojGxlOejw2eO4
321,jgfP7cgpSN5NcWhMrM7jCsLuoYPe7eJy
322,auxcfndnBCtoaR9jhr9mCnvLqShqupXq
323,iKRO56keJZIwvOMtH1DetvfGroHQ7G33
324,NstGn2iW3U0msYTY8DXYVpkRsQhrwFrw
325,jfSqi5nkpKXTUO5BU3xeh9oOtd3dyU58
326,dxjy5scr62KmIOotfzvpwtKwH1Oh8jQW
327,ftqtRmnVdSEdYZxi2yJ8VCOs9cv26pxM
328,9dZ4w87A1RJLR4H4PiIdRCjRwr4Gx1qn
329,RVlEAsA5pRxJKDtq1dWfke5XuI30Xvq9
330,qjHMcN4bq0f2j24vvzpq3fEDyuCsCcli
331,gh9Ptt9LSvzvEgjNzMEMf7MhLiLd6cId
332,baFd8Qk4Hcot8YngkE3L0D9SUBTgX7QY
333,3DRIYZ9ErVjOzf4Tdvcn7Dk7wzU3j3qI
334,lW9d5f7x3i1ciUPUOQtl3yA3l8TdpWFr
335,mtncQ68sHFmgqFzHGXAF0iKak49tAkGB
336,m9IGeQafNqAQCuNSzCfRYXNIFJU1TbKF
337,aFpjxxMgQjbn4N4b7GAXFT5b5GFnKeT3
338,4LxaqfbxFPfKSqv36ZEHR0b5gICLlYKK
339,rvv9Jh5K31ULEsm3lKBBF0IIAZv39Hop
340,OJ1fOWdVc3iCxSY6ETp6nnwScRYmKzoC
341,tfdyEUQyVALEJCbtTuD3UZ2es0IQ4Yr6
342,znu2XlIpa7V1MqrTNVnhVuNTC6uNQE9S
343,SFiq8USxpUFzSEcQEDylHoZqJd78hXR7
344,VFxMjcO4J8GxUbZTMdIAHSHchORgjWx2
345,0lVHiFanzmjQvyG9rUnScQFTZiYJTEl1
346,HTB3O6PkaKelF65IvK5BlDJOhpubg7DF
347,sufnBqxXpxSo5jqVUm3uobt9Wy168doy
348,iI98BcDyAqwV83ZJyG5QhxUm3Rf1NnR1
349,QiCX0JeynYGhC9E82DNWIjPZBwqIYTeT
350,gU2LwzspalaNoutfSDlSkz9W8bNeD96J
351,Gjh7DA4GnJsB3rBnJZyFaHmwYRzgpYTt
352,V8WBlHorFt454G9asqCegfFrZremSGDV
353,jgYThGTHrVT62ayNhIYD2KNfOOydi6kK
354,klPAcqp43BR9XSSMHJGyETuGuIkRNKKb
355,xaDHNhBhMGFutPRO42GEECwrrZrcbdbH
356,nh1zN8dpTuLafr8RC0oNzz0ke3TXLwyp
357,HVDq4oTARX5qiR1fXobRYdWf4htWwTbO
358,TrtyTYOeX648k1SDPzpIzZOGs1mnuTCQ
359,DNypjg7mZa7W45YhtphctF7Lbn8T8Sp1
360,OXshL4JESAqLay5VZLnqdgDMHTrLFr9s
361,iTEVuaWtYjIjDAcDkVsTXVbiw6LOtZmo
362,kLrnHYGGrxJdv0xBpJ87fWcq6NI4aeXV
363,1g4h0MREN49BidViZTOLjC0YIUinNqpY
364,oqyuwR5bW5fuQmR0CNf11Ju4jkOlqETp
365,kPn0LoHAwriyEJdIjEk9YK4Rz24n5l25
366,7yiEnpWMUgwoL7D98W7jCADKNoG4rNSB
367,6tkkxNnIeEYMr0w75vkeqYgKS6GhyRvf
368,puJVLFeDEYuOui5jeIw4tr7XSIAu7vBN
369,knzzP4Q4nj8MfgI1tACbm54ztWKn0fEs
370,BCEFBxaVFt8767EUJhKUFUbEoGsI8DUT
371,BX3Hg3QhjckfEuiCnMk5ut1hDfC9LhsR
372,BIr3aSaoVzS9ADkAJ6xSRfXEbqG2IexB
373,GHTd1uineEW8HXIeMEzEWhI0lOwfmUhO
374,5EJKUMBqPzUeQA4OMhSQ45mqSISYrri7
375,Z3of6LX9X0qMxJV8TF6xcnSpJFA7eenW
376,Yhz77cBGeSRWqyuiEEN4FDr3LwWM72iu
377,RdfVKIR08migqef44jMN68Zr8bDSZc5K
378,eUuHtY9TlPsYR0PBkbGBxTvGxb41Kz0E
379,Od9tWUuYe1nPF5GInKvBt4nwleDXOVNj
380,W6qPL7YrRGL7LVyNZKkEFzsrz8dEhwE4
381,37rdL2bZhb3N6ISfVmZ7Ci0PcMaMzBWr
382,8S0IpL49bOfYbEPeoL7SD5DByhPKyZ0S
383,QIskV36tkNL2tsxO7zPoixeKYfk8FCMg
384,JB73n7x3CPwIU3190RLTdNwUeKsjffkS
385,m2mRlMcM0HUFzPI24mI5P21spmwOuQz1
386,cceXZf7lknUPi6KTUKD6k8WT0DSkXN2u
387,qnw0kbpOQbBu0GPQEe0yaxQr9PngAri2
388,fwNE8yiTRymHiicq2Hpqofdp56rNkmuS
389,JqkyPchiLjcw3eVnEcSovYVSShNqErVT
390,DPHS46fzQd35kLHkZYIzozplbAiH08lC
391,c8keL2Xv1QaW9KzJHg9tj7xSgVwFyW6I
392,J5mZN0KrSeLpLlS59uEDta5KQ0Lgkz2V
393,N3I1HKR4W5JaA0zlvj5V9kkP5pbHVmuD
394,VNy2pPtUWH36z9HRg22rVJmUBGaVyvrg
395,WdnY9YB4luGsrytQtm10s8WK3kgj8XwM
396,EWNxhQYSw82GB8bQj25MYYoFX4x5C4wF
397,up3Z3WgjmQW6F0BuQ7cQAAwS5vX4LVWW
398,AKCDt2nallqV8ND3ZwAcDtFh46Uc2Gy9
399,zr8PgamamI773hdCy65cfOtNgE9NUMZp
400,DyEpk0R1P6Pz1IYgXolzSyKfMxfMbtc9
401,ipCmobNWEKBXUqUpAUgp5YyYeqSDT8Ph
402,f4OcP829YKAx6jtRsTLi5Bxb777MvC1s
403,4Lwtm6oan6TkIq9incoVb2dvH3ms76xE
404,I5BEik82Bgm2aNSv3nlBES1U2DEzTq5M
405,0X8zBCOTYVd5pIl6sLk9H82p3job7YVC
406,rxZZLuC3maYTyuGFYCeZ8rk424kEtdnL
407,QEkw3bJyVA1mN34Mvqnrvt0wbhpONe6j
408,s1H2KwWuaL31nji8poqLyqcV7VxxSvhI
409,rJoCvpeIKP06QnCQEO2rxNJMagKB9Yyy
410,qaJxqIyI1HqHbS4c3eQYmw2s2qk3r02h
411,Usfq7qjzFChcbprfcDkXYtV6oWvu9a6y
412,DKixlJhEU463Lvoqa6i8dY7PCouMRL6P
413,nVo0chnHHTruKmmnz53KHGMccJh1cpDJ
414,bKMtSuBLIljAkDcWsyCmc001NhvljkJE
415,EVRR2fEj9R77GDe1SI9p9apw9xPMOzzm
416,xGYlX8MuAHOyMMpMfEb0ZS1Ryhg6mJqg
417,ZRD2Yk7LQgT0ElaqvDvlgUVVtJxyKeIk
418,ejWDXEQGfZHXWWEtWVzqz0V8clzaIfFj
419,ZpzQBhN8rJvcDrbGH1HB5lSwruWLaZVM
420,45iCr03y3tW4te0ikZj4rUivH0OJxIX5
421,BM9RNoN2iyPJFZCTxyC90TXE6GMHindr
422,gAu2FcyUt86zUjT1qTrgxpQmgHck7LC2
423,dV9zY34Hk5aPdjEEiv7D0Djj7As2kSqo
424,FgkBaoQ6G4uva2E7VXrhLGGBPhXCTNp8
425,4A9X0UUg6XEdcCZe31NwHNSIoUZulBL9
426,dMkwfNXXyAdAQugBwdhULcXI71LjFPZg
427,9EQWVYKVdqPc18YkP7Zcj4B5idBc3DEp
428,gLI40fI0vzkDl66NCifpG1A8CKrwDNs8
429,wQDh96F6dTAeFbTdIgTs4aor4daxPCJe
430,hkJQwRmf0kLC9TPfaHtST3Cy1v6af0II
431,tKU20DEpBGJAeTcqk0sGFN13IW0y7DsF
432,x0vj4TUB3ohY4G4YxUhM1S9IsV4c61Fw
433,9ghgEWOj8OtuZjCYAsfdQPuqc0Ph1nZy
434,BLJBHN7bko2Y95gTH3ZnJtC3Wswy0eI7
435,fvpb8sxdG7mSCf4nh6HVoi7KmxvKFw6g
436,WX4orNNQn2ZiQyJw0HTpZm40ddDp9FxH
437,TEIBc9aBzR6JlsKQkHrHiqEVVweJH36N
438,V7PdoF6UknCmT4K90JQeixsrfHymWTKV
439,QJipiNSc1EdCBe81Tr1k1GiyBVbUAG32
440,znR7k01e84qlGZcwVXiSiC2afBUx63Ed
441,1me4gaG39WKHbw4A1MS3EXIZr9adRC3P
442,ASh5QvOrnqLyqwu2XHw369GH1LiUUurl
443,lGUAxw7gae8exFdn57OObGyOLa43tgzc
444,bq3rkwORLOaZzEvzAKG6uKsefQoGMprp
445,NSTdrYPSkXfQTGP3fBEZBysmVeaTMfA3
446,4VQwwbidZcKyfFZdFTwVMGGQO77x5Wbm
447,mSi5VJnH6X6oDIyE1KR1tvW71A0RlJ26
448,ciYcZVmIsVCKR8ixjSftpRxNSvJcTLAR
449,omaY85fC2CHmN4qWfB1FbDQfA4R9tikZ
450,uBFJoboHq9RjsbANb6epeXF0yfewcfuP
451,xOIEWsJphQeanJ3qKEDLGVnKiXcn5fzz
452,IUNRDUpUMXhRnhokdKEAkEVdz8q0UzPy
453,hADdjSCDFcq2iq9qrtkcYytsVOYTecWp
454,PA58URrhVV73gSMhX4JFSetG7iModDKJ
455,MsGbi6pSzSnBpcqNSXEtEEmvAeCb23EQ
456,BRhPsQENT8PkJg4YicL8O2S9jmQdd6mK
457,Www4NSpqslPSQZ4Ijt8EbSY0jayBbLEv
458,3uqPuPdKY9aaRuCns4cegWhjKiK717m7
459,W290d5mWryyAqI1NzG3EzF68CyzTGp2B
460,bQxMyaYlgoC8iWL1H9Lt9iTWer3vg6Eh
461,qnirZrvnYZsM1iRfo2jCpalGfyLKLzoZ
462,Q5w1JXe3cMcBwrL0QwzrYmRqdATnbj6N
463,bEl4Nv4D2gRIx40eFzLmD16opBeu9jdy
464,boTEIcpzgbmR1ndRnbMRW5kgtEPGr7Cw
465,z31Kf1hP1Ru3wTNPAmKGZ0oGHWm7PV01
466,irm6qfGL4v8wwkQaKk1FQ6JuUfCVxFqe
467,FnU22RzhAVnCJyXYw24ArFlyr9o0Yqq3
468,92kN89an4tzAbZdcG4mPHFXermcP7mwQ
469,3HEkjBqSYfhrHgfRtCjXqJDFQBWvt1z2
470,Ifcl8cPihn8SKZxEJoS436VzlRJYvzlC
471,IavAEXbGIaWUrgg0AUR3jYv264TC7S4K
472,wZXI8zWgzuBXKbsGkGVACdtZ9jcE45x0
473,CibtzIDKMweaknq5nRNK30vbfE4gsKpZ
474,ZZR6z7BMato3UNMDnnTBnpcyPwq2J3Wx
475,rG79n1aMTzRTgmEMmBwWKBYQeBkKHzNg
476,esEmtGi9B5dcO66s1t5efR618ceDc8EC
477,QwHLucUC0Kmq3N4vQ50tQ13Bgg34diuX
478,RCBwZOQ3VP6DGKxTWKNGcTZNPartJ92B
479,nYYONWsQwSsirGH7gSmvXOascJcNKOev
480,6vXzWfyZzvIVkhqgVivfL6aA71mfuDyX
481,ed3ubdhfI5quQpzaXAx2rMpIRC9xBuQA
482,z32XC8vWEe4HVOwFMFsUiQlkBOiO5kZz
483,URCvxradA7MQkqNmwE0a6kCjb4h90ud3
484,07nJ5U3Om8FMibTdLvWict8w9IKiETOk
485,WhIfM212mLiee7x8e9qdaONnOOihlc6t
486,K8R3CAkI9i9ERcZ2TutaUfpv6J3XADtC
487,16dHowwtwXdZSpLX1yvK5mcUPaqSddx9
488,dltfGVDP2jWcgQd4hzbO6LChk78oVG1w
489,PL8oB2V7j9kvlDKWSCFoD4t0oNuXCTeI
490,j6xImVVOdGl2a7jOlKZw8KMlO5mDF1fJ
491,9sVJynS2VrHCgl1X7rZ4SwPtVlmTUcRn
492,CGkKvDoYJTNHLIN4t2Cva4MPZWuPmOkG
493,zsAr2dwvs5pF1znrQkbtVTaCsPak4cZ6
494,qUNdyL1LmShP1kaOrZFSZHc1LEpzjiyo
495,kIK8HCulR5e8K3TrwLyIu77cYzQBWyJS
496,bauIvpPedtIxYw68fzYfL73D4PN3KEfO
497,c54KDxMExfP9tisRv2XvDOU6gNMxlgZF
498,aeejlFy864r3iIdv403jqe2aARX9YRXV
499,XveykPKEGZg7rppbxCnEdp9O2V3OLPHT
500,83VArmeXpq95mnzSjy4FZSqTA2Y6U4j6
501,YCANdNSVByAwqPiJwOGH76jcpaHyXyme
502,y1WPzx5t20xUGghCOJ4vjVa7rSFRdmNi
503,1rdpc8WNZq4VYXqXZKV24CSW0HasWxAf
504,Ww1kSzpPoCEuLHOOkEavxDKnh8y5CTlS
505,LNNsfnwIMcgmMuldK2Tjte2Y47BgRgXi
506,uAKai7mFJysqnv6VUPw865rHQac15mQt
507,QhtKVdqkpQsn1NlLUgIHCLqBW8DB6OAV
508,UxQ0BLvx0IOhY9iWfpjb3TWC7QlZrjTI
509,LNHFuZqglMsRlHRV2dWlOIhnc475hlUa
510,bwTy6fZmkCCXSu9v7TjCu5ptRUvWLjqT
511,e08or71zbpr1GSgaplIsfxwzZozQYzsn
512,WXgxraxz1Cyyvbpi1pbb8rPzaif5wE4V
513,CWH88CTHzkgvEVcSGqSBhFw4TXLr6CYt
514,snm13fw1KvA5amqh5KOeZuV0EwlfwJld
515,JucIzuNuX7fgokfhRfyCbcNC649dPn2w
516,7nMQestmzpNFMNeRimdYDrpuyvxw5lmt
517,jsfECU7uWHcDQaDcqEwSSjKLxmCjcJQY
518,hlcPaMAiGjpsHp0YDbLoo8piAGZAunpt
519,ovPTWd0Aiswbeg4EFLd1u72bxpshQeJy
520,0pY1Dy5zJC4KzbajecRciQlrp8bJ1kqC
521,79UGuqdmrsBip8k5H1bvyI1P4AvDLq56
522,Q5os55zGuBtLLvWLYGOwUCOFktX6FSlX
523,SkuhCUxPcbM1z7e7WOQ5o43cDM6vBJAO
524,NTOIlwYV00FylF3MK9UDH8zlbhOoo1Lz
525,IzipXHCnlef3PpiTRTRA7VnLeRxu7cox
526,7e5iu6CSl3vw2tEWAHFwyESnnm1Hsa9R
527,zVZZSvs9MLhFzUdDlH7ei42UgK34Sw52
528,HFTpZTZOPkaKVuJCCf3JucnEqk74ukwa
529,h9AzUPrLy4wjugngqvrki0PYmepUf4Q1
530,nm9s9DYlYrf8BNFW7RfI9DnC1L3ihAaC
531,jvafsDrKUltWpyS2sZ0nK8YelULGpoGg
532,4qtHNCqQz4mXurrSp3wRhH2yTr9nj9WZ
533,B3l4vV4Bt1Zm8q0SnTO3eGabygyJEvlT
534,2ADZDJ0lHjKZ7r0R17p67ciokwvR1j7X
535,S3SDnvWwItC2TyRmiE6jYB7cYBAimEsw
536,EHuIra5TFvebuvnofr5FX3WSfJQ7iVFb
537,plWKXV0vy6beyUkPfmT7s7Fjoq1rybEX
538,0p8gFbC27fZsHjtVjCMsODCZdoX0JCQN
539,plnii0GxtjjvTZOPGNzkPIP7FrBlkKzn
540,laE9YSMkhk8a8BcfpMLvYMVVO4SHoE8Z
541,fPEn6BF7pJdNzgEhjsodJSWq5gv6iIyh
542,HtoydkNIvTTu5LPDVfd5algIiQkKWQS3
543,WO0th2F7iNX0JNf326poRbgpQxfYOwIB
544,ELDC0WwBh8jgxHHrUlHxKn7J7Q0U4fHi
545,xXhGnyr7o8m487xfSj9o2j2BXa07zNbB
546,EeT9VG00f0CqCmyLDbhPdKMwCWlCmKfW
547,JArciOphYTPcQRAs5L5bRfLH2R1JLulR
548,K0sFRvHCIXMuJGcoWcUYVJPydPTg2YM8
549,QxWPgT9qU3KEoPBreKZyeRf5UsGGeOpF
550,3QOlosmrSXYDYUrZ0gEoUd5WWMAl2APy
551,xt9RybIZs1XIFVP2zaQJvKYIO7axYrcn
552,Ga5wS5CHIDYCCiVK0GrBHfVkmcYT6n6e
553,iflUmbE8E9eTdgPAXXqMYMb3P1CpFwGP
554,6rKZ9IsV0a3SzqnCvqmmLH8o6LguMUj4
555,tuqLwzPZwTap0wWiYCreWSvUWf3attkW
556,SNTbsuyr7RSouXOW4qSXZSN62aeQORaQ
557,50ZjPFhvK98rgYgJBpgTD87C1IhsYZLc
558,GKWaeQBxS0BE6fq7pYXS3sx6Ns31p7Lb
559,J1xP4vFEKJ2uERO42nbfScQZfyLW518c
560,EkEC5X5FRRO0l6GkBLvpX0m8l5hFSrdj
561,CMMFavksatMWzWfpDshCjYZZF5E1OA0M
562,9rgUW3D6ic8kFNk8cdYANOibFM3zFA22
563,2lZezwZpaNHbzNwpFzMpd1HoNDrP4ldV
564,4CeFdsXqZsKPcV4Cjm3E5gyxwF6pWl0a
565,WLxec31jDYUz23OhPDrz1JLUyyIgZ7lQ
566,SOhNEWNyC5F6RrKGfnxCcuz0GWjpGZEL
567,S8CN4p9FRN1DNW7uDu2aSc8Z5wHinegp
568,gvXzJRLgiuJsTamEeBy0AM3nrWOsdSZC
569,nV5EJXLUXXczXPsDuVMeyxeuA598hMas
570,9C7yMdO6T8iK4DKwsKe7T5dq8C6AohDW
571,qZUK3crp13tFIypdw6t6TI2xaqIuwpim
572,aOZMavpaTR4phTtEHluBOi2SNx447j3V
573,KNer9sIBrFa75FmoIvoLXLJBTSuXK6IV
574,zWSQR5qDeUeTaKTyoMdoILwc8tmJAT2j
575,XMEa83QNWf4NU1fELtZZuFt6mz57kLKM
576,PlbKnEZyLkdxDo5CCLW02sigz64kHrQG
577,kP3uGTKQ8TwrmXpSQDwShHFbyVdYtkZ8
578,9CJ5iBHBTLOjY6l9GonJAbtVj0aqQWO0
579,9JAjt64vNcKuyXMcc4tWwFzuUE7dUIZV
580,nK9KZuFLjRmz3KNHQiPvzMyz6HHJ1AuX
581,CeZ2d0Ie3zVIhQxb81wrC7Fol6ZadX5i
582,lRpWbXlwuYJnF3FTyzKdwyRnGY6jGw7g
583,y1OCb6pgj6xo1Q9MtzebMDxhEcb32nMM
584,oiUPsJjw0uAO2EQBUG552t15hovvIfqI
585,KMxMwd6cgD5ipXTvJWyE17agHhzVRmgp
586,QyIZV7sYBqW3DF8TzgNDyDbG2v9Jc1m5
587,DaSjlkKX7wqhzevATIordj9McNIjiA4B
588,xIRqaTC1CYEWWNFAx7eoRUSohkKDpGlL
589,32EdK3EzWt8JJFybeMwxWevzCUXmjeFN
590,H9pNX4DuUVbMwlpO15xnjq07htafjaHf
591,2eKJRNjLrJgEJgap7tHnZ2hBbVwkSOe5
592,rcaZX1HPpoXdbV4Vil1vTmsPtgFvTKmb
593,c6nk22Aq90J8ZGxOXFREGmUNILZTr4Cg
594,xLTsxFUWK1gDVjJNMNAAzXGc0QXbM7ZI
595,TTdCPUUvCNThZUVVxvvCxXEj0SnlR1J7
596,pxx1iCcLb7I9cgjVsu66vwaIiHMM02Tu
597,82WD9IVnOaPCPEWjVPB0DKfXYNEceafI
598,xbdtOZrVlte2v4UnY4EOjSTjqMEmHQhu
599,DnmXh7z3pfETGBl0O5jBe19IfjQ7orT2
600,LAnhTl5kTNSr6VYG0hVLzpULMB0O8u59
601,xZaIkoiRlqoMTOt9SWd3fshSGFTyLQqY
602,VyRujBqyVAQ2NzSeMj0TBbLV2oNFpza8
603,iIYRSWoAwyMTW1XLnmmCEaVYM9xyZazl
604,aDobOf3hBRZupdDJiGyqOOU6F6oPdSk1
605,9qWBO4imCdBDOc8OV5yY81lEGC1u0WAc
606,h55NIrM0iiiXsp74UGfxgFISquK95wNP
607,4bc7uSv8BGOwaipyndI4zmgV6e3qacqH
608,z9kRqVEcktMWHvwqXXQgthxytCaebzZO
609,LoNYFr25ZalRCUsDKe7woX8lZBy2ANou
610,Tx0DTIt4oLI8v8FJ87rCtozhguhVITqb
611,7mI12EZN4n5mg02HqbgTG3gzLILhtkuf
612,zoMi3AxAMMYtqDGpIObdPy7U1YO2uBk3
613,1df9JdFFil8cmUW6fZ5Nq2beX71hqaSo
614,Ogh9duqP5RMOLr0l046XKsaw0GPkEww7
615,VqbR5eyZGRcczuF8XDlTh677asDe4b7F
616,z8QnCivVc3beSDXmFcbuTP8ZHanJcjWg
617,qj9Ob2Xf2t8EN7lqH5oz68YL4D3UfxYl
618,qICNrkR2lTUzD6BlH9ipeCpBiea426zV
619,SGKXJBnp1vr0QyoFQxNzDNdJoX99G5lm
620,NePw6Hy9FQuCLGjgvPn5LuSRIVwWfOEJ
621,mdiO9wyRPEKNTKZP6pzTDOraGXsyPLod
622,w2IQ4j5NvCZkoZceRzsOv193HtXi1nmL
623,7xOBaVRUKj4387q5AqaAPvSiKydRwALD
624,snZLXjDZhPIQMscmbtysgoetCY7qx0he
625,tB0kepTYCDbi56YRH01d3FpXQeBihihp
626,3MF4oDcWT6Ju3KYAbMCvC43exN2SfJRQ
627,tUQzrbW4UwhRA7YyZsOCMlGW3rySUHEr
628,p8UACOWcNGsxrF6j6P5cAEkhQnsx5r7Q
629,7ATKbl7deHWLmPy9vwuyLZhohMcJxdbK
630,tylLyUFwLKp4OJIwtozCW6fcfZy9s6XF
631,yr3HNwRvFcLDcApVBQRNZFBkh8HhLgpr
632,QqJMjhM2o49nxd9A2214CDQS3PDuBoFE
633,ZQRC4aW4cs1tuxx173mNqLFyyTZp7CQE
634,fWwZlYcHsAVGPwHXURzfpi9m2qWFxl0w
635,MMfOWbmBVZJqPQRJRPix64RKuZjZxnb1
636,DHR5MApiLt0EX1l3mKsZW7RuzFgLYKyl
637,k6wU1h1vH5pX9AzP6o8xoRelNdnzcS2r
638,pce0zTjMxA6HfVCkJZfluv6aKJkz55Rn
639,6Lbht7CyN6SNNCXJT2talvscZ6kUrcyX
640,ZhbkiTRFyjvGHVS4w4DlPePTEfLOBVBK
641,a6uPUixKP2Adzs3UMd5t4u6nEdLLzmYv
642,Bn7JNBc2AFghSvkxVzDaM35TKjHnaMkv
643,UmLHT3Rg1iBViF3gpZFCnL6lz8eMHPHZ
644,OTk3PDCFb4UxN7z1RpeqAKIpRxya8OY5
645,3gLdnjKpOldksHThS0eFcOn7XCI0zm8F
646,sI9Lkpkpo8vFFwld0W9I3akgQDLICFaC
647,Ma1aTHqkFeeCrtjLspj71ehmOUqwhMTa
648,TnR2arvc17aVGZJLI2kwWKpIGqOaRkdz
649,N27BNZ35VESGUziBx5tpPEgACCv1TLLn
650,K3LPciXS3FkHVuUTCNgcMHGFITQqkfxb
651,hPHe33dYicJL1Zs8xHpAAsFEf5uQ34xj
652,UrLvaq3ayC1nTh4tbGOaHhx6jm8XaMAL
653,4KWkIG2lqraQU8uk3IF8J6FCa1ProK4G
654,kmqGqZt9hCI0HvR7LaQjEuoKXnJZFTKR
655,dc0hNGR90LJU3tISPbKbfX0pPlhXw7Nl
656,t9j8BiUbvjRaqlL7awSWiKdSh8E1xt4T
657,RFoqQoNcgvobK4BhPT39h6vJaBH2BMdH
658,Tw8K3UvnYrkT0vIg8YBJMwXFugkZ5dXs
659,IbdSUoBeb8uI7qwCBeHlNF90aUaEC6TQ
660,IXnJQ9DQbYAQSb6P9GrrnAFnNQwgbIYR
661,cVQEQDW4NTCPGig4vjyC5XV8CdDfdzAA
662,3IGRQuZiNcsoiLjvVxDJxXaspi2ZXhT4
663,ZT8L4JvPGwQajYwvnvhXnD95ZgbSUrHh
664,ylqmhZJT1PjBZVDDuRNON4cyxJDDMj9r
665,h5jGZhgDWNCYELMMi4CMvHn23shE1NEf
666,uOmdJpjicwBi6qGC21k0xHWoDDDN8Bil
667,Mvy4OKoceQuW2n2pfBTZsEFcjZ0FdQMY
668,kPkyJ1HUe1UzNzRPit3hiQFSaGJ5VJ42
669,qXFVa624yjbHjADuDY1d9Oz22gpzD8v2
670,3btRsdCQjGWBV78mAbZxvZahfNNBvQRF
671,UyrJx5ME5OolMLeuIgzhedeswoGwPkCe
672,dbVYmeH21AjGmv97MuMLkf0RAUn4NPTL
673,pk5IGY7z2RDFkXZaC79cGgIdyyzjZXQz
674,KhPBBZui13lMZsW6hOnCQcHFXqjM3cnq
675,jBhcXdeyYfmv6bduYNusiGVOL0orPKt5
676,0IFBTgAwScwI8X1NTyAwgeefbLV7cv9J
677,ZO9URHmAwiomzBE3BIEc2yz26LEFETYO
678,tkOENxpmBRyd4MeHiwgfu8o3iH5PxBeb
679,dRSnKA8b1K14XGwPu1SH2r9G3ATLSAkt
680,AoMMBCkMUyuHSmrOjPbfIOtgjIuHwMJb
681,Wy3cV7ca4bW5ZpVWGoOw1PiZS7JBZEFk
682,oWtkttowmxDvSYMDzgdeH3WqJwye0bSc
683,HG4F4ainRe3hs7xLSTQ14c0bBGDC7V1j
684,6rAv2wHHkwJ5NBRUdPrDnktuaX9tNxtx
685,0Z3Bf7KPDxBF2ETLHW3y7p4ctpw9iAq3
686,EhhdNBd35Y4yxhCEfXdUHZ6ylS9aDSf0
687,7sFnfkBY20RIhDp7FIanjSZrbPlztZE8
688,N3nZ9bFPlg1dET7uO7v174dwSUiHSLk1
689,DCsI8jJbehqADm4sIbpIP2BsKX1sXvSr
690,L0WQEGrb3qS1wwY1JUfE0WD7yfmzgEqk
691,zi26950xK9qMaqZjWGzsN47Bt1qIgeKV
692,GVulgzKAnUo8S4oNYobfBoh4Sfg1UbRr
693,sXYkM7t8QVB7RP6fXhynn0jiRzVcbm21
694,gst2g4uevkDKg7bfa5aOhucakySRcogV
695,cEagOnQ26G4oWjazBciSve1311WjTLWh
696,f7lVYDC8DhjAgCZGpmRYB3cu6dZywghU
697,H7HhxZNXqJYzN5SKzSZu9zKVgYhnwC11
698,AnLyDnhT57NuSmv5QyE1Mc6Fb832ZEAU
699,LedZvOJjABK4O2AiIv5tJINkvv3WmV2O
700,vifJ2tBYbOE6yPYgXFqM6vp6rphEtMe5
701,thlHHaRebSKNK2ImHCki0wLAShjeHNUc
702,tUojAOD0E1gg4pVRBwWmerpTOZhHoIc6
703,mvRf16UNRRPyypO1WDXfrsORx2ukYe5H
704,SaUiZRHDrgzZPmxYyD0KEUWPJ1FXWI72
705,vYHc4lZ68qO0E6MycoKO1o8AwZpuy30L
706,S9X2g41g9AQWICLbfOdPG370wiaDN0t3
707,u6JRNLmzrCSJpE3JZRp9UYH5hKd54HT5
708,8SNwZDJu5XEP4HJzShu92L9pGgobpPS1
709,qKIkCbTG6dQc0TVAgyKEtOzUgGe0umgn
710,CiudpKCqXaY1tYzF9EyrtNIzeRMvpPgN
711,VJPpKrPxbc08WyeBwMe28BZds4gfHnqx
712,UiorJxVKHAy6eVP9GpgTi6iRaGE5hcau
713,HUcnyzVbjodHZ146BWw83f87r82E5o6W
714,fs0CCj7lojQ3JDbQCDes5BbZWPgVuJBI
715,Djt6a60PQkn633ZrHFmYQBlqZXaxu5Sa
716,kJQABbmzFanNhcQjdOR7Ac4b9BCLzBWb
717,TINc2SUB73GpNACwwUvw4oviJRGBlIcw
718,ZU3RQV37LPwk0FA0NqPmkaRo0SZGbD5d
719,l05c0yPbKZqueREfMUPf7JkM6QmoOrey
720,OEBDR1e4C7kpgYT4FHDntaNZjAscKNfy
721,i7Hg2uwdFzRN4LFiKgDM2NUW9y4PZsSD
722,hXWYHz0O14IsAoMVqZqb5x1Oz8mkM6Rf
723,ZPa5pzy1dqU6chQ49GVx8EWRLhKvVSol
724,XJhqF01n44x0Stz5nYStzldt8W0Uv0Ww
725,qSraWRsOZOekLHSoghcStHxwBFQGKUUj
726,DS05PHnHCxXtMWPSIf4URU6kdINAt112
727,cxjlBwW7hHe63qZ2ZjoAQlUOQBi6XNqV
728,Bmg2xnsAdRCjIgVHkb1PEp8zLadeRoCq
729,Nb5JO0FDE7NBMk1wGudzxVdWckOHz601
730,jtp04Vq9zzm3JRe9JJ8UdeM38apAAU5V
731,czMA5eCirpFDtwZ2UYdd7RQyWbY8fOGf
732,8IDbYSpPE9QHFy2bBd8yviBcHOiwyork
733,cGF6jtvONkNGjJ93qsooTEm7nQlkXHXn
734,Dii0AYogaetIyzSRTXxEDETP1xtIeWif
735,Myaqjr3htv1k82UZIoeSAjLYJ8ksbX21
736,nCSGAbOBtzk75QVBY73TxpSExlROZz97
737,98HZKmhdfLFKH3FlNIfDsXxqusy7jart
738,oPm7zGcbTaopLyTRixUbiwKPORElVolV
739,fwCRhKyKHKnU8hHAzKDKtDzDVMM8tehp
740,p1sPDCaSGxPIxGRFMjwgV4EpvCgZhx6o
741,cZSNoD9VhbLFlZd7K0dKbU8CweUxsDZs
742,nhRIBZPrBpXofP3JQ8kvVtuJBIVXYiuh
743,Bh6zMmSpzqyVA77jUg1l91qgoNhbw4vI
744,ofsuc5xQHvtYV37VAnToobiuZ7YDSl9K
745,SWEvcQYVf4GLbThOk8pF4guRkslDiIZB
746,Q2YM5KtWaD5T5hysduOipH6GJRJWPFs4
747,6KpjRfMJpXId186oi3KNPIPOTIXhnPH3
748,3QRK1lvWlKLT4PRT4QlrJBtXVahstBZD
749,3N8QXlUEH3GFpb5EcV2607jeNEYpU9yp
750,nnJddztiSZX0058ITN7bua86sPhAXHWs
751,RGivTXMvOBHzHoICjRkU5IEtoA7VpMHq
752,0EJo7ilySXo5XT52Yufjgsk8Qd6e0Jpu
753,zi3pQn0l91gm3uXqpjs2CWghm5sgDA1z
754,TM5icpeLg8cyIxW60nbpjpcVq5p7v8t3
755,mX5SlyRvthSDGqIRSFUcfQsvjzqeg9kC
756,palTU5yNzhGMRwlkBUNJ8NM74jJYL7LL
757,CDKZrm8hqzubDYgF2DPW8srBN23EVeS5
758,hDC0hHfzg8xUZ7UeKXY72jAnfzEiHdmb
759,rS8xVco1ThIcua1k4SLTDZYUsi8eAwbW
760,n6RT2cD8c7rr8P1HDs6UvtxKw4QXETgN
761,9v4qmvnUTvitsAHn86IiTtcGcljBvp8b
762,RsWRA98MUoOTQ7UDtpnu4IsQdiaIgraf
763,8kZb8SmxvBdW805xTtQkb2qx9cBHi7GK
764,z5almnz9vxNwCoZho0Bj8FoWDYaxZunW
765,eDY36wwtQtW8hzG862pJQWIVDm4QKtKo
766,N2ehbxlYz5P47Lsc8DejTTWPhwYyPB3j
767,3I48naaj6oJQcz84ZimR3AzZufTI9WnM
768,lgKp8T3KgbdXfIqWawiQ5p0VUOAdzyoV
769,DS64YJcFjV9wyXeHXqVtwQnzGpE97VRF
770,qjovn4GMVae1LCXbJRUeyEpj10mmEXqi
771,K3Ibkoifw9rZ9Qw7Ox7i40zJhdleOZGY
772,qDTC1aywDgd9py35tQqOIGSUPWKyyWb0
773,udng4XMWElghYjCaQoI3gNxarR5JbWJy
774,isgCx2a0PDX3PqFBg8yDCSJyDqpLXUk5
775,V41vxp9bX6w49dT0LWZ716chodL4n4Q9
776,jlDiOR1WWpNPPyap0dlMSJM6kyShgonq
777,n7QOGbcWVucxcGfhMIlcdSkHCwklzvnx
778,TLOGan0by6DFHA6AKV3wnTCPxXUb5kjl
779,YyKdzLg8tribpsIfDIXERna3cFFSnhj3
780,q1SXL23FmBgvCJRlvELNy89CYkEJlB8S
781,MveH4veV1kQnHr520wLvBWcnTG7MvfDN
782,kT5lVyX1ar4vBNPAqHBswhdCgOpHeIIa
783,RRcw5re8ggatdu6AClUwGfDZ5s9E8bAI
784,7UaqccCuYSJh0KpevJD33G0rF1e2RnRF
785,Z12eNvFWJgsbswxyGgtfQsesj6XwAOnZ
786,s2XJqlvpMLDXzrxpJCudR8DRnzxNqAlO
787,vu7VkQmVymz24EZCrfSnijFIfzNC33mx
788,3N5KUhyqnB1l2aVGsbCQDMFO7Gqx48os
789,U67Jb2mwZVIpZpxavW5Q7bzqhm7dmnYP
790,0Or0SQW1Pk2E6e1I6StaUis0r43a6EHH
791,qcGWy5ItxHxvIYoI5XDrEeNaxrdtMgj2
792,jyVVlxFFXi0YOSDSeYU8whs3BdjQnKLs
793,3e2FHK0GSBJH89MbAjcbIXX9imPvoMjL
794,CWqZP3RxmmYjS5UBIVZGynxbrUmQwW9m
795,iUyy6kRHLeBGw6QL2s1ogKK15SHAQLf5
796,86IyV3IPd9rjrl8Xu5tKO3R95kQMajYI
797,E7QhtupLAebhjkeGW5rqoY8HeepqOyzi
798,4EhsuCYGjS5Ecn3l6YdLfeq6juvQY3x0
799,wOlbMgtLpUPFGtrMcQzrDLcl1aAZ6u2D
800,Pe0SUrLElDnKkhosOCcF3GatCvZVqUNY
801,ffQWCD6KxM4DMbWtZvI7vOy3N04SWZ3C
802,b8OXi7GC5e3K2IROJaNpFalqotPVgQFs
803,JvtW2Ggcbt5yIZhdFv3RsSlxrIZYTbOG
804,QaksXLiiRi7BoLI5pptHZAT4agWgcuSl
805,tjy4chT7DW56eH5OikfsjMYwSRKb98al
806,fYH4By8TAMydQoIeP6T4etyTHCuCSU8i
807,dCKQiw0oDWht5wWW69nBFDV6FDdwMDJb
808,wlOS3kpoSlIY1nMnKeXbfP0zvQkS5JxM
809,u3f7gqtqrHgT6zyo0AUKd9qpArGJTyCq
810,4mPPQ3SvVvsKLHgxjN37hyIDn3OaPQfH
811,91mfwpZu3SCf6H90EgTkhr1cWOG0WEHA
812,D7iMmBalu6d4zB5ssAzxYSOaxS5c0uS2
813,KTcH8atJ0n9z1PUdV2R3LVU7OlF3CPi9
814,pycOViAq5lpPAf3JXtGFDyAyp7vueWMj
815,6gHfVJnJK94JkvoAzAz3GrN4pJ6Selq7
816,mqTBCx9IJjr4hT9VZa7EMicQ9qc40SMo
817,ZYj126eQHx2yFkaRTfSQO4zotPOSYEeR
818,RdwUKFdURMUCgh77Tl5xzCZZUCeVfOY0
819,gJGFI0N61aaAw1egMJcHEjdwaldCOt2H
820,JSj4QZiCJJlbArWESfErkM1eAgh4KeCK
821,kqTd99MX4HfNFiuo1AW9iovlc75INfzT
822,omuEtGnK38bHaKNi2jvTOLtGlbZYqcwH
823,iMk4nnEJQnDyJ13Ijkj9AMiqLPAsjope
824,bM9vCEdMS7jHKmb4vAPNmTTU6hDCPawG
825,FpVI96tP4Tdln5PlyFKbT0qBYZlnd2Em
826,5aoLLWsSh3RrCChRP2VC0jdVwpX5L3XK
827,gFBXVBR79m7oOuKL2su0a1REDS5Q8ik5
828,aI9zK3S0YpF1fnVntYslGeOtLItTnJvE
829,PramCRX9fnOcTMh6mIASy32EjYMB5QMC
830,isf3lU0YdrZrIbHrO0lkiO2VIIReYQ5B
831,kNyCsPOWRmOXD5wB2A7xI3NUwVrBdzCh
832,BDsMffA34kNXtnpiB4Hxr9AHh0RZZ8M9
833,HSfnwxPJCvs5Yk02latZRRo78BIbn2mw
834,vtZgbCBREuEZGEXoTtMmwAiXDxpOWfyR
835,3vBQYSYb5WyyCMwxOqBPNZTy3jMwt8vi
836,PFYo5NyhBgjvb5N4CUxJ4B2Qgs4MtmyN
837,fociBadFn6dRKo6Usz8GyZryoPTydy1c
838,iZDNmFwV9dKCogI6o4wgZGzfriRdCAko
839,2UQMFs2u1E3WcsyRmTYkymlPCi7ggppN
840,yGS6MNaFzhICZ3WBbXITRsz8j7aKGH3R
841,agG50XxLqM9IQ8iqC09qSQLAGdrelBKP
842,WKQMkAVav7EMiHjo551Rg2LjVcrsZWJP
843,tuORBnje3jKIBYy2ov3Cyxb9Tv7qfbZG
844,iRj1KXr9eb4RHUw9WsqbmVCPlLiwhVJT
845,H4rU86GERjUYhvGXSILVEW2ActSLya7t
846,QQo8mqpcCfYc02G9uWdnhNGvxLcvaehW
847,x9DNMT4OayL1l5NmdxOQxSbSAiDvgacP
848,7f7VVY1Mlj4535F3PmrA3bFGfbiPcBHZ
849,tzFk329CHojqh1Nm6ypHGRdukzaDJ91g
850,AbpTc1kACQX4iSL16YMrctzquaakkyQ2
851,kI1gxisabPvpgHZTjGz53cOss2W8eZh2
852,2Pyl6sRx7fsK5svHezaXU4Qqq2yBEiED
853,7JoGmXnPOeZ3KfHu0alXFhwTKGSB5VF0
854,Sym7oLidUzDy0Ok0gqmztYRt0kZWSGKt
855,Ta66653yZa1O5FRmTOTbPN4xZt0osibJ
856,rpESRmgRkTCssRKoUtIjez2hrlr8TZvL
857,Ar6WCfbgaeIpEZPXi7NNmC6Wx15REFwd
858,rtf83A9WorRR0arFewqwjrW5op7DCVKU
859,uTqseRRLRpklvlMCljZFnbtXZWcwV38p
860,1rAlH4pSqwNYNcJgPWuFJfiDCxkqUCKC
861,DEEhrb18KlmNP0kDiRX86JljTGZoQ7Lw
862,XnQpNoqnjQMC9LCzy3MFv0am7uT6X5UP
863,F1pc2ravO6OEt3k3EkA7W066N8kdCXCr
864,FxCrJPpOKnHRMu5h44LNnenB5TBdIDGU
865,iO3AgZVjwNlIXiWiCoQSP22Ye9ZNQkd9
866,6AgiDJ25L17yRI0juB42uY4eGz6cuavu
867,f7hiSoFftmmHQm6mJnkmbSICnlR4DrR0
868,wj15476Ti6RWnCzBP5WK5n8BqaiLMvCW
869,vFT0L3Ly9vTK01bLhA4uOzwcZZXw8NI5
870,1SoVnUlrvhqBHgDJMLE3AZNQ0RkgJ6uJ
871,EYuBjqvf61SRhBBbJ8WAAYYVKDkxppHc
872,b02lkSvfsKK2PE7VrpMTR6Po9nrB2Erp
873,o4S9Fa17KVzcnFnqJS7bLmmQXQFjGgO9
874,IOHychLJ2uN5HvFdMC4vaIwCcCFEIAXk
875,3H3TPAkahciMetesPvL05Rt3Q0ncniFm
876,hpS9f9e7lv22yclZaEy35G7okdx6cLHg
877,jMII2mxZ2qYkyVrTq2jslE9xEXw6P5uX
878,8QoDJVoDkxBo3wR4r9k2BdmJiIkWz65O
879,GrnZTJyumrX1LjaapJcWlC4ssO37MWL3
880,qJyQNrXU9tHIwXS2ggPbxOd0k50eLjNp
881,hyAp65NY6jboLDQLTLWyTVp8EZhGOXjU
882,hubKY0petJdTHvMOyaao2RigRVVp9eAq
883,OJAVMG4ouiPoroTCK64W21ld2vRufsNH
884,W1tqXKW7WmI2A61WDtBXxVo08Kr1OEe8
885,nqrh4DMWLgPqbgTOBESxSEvI4koRxR1p
886,inGgbugJ55Lu7Dtvb6JXRsjQF6CHGiBJ
887,tw5u85voqj1Vxr9pmx1R6E7N838E3xwX
888,hTbE6KRvRnQr7gFsG9bl9qZSuzvgaUTt
889,phAOdLkz0dL9Og4nd8Qr6Rxi7AXxW1eT
890,vIbbRuvLhpBTDp3BQT9SvHth5TsnfUSf
891,7htrA8FWOuGcy2ofLIvDElMynviZilRB
892,DmgV0dtI47h6V0GoakAzudmDoeiui2nf
893,8OPuAbxs2oQA80eE5v6ms7mCLfQjlPIx
894,uYVk8NYYGrO6lXBI79O4Pmv20tazfzOq
895,Xdz3J2F9PbmtA9J939D9Jw2wVnraUppx
896,pbdlP2Odf0qaA2bSzt6QV5cnSVBkdfdi
897,XJ4UtQ94DSXZTOiZdKqSp9kKL6N2v5e1
898,8hrIt42hbmzJdV9WbyrWr3tdIEYMynLz
899,xFx848dy9ln7L8zhLSV3PD4ywkKJHbwy
900,MzjcLjKaruCRMz9FBGvHpDGyPUj0DEtT
901,wFnVsibKC7IJbdNMCyGK6l29tZf7SXb9
902,GO8SHiqGOes7vMeSzNnh2r9l9PPHSyOA
903,2YbNZL7UYSgMG7ogercIrALr3QZLKZg9
904,JVJrNlqS89rjEO13DXLXU9lRHCrvh2mI
905,4M4gIIzKHClvD7o15wvP5QnHBrYOcaiB
906,UUOUi7qZU6m5LvXzAMcafcq0cfthCgDK
907,VZBtjlcDCqD5toV7UYiKCsJNcsH2sREQ
908,BOIsDIvOfAsytem4EtdKKEnPg0EEe94U
909,AERwdWXlNiUtqvZ1DVqP0T2GZ9UOBVUk
910,Nkt5gBOtOuNffivgvE8notwVeg5pb453
911,EKLJ0yTcwrddIpeHV8p3FWYpGhNSxH08
912,x7C4YBZ0n6f8yc7lbukTtUsdhGs5hudK
913,qmiK5f0ddRJ146DRcxITc6mgGrF9lCrX
914,FycopRGTtaT6qPwaeJzLtm2XsvGdU587
915,6F2FA82eak3bDkEce4aPPlb5OQSwTl5P
916,Bn1k6JfMy0C5gXJqCL3adnMKMxLTfXJG
917,ehyWcgQvf59761NpIBpX7ezfKkGU7dNF
918,ssGsBr2vIzwpDqYmBRKbMXVYRQPUhhIa
919,bNtjaCpLy8pFEuQjP8lNckYc6A1DfIvk
920,r8DEn5MCNAZ7iuunSLgTJv4Fr3ct7o36
921,VS7dGHEfY1WEBMEBfSPZq4qLlgjgyhWB
922,hZ1WQubd6sLcseKVdIhV1Rm77B0b4kBn
923,u8vegzDzG2BXgZgCARtNZXUsymedlvnO
924,l4xugZtjAmuDrnB5iD6YPKFYETzvddrX
925,kuKtpooEbP8ui7wAayEdONCotiSBZJft
926,wKWbmYZlT7QAhRSP5LB6GVnIs0yDuOxr
927,MXmhF7OM5xvMILnqcPujt5QzjvzbpqhQ
928,glVO8IZf2jOY2oWJxNSEoMi5Tvvpsd7F
929,GhKsTztcMgsfbGTOmdRHJKCSUi12fZ1S
930,1g0VNKPZapYideMzWcJ7UpqHf8ErpENm
931,nxiz7Tc6aFo2HftwNlFoUvXGHeGLXLou
932,1i52gM1Inby4Xd6CG05XSSCfAT0ME7Gn
933,YQdWHMrqdmgZgtVnPLzDOMAEz4zIHeIa
934,7vjJhMU7wVL8V5LwUsp0L9lZO7rrrntm
935,iDa59mWvIfVCuRWyOkMF8gGDlZFyPhWR
936,8BUKiz1DuOaf993AcZzA0q9KlrASTn3o
937,iC7sBrsJ0UyoXOxtqUJHt1oO3Qx81kF4
938,Ow7xR4ghgRyXTx1JZ04KHUrariMFhKRm
939,LLSCU1VM93qRtf1AdeH4Xgvo4KkMZUzT
940,0yz1waMOQq7BXqkl6cGFLGKSKdebgDkB
941,qmSgzsSPHvfu64W32SG8zslgCzT0gUMn
942,0MpACAKVKnwmG7gY9LUqtmN2gjnetTya
943,OujJdXSUbPoxZYI7y6P4SPh6PfCDoT5k
944,bDW88z0tcO0908hXzRT5zSKnLquDXjGE
945,S3I1YYljt5TWq9JbbuEq3CB8CHThpLNC
946,gjwmI3OF7LSIr2RL0pQGch70tOvkmeE9
947,Twxl21q7ZrYDXFzsboWzn0zWaUJmmZdf
948,6NChPjdIzfG7pSYCsLMgwZv5nO2EqleD
949,488cvZl2AwMpyo2I9vN9pH0qfP7zYxmu
950,RfOKy8EwHMAyiKbwkFkoRC7k17jDhB2Q
951,V8ldKxeXra0pKJR5zdZAzvdv9M9aX0E5
952,n0ZAnq7aw1h5ypzzFmtH6NNMvmiNH9P0
953,feiSEXQoppzLFLPD2xlPb0qAICrmEwbo
954,egE4jz85Xc8k5b6bINXNMPQBEKOSEC22
955,CHAAsDSwxHNJo7f1bs6LDT2uidbqk5QQ
956,D3a67hyXVFpWTJMl8z80WjgNaPIjAer6
957,w2oRxhX9rb5FysZQb9K9PbDIk32EbxEM
958,hOVJzAKOGGvor6aldxJMYdmZ2t6cCew6
959,qwOjTXZTOK9p45Hrnpp1PcBZiRgiHE7L
960,pnrqFgCA9tSbFvf5dbXfwE1TLBYH5A5E
961,ZdQxxcw2ftsu1Kb2Tdthb8SjA5zTfI95
962,glp4jZWGObaeytwfmixXlgNj8Q1adltD
963,1kVWSXOHv1IjdhX8myBiwu54jrpRtjdx
964,H5Se6FNAHAVQUFVZ6IRbUqgQoVqs41eQ
965,8eYPONyfzSRNSPEPHC8ZdQ8vXmxjFsRk
966,6qySnvcQGi1g3TZWxxVOrNNitpNIH5NZ
967,4asiEhER3cFIr8jODwzLmFbVKtr0u6iG
968,SSOkjR00Jth8rlZ0pj7Wu96SP8taINoT
969,NgbtWSbxwlynQUQrTvXFqPWlmDOZZYpi
970,nG9FhVe5iXarlBKNQ1deZwulZWXvQFJa
971,fIrW4C3f5GmmuDESchZ4toaa5m8N0KoV
972,CDjk9Mb8Cwxr7IVEn8NHpafguBggscis
973,2hPrRMxevKINlg5JhfR8gSfR0cygUDAy
974,QuFQO6XZ09apYxh744nxMariEK5dikTX
975,uF0N5bgC9TIj5gXblJLtkZWERQNDznBm
976,Y3cHN2jk6tc1lezypQlCpm7ncCPmPpJN
977,sIf1hpgaYcXDDRMn0yvhoAJ4nDZStPI3
978,yKSzMPfxSddynMZnfvLoqU8nK2NTxaKU
979,kKyMhJUB5a3ejqIMbbU7qNOvCz77VjNG
980,K10yWMPaMtuDInzrowjBDiXzgDTaRePZ
981,bChBA4ZMP9Lhmv5tnCN9EIiDyXd8vifb
982,Nmv5twaOksA34VwRrAhfHbbynB3961Il
983,tBCQYKOdz7jnYmu6XQ8UBuw6Z40NltQB
984,EsfRpGInpe4DVyG0msgJIxSHx21rGnU6
985,qZNoLXgqedpBGnxRRxT0i7zL9hJFn1SX
986,I9HVFZo9pueC8GYuqhAK0RqtNyYuuOsE
987,Gsq5QaoO0jESuow6DOC7AgDEEzRUgwTA
988,xwwV7QKXitAyXB3XOxREm7xxABI8EQNi
989,XFs8ZYzIl86v17s6lgKw4BUVUZ1zmwrf
990,4jGToIWRl6WinZaQt1fnP530P4qAf0or
991,0gDxx1wZs4bsVVbVkLh82AUIP7Wv2GWz
992,PEJWdQGceVvBxLiN2CpwYCumj41UKtjg
993,mJbkuIBslCubd0MwGOlbeFXRujoqdWF7
994,3tm39ideHGZCcaPhdF72jQhH1i3LwHaF
995,7mwP8lTYrvPeMv2i6Grd3jdQjyfSyWFt
996,a6vwiDtMPM9VObLBJEOpOVTXMkEb4KEo
997,koOTEtLhl3R4OV57xs8DJ6EOoEG4CeIM
998,KbYrmPG4WXfOnUzuorTdoUu9WTLbGS35
999,wvowTldSnfpF5PDmtoZ7WeAt2EfhFYtA
1000,4vOadCVxy5zAqKBxIxuqKJjesR3MDtSl
1001,6m89tYtG02Y5NXmAmpRUNaMD5qoA4bVi
1002,VMOQK8JdBfjw4iP1uacdseTqWVIbP5DW
1003,Ksj6jQRmdEQLnBgasvg45O6iTWVBDID1
1004,hfzFOATH2e7vVHdpo9v0U0pGxDO7nRtg
1005,h8uZWDpxVE7H9yd3a7kgJfNHqIamTrfw
1006,419H8vRqrI4UriIxDCVOHQXitaj7ynDs
1007,CBcUuoguTDKITZjGvxjSmI5ImgzUTC2H
1008,DW0eQr3ddj4rQEGsZ6YRbrihILnT8CoL
1009,ZaZU64jifYaLYMAMu1fRHRZ1uPKwHO1A
1010,jwBK5NoD8vXJPfkfHbxi9EOVAlWtwfff
1011,SlmT69zBuA3FL3afhVuargNr9b79xQyd
1012,XvU81Gdvu1YfISEjzIjTgGsN2XpcygjR
1013,zmCznzsGUNrflfFlEVxa0LG9AeGtcRot
1014,mXOOvQ1COHHl2HGDZJOI6hkhYIKXvrWP
1015,K3l6aCJHE4ZaD8S7Nb1fN4NcJyQwo2pe
1016,sqjqd8wdTAMz60XJkMJKeoMlCDU9mMup
1017,XRsT9lQwpTVuuRiemAm5FDYGVeObhr47
1018,dxmZdPIIftpTyXkjxhbKz0rFuajJdtNN
1019,g6pO6GwZW4Fdc3Nb4Y6qvOcQwluOllqN
1020,mBaZSZE3RBHTvnoez1AZi7PqA8BxRVUM
1021,Tlfhw4vwCiS16fwkUE9JQCvfuScrTYNG
1022,J5JjvR3P9zZdncjT6K4DmLyt9fgxEKtA
1023,qqUzzsP4uXtdc32VTCguqzWjGJuakdde
1024,iwhXbGjIyZX83AdrgNwRHvBDdO1yQ3ge
1025,gt0j2HoKbq7mkMgeGEKNdkbparT94xp4
1026,O5cyEtbLJdSmB4XjC0EzljKKjaNh3FFH
1027,VQjkxb5X0n0a7H99aaYunzCYThuLMHTt
1028,DvmfKmdEUJS6lWTBhsSSupYh5hcx1x46
1029,LEehzEzZ57j9GJSSMpUdiHsQ8zPIjjGf
1030,we3coq91zrUPAOPnWrLOqcj4a9MnZaON
1031,Rr4Q5cnmrt9DaK2cMsZV6aMVTKWRM01J
1032,T1EplkyQ0ByUtkMdDN5eUSpDIyyRLR2n
1033,kmCuFu2Z2FuwRgLTYzejIhUKK4jI07TT
1034,JwgnOydRKXY2RrGagMTpMuyrfWOvPZXR
1035,3oRcAGKcCIiq7Rm9VxzvLOtOX6bpIESB
1036,huE5p1L2S8r8jHLPJ1T0887TSkKfxfu3
1037,6qAFBrruo10cJ8HgW7l9QOITdKqUqchO
1038,OZTQBOkMg7TURU0Kw5R0J12fk0bZ3XNx
1039,DuyRC1WgLI3iZklDDruYi11S6hFTM2rr
1040,LeV8T4V8oUKFKkLcwtkmEE2z1AhONenx
1041,EKuHVcnrt2QKFqiPgV6ppYiXd8vEsB8o
1042,41qi5bA9kEECxF6LWoHOz4F1h69aUDE4
1043,HNmjtoNAJtXupTNYRAer4SbCxm5O74bs
1044,vM7rKkNZuN1aBUmsJ13guXAyrWjPVmL2
1045,Yz6Dn4AVFbKe6YgHI6PXYqep2tl4Srfu
1046,hjxxI8gwAg1r7SA9YpTTSjD6HFdFagsA
1047,T8eSUuZQJkxrucIPoqKF7eFsejcZPrSY
1048,Kdj5UCuSzklE0X6RYD0xTxxsxtZl2SVd
1049,HLSA6k3uDW9QUSASmrd6DuuHK9lQ9pHn
1050,v3wWsLKFIG5mufUBmUe6ZRnmJYNBGVs3
1051,ILkvzNynhEHmTwt3vgbcjHICMp4UzMAm
1052,tx0bMcQR543j3iNkXr93I0L4ZElRCQEp
1053,5qBkIyAX3sXCDKg57mqFHPjWtmCU2wnn
1054,fCdeeu6psmADNbfno2Ye4TN6IwjhG0Vd
1055,tpeLN5UFptgRP6e0MG5cNHc78m1KLtpH
1056,2EHDtYywwJBTHYNjze0zTFHtdN8heAcS
1057,ptx2ATjjkxIubuIHkCAgYXK82E2l2R5x
1058,JRcDGTQgY0WCgQ3VylL100xKpUhgtbmy
1059,JWehUVNjA9bPACvdVX1QF4mNKmKBY5Ql
1060,vWzKlUl6RbxfDpBgHsEoAcoZ8eLEd3v5
1061,sqq2594enFwZSv5BzjEJyRJSqwfiiDuZ
1062,BAyLBfEQWbNh0A5t78CBViZtdU1n4pNO
1063,sma3N5duLbgvMhl8ZYEsBawIQuwaEvpv
1064,kcxmH1qFCpj9MB7livTNZKBFA6AtDw3t
1065,eftvaNiPR2IP1nHbaqj2pB41BgXlr98K
1066,GTsIpiUxkk72oQpiIGqk9Jt51PoSEiv5
1067,ZDQ6Qradq0yAD2BPrLwx5Y6nlkNi9ySG
1068,qEVnX96IAYuqCPqpf8PwDatrcLhWCMoQ
1069,t5JcPqZF1hXHSLSamaRy9rMtpUcyJxnY
1070,EuFtwuRHMZpWyUg4VEA0Plqv8QqisMV9
1071,HkI841jfkEQvfgWh2aKTVGEcWXJUVADq
1072,eR00rq21PO2nY7kzPoA4YAVGOsYvyPvr
1073,lzKZMhBUQv6GqLpIixmWA2hmqIqfjX15
1074,rKtI3qiNByu50XyybluQtkae3QIWNs6v
1075,mhhuEKILr9d3VMCmznFtCMoq1awNSTFM
1076,ZYvGkjpusVvb8VTjcjyYNhJmnDeJbQrQ
1077,jGXY2ogC7tjlPTrU4uAhWMppGQc1zsly
1078,NXszPCGQoizklwVZkKLgvATmO8USv7FO
1079,Mg26ubeSV7N6NlZLophutx4K0saW7tPn
1080,fN435h62q5Ksmy1mGT0Z3HYJqjIDlKN5
1081,5wl6Sy1su5EeYxrHZ6j5NHLlWB82yO3n
1082,kKl5wH3y0CC7hizFtWN4S4mQ8MuYlASE
1083,9i7Vg74i3M2HLmeo3GXWOYQyRhcGvtz1
1084,FQpPwRW34JgCw1qhSAapLpvP9EMGHolu
1085,cPf59ICZssrROiAOUDhIFxooo4no6zPo
1086,U0ZdAfWBV70vYURciazd92XdLMu5c6VL
1087,d2PUG02UjYAjXtWB61nIaqYX6Tz0IXfH
1088,Tv95crVVWsfMz78RHDDkzqlKOQors1hg
1089,UzURyGY9uCvg8ZVFLQ9XClaJEyUx8amT
1090,8Rh9MkW1wlVugU9sZA9AraAo4OaHJWRe
1091,Pq6kUGsaQhAPsuKDXMnRYi7RUsDibKcq
1092,9wsyKm6wCpjB73KKEm8UmloBNJzHQMIC
1093,MNEu545c529b9LEMD31yF9oRzezEcDMU
1094,Y50opTAoFDCt9HEJDLo2QmX4evV6ku92
1095,PApvFDGRTSuIg8KJL8hTiieqjHqEezdd
1096,UmYHYlAJp9amfV02FbzVKvp4TsEPRB1u
1097,9FaaFIaLujFyroOxdu2V0m1nc2FwkEfb
1098,l0P3gyMRO2Q0cmcd5QEgKecP9212tn4C
1099,OBDnGM8P0VxS6ya8LgW0ZuM98Aj2CTdy
1100,a07Ztkz3Ay3z65z8M5pAQbOZFSo00GjM
1101,VaO7EatHFGKk9CM1mt66qN70aCVbUumV
1102,pgO0cQ1UhhrdAxARpycoO0mHMfErze1Y
1103,i0LV5uG5U4TxunqQb6PXxItWzKDxLsJZ
1104,8T6arcIrrxnFC4gUZ4PxKToy8p1uzfU3
1105,qXUoVeQR2wcAqqS4ottkee2wrHQRCaxN
1106,2gVmmgilIwfjhreuf1dPxc5pYk7iDgk1
1107,Ev58ddyFNkD3nc4k7fvS485UMXhFkUVs
1108,a2zXoTRVXFeg8KAZAqm2Tun4NCdPg84A
1109,kN9crAzSNbe8LMPNFLtsaShP8k9PdXfh
1110,PqK4cviX9Zryifwr5K3GJvVU9bwcBPkX
1111,kW6d2Dd3cVSqeQt2zJkrcPLOM6nZSIxV
1112,2rMg5SXZclykC8DtqmyZBxKXfRluXaUj
1113,znxgr3kD6IRWXuX6skXNQtTampZ0zcUF
1114,awRUaoSLBalm7UbZK79gkAD7BvB5XwiZ
1115,Fnfei80QDEZxfTAVo58ECGLK2TAaebgZ
1116,FnBCDjl1dbNIzdlMWZqqciWezzkQyCRK
1117,6qvwbZ4ufadMWDwHBbXyCeAraDe4dCZ1
1118,VQddRBs8ZkrrnwDy1rGuar4wwt8V6h2E
1119,cpHNDgUCfsGDZ84vddlKPugdtXjYNVo1
1120,w3jj16FHmjPHU5YjWHUBk6dDP019Lq3a
1121,vmtaGfLYvAwkJdJVdHxJ6WKVNzH1BAmV
1122,IGVYrdR8vYupaxLEyYiTLPcnfvMyAJiM
1123,YNzbUycWQusfrtPith5Ve4yIDP2G8Vhq
1124,S3aAADvbtylsK3g4ASdXWoouQd1KtQxl
1125,XypkmC3sedfTy81NQsLA20OZFbXAsfJX
1126,87tSqvmUv1Cnbq3trWXqer11XSGkuASB
1127,VmPzHJH2QLAomzTqtKknEsdbdsJvAC1w
1128,6sNB6eUu2w45dKl1s5XaFg5QVXGKNQ9K
1129,tiEiWlSnv1Z00y5qdIutfdos4dWvjSLj
1130,216df7wswwhAOrLq0Alm97wgogfAgO6F
1131,sbYFmYDf8kP9uV0dAOUwXG7UZvtHrM3y
1132,foVQll3NldeQHJ66ymf6fQ90QmDs27sb
1133,skryTdFCel8ijh2DDVXyepB64L9vlrD6
1134,qKPVS1obbYIzrImQlM9WhzWj1A7OBNqk
1135,YYBfsLauSJuoOk8kfgiTTaYGwdUv8Ghu
1136,jw9nrqOdReTaUuiIiOrMAwRmTvftnaoE
1137,tyCm6dX9cvsOhpPszbECHFwMpoaUA8lo
1138,16F2tjEvMm6tuNxdMzwreLqbCx5oObJ1
1139,wKu7nWeSQmX6IDyttgyFJIuT380YavZa
1140,Py9NAFw7c8ZPPYGpAlxnAQucOZ7vivC6
1141,CYnQNZ07GLFwYn2IwHABzxwM3MPJUK9h
1142,qoWC8pUYzA9jXDRXd1HdOWCKOZaMC1hT
1143,u8PwLyLYzgzgVkEPVq3kOHobG10mDRlo
1144,V0YuX836alCsLyQ3VFuPqsOHWJpG8XwW
1145,EmU75FoDvwaoKVGUixi3ztHQipcmM4Qt
1146,5R7ZPscl7hMxtWrGPUqLWGOl2kpSv0Yz
1147,GbxPbWL1vBJPVq2EMIQBISBEaOAx8gco
1148,Ln9Z5fd4CNQ3BsjRIMZOvVNJ16hdfX8X
1149,jLjoETxC5vaHNUSCozJnop1M7zKjRXpX
1150,T5CID5Y2gVYOaHoRwyWIKxeKbBjDVWaz
1151,DOV50xT4sV072mIzVaU6et2fzN7MGKZJ
1152,IEP4FlpPKYsxB2NlOpjjZqy4ICXil5Jb
1153,bnUGPzUJe46oxnziZ2b3h97198QkHCcL
1154,KMjnIIIhuTWFAikvZwvs9s2TA4px8o1e
1155,15LtjufIVeJLX8TABjgZ4bIpEyEhYurP
1156,NbWC6GtS2L4UKlThJq0h9I1UZXkeBaVV
1157,BlmZiK3AmmH9FJTjwLoO7A8jfZybqOFs
1158,JPLG0Z0ub1Xlj4KikKClGZa1SCW4sO6I
1159,4zDSnnOyJRd2ZTPpj9GV69Zorpf8wxEg
1160,Pv10UpIhgwEhXJSqcoNle1Phfw3oVNA6
1161,VbgcK03c39gGUq4eoBiUYEnA3P0e7lmi
1162,i71NXzcQbsgoaOFs5P8FLFcjOcAmc2Zk
1163,rkQqVEBzYi3IAPCNhweTtoFL40NwVFZb
1164,fzEv9d3qGP5vWjeTsxhF8SWHSUhPaDAI
1165,hBNJCXL6OOXKOT1G0OwZHPjhblVAEjsL
1166,Abuk85lAJI416DgzeAxrJcJbfH0fOx9V
1167,JAAvOlldXDBXviRHeD5aehu5JCl2qYqK
1168,N2qPhZGzKTiHIBJyGEHuGj9P5r3a9ZYD
1169,zZKh9dFClTpnxvVTzz0tOoIYLXWREmwa
1170,UX1ftXnzX26EpHdzxlqRMwjTIpK9iFmd
1171,3mWDPb2p3O2eJcxbTmCS69wLWo5l3lde
1172,zEQ480uvkiSpUAHGgvj1ZRYKTEFD78fD
1173,Fp2O4xCqmp0ZFlO9nigDqOHhjeTP82cX
1174,yTJGg9p9C8CRgKGiHRoAGvTmUCBLgwH8
1175,SzyPA4CyoPlIGmcOCgk5CrEgUGgDc47k
1176,1jiITnTV29ob9ZNL00V6rlpDJQXXxT6a
1177,6RlLgw24kDFv46xGr8meoXWgm6VGSsJX
1178,dQeiqwAau7No6fWu7Xuw6KPgO2DJmO4i
1179,Ag0UfzNYGXBqyz2KSYgxO7ojQzBOz0Wy
1180,Ov78AsiKl1cJRUoJtc8R1ZNflgXOIVRQ
1181,uPS6hDBR7nbCxQlE9n2x9BmYZ3ERZfg2
1182,4AD96nwjNFRaoLU9WJezzHW0JROyghiP
1183,Esgs73uvS2apuFUz3YNTJwEwgszudWKm
1184,rV6Y4FRoPNp9IB5zfKKdh71SbXnz3Bh7
1185,mMebDdcgFSuf9CTu9RdkWnU8XB3VY0kG
1186,i0QGTYDOQKhWFLMmaM0kXxSNDjyLX1I5
1187,KSFGIXLzM4eVWrlrtpSu9wM3btWLqBk6
1188,N4RpL3fbPQcAWWvyULEoT0ksT4p8zXrB
1189,ZXT05SFCBRpSG8slr64K9EOWcWFogmqA
1190,iOULLPApYK28waf8yPqSTTqGZP7vyfkf
1191,whFUnHPuhbpJ1DltIkk8CJtdJBFuQ2DN
1192,Yi13YYNdlh9NFCYxteUgnVfLwbaj8DUH
1193,rxWEjF6wvKATSDQxuLaUBgiXsIlz7lsk
1194,5F0uDhGuaAC1ADN08QVAQNe2G0x5ebE3
1195,vSFOECJJIJmcNogCMqcYQCJUSS04S5DK
1196,B1sU0wSchedwQpy35zzU7RdoNWA3Otre
1197,KCKmVs7BmL6u8CMDDEeuSuz8UB8lcDYG
1198,FCyKbMHwoB01KP1ZW3LWvZXLKsIePVmv
1199,bnDTUrZU74t3lQIqWYc2ZXnMtP0s1WOc
1200,od7UKKKGJfrIH8gBX2NUtat0SJOrNqcu
1201,HxqfXFbVFCJo5AWEuC0O0Lfe2LTjKmrk
1202,lhKCf0milBB7fi0hKSkOlQboGrUBhvX1
1203,C3j98qKlPBGKHMrN1MbqPmB7UY7igzhg
1204,PCCbFlDKWYdzvqY2Imp2VPrnzqKaMLBA
1205,3uXZ8LEIz2uUMARDcVMF3U3u05KIRbjt
1206,ZvwiS88ajy4TEIGS0lLGJfuOrPsMJNr6
1207,xKK0LYctMtuKEva08aAAwtitP6AuoeGi
1208,6ccJo7vq6FT2xmohnjnMcjx588HEDMEc
1209,OkaDqs1qoMFm5eHcDQhbPheldj3NWZNb
1210,yz5uy2fZshvSGnX7kVDpUpY4Ev1CJJwZ
1211,KJW4siyuBxozdvZX1UFwYt9Z3Qn7pfHU
1212,F3dUENkKmmMSmSZUIpKTV8nhCXHSBLRu
1213,EY8zLCxAIIR4W4vWuNp39NzW85XHDpvA
1214,AHGcZBryMx2BN4z4Z6FRLvtu8FZPQGbJ
1215,16seKmWdYc5V7M1nlGzgYR9tK7lvdMig
1216,z0bwrnbOxZTsdnVfw4p0eEIe6bU1B5aV
1217,Dkqpa9yzhgRe3baOYnqomXy7I44FMKkb
1218,6mVdNfzKmQ2yNKdMw2mCzE1TKKMjy5KN
1219,RWbxuMGsbuWGjDGeKrifJoC5PEcPEINj
1220,XwgqdQ0qxiQ3Eqg2zKzNvZhavDhu528L
1221,c0KZXL2Xc0y3mIexF2ZYbj5iYM6OH13c
1222,KJYUOU4RvBN9tECLJboZHeo7eTyn6EXq
1223,drf924q2QLHLWU7GCGbaubYgJpifkaPA
1224,XS0pNvsMU7e36s1OboyU9jdh2gsyue5C
1225,JK4pM30MEFyaR7jpuNiaV7ssEdVzWbBx
1226,ZhwB9wGQY9k5w6YkqF0548GtQx49BMij
1227,k25rOZ5B49HoYmbqh6b2aoDya51nadR3
1228,OwbJ7gj8Kp37zKtKBSa56kFHjgQQRuXl
1229,gnNWkClgf6k1vYd22TlBdocd3S7Mx4Tf
1230,rO8hEa7rpYRvJxiYdicP2lX4vAzcMRp3
1231,lB0ogzd5FhfefInvJMiCfSiqEwOkuXxi
1232,tHBS8cJsDQYLkw9QWOSpucYP9XzIvNlr
1233,FMQ1acAPZs7jOqqIGW9O0nOS7KLqTNLn
1234,beXD2fqk4Yl2Gj1Fh8cpee2XewEBfAoM
1235,XJ9SVOLsU2S0BT08dDxdXKFoL8iZ60rG
1236,lwSOHt7hDdXYnI5L7T98Zp3LgYNL6iIU
1237,Nd5RDd0VbxrCYYzSBX9ZBxdcEksvScHb
1238,GtaT4YPsH6dAP0mymeimeHkEX7hHJzUx
1239,VKRiyHLKKmXBxxBBo1KFdCCZ20izbJ5R
1240,mgyMLIxWWBB4bq5eRYwZfl7HX9POGHX6
1241,4hcg7mbejy2DdLK0Yss8OOLATT2ddalX
1242,Vei93kNYITw6oAgYGkGNYe26Hnuy8rWS
1243,ePZRbjqNRiAxcK4f5drNczRRhEfHoniS
1244,AsEdSeLLacaDEiJqtNF85cO32HI5UwbO
1245,CV4akPsBNYiGpXD97YvfKY0IIB4qeSdf
1246,FkoYfvGChzRMaPGIXvs2qZIHdHpRHKi8
1247,4Q9bv8tBgnAGgmpMnjRxbWAuNo3i24US
1248,fsSVyw89FcQfYUebR75WoRu1ahx6sOeR
1249,ooEuj9VrWNqilGTIy7CYrlbBCkyMkDSf
1250,Ks45SrWpAxSXTMWMzIyGBzOEfGNyZO6W
1251,BxmhdrlhFx38cr1QT7J3eklHKVWjPB7D
1252,zLopISpiQhAT76X1Z7cEsfYMDw0eGRYI
1253,zgKcKVGswhIzkLFIfEk0PN2mgrWFnysl
1254,cPsHt9wctPacQKxDaBpORBXzWzSpq5y4
1255,iolAOxWaCUzJmGcKe5khBFdqqopZN4zP
1256,v8T3gHYGOJfB1zQtcffdMrHj1xIsKryi
1257,XSI13smB0ga6CAW9Ag3PaZzLz20q6Tfq
1258,9o9wsrK6fmNsNwt2WSIGNij10eUo7XvE
1259,8FXKS34rMdNTetRgczliX3jYy4zamxOl
1260,N6YlkBlrg4FKsfiCtcXkPBQpCK9DnLy3
1261,DRqsIyz87ZKCL0iFxIbsJPSS4K1uc4Z8
1262,bOgsVQXL0bvYUZo8oXsL5zBwdPqbAwCG
1263,wO2MyG1ecOoEjzHARd74KjEsHtowGoup
1264,MjlbxsFEfcfybOKTYQlvO9lIKsvGFcRc
1265,6N9CyzzORmsnRbr4Hmp9zxPNOSim0wWL
1266,48AXkpVtqlIpzhSFilDRy7YimTcFDq9Y
1267,wih28kbnRdntNcBWsxn5h4oNBMIGkSrK
1268,3EcbOte0UT2Xtm4eyY0IKIDwTTFMH54O
1269,8GR4i9Hp9ALxoFbNm8t6Q13jZDV20Pst
1270,Ratn8wbaoAom9nRU8MGW54S95HLmp6V5
1271,mgRz9O3UkGyCREUS1Q1oXFe0xlW3Dg98
1272,wuGyB9efEiQDLsgcUcet3p02BxCglbVw
1273,8kZpBMN6l3v2oyku4DH8uFLL40tJGvHG
1274,Z0urarWVcCey5ZBZ7ebrvzenkbqd0Uoh
1275,6N2dOX2BUVEvESMoIWSbtkcxH0lTpteJ
1276,WCdhjExsHwXntg3V6lULbVTRuUhRGeH2
1277,xXTzdiitVNwAbzBf0H2ztvCNBYMPpiOd
1278,EH7VUF47SN4ygBZIDWfUNILY45SHhq6L
1279,Hbr7HsvEW2SAOdBXrVOF728i93jr2lXI
1280,EDFMYj7dEW6UeYfScduRCnSA5GEB9Eqd
1281,OJ08j7OvIln6iyFJJ8Y2NZXimP5ZWSl1
1282,AvmGiQbdujnQmHsIqNqVJaz1xzujyZke
1283,TQdQepYvPkNXBYTsTO60cJv6HHmmdeQL
1284,WxG7xzf2W7tvhcW1g41bSce97Yp2LdSY
1285,PpdKpq2mIFNX5rzIYfrKqrD3IIzWQltl
1286,KTb7sCqoDKa0sK7VQh0xx3291NiHoRRv
1287,5S3tlOBG1G1kJokkhK6WjiFU0L1mnnpd
1288,pyqqD3JuNMyBsa5UTHiThcunylXsDDWr
1289,iZvuDqVEkjQgPnJhxuMIuzHBokQ5nMUq
1290,Py42SbUUVxVXG0fjGWcCi7aK8qnzp1aC
1291,yxNYlrZbwgCJm9JjqmuE17IHQVHd63yM
1292,6O0xMNdwBiRj19MahYTBXPV5mHmsTfpI
1293,fuhpCh0d5wl3WdF2ClNsWGXtLRIRxyfj
1294,qTgof9VKDvVeqtbHOA0Cru5yERYPyorX
1295,UdFE1JVaPCcgwZRADpmu7LQzSm2Cbz3M
1296,FFrqDR08LeZdl8Fs7fTs08WT1kDDlDFz
1297,twIS8EO5j3pf7lwuWL8g4ceLLFdovvG9
1298,DZ9jFUQmDPezkNdaxNU7Q3Csco2Ji6Ok
1299,jGOMKjfJ7O3TzoFF3A8x7ND5BpmjBEFj
1300,gjUK4TNXeYPxt1vpxQ70jK9UfKgtkWYw
1301,m8VNhwPz0gYfoV6g3DbAD9a2q8GnMxUh
1302,erbCnp8rv9CWlKeeRtY3fpTYwSn9o537
1303,ajDAmQ8uFPeKa0vP6aA7vB3yzvInIcPH
1304,BslBW4Q7VGfwf4678tQ4H0wk4U0y8pF1
1305,DvTDAvycFJYp6iYBvPBHcgwqZOuUKar6
1306,3MBNw47XKfzEqGFVkmbfNX6UTKPQUQAD
1307,0V6gJDs7P7NwQQ6p9sUSKzDDyLakYfMO
1308,jquQBHt44VoBpQqN4OLSsssfGXHPj1KG
1309,ZU5VbjUr9EOEGh9PFKl7hxF6UuI45i0J
1310,zXrtgL8OIDOeSYWGn6vLknYLcwZuZbL6
1311,uMQgRPkEWWuDYqKXuHV7dKihYZtLtQxN
1312,dVIqy0ygWiWBiyAJYbelgGI6DTca9a5w
1313,l9WRaXb27H9luCk7dimAvZ18rDr4gjJ1
1314,NKHfmSCGhg3xn5EA8isrYGU5Xmj8Th7J
1315,UlvupPzVmjMh7rStr94skgi5cj9syxQa
1316,hrwmHXeC0grq7EKkekcWCV3oQQxo3AI1
1317,8sE4cfRCzH0kots6VnVfNcMP6fxPQzNc
1318,w169OWjd7vOvYLkXwyhgJPFodDXLqF3p
1319,ipxR7S9p5JGzA9wROvEKoWNcDUnCG26H
1320,u11mHXXoDYkgYhf04WzzSO0RxSt2lVUC
1321,qOnzhuugfw0CCkPVClCVH9HueslxgVlM
1322,SlGBWxOoOy3CtD8bTbHgSSZqoauUl3l3
1323,RLLvTorVME54gdLElNB1wxky8FRt5lih
1324,WvUdPNHr9mk1eL6DYRodU97rGwML9A5d
1325,NjtQYejDZyIdfCFW3c2W1l3rx33ONkLc
1326,1DFrTRmGUkAI4mFr9e7fq4WfpKg8TWi7
1327,2QPyhzxdnIPJNcEwlaW0hnyb8bldzJri
1328,KUmqqM5oXRK4y9rPIh1xs4jUeGmXZT1L
1329,0rggfnEoNa6XisqQqEBOrsoOM7T5HOv1
1330,OEtaQPSxYHTGYFKEski2ALgrLveBUlRC
1331,35xTpUQ3sfgOWIt3MT6bXkztbCzwMgjV
1332,dVPGUeKcdvYG9KX0rgzdWxPeiWb7rOG4
1333,WOfs5SCGOOeUxe09cdv4FZ2ZfeRtOKrP
1334,c3Yer4zwwmMoikX4vGLh3hvm505glxC9
1335,D5t0oELUknxMVEK223jOscJZYBcYeATM
1336,fdE8PhJwzeYQs2AloNMf5QQrRilupIBn
1337,oRWimRKw9xDdHwIJHxV4Sc9pI4aad6iT
1338,gMBP761eEYiwZjLOfNQLJFTpct2PJCPt
1339,0IbUZimvsdLoxftY0TuJPFriOv3PeD4O
1340,L94s7O3T80566oVp4Nx7Z0J7NcTY00JU
1341,1Fj2qQJyoi3f5DWT8vKMsfCIwtGgl6Lt
1342,zpEqX6hQux3IHaT0BqpIJdxBZ6wF509Q
1343,uQoMwUWdRfS9gNz5PdPH2ECOgIwsk5gd
1344,jwTc3VcxPs8f6oUyqB0qCOztqgNssxll
1345,ptUxZ7iZrfAgm8wvAML4Hb59C8BAqqH9
1346,hPAs2zWQ9xzbjbnHsWoVR3fbSniZQv3Y
1347,WtBr7tw8hsDPT4S68Am2PSyyW5sdlLCW
1348,Nr7JMaplhSabsJQu1IbQDRL6zxdf59xi
1349,mV7DKKkWkpzWN5syQi7wOpZG2y2X1JJh
1350,KKLYUxFWqkV1vTaIyjdJq5HTtgFRajel
1351,v5KKJ8f4zCV6Cxdw1UsXQxqA00tXgVmx
1352,xNZoBY2SZpx7fSs1ujO80vWOeHfEKY9P
1353,YM1mIrYetf0t0I5FItGCkvncQ5jqV72o
1354,vhGaMb9jQOT194us5xszh1WS4zpu4BJa
1355,sNPRHAGcprpCU5QyHDoXuGiUAoYLia86
1356,cjs9QR6q0k5MO7tlXPZ8J1AfRo8nHeaA
1357,KUShAHp9AGqy325RSLXNF7XThqiyfogx
1358,0WzovE49B0KTIQh4F2gglAaaHgbI2SqB
1359,pbx9Uybnvlnq68gxmXM8AgAcbIBomHR2
1360,lJEK1kSVtIUWZ7XwL05rBbENVZ1ecWUy
1361,XNZenvEOF4ieUDXR2n1bEd7RTlYlfaHX
1362,r3sIePaDN6nZBwMfyblm7Y7awk2Outkg
1363,8U4V31szasLJRD00OIv4T0BnYml1phkQ
1364,9hWJYGD8iYTa2nUBEOl9Nl77LmGd2On7
1365,mWJjRjdjDiXLeRckHBQoVo4uXposXx1a
1366,MFgDtyie3QNpBLNLafQmkuVIHJ7eBsuL
1367,GplfX4JWiyJ4bCTVV5tgFxSsIM3JeqyG
1368,eVaSwKVQFK9pX2SHCJlqZRUSvbLiUGgs
1369,NL3DmCb1iRDUd5YakJ75Q7F54FyYq9qL
1370,9LIF7F015anydyPVrJ2tpW1jY41fsrUi
1371,MgM9qWHLZSwtFRU0Xv5LGk8qqVQ3bSac
1372,wiFEWa1GOmQb2Ca2tPsmuZGl54shOHMM
1373,2rc69p7hrY3yt7ccCJYdqh0yKgKUraCt
1374,xDHPRRm2TOvYJCCC2mvj8aTy5TOT5Rmr
1375,mrfzhAFYUxaN5Ne7IH3E9A7GRWvlI5Rq
1376,vdW2mGdEkmtA9EB7ECbXHzjS1gP9e4Bk
1377,VBwSV89hpMz0jsIuhrdPRGaRk3PkQmjq
1378,lOp4t2oQw6LICBJfEtr1Nr1KS3sFMRII
1379,bPGRhWs8fQavp2ex5V9wE3mYivLR4OP9
1380,xuZFyKNWUpAmxX57KGhhcLSrvFhDWfML
1381,s1yR2i21PuHmIhCP9pRI0wQdIOyZkQGa
1382,UP0baMc26knrujfhPzsi6xtUC8DW1uYq
1383,KCXWcgNfsT2oKpZsgL8SjMKuuyIBk8ly
1384,ednBtggEI2dHblmWcc3qRepOqnE0tnqD
1385,GUH7IQ9eeb2FsQYHm2WQhWSARZwJRl1b
1386,E7IMUGV3ODXNsA5fvWzWYGah2vt9Vc07
1387,sNDxJZIAiDNkV7PxtkYc7yM2YNojXK4p
1388,atrPGDt1unKxU0tNTz5qxmRLfJbHHHBp
1389,UDyOVchZo9d609GpgfMD5q8M3HbjZhZC
1390,3NbKlxBsWhgotUxJcrcppoAd3fP6Whfn
1391,DPMRu36B47kXwOxsGzXaKA2qn2o6K61v
1392,lqxDEzf5vdWAFeCOgpfgIRjD4X2h0Ix3
1393,W89PvhsPq28yXaktRllxaxAgwmzlHFzQ
1394,xTzaVDwi8ifit7hiIFaynKT0etWdjagy
1395,EE06oPMoPJ4XvdhzhzI14eLuWSa59DXn
1396,9ENwiUwnUN4Nw9IUl1WrOIgTO8loQmlo
1397,VlgR7GweynsMQMPJHMYWuhTmuhvS8NXM
1398,97cWnkSJ30ltLpLmroDd1Xf5ztSc0lub
1399,w0CWWU8rsRCGoN1cWrVggIHmdlNPicvd
1400,LRYL9Yb7AKAp3VPslYeH2NTFPOpiJ0or
1401,T12BIKwbzcmcxhp80kSZgAcfQZIAFwsC
1402,71m0fu7c9SykaU7YFJifiUl4DstdLvBO
1403,Zt8Nj2KXDViZFw4F0DMW8jwz67dZRNvn
1404,9bOdviGnH5lttRb8FDDa3ZoMHV09B9AO
1405,5GTYfgP0d6UL8v6dktDiFxGeiCvCr0gr
1406,Blkz5JOuPNUpHiEMZ4GePx2YU79nWh8X
1407,4joyqLOIS6pqOSjyLdIAW7nnhMICqgU6
1408,BQKUwiXgieCDEqxemBvF4EonhsgCzhB5
1409,7ynL6glnSm6S2LmV1efx2fYSTFeeLaXp
1410,KYb7osTIO3gmKYkraGRCFcSMseWPoHt5
1411,POnLZ0q5RI3x0e8jdxa7Bgrxa0TswDzh
1412,fVqbaDF0ZwqKBzauTcFVOPwPtOYc2alj
1413,aCLgnx6V5scK4ANfzZ3cb923aSORAqkW
1414,Rsu1sRgjfGEuH65erkpKmIsBACNVaZ7L
1415,0zUAay4iK2NZjjDx5D1MHvNjIE031Ums
1416,eYInDeXTPcUFaVU0lAYsBDtXVEPxnwwG
1417,lNppzlWZRgQByvzDAtgKdoucpnzTCA3D
1418,NKF2R1034QsHIhUY8XW3psxKpjWV5TC9
1419,DYFMzU4ZU8zfZX2nhoVG7tAMYldaVrRR
1420,6VQjRv5yj3AWWnqKUi3qTe4NpdmOsXZw
1421,YJa5mtzANythT2oOWU7zruhTyV20oWgY
1422,aWQeQNGd0p1eRCX2Oe9jyXyjLEpMcoqc
1423,iUYLIN9PvOOqEGJEdwoCnC8ipQ1u4YzJ
1424,1vdT534FzI7JwdyS3fgwfrZxAB0yldjF
1425,8i1XqdZy4SD2OtvmZgEDw0RA2BCFyFxN
1426,jA1iNtxesmVnjKSZwH8hMi05FDMWuTth
1427,hVZcwSovDJ1WdF4EDexpBswHznOjYPxN
1428,fMi8CIpGNO0MXvd6cSBSI0aACZflFPCf
1429,RC6ozPlhvcmHtmeFN5fiBYJtN0McHrP1
1430,P5xim69mOP7RHPQtsnMRyNppn0aFDoOB
1431,RxHVbehwHdHpJa7DiSqYNDtMBZiC8lqM
1432,yE5FexyYYprRhMSKY1OrW4HiI30pSeuM
1433,bSxAEcuZyJaSQclPcwtNccTP9mIBQOUB
1434,dHIESPmTM6tOKGZvg85evxjv9qOrHalY
1435,EdurTsfKHaj02iMZNukz6rJPH6XAwRYU
1436,6AuXdgahH2HM6862lZLpzz6an99XBi04
1437,tZrpUWyZjk3phrEUdNeLG9dcFVSXuKPl
1438,1UQ4njW4MrIbuHx450kd2JANS7qu5YaO
1439,jxOvwb4PgYLAlvdQr52ykjZJBZjSsbJV
1440,SFO3Un1VSyTvpyv3lgb8vRZ4glchrkyu
1441,vbFVRwsslfNLvrdk8ic2ZepyggTyMjV5
1442,fVghlJ3bb5kLl5MnMBOuqkDLWV6zht73
1443,BudBvsJP71RNZkMYZxIA9PAJYb7StxvY
1444,nDIlJNJneQQ0gQB39tGNT7DaOqZsElWP
1445,sLR4CxBHeLe4ZZuWe2eniShxfPAsQ9os
1446,CEmJzB9K5MZKV3btROOaS4p6WXVY9SxG
1447,faRm8PnhetIxVP7y5H1UQa7mNk2LZXqy
1448,qPWFQadUEPH1nPSxrmrUG5af3ioQv3du
1449,LDMOKtya8kzPoAQttU7dKC1RcnL4ocie
1450,2fX8JbFV4kjE7EuHGBdssRCobWVZ6RqZ
1451,hqguNXlXhER9X2ezeKagVECUz5i3J9xP
1452,aEBPEwjkDFUsPyTwbeDhctogi5Ezbhi0
1453,vJg81FYVb7FTizreKWsjlRi5aZOWil7X
1454,ytYkGy1JO8QpGorzRuhrkcW42dKyg4H3
1455,cqycN55KtsXDUEMxThy7KPZc54xLpOGb
1456,EpRRZhdiuQ5YxaNTEviHcCu5lwxhihG5
1457,qEGWoj1gLxe2aXrEpkBnF118qYFQXi6C
1458,rh8i0rEei2WTbfMSsV0EGH3i2adonC83
1459,IiLrGYn4YqthfVJ0uoWwdhzM4EPkcIG9
1460,9pmPyAkpLkRxHUcMb7jHbe6P9PyYIwGC
1461,bb03QGIG7oVX0B0MB3EVsLKD9CmEi1MH
1462,td3e4KqjUXm5qIqSKqHX4v9vTKgqXo4J
1463,ELSHfXBLlKYUZtgK0hXbAJLZDAb2m3Jz
1464,ir2kho1Sv4keUYKeswzM7X3bcAhZEnyv
1465,6jbDdanBG5zTCFQOV1NcyiKHtR06J2jM
1466,7cx4WUT5gLHQ3dXxoUnE1bFUUI5p9f44
1467,w5S5uKbGsVw51Nsnew3IuOMMuuNzXmT3
1468,a7tdI2BB9m0Q4NEYvX0VfCft4IDdacYb
1469,LptAkO8siXQtGzvLwqokOyHUPdt9eAZ8
1470,B4Exj492cyXbm94ZyPLvyb8aVXcxkF9o
1471,7E9yCIk33ikwHtA6PbcsCRg0RO5fqFL7
1472,pmYsKu1uYYPLRD0iS53Ron58MCKzGLgg
1473,b4ouaKl7E8DNszyw7LpjIgF0GHIdTeG1
1474,0uNDpoCA9b5mTBHjgcXECavojl5cTlel
1475,zDnelZmiV9aH56d89emjjW8WWiu7Rp6W
1476,VBuF6r3Q4kvfASdTSJMlZFZYJt87PbHd
1477,3XFmy13hdiObwr2ezVkNYFjfmVkL6cTZ
1478,7v5o5BxcwXpIBmQ47q8aPri25tiYWm9I
1479,B12BFMYYbBPw2DJFXIT3LMmNvxOWCBcf
1480,vzsFi6R3uGkjiTpnGBUuw3gTBpgVfoUV
1481,rsPlrUetC1ciStvBwCy7Tje9ByP5JdJJ
1482,jiG0d0lsWaHJwfe68CVbuB9010cLhnYo
1483,1OPTDVwhnjgkGW0AqjY61nomTBfQDfcB
1484,zCaro3kH6iyvBMB01eEEhTcHWIBzIpGb
1485,6cOKX6AZ6BjoHjfR5rMNiQK7qDpc5rtr
1486,dPNjAuDkeeReHTlp6pyJ6kaGQBZIYYR6
1487,fYdTO3mc6Htx2qq6DI6PaqwELbr3sKIj
1488,lPJ6Eun3RtwhXNF1G061iA8gRcxdMH29
1489,niqpp3qLpTdpZSev0M1UE096RabzB6Fa
1490,2HdYaZK0q06KINuujAL6Jet4i18aMV1D
1491,Yb8Dum6ZB2bfLqxh2C43eAI0cGAIZkSc
1492,GQ5mW58NypmlwWgSHHiRiYyhCMf7tzCr
1493,YiacRLp4wperWfuYUvkzuTBZiY2mZyZ7
1494,YOTXbXony21iHESRzN5mfu9PugQsn3UM
1495,mypk0ZDVxOQx4zkrLGmNd6Bwn6hK419z
1496,uwNs4rFuVlCzPdQx5FA8EsHVgK8r5lVB
1497,4ZpiHi3zoFvSq7QO1s154GEl7t9O0seH
1498,QmCgJdxgS8Mh7bADrRJJOhEbW6Tp1hVr
1499,4FPd6q58evQqfHYcCCKUj8NDEuqZnNzr
1500,AQGX2RnHxrlGnXxBRsmvgV7VWwRq68uf
1501,owkek2WJ2FXtAPv7AVoHhrhSMTyH9YHo
1502,OvgS6stxPy4TPUrZA69Y3qJG7JqM1wOa
1503,UDBv9WPRGr0fjROt62JBgn8SGqqfVEhV
1504,VCyEsMPLqLzsEnJpzyaTbgwYfpdugNAN
1505,ATQ4CXOdioSYjmmWeQf9MuNWOredHzJx
1506,7Xc8jWukSasDR4CxwKmC7iGU2efryeg4
1507,BBGVUJ6ztfcYGdiRyJtQcFfQcVnxkdWE
1508,ssfmRqe0LF00NSGPP4rWK26FfeHhbRSH
1509,KQhbgjcbZcb5CZfkl6fMIHi8JF9qvpAs
1510,87ahbQUUDuZ7OKVY1rCBqLUVzo0eOZpG
1511,JTrem7wxApF06K22KzK2irWM73FuEVAC
1512,J5VoNkHkFQkIIQcV1wGiEge0XyHPndcw
1513,TQYj6vJDT2tt4syNltsWk2ejpuL7hueH
1514,THjTIMURoSderOwTqNHDQ12etZXpL976
1515,bqujmnpQfYd9LGRftgukutSWMrdfeEC7
1516,iNR30snejGT4STYHH4DHBH5fPfM9y9uP
1517,DeHPOVvmKLCFgzrUrlxiABuht1Kbvumm
1518,zZ6YwgBwxkWycYFTFBs3IQJesGNrjKGp
1519,I9exUsrG74ilfEapwLcy8LuTzBfdXOa3
1520,Ospa6VedDnMCVbCG2RtE9eX3arNGAcXH
1521,boVrouJeZRMEwa4hhlQwXF9HXAkoFgnb
1522,je8nPsUoVvEIax7JiKj0h4b0evc3wL6k
1523,4T4xD2deyywzKWurjwCUG0rUwuqYOrQk
1524,KAziHgrTYcVOfOHU537CyIU8qsjDPANY
1525,Qwuakq0BbFmp9Zb088o3d4FlEDL7HhCP
1526,pCsTktEglwHOHNDa7vqeIAeZgt6eFQ2q
1527,eQ29N2Iqj9NU2Nh1NA7t66wah2TWCf6d
1528,Z24hI9afGmNUeHtwIAjoEsOwLY8Qq10Y
1529,x6vdOwxrhKWW40xneP6pR70PEjRFTaBJ
1530,q8WFwaXchCtBUZLbZImlmnSgPZTl6P8j
1531,dyPR9r6SOhY3t3vZN2B7ibqvlapav6DO
1532,YHg195iQRSSyQfxWKHb8uy9wrrQKmKfh
1533,9hdr7voYraAURCZwKGO8EPL1dEKqxYw9
1534,JOtEc8kYMHnYiVHAX8Q5IVoDoHPad4iA
1535,rFjqWKyGlMfsY5Q4xdw4Nq6e2STDOLeD
1536,ueKZg9EzqJZM8QwF52N0gncrzHn4cnF0
1537,TWbGBzvGV6YRRMMrlxZ1cxAmoObtpDBe
1538,HwXTPPa2GzkjXZpQK7zqFhN1VUdHBWk7
1539,0sL0fUbpZRFor5Mq0fzXAOMChGRrvWaJ
1540,GuXAWB2l0iOJ2BFJlCOwMEKNT9niBV0J
1541,ZT3iuA7jR5sUiKxWqk2uEX59fRsRft82
1542,UmHC9qEg1A4swrYBiXrPHpQ1npH5UYGC
1543,x8fA3cZ3Ex0ubGSCErBvTqGOMM2TB3XZ
1544,QvoEcn6tDbIG5WFh6Jkd6EaDMz7acl7K
1545,9iESGXa5osxQxLSbxA4BRPv86nuT9ISO
1546,C7Omh5D8L6osJLNTeVDrERibPBWnnEXh
1547,lvFgH5YjUqzxeuoJC4smzm3MJkE5pOZM
1548,5C8fqGwFgkVRNWBKCdGjG6p9YLS2mZBe
1549,CzNSi9Kd6b0Y8MihwHeMpsJ5elMhmHKx
1550,W9oO3q6W6RouVu8ePdXZvdyDmMucdUp5
1551,4qn6SwhKzHOAbkG6RUZibjxvK6bwz2J6
1552,zcs5rZyJImp3Yj8ZWvvBgi0QgAiEVsDn
1553,eMz1H9zDFfODwyhseSQgt1mdRvjTLaMC
1554,3QT1KzmeHGRAEC520bdsIEaKpHCNjYNk
1555,WDdGp2SOmWkqfkwRVL7NyMLNTuy424U4
1556,3UAUljsLJumMjaBLzvzwEBpr8zC0efRy
1557,lADpJqsY831ANfAzYVCVVs9EQEpTeAFN
1558,Cj05BMg1ICMN6dZXOMedotDNcc0yHmyN
1559,Xr3iFReUhH35DHVCMXZsaN6ajM6iRevT
1560,IMadIPkHOQb4gEEwVlZ6sHxyMwbytWXT
1561,mZ7i8eLMPl7NAplSMbEq7R5Ja4ZB0EAQ
1562,88ReUhuPebbVVxEGPIKZVlsAdzQZYH58
1563,Um3zr7VoLPBVAgkDCjH9IGiKGbSLzQOu
1564,1Uqf906OpTfe7BrGFAPVp4kmuZVbbSll
1565,h7n7VIB0c88iz2OJcQ2vSoDMq1Owkh6k
1566,ZIsnjSxhWXdFnyMY04W5v5T7DbpsE44J
1567,zMpatCLupvogxgAk4Vwpr4oauGWsjGYz
1568,gFpAhiCbyjnJ8VWrWrQOMGRkxDK7Ccru
1569,9tphMk2iTOUp0vprK0e2ScZgo7cUWTfp
1570,6nkTXZkn6NZl4rUyinlNxUaKOgyvbRoG
1571,bFGwjywPloOqWgkxZxlhunk4SxSOPv60
1572,t9q9m83UQPBdGUXZIgp3eJD72pxZNTpx
1573,ezDWqZ7wQRaYnDZolZ4xRQPspoc8husl
1574,mLGoe7UyT2sw7mugRwmJ7OrEUrl6zsPm
1575,dWYkBjpDeFa7o5U5rz08VLmY8b7kgt6O
1576,M0K6ZaOWQgsZSbbmzJnLGLujFporms9b
1577,2mmoSBaGthB0DXN6q4TY8J2kivcOecUM
1578,oOGw5GuCJpJcLDflvkcmVIN5XKPTfD7A
1579,hjmtbDeMoBFTYgE6GSgqOJzFWaggPiFA
1580,wb2FO4czRRQGBTJUR7zcYFTAyAULD86A
1581,0GlYVC50DaTXcQG4Kk2JbqCcQ94jruiN
1582,eKiiraVbHY5VsIDsDnVKERyYk9gTiOhm
1583,FdghbyfxsULGBL1JuRWBDfAVhH6RzUWc
1584,NEQ9ANjBSk08B5G91qeVHnwpaIPdLb8u
1585,g2D86B9pZG9BLyG6haUpqC5ISPTFAHcY
1586,lUmnFfe6Jxx6WECUieJHNbsHLnbe8FUe
1587,VFXIjHiZ5JZgaY2ulO6ZfnPzlpVnY7kj
1588,Ak5g1Y5PVeX1weLZ1fujIQ2ycDDUukBJ
1589,ZSWaXXc9Jtark9llponFBDxPtgYE7sxa
1590,kolFILiNnvO2FQA6aT3w3jFIm3hUmqDF
1591,wS5pI4Gx3aMBEJdou51xMkmBppX2XMjQ
1592,qUIjlkz7tcvtbafOnBr8RKxK26MYbOFg
1593,TiPs8x6AwAQ0Rinp8dNspeZK3X2U9BDG
1594,V1V6q1OUcu9cg8J1ziBD4M4BTdTHctMt
1595,8yZJU3ZXznWWMLK34ByHKXvreSE0Vf5y
1596,Fc7vUsEyxxDLoMjNgpb7iJkrBGOeRUZM
1597,U3Hq57CXcTmS5HT3WFhBBlecRpa6I6Qz
1598,pDqjNLYKo3bT7Q0UdbJaXvfZAkVtzAmu
1599,q4QzGJQ7vkSYFEVS4CLVRvDCfruXErBZ
1600,SLSxVEXZC3T94gJDvreU5hyjIfWQvVSJ
1601,W4sMUs0zgFQg7qr4stzgtgDsCgl7J7VJ
1602,zFEHkdj7Bf9Oiat4Ki0E4Yn9K7Az49rm
1603,RXAPCCM75Shm3gGSTBw3o1niu48QwNsr
1604,pY40nPrfV2ezaXJi3hpBlOZa6Vn1INsE
1605,gAcKzwJ4b7fknGcpnkihIB8AXWNOcwgy
1606,RN8QypGEbq7EinGpVV8gS86Udgh17s1f
1607,zAD00TnxKTls9I4WyJ82K1DkE1xO9sQy
1608,bAV4Xv7vX0yHSR5dvInGQVcjmVnqXt7y
1609,9eD5VymxRHrtdKUFLGgAXwaD46FcnbRL
1610,bOo8nj3sGaFDnCEKTYPprdeYB8eMe2Xx
1611,rMfbPbAZlSUTsUDoJvnLTdvscUQsl9pY
1612,06B4RZ2XoURwgYG2xGcmSpDUFtTB2qCK
1613,uHk6p61bpMFrp8WjfwvI5OyZuXBzzO5S
1614,iyf0gp9G1BBwhkscBeLhWmNzZJQYYhLy
1615,liywBgZJi29YmivjOFtYWtGTvv7Qbtu9
1616,uXGjRj1IvQFZ4Rje0mhwCDFNAtKyiPeF
1617,ScFE3mtZfIMi4oSPt1tZrR0bWWViJUgU
1618,QicMT2O7WnGC2OgZFxt8duor1J2j2UNM
1619,mYECiG5nevBYVmFg6ZmB8Cf6rBiq1z8b
1620,d23crF9k20RuDPrJWTzSAXt6P1NbKZ26
1621,wZwwgiRGPxFSLVY9GoG146PKeTDfQLVs
1622,Pnz5oIkw52iknrcrKfWJm0o83EKbA2H4
1623,rTYOI2UBRVdnuWmOVyJXlnGyXOfKnT0m
1624,p6TmyAcpoFSoSLi192p0XJDjqTa2cy7x
1625,76lgmJA8bvulcb5aPmnJXce9l45WdaPy
1626,E1QEYpOa8nDqNspPwc6SW5Y0obabKyRL
1627,N5NYsci7BpTcIMIP5VdBlXtODsh7JoTx
1628,Z79gkGfW6eUTBg3fGm8bkuwwNWEenlS1
1629,UmwbhzaYYtx0G8rttcChy1JoAS2LlLHx
1630,wUfFSZQBz5FRo405F2uhi9nkhfXF1qdq
1631,2IW1E19E7U9bgbSz9rV1VIFADvvs9hcl
1632,PfMIf7OryeA7gRFDidGKpnORMQGUzXyq
1633,ekSRNe9HQwYnythXi9JJHZQXnhVdw926
1634,ijkDKF9TKlmpVVBfidsem5MbNm9aRG1a
1635,sApXAnrQWvHlMeGxALrWknwxxo0lIV96
1636,1paFNnW13bF6ahk1Xcd1pwhkAsCAGwxE
1637,DQspE9Bhi87cUO3gn71HrSzjP8DwtlSd
1638,5w4QZe4dsJuSTRypasE3vJbutBz2Zuf1
1639,TcIB2fEmoxIDAn67wF1ZbQ1IEdR4PQBB
1640,WoOQUlxAso26nR3Pzsp3zDWEOF8y9IeO
1641,nvyiEhJ6Smubhj21MSUCo82fb7mr3foj
1642,gA0u5hqrurPefz3nNVSLSBnqFD47jtYV
1643,MlPUlHVlPMJno8ODGJ23Ow8C9QDs3j6G
1644,oGJDLYWY8mdU4vv4i373capex72GglKq
1645,hGKTWBUzTrq2VU9rJArAkSJiopgFBJv6
1646,Rj4aUm2m2UrudwIB8sA6dyFGu8nWJL3P
1647,uNxnFGBQPFaQVYXVXOZmbKD5f86ybgu9
1648,iAN3cRmGpg2Zh2wdoLetuvG1rqMoCSmO
1649,cAQ40ggsDnnwNww7HJA5i2fupvOMuJnh
1650,rsceRbgVfBeggHtd0fKCIQENWiW9dWzV
1651,Jema5qYFUbhDXjuku9vN7Tly7GHXFJQ8
1652,lG4lnBWOPyRtsBEpvNGaEajAtY8UjkzW
1653,CvpeH9XPNNLXovX2eqr62DGe93PmLmsN
1654,OfQAM97Ok4XHsx1M2EHbTEGtKiMZ3v65
1655,vsJHWZp4gXKkjPninICUlYz2MlVa4oUv
1656,cmNLdSJ1Kda4pPKiO6QunZI0ThjDdtvM
1657,K23lW3nPHdazh37mOFA6cBhpTwKlR6lX
1658,c1SWXwPtUPVt1YCIUCrAhyWuK0r0csPy
1659,t9eqWK4vYBdNppYMEADcPOMx8w0wPmnA
1660,FKBnDCKRqkXggmodiGO5Ldrjo8e5SY46
1661,s7CdMIgiL4vNS7QgPJpnE7vHdjorqagD
1662,nOlG33xsCnevYTzLuX5JIQDINJRafyqg
1663,Tu0HtBzVCjATOYGRv0dfaKmdThItwrgi
1664,y9JZYzJz36xEAVE8z1CG9vKtLhJQb9jg
1665,lAfKIKyF4M8U7svSww2N0XgixW3txKqo
1666,VSGqipI6CPKobf8bY8ZHAyS5IGFoH8xs
1667,WaNRbCvsMQSRbU6RgLfhVwHtd27mZ8Hs
1668,VhUq3Ao7cQweng0IY9schLqLqErwkltz
1669,Ntw02MRMzrzialvpiSZ1kgLsRpoSqz6A
1670,aOApH0OEQcC0eNTPuAe3FpLcFxBJmsTI
1671,gHVKpmxQeHeqIkUxM7wptqtfnIyg4rvQ
1672,NTBR7qiqLxhrFYCWrenm82fgGSHKxnmD
1673,kN9NRTrv3DrogeZHzWRraFexAs0LYkkY
1674,5axLQjXmmeUq6jmAWBsHuiPbOV2xCFvn
1675,vYQ49xvF47ZOO4lXNKxQYGjVZODLqirc
1676,JIccItYelSqkm5xon64wLCfNcuF4amVm
1677,0AZ5z1rBAYDH50uaK6RPErGPWA5GFY1Q
1678,oj9qsZVeX3M1dei39k78AbHnD7LYiHKO
1679,JztJP2ywQXjXnhkVNMWlDVz6bz1JHlC1
1680,8GQ6anlVxDEjJTEtmT7FR1r4XLNytiDH
1681,mgIE8oPUUywz3qi07G2UEontdzKOmjD3
1682,cAMOuvqYJ6C9EVfZqiHWVK6MGeAEU9hF
1683,nON2Xr1P6E3HYajeQOCMLmsrm2frsvCY
1684,1Z0lftX5UbgS0PHvuVqS8oVBEeKaizAF
1685,cyh7bMpGxhVZGZIxX4GkHgdgUTQdwkTE
1686,hJb97j1DGq2q8UtzP28jm9MEUj7cqPLK
1687,4Q5rLJGoflILPRgIoy8rFjLqxLicAmQ1
1688,EioHayrnqh3B9IKoS2IklEbYlSRvgB1Y
1689,pqGgIdIhI2b1glfcNqJj3EwoUlomGshS
1690,BKHdzRRve1ccT2WXGx6vdd8gSh2yIXEC
1691,zqCgStbR4AKnQuIBHdOJO0hDVPkfOXnN
1692,D74U5v5JfBa8x43tUExba27BGkyI1l4V
1693,48beZ84segQNCq4erojsr0Ad5DWchRrP
1694,7op9XPFdW37JU4aWwI7M0iHdBejsCdCq
1695,axBRpqckYS068rz8DsL7BBjG6qJoXO5R
1696,NR1T943kzGFqXgkosiXF7uhOS1bAHnbM
1697,iymqSIkLwGbUo6ZeL0d71T3kqaQy3cPC
1698,FMpmNu9b5nijETufS4kyJNTqAxw1gQc7
1699,Bhp6vlCIFXoNeZMjTvwbAtUCzxjO5aX4
1700,mnf7sMLkj2GZuJkWEbKFR9mHfmSyV0z1
1701,JMgH0czxtEtQXhs5pcTQSa5M3YnhWh8O
1702,6MR6CGrwPgGLYLWZYAAGB1dbSPGjc5Gl
1703,RuDPXwP4kIu1GjFCwGpyEApeFlgwSuYG
1704,PQD3LRxDrCnumZPfHTkErtXcU9ZqovBw
1705,DokpIrnvhEndFbXc7okcKrjNIqLp4gAN
1706,A2rUouQldL2zm1tHxrMWwzC37eV7DgD8
1707,z8wviYx8zZSUE8qfg0kwrDzKQMegHGQg
1708,1TBtUjYuisD86QJS6DUQhy84Yf1SrmHU
1709,cMNEWHCHNvTPd2cYCbmpvbgI2V9OYMQ8
1710,zXjkTjj7zTW9VGZeZqWwFaSXSGNGFvKN
1711,LBmbHGqRspAOWmF3EQTMBjXgrfQLwJlh
1712,GCRW7bZRvkW83845FWkHv3fdRd6dEQH3
1713,pCJZoVnUP9ytIbIW9NWjDGK0BJTJSFeL
1714,NLkh2xwnQ7esXdqzRA5RBWmZ5y2HBNok
1715,Ln7S85seEzvSIffL5JXJsNRoi8FHODgF
1716,ePYlTUtxR2OfTahiRoTItrJzrQ4445ME
1717,h8Cng5bRCLGP2ewJqynlWAtRKpRkfMK8
1718,BVBcvy9zXVMaErsElVw75bZFm8fjX99G
1719,Eu6xJSbK3VwWZeQ6XPpCPrifaZLW9nVZ
1720,4I4Fpgr670Azo364LjKyOzyMfRdKZouA
1721,YnMiWDMbVjmM33YBeuUcnKbvjYNtURLG
1722,uGEBNRbdcjKCdEj2gXDxoafbHomZ5EFr
1723,anxJzMzo4qccYHtUgM4STUZFhksaHCHC
1724,2yiJ2ESgbUKhnNKiTG6q8PI02J1Wzr9c
1725,EsgMJMV1uRYLOClLNyPrdAp7yuMeSsZr
1726,fO4Gttp05Y2LjGNvhkpov0N9KSWaEMng
1727,hUWdYtkhMEfJ9HzVaL72XmLdypgPYFO3
1728,Pn5pODCMIckp9ViSE1Bmn0B4uJHlbTzr
1729,Hd5EEHMQYvF2G4p5pmHjVOTgD90zzRmi
1730,gkdrbcFihBuAkahiXWMz1CaWByYZttET
1731,M25MVyl6Lm0dX9nqyAMTWf4X1kIDXGAL
1732,EWog4LHfOoYOqb867FIPZXvlABGPQ6TM
1733,R2bdtGJSaI2bD0Uf7txoxaiL6cY4fBF2
1734,lcYWrOQ8yfj3xt8Vmm69PftpVXBcFgcS
1735,DGWu1l5upACvDIE26f9My0WxgzoHJX3F
1736,U7FrPy0yuTrV7mJbKrcdwwW77jn0KuwL
1737,iPMd9pq57ctzqSOeMJOe7HLg2CC3TpPj
1738,LoOT6KHvGhsMZfjwegvPVseETsUFFocb
1739,QsMRIXX6xaDJyj8WYZICThEycLdfVVwN
1740,oOESyqCwhdUP09fl0t5a2XjrMF1uJQIR
1741,CmkwLy0ZrKUjDbl2OB01iu6iuRa5yd7x
1742,HsdLeyliKNZVst0AkfdcQXS83goT4qXw
1743,W87cgHiBMQYZM4qYgGEsn15rzIASngav
1744,iv5osNiCsKYbTkDJomekCXPfdjyMmJro
1745,SKzPP6wUCdVk9nNFyy3JKvWUT4TBLhA4
1746,04YxZMR4tytN24g0RYuq75XftIAKlK5R
1747,70rMXLupITKEkZLnMMWB27udPrDhMDkq
1748,jJVloGkrjWoCs2AZBRnPx9CVJYu7Xzni
1749,yTcz2wKYAEdTQ5dYSVrhcL1Z0C4PZ7A3
1750,DbRzueGPDTvotWRzMIKb38Ew29fbmb7I
1751,6cWobUmWaCaOVQCRLEaNLpUSTXCN5atm
1752,OdAl7sT1cyFBuMbeTe3XcoAHe3ToutKz
1753,TDuGrXnUR21cJV0x61MaQ2rDxPrwmDiw
1754,VxqdkW3RVzH3VYgCfD2Tl2iH3RynWCeJ
1755,lIs8jUudupxTLP4hYaVoOzyKLXqoVFFv
1756,tO0iPg5RcLWXANk3kXYVExCt4k7VpYIT
1757,CWhleTszCfF8WHiowtXj3mZwO3d4YUuC
1758,F2Rz49nXSpLHmru3zpO5uFYA133WJKPL
1759,mCJG4fGUAFUURpIbxwmDObLEzebQaik5
1760,YR6MdYjuNSVcbESY7QR6o5c6gN0jYQBh
1761,Yqp6SzM9fWKeLUxNHmAg9gzD96GVyqn9
1762,RrpqeHJXIs3s2g7gEuRm7ceMlk2j02JS
1763,zxwM4mF3VZXmjC41yWywyUoq3184rWvJ
1764,GHLJztqt8m6T32w9WskAyDA4rasJqSEF
1765,dzKfGsWGrZLQeJsHyWH5mmtmWyqDKIyL
1766,NinH6RqTekpm2Wt8mGoy6p7exonL4ASO
1767,QbA6zlqMd6RCdQMCBkfkAahX27YES5RA
1768,RowpAvj13qSvI1Tq9lH1FGFHFjWf2PP2
1769,L87DD1uOs4tqoCt5zEx56RP4H7kbLLeB
1770,1xTuuPQvpLVTRV2TnP41aD12F51iGFoT
1771,1JNte4heFt73QcJHc4zHOWrhUZBfpcjA
1772,cc1z7qfxn6vR9ICQtCvk7ACAoC3lcla1
1773,bHAdTPl6GNwE0Zhlh32gD1PcGxTsDS9k
1774,zw5mu3sESRUK5Uor41KJ9htGq2NGLohg
1775,Gmm8dScrZwc5xCi2Yi4AuBHf6abMvQir
1776,KOEXrtAumXw4Jz54CxMUTRFe2owVbiw2
1777,bsQDgXVX0k8ewYVo65UiP7VYdb9Nnbq7
1778,zpWXztu0AEvLewS2E9s6gYA4M1i6SRgs
1779,36gsYUOkvvnAvTdFJ4J3Bkkdv3bZlvQL
1780,jySuDW3fYLAh3dhXt9ucjR98jehYcz9D
1781,MPFTbG7dkH5Xg7UcdVEOBU0XSUHIekT9
1782,TEminstKHnSu4N3aDSoH80e2KmleSa5h
1783,OspdDyETmiLeE7HKA1SWcXByjyNfBNbG
1784,Tx0jBp8ch6Xzj9qqul8BUWRHq7HweGMZ
1785,ZAlNBd6gTemyXlYhdvjvFgubNQckAEQP
1786,qMxVoTA9YY6KJmjoOiAorD4oJnNbs3NQ
1787,SlUlFmR93mxQSIaAU1AyCOKco58VuSGk
1788,Nzkt06iwoQeMpQEpXHJyvGAKp9yTiQoD
1789,dXMOT9IXFKfGVkvI4pDyaXPbsPN9RRUk
1790,hxelckfHghr40thtJjDLdux2socjyK1b
1791,czFvKfQV6YhrV8Jkl1QEH4zJJae4S4e2
1792,kqJHD57SnoaPY11PCgWAyrKVh1VtX8NB
1793,jnMmXXd6HoOPFwerajSzzsZUe5AmpdgX
1794,qVl6Bu96ndFSd8VeEzyNFlfteRw42cL1
1795,f7IJ1xoYcIjoYi8GfX8RKQvtYVcZrXUH
1796,oKmT2WHSSmG1mpDf50AJFAqREsfJHvzi
1797,zGLUExpdgmkbfjgyN1806M4pt1j4Mnr9
1798,zlCZ311mQ9JDqrnnPICSjqfAT66TiCgO
1799,ZY7txeoDRov83qwja8mGLI7N9xfaBlmu
1800,sGKIY0iUXeI40N5A14AjuHYQUiqiLTbo
1801,xG3NOoBos3zQLu3jUYFSeLuIgfUw3KfP
1802,WTZBC6TLMRSGd5z1aeiAag6HOKCsuFgr
1803,TBDolb7lCNLihI6kE4YEtjC79Fotq6qz
1804,9RkHbZqWpGgsHC4PBr6yccprdveH0pjA
1805,MxhX7KJamPgEbRKs8MK9mWzgBN1t5Kal
1806,Kh6Gi3BwUYeWrt73MdThXxzECzPqZokS
1807,NB5MIoqiGJSweNzzHb98zauyiYyoNn1e
1808,h4zJwVKaHNKWLOoccjXWx1Tsk5FlQkIA
1809,CnX6AiW9CVncSEJ5VPtXgEGvNwTGMX8m
1810,zVSFR9zTFoziSXkT878tU7chk9cIjaa0
1811,P4utUbgdaHsItONLSgTFQXX8tYMSjFf3
1812,LTGmYOIaDBjMbJJ91nOsk8Y9TxXPo9CU
1813,lQHueCxxReX1cvFe3WWLbg6CpTYfwdfV
1814,L9SZndooHYPFbHHYjgAWJ5vZQB6LII1Y
1815,7R9jSNOCAaSJHYiURJKjMhEALDdE3RwH
1816,8XoqRYhWogNE9tFF1txPGjLE0sYQUrh9
1817,L9m3ttHxse1sScFL6ugefXET7KGEtfUr
1818,yJanpX2hy00i1N9kiBgeAtpBTdBqk1tV
1819,lnOYApNGgbjnD3NiczkCSTTv4fCzn5dD
1820,43D2QYcThIEQBWCz3LPBdHM686X90hFc
1821,Ql4oB1ZCbsg2GSzdySq8ggY0KNGXQajU
1822,yo9b277Xoh4wuYruL0er5TbC2cmJ5kNm
1823,8VgtSDdGMFWVd7f16KftArSJycFU3FYJ
1824,xguZ7haBDdFI9eG1NPOGIgN4hme4ZpEl
1825,pC4KHePSfgSJOs5niRqGar1pdzdRcSvM
1826,40eWajM4lgKCZG5wN0ZsXAXHVKmcZhiT
1827,ZW4hrkLYwQqjRINUjRYN7FWz6DvhHiVL
1828,7LsZGx6Tz0I0zzZ5E1Paf4OTAfsY6FzA
1829,AIsSuXNfssVBhtbatvDA9O5wyYCV8V2f
1830,gIa1x41y5MHAPLOsPBHn4Qy9iSdUMLm3
1831,rdttePmvrPMmbIqvB7NfH0zE4FxS7whD
1832,3EjagLhfKIY7BWJ03iSvR8rONJb43tjy
1833,BQefvQFauL015F2bKzDw1LgN5mu49d4p
1834,WehjgP4OxoBEqxM0qBplRJI70SfQVRMm
1835,UNq3Nus7r0nRJkucD1RdPSb1g6wMZItp
1836,HwS2otZrSSdYsrIoPF92GCEnDjp4vhFk
1837,MGE8DMgLHTfuyq083tQcYQH7LiHmxtkq
1838,UxO8ARHew4DBk1NAclqxDtcnw6URxsXq
1839,UaDmblTqp3cEp2d38gNcamzdacf07wVF
1840,YiOZBKeM1E0nBiP774wi2dpa6VbQCzW6
1841,mSxm15ImviEde3AUcOKFYuBng91SgKoS
1842,bXXaBQ7t0vDrXXICj0XNxr9Qgfe0xqzh
1843,8S4Fpca4egAxhMlNpI0g2VpLRiISq9CG
1844,rtza2gR1vQINqPe2Qb2TfXMzihZMA0mq
1845,CQ1lHL3mdWk6jottikxlZcO7EY9l2EDo
1846,g3cQIFNxX49jdBnl3prFNHiCMFCJPUdN
1847,Z1Hto0h8XSWv889obiKH8yahwWYf6RxB
1848,W7xIFhMgwmv8fBlJbNHcVyTOwlc0wSq3
1849,nYKlm0r2EfYWQUshYN8aJ9z85aOXS4i2
1850,sANJPbUR5GOt9KzqvW7Q6ZZdH6HtFS3J
1851,j1Jmt6mcA2tTuZyhO35gOCvaZCVxSIJA
1852,x1DtEyw0nnbAJavGMgyGzJIMC5ET6EoX
1853,I8LxVsKTG9fNd8ZTxAx5ZYAk6gpjwsWt
1854,meDfEvfXWLqCGyguhGBd5SJcHAzNKCyV
1855,lYaG90qkz1MDelfUcTS3WSALrY6tKTmu
1856,QPAEQQ08AlNQ3Xe3xyB3VBylXhRrS9u3
1857,hhaEB6XjASSw1uVzIb7AM66QjoEqAxU7
1858,GWfop89S3JLqTmeunLEUseUVGjMWMJKw
1859,octM3kiQwEUzp0LplJBT2NpcUJes5yxl
1860,4kONlXsK37D4qZvoDqSJ42KmjFrU58gD
1861,is6vcVg2Sz3lTgxufcO9g2nXaipEAGnV
1862,Og3IPUmaztznmDam0DgYqXoMUlZHt0b0
1863,m0sBngNMPJpcHJ87t4TZw9YB5EF6fmAV
1864,xY2q0eOjUkyqhi74uxh63WHq9FTC026h
1865,ptfKRUvPHS81RQ6v1nJrWnny9K3enHlY
1866,zPy3H3jVqFTuY5m0IMV3IWH3dJw0WAYG
1867,UiksCxAqxYWNdzngG9VKQTVa5ESIzrQe
1868,xUEb19jxb9i6ulwQbhEL9pGty5r9RQo7
1869,Mj5UImqcASelTKS6hcuz8TD6eX9x6Ak2
1870,jhgnk1r2rEc3B1MprtS3GoVoIqG7Y8WB
1871,WxD1BqUXdkxznHx8KasrsJLcDneCN5qF
1872,fX0VghSY6KwCvpJBXtJJvDjTEZFBRG0h
1873,nH7gmTW1ACwHY8SogoVkw2KB51uqCCWn
1874,JBLoQ41kiQooPnLkZE7ghyru4NFeyYTm
1875,3t1CFWho6WzyBtOiPdBgicjBc1A0fBlI
1876,wiDW4hDDBQAUS01qOtSkI8KAU5D1nj99
1877,Sx3qFOWYCODjPQj75JPNbD3wWUZwpOuX
1878,eT9MU7aNf3sqzsdr6SWnSQrCunrgVHLg
1879,j9tkmgWUvO2TvcNp4fseFDl8iQV6oTHw
1880,2RI20TCNk2rTGUnM0WbL4ctmf2d4VOat
1881,fhGbIs4tkdPv3Eb4lmYmjNOBfEgKIWO7
1882,trBFDWakQnQa77PkNhMcFUEWdQjvzVdh
1883,JdKEFlL1kU7RoL4pxBb8CwfGQUBbxTlZ
1884,HQCxv9jjT1y3nWzMXV5POKCuKLFcRTSm
1885,PGZxhVzC2VGOMWx6ss9IAvRs8kzQ70S2
1886,t8j4qUh0fcD7KCXs8OEgtgaFkpsXcxrJ
1887,li9ZuCRsOLawrKYtNiQKg4eYPKspT45H
1888,n3R0yXLlav1DBKuhDCyFwRrZZlTNByS5
1889,IkFpogQjx8WNsVUqgf2B7Yrazal1vO9R
1890,WEFDGimI33m18DPKgR0IoubHB0miKFRg
1891,MbSi93DviStLbn4ysy6SxMsCO8uVxF6w
1892,U1WVTelM2VAJP2atahMZg6d8SrBJTuOH
1893,P1DXVuErm7iDlY9cFwdDypupz5WUirTf
1894,a7pI3HocFPhtgH7r9keL2NrYoZqHnzH6
1895,t4mScOhlrV6P2aseUBYGTiUJDieOwLig
1896,jSDmUimQX6xFN0lUdRLdcX4pCURIV4qF
1897,C8VsGpBqC6bWMws7T9pdAr1Jox5abAH9
1898,vfCQVHCasAe7Fsb6rnJgtYp5OYhVXDeY
1899,O59RbhfQQfn3XJpvGCJbBEMESkkFA4DU
1900,vVbAQCMkrcu806IDpehcl2pdruoeKj5G
1901,YlCmrMLEllEcZU4wglgFDe9bAipyzxWt
1902,5IQlBLj3BEy6uT8yb7Te0rhBeaCiJnl2
1903,czev8CmOCR5q5nbGOvR2mdaqESBjrwGf
1904,tDxi3FAVtRWjX8j9P6tnVFOCxtt7ABwx
1905,Jq5cAulZQMWCJwYZSBHzk9IhasaFFMDu
1906,6N0K791oH56SzCaEDU5ad1WIazYwwaxW
1907,lQvWV9w8v16qpyIt6UOK3CGrRMRQaiM9
1908,X2nqbtKZG5odMBJFg2NMcBZUgC1ZsgYA
1909,jZriNAZT5qW2knkev7RnNWDDUXjisTyF
1910,1z3PFko9FNx0OUxgn8YMvRovTzDdvxhS
1911,eQxfYM0JyxpsfalOHeEDWqCazVEKmbkz
1912,4lC53MKEUTIbiYycpTvhmECyxU8FPTUg
1913,Nrs2343Q1WMy7UZ1mMT59sozFFBuo6AR
1914,J01IsMCSCWvqOmfnE1ans4FqXSC3VnOR
1915,rKcTD1a0saMSRURlhVZg5OKzaPtWGNGL
1916,C5AQgH3ECD58YjIR4WIILCxBappOdrPM
1917,oeTj1J44N6xziwQOGUVRmPjaZxtZBrED
1918,ePrWXZZiRhEmzVH1Nv6ADza1fCaGfwHQ
1919,JywsViSPoKhoHO9BmBt9ftpWM94dRsRB
1920,0QEcf21uMz5gSlYiXmypIuqHl5U0yJgi
1921,MLaKlmmZ0W0ca2bntUtOaHJDHitx448R
1922,KYCJhv9L6GoXWGUIAM82QlubPYewGLII
1923,6v4nZNkNOENPQRRKdaWwP16gz2uhAMX2
1924,lD4rCo0Acdi5JqwgHor7UTPWRVInNAoS
1925,FIyjIPAhMqJBvbIzSKYhZjpNdBXlul7X
1926,dCPqFQTFg5YL6B1Es4yf1SwIqaOfKt0z
1927,xgn0vyLb0r25ngyuAGoILULyy0H0eLbt
1928,LVbZAOf7Fy7oZEKAvo9nswm2tkOwQTRk
1929,nLHfJimDBqBwAJ7CJnR2TFkAHzIGhD8e
1930,89JVirtOhGl9szDGAmmeB32eOwR8QUgF
1931,7teWFv3CIKAQiquif6DnK5Myi9bHZsfM
1932,Rv0A2L6P9iBMMi7bw7yHh96taisHoHDW
1933,i3JLElAqwt7qcuH5SZVo1bF5nIgbdvlP
1934,KAvagMpgVoYFT9CcQsvy0VaQv3UrpoE8
1935,MfBn66BuBhhV1jB9KAsEj7zUWjp2ag6Q
1936,k8CQZZPtQTBfcIRjE7Nw33ki5JEGqypg
1937,ciVXf2M01Ec31gy0KlEMha4dNtUfWGfR
1938,kAIlNMf8fD3TWuU40RXOmFFPML8Tpdw3
1939,lFsd0UVD3m8aIvfT9pOt0qfYnVx0IxFY
1940,56H8NXzhe3rO9kP3gH3iVUyWdfmOsiYd
1941,XJrFGOHyTrN8ffnEqe2KA79xnltCsIfO
1942,pQJwSiIoBFU7jEUIJpuewO9LeZ7LW8VM
1943,NZbbP1YeDb1mqAydM8gumAG77wPAPxnW
1944,tbZtRpHjCYtL4uxjfu8K65dKfWTKp6Cz
1945,ngzbHalXSIfs0VMgQQYTHeVQGY89tCpg
1946,Sj7y4BqydQKmAgIVwoJLz5yJxaHpT25q
1947,v0ZLhQcCWiwr53pKiWwyiJYXr79fGd4u
1948,lwo4VTYIUzfVLvOWsohbrzcGOjQ9WsiR
1949,TQLfENRST6uPDwyKUMjTwfbf1BTD3KDk
1950,lvM6geYycUOGh44HKDAg1g34Sz4ZDVPf
1951,eEOQleMOmhBPZg3oMSsqEDURz6RyX7Jk
1952,SqVM5M6DN4nyuXLyg6iBJCy6l0Tacufv
1953,zDnYEKk0MUbNPtfPksihfqpMSlTYGrI4
1954,tXkOkmXzQdVxcVISGdePz3RklIeaUPro
1955,5wTm1r4TW3swMaIF3yuFIMMNvEuQu3sY
1956,t1pHCZ8qNnyB9ScF25sejTQhVM025yAq
1957,P44k2cwTo0KpbRaaiEaFjkQQQrQ1L6xb
1958,PWJQeq5gpAXlpVemnzVfwMZCfpqQutrK
1959,dLn4JHQbcwZRIqNYkJc4cQFaAYqtuexo
1960,Up5IveHhXfFl78ruvbtylWbBnXwdP9R5
1961,Pm0MJ1GiVfKDFJx93Dj5mId5lkQ8OEUr
1962,HF0GgG8VOyVj1nQihiYbwNyxF0EaVddd
1963,Wr8VThgzaOXF1vV5Ke8sft2Lk9exoYcR
1964,dy8Gtci6CiLK3XZu9DF1WfsESfKRy19E
1965,DT50u2bSk9hDWJeMuGfSylQ1oLgE2cZs
1966,q0UqIktP3HLdo0oatbW93U1ihiUerLMa
1967,2nlPpSnnZ8GgP1Z8u0TCScZQLCEruih0
1968,D196GVM1S2BGHvBLgzcY0PCBz9xZ9ERv
1969,LeAjO4FeCThty7gkpbY35DUdBV39I6XP
1970,hIdH1bZH5BYRHkRDwTqA8FV55h66545N
1971,sarilN7iXdeWNlqQBVMFNWgEzD49iD8S
1972,XtmxMkMxyrROke6BeyzJ9ePmMg43h72T
1973,e2G11Cnlz432YAGXf6PtfDmVM2r1E5k8
1974,E4fvqTAomdbEeM2UoIcrNrOUvJo5XU01
1975,o6vUC0WtrABtFc40iqKD8TZLqgoiB5cd
1976,jRQI0SA7DMRAI0WJpUm3jfaIWGdR5AHD
1977,rY56qrGp2mvsUEAz9sP1wugr4yWkb6xW
1978,ybfuh7IiBEsvyLobzPGjuDA1wwHTcEWR
1979,ct9af3ARrq8X8t8hY6N2jfF8sv4WWnjH
1980,GMk1SdecwFIZofqAEHVHXoT166z5be9V
1981,TYEkHmktKFQBZTkFBPzWq98CzadNZzVX
1982,I6LmmhVQejJsPhP66vVCOHLUWfeXzk0p
1983,DT7qlKMDQ76Mrb11uvovqXDuqkMQU9ze
1984,7qSgAlXZCkZfiIFv7XLqex8fqsRQ94oC
1985,KnwpFUjDLuiR7Zyv1v7uyApPOkUWiTUM
1986,qk3FMFHxph9eV6wTExKu8ywzXefPZ0lR
1987,wxfIdwpWuJD6KjonOCPrbVjmsFSx3JDS
1988,efp2h4UUuWuGfjsIjZqf8UEn9WeWPtAo
1989,Fa3n8Ech8s0GoVmU9mvlkLDMM4FpOx5p
1990,lS6137vH3t4chb2cGvx1T6cCWkyJNOkv
1991,KJ2URsKskli69n6wcXKWHekAPmA2svKm
1992,ZqFfhWS6emxDHMqtEfntwBNrCjCn5emo
1993,dXpQrdAexZbR3JXivNABoXJVTocVXD1X
1994,XsOVlsGHEGuManRvpv5tltEVnLTXvPWT
1995,HuPunmyAsKrwirDQQStnxz5hwV3zYeTn
1996,eD75b8auvrnCAWdADxktnobXj7NOX6lD
1997,0b590sHWzeZJtnuSXN3CGsVXuUYpxCeW
1998,5vZ0T8it6t8BTXX5sAXVeeewsayl7M7x
1999,ylKf1AEjXtUxkTEeSrNb12fTiCgbNCfE
2000,D7gwCVyfCje8nS7vS96gS0cn29NjobGA
2001,KRa2uld9ggY8OSknp6lF2xAXMLsAAqnH
2002,4jcMF9uWuXkzGaRuLAIoXLB69xF6K4pA
2003,9fvhDbhpjD0gibATBZfcd2cEHrDfUyVP
2004,pMk41Y88wxaESg1QhsrFdoA6CZGnQTdi
2005,1oxx6PTeVQV206qj2A0DfTIrXQbjmWIw
2006,JUXUp5Tnme7Vk4m3LcddnpTLkgyRybro
2007,6VJdWakIqfCeu683kyy9YQdGEzC018Nq
2008,Ciqs1JxsiVsVtFpEZwedQtUZNrioBWkG
2009,SDvUZv2sNUUhHc9wdS5F72zEruTSYYCI
2010,laK44x1tM4hT0XvgjJbGeCkc9GDJR8EZ
2011,bu21WwacziAMhGPt2NYOAlMV1AtFYDeV
2012,9erxCVehlzXWWjfoenmxJCKHHvu1v42C
2013,SyQRAu0LV0UJWMTD1g9xx5B5MrSteP8C
2014,rbSnoqsVyVl52jFoWE565h4uNZnowpez
2015,MADhnLfHH8DTsUfxwssyplaZZziOkJbW
2016,irzC0Q6ABzDfTgtFNjiTNckbzjiqcAJq
2017,617n6n1atJwSecdy147sC5txyaFMraZQ
2018,n0TknhYqafjtFn7K3IREU7BtqiZA9o2D
2019,7yqWVc3scBLCLDdgtqorktflm3xwZPi8
2020,8Sg81rObq2gUcSmIhRlcnqpOuyT7HfBR
2021,UrIbWqxCu6aHyWc2L36C2xpt3Q6kXcZD
2022,Cv27klaLhmRiGqR7ln8853owDd9yrMBe
2023,pWDzPUEv9gPgA9hix5p4hoGVKbBW1yxl
2024,5gJIbrTfpnzMQqqXgZfZaoAMbfDranPb
2025,wwMqupG3P4D7It2Ii86JPP2AiWGPJ06A
2026,dVW3yHnJma2Zpver1iZZDTw4TuDbc3LK
2027,dVLP9S193PlZtNs82EHzHfI6qJ1yNBQQ
2028,mecWRIuSJFuYPIZp7wIrSfKWdqjXpgqA
2029,CimfzYLst4E86q63M0WQjzk6b2ohfHCF
2030,UUaeoKWbi4KA4bHutMdHYKPjFNGKH6YA
2031,IzbsEPrESflzoTN4LJ6ul9ROYTVTGFrC
2032,Sq3knUfjS7lSVm97C7Gcho9xF6m6PZg8
2033,YzSC8l9R8fzFggZu29aOxJ9pdD0bYp8x
2034,oZzBcIYgy6Qz2qmzKzIL8fnkUlU3x5aG
2035,l7MzoletFQPi4cqoxOgskTyK787YfMHl
2036,wxj6DFMwDe7lRtgfo1CWJ4uSVHk7Dh3l
2037,O6CpB4n3bSPq5IeczNI853KSvMeslZlh
2038,JbwfH0faePuy8BdROqdSBzIST0eIjXlC
2039,IDaFdf9C0GltRpGlYykHZRZQfYaUNy4Q
2040,Lxh11akTJY6xVKDMeAto1REKpbt4O2sJ
2041,EG59Vk9gaij7qZ7EMxBlv44Z69YZmdsn
2042,4a2l8fncwlmvcF1eHbBYwQ5ZTC17LLPk
2043,u2KWTfY469KOsZd5GOMv2ROoPCVjLzH0
2044,uzcbMvXZypJLeODji1WjyTuqJYBvkbqz
2045,SD1bnnnjBtZFOGyIGCEc3xvF3F3399hB
2046,Ts2J3dmrYxahDEEH11UfM4xG7eACY4fU
2047,SqRDRpCU9jUwfJf0j9JpVkxbg5zh4zLB
2048,UOiaAeSiUHx9VWjYx0sYNbSFQN91NBk7
2049,bOgnVCsQq8hAentGxMUIDtdlqe7aWVsu
2050,JbVg1U22zjuACTc7CTSxJLZGEZvxRRqs
2051,eCOMCjGrYrlzGFbl2lRaU4uCpG8o824O
2052,a0ItdwYw2hfAUmKz1DHZXL82k2TGu4Vj
2053,GxlDtk2kVytOQlyCGsjFqRzAyZYoHMMu
2054,1HuOdbMfJHwuJkhPwDdYdlYIeSFAkB3O
2055,eSondIizpWIihPPdnwwPeNCf92Wv5jb2
2056,c8RYU6m3Wuevm0HpmZQPHLM9ziG2VoZF
2057,IIhwrGamS5G6gnZfhW1T8UIPxGuGbJbS
2058,6SucdjggqLEa9lBCmenAZ5uE6NEiTjtX
2059,WVmUapQkZUBrlQ6JXu38YcYbLpFRJUAL
2060,R4t7fbOUBr0s7OINCxp5y4cUeDU2WtWv
2061,hlo4yLe80AErPQBksFz2aX6TwArImQiW
2062,wdhMV8ZSoO7wEMg3ebTotTaUA5Pr9FTt
2063,pTTjsjI4JQa9G2fc8EiiIc6CxZXL2uOE
2064,nRYmPrSGfApwOnQO4RWxsr4OCGcQOzos
2065,S02p6fC6RZNDkymkC8W1BpbKBWyASIek
2066,8CvnchUkMi3WfLfKHeVjGxHZ9vuYL4Ar
2067,IiqckWHNWjqRffPW5AwBsXo1hmUErdoP
2068,JgoY70iSyHZDlVWVD8dnH0Jfm6tRMWDd
2069,88LS9q19DgBDvvTyGoiB4tuH8wj8Tw7U
2070,bitFNs4RKLejvdKrMrxLtmVaFZ4adiky
2071,r5QK68cgJfW4FcudvwJtq8By7Vh7i8uC
2072,wmDELcIJFfJB4hmihoJhi1eVXl95Mmwf
2073,Z1g6lZgd1NVLOj51OpBpm5rXzIrG4oaA
2074,gGFLnaJfCfLFwalfctefQZRd6VZXZsgF
2075,ml9NdseULNrraxIQ9Jyqy2pMhruHAH37
2076,2SzgdxbrBfYsuNngrYrV2FWH67GE3OkE
2077,Sb4tj2l9a902kmzMJZ3Si4NOV6KcZj7y
2078,hMV4ZAlLJ7ds3rggXSljjTfw7PSpGTAs
2079,NCSyPPgDsxfpFTCcQVclSLwcT72gFAfg
2080,W0EapKF5L397dOCohzGMEfVkoiDIqT0M
2081,3ZTaGII0fs0LliuUTcpr064izvdjVX9c
2082,HyUbTNHeHMCUA0eBAsCDP1EPprcrJX9I
2083,sBRPhkpbCNHgrpt6b0XR1aAwQJut079C
2084,Njoc1AkgjBESX3jhAPQT7FH2221NeWZm
2085,qwx8TG7SNhyHJMf4OmMMdZr4rXwwRIHb
2086,sPe1dlKMeFop0BpmESptTSiw1NJLGRA2
2087,Qq2xCssvNMyeNeZQSLS0pSWNxuQyOaLx
2088,jN9dWZ5oUtiMXTR8DpNGrX4CZjhKUT6C
2089,W77UNITejTb7KMVttAvkynv8Xe1YPuGA
2090,tPe4AS2lzMPbz5CCdLhgY8G5rIDJN3UL
2091,C0pa5wqx6qMag8GgnaTKH69Os6WtOzHd
2092,ypVeDbVF0AJSbG16bhcp7QySLVFdRGnf
2093,Bwf9luww1vOMN1SPJFTrYtyJWBQmRQ8V
2094,kqLAaujPP7X7bPeTigxSCXLJtakYageH
2095,xDf3i9BnRsmVDTokvkO6ibEtcEVOLVfZ
2096,O5Jjv0nKTj4y9nxnDNCqJjb9JBG0CAON
2097,k3iGwBhVtToGW9zkujTAIUitcounrkrD
2098,63YeaWx9cKzLhXgS745umzRGkQm2iISv
2099,4NdaGdia4LNxDo3QYqQS5vNdl8REHoZL
2100,arBBBJwOIqZdZwpj4N68cFqxDS7a1gZs
2101,nCdqZ2t08xpeABYm8T9j5pDxgIa5rRP4
2102,vEaAlLcxeWACWAkC490eu06KN4vPN0nS
2103,zANB81J7SVlAyVnaCjkUfYdCxwWcLMKM
2104,6Jet2pZ5YnBPjgGlnFwf1MBCm0P41yd7
2105,YP6wB6VNHz2bRithkFYsDbYxI2Q1IkZr
2106,xfOMWoaRpFwn12fgOFXR2DMuN9WPRYut
2107,GwIhMHwLw6mML5jHLIcNMiMEEYwTyUFL
2108,9GATLnfvlPCbIWNAMjCggXIymYbW1XXJ
2109,dJeS2vie6QI7D2XHcRjtcBif4Qm2kk5W
2110,f159r9t6SU3CsWo3eK75BsbmHnBpc6JC
2111,DeeqUc80hXbW7KbzH9gQsbKUqY19xcXZ
2112,8avst4lDsFvNLRMZ5U51QhI0x2rAfEqN
2113,o0YOY1RoBPUHloNQNNrN11VIez6rwcvR
2114,eCXQRLl8uny0Y4kyO91Z5UzfMxV6Hdgf
2115,5muc6QIu0udpwFYOREk3msi2Jq9AnljX
2116,j3wvh436eq4KOD0dKNMQWi6omHnB7IsD
2117,E2pNm6imtWoy8XjWLLf1rFuSe8sB5VJX
2118,wiPQHzoFrPWJVHd9MVcxIZh5vnmfjoOj
2119,cLnBF3sYJd1yfTwDUVmudqxKPB6XVqRW
2120,7lehYg3OQU54hvkT47eSH9kboaQOTJbW
2121,fGlOt9kgNgWichE3s6kc5Ei3NaPHgwBb
2122,6gLHhd8IaSsOXs3vUiWXx0ni2aOVQD5M
2123,tsVwgdjuxnSRlcwSUVKdVTsF5BK7sf0r
2124,5OJn72bYJkq5nani0B1Q7kQXUd63EpaS
2125,7i8C2kBw617k4lzygVfkaMv4KJQGDSWf
2126,JZBKRGKsn1d0ghPkC2z0puUbN3eeBY5Z
2127,kurInODE2WYLOtrFFTpHOti6G4DOGSks
2128,Ud8IsONO4HCgbtnjBey5kXKmvB46YB42
2129,gESGcEr7LVrquh9nV1wGDejvEHkGJQBM
2130,9HmVhpPrj6FkFLwb6uC9AXl2pap9HQ2N
2131,Tp6z909QJmBgNjmXB2K7lZvat690kHGm
2132,6JIntzlzlAWfZ2p5HjUI7IuL6RbJxDVZ
2133,3350rpsRfMCavdw7nsjR9KWqic8Gnkfn
2134,cTCK3Fx6NkXLaYTMhM3qeEek3TciM4pW
2135,1MrTHPAP3N6kLx4XZGHQ6CNuykUpc84v
2136,6XNeDwf2hGybNLcoHNui56YxcLCBZ85W
2137,rir30FFhvMvHOpd8koeve2x3B40kJwER
2138,Ou8k7HI1HBnZZmda89PqDoAaNP7PVAes
2139,CuASD14K5YgVaXam2Qehy3GsZwmPublG
2140,0MmVxge3SSiaRVEgjpT3tvu7hYjEd3Zs
2141,tjgWvhjW2cwmsrF8L0yGmAI12ROZEIKA
2142,WLD1wVz3TsMBBvNvR9uLjXGGTKqdNzyJ
2143,o0anMUADv1vl7ocO6wf5mq8KtDM3TwPi
2144,t26KQdFlUN8lKiZ85eL3wm3sLOzTVB4Y
2145,FgZYaQ5OWmM57kLLS8AveJpsqXQwh5Ak
2146,83J8NlEr9MrM9uhZi7GAIEoNntarkWDx
2147,DDVBLmcSm54SCySqQuw1wkz4K920TbsO
2148,1VLxBKaNbPoA7sHWmpuJMzRBwbdXVv0A
2149,Bnb2iijz1sDsBrugP39HPWJivS1Xv7aT
2150,WzaKnJuYvujiu1psGpQ1I1bK2jC4kLeC
2151,5EK4gIYJXJrilmzMt6pvKxZvgBpdyyIg
2152,gMZnlKuSqx6LwR7Mt5wNDhj5kKdUBL1X
2153,zG73E6KE9mwfeCWZeOnKjgUdTu7EE6r9
2154,X0e8LijuOdQPsa1fgQZhZm4zgnmFxSjY
2155,zIW7QTSIuGnPUrZ6ZoLP3PWPn21E8HTd
2156,ww3G8EhuBnacugtkG93kA5dPyhaybL41
2157,NtB3Rr3cwsYjATPMjC5EODayj708JgSi
2158,C0aBzCsf7NRTvappSQGPYkcwWKeiE4nt
2159,TD0vR3NPwQQ7KHa3lcbzC2dzD4GRtFQj
2160,tnNgQ39uM64PcyijXD0wPxqiVkROjsw7
2161,EuscKYq3J5gw5A3CbI05qm4GoqBHT1EW
2162,T6d5zYp1R6D6YhrKWzB9skG4harhhIRP
2163,ziia4iJTYghqIKQt7HTsa1IkeL5HU8n9
2164,AXY8ZgrvF9rFsi1K6AjUtoBgMTutuRZo
2165,VFbSyKNZ43FWrgzkjKHu8cv0uXsX0sl0
2166,7GR1trJdlbEPap0WQRwJU4uLw7i6vcxF
2167,3tdwQ1H4IxqcuqlSk6bmEHp29vaDTu8c
2168,C68uTbTZwILibWzwmCMBDKoxSOB7xEIg
2169,cBRiEeppOCHzwLab5kLfdOTCoxThIPpF
2170,Wu2vABpoyom4B05HoXadcVAEPbhSZXLS
2171,fBpHRIBOeO9Xo2sTX46INqtURfYgGgmr
2172,CgiQRprYDrUXLfo1H6olvigoPcvGUrlZ
2173,a2kQt2yRZ99OJxuqrPgJyXy2p5M1fOxi
2174,JAwGfA86yX6SxWdXXxz8S0p3huBZzEAg
2175,GTty4QLqPAXm7beUH7IXAAgTsn3KqPdr
2176,3begaDNEWuhcg9sZfivBq5BkCNG5o0oL
2177,nf9UW2ZEX1vNUUbPX05FkeM8swBLwjC5
2178,tsURR17wVMmGoYOM2MzbJgOWUjljWqTC
2179,2OZUPSnKO44vIVo323SrekmTHVs6YPmZ
2180,oThfS4SUPgfrMy64DmPpaOFvajPmIVWN
2181,ZL4qxPga3ddv0rhkqKYY6FHkNKZehXBy
2182,40K1fSk4F1XNkXoXG8VKRpBGez8ArgCW
2183,MpdsJvnExS9qSpO6EHhAqoQK1bJavB9b
2184,nijZXPi2pVCP6wZI5LWgpfXD7WQrsPgH
2185,So0HQa41i1N6vSfcbXSrhICURpxlbqC5
2186,31ZGDSrv0by4UVTNoAsMpxtaIMzjefOI
2187,LNWk7KeXUx2I2VQoFkJCTCXRj4EKf9M1
2188,q8OfO0GWpM5gJKpmil3c58NehxVo6JOl
2189,FybYGD3s9Ar9TkXUqeP2Ecb2TlDqx72X
2190,iUoBryMHXuP76Pt4c3d7fWsD0uMG1ANF
2191,SoCvpm4vAUdue6rXTvgVF1FEfqf7H1NT
2192,Zi9yp3axW84XRkNQAsc0HUlGFL9jfuGx
2193,qRNw9q3Ce3XWAvm5l9sgAUSgxfyykfIp
2194,QtJthndDwt0y1xc9WZ9Nuo6sKrufq3gs
2195,BRMW4R9PjPrxwpLb62lvHLOADzYvPoYI
2196,URveFglRLFM2wCjzkDsC3Zh6EfvdGtZp
2197,K6n1OxoYpLxxkmbzOxDEe7eCCZOlUqiY
2198,e5D3YqSvbn3DtUcsVwEInw9IlYxpHzSX
2199,eKXr4mUpONY2WpOStWgwQCq5nG2NnLpr
2200,hUHI5T0bYROoyMPSVVxROWpAUysATPhu
2201,4aqZUIqE340ObhkmNl3XOOOU1BA8Kkmr
2202,ACyTnJhdlY6obK3rZ39QBhMkY4kgIoCv
2203,lvA91r5Y2UsWY8Jnh1Q8J5eYvXesSVDK
2204,u7POxo2ZvGMTJysejZ2u50Wc9XOX95Bu
2205,WuXfcKUnBkNScDvIZCpShT1laltIDztt
2206,jZ0rXApFI4NxnIz0ylMsUiqh1lvTjkZI
2207,Rw4bRtp7ad9l1qs84qA5JNxSGxIqyxEO
2208,vmCbGxrC7GpFntFyhFjG8lBgDcVGiNFL
2209,GIKhaLxhPdrY6qXaBmKNV0zz3dq6yN2Z
2210,8HTNNWGeUo6R22J27e9gRGl4jBDPOwzN
2211,pWJxLs7iZG62uIY2LvliwX1L4cDqhoje
2212,3NDaeDhonIohvD5wfAA2VvNZj63JtQK3
2213,3XkXyLBoB4KyEIWr60jMoIcz2xIFSczm
2214,N0jxDBy9JACkpDliLzjTsUt97I19H4gd
2215,KyEvK67VwdkaWrKBi1AnhZ9AzPUVZXRq
2216,8Huyvg8IJz6chQnQVAvm3RuiaA8jQ4j6
2217,GPlrnrasNiOuPD3Gmp9HNUCY0c5oDO3d
2218,UyOuvelSMI0DGlc6BQsF4gmeO2FFcrr3
2219,7JJNDht0d06cwEXrVp1VInEMx5nH07Jl
2220,2qGS5AyxOdlBwuIJhcdBsz5paySVkXui
2221,QpkfxZ7t9IbFGhxXxcEtQmrenTtO5fVe
2222,ailj45WSGB3bSyXGCkUt4WW1QUckECgc
2223,UjBao0HYudhkCghqWK73yf3bRtHwnwIC
2224,9TwlB05DX5HhiupKYSB9IQDibTgkpD7T
2225,17jh0UMZCyK7UsRTxQXBnuReseaYr74S
2226,RUVIRNdy0VxmA1as2yRNNImrtvJrfdGr
2227,zMgpZ7jFBdvupTvcUuwpsxWnp3mjaodE
2228,CgjJf1QJ73LARzjBGz9dC00wJi3brEGO
2229,UfdmpxliJmyjfLVshcnswcFiO2o03L0Q
2230,hVh32DKN5vVCmc8lKA7ZBY3rWdNWS3v9
2231,55CW5SyhUpPSCW6bgkvqG97Pgzxo8W1s
2232,sNzkbWlWL0dv4xtFWjQrl0QFJemewgrB
2233,BLcsjF6WO9BKTREoNSOerxne6WsdF8WA
2234,hO2QrWxhLpBgu5bjh72NnxPPVEyCPwly
2235,sLHt7BnJREbZVaA7cYkqfqjzCQXafz3w
2236,Y7fwJfjjzKSy8yzom5m3TigHZebLMqHq
2237,E5Eltgo2MtoLzbbbEuS5Evc1lnUkBwHO
2238,jAREdCJjwu3AdRlcle5ZFYjWaBRBRuWI
2239,ca62UA0NPiEnReg5SC8Bf2fIL6SM9tCT
2240,GNwNPnRKVmCAuaT9jVxDDvaB8FSh15ns
2241,XlyEgguRMMP5iMJDmttEALYbfsj1eHcO
2242,sw6wKYbnD7lS1G8QHy60TBUQHbTrEpAa
2243,EA7xO4fJDEAquPCHDNkhvhL1ZVyeARia
2244,SorlOLoE8DdgpLhFxjXDHDgP5yHJkbih
2245,2SSGQOFuzKtSDca2Fe4zKHE5mwZcWGFl
2246,dYe4FfGZ1HYkOajO23nSx0Hzj99oPa63
2247,olzlevRc81NzSErcudDmlyU0xYSrus9z
2248,YUkpjRq5xLCXWHYxEmzNhQuKHRyXGv9J
2249,rgpCKlar8wsIq52gX0GuJjZVPB9izQIq
2250,Wsxa7cTBLJFJcdMOJkLpDPFteBw6u0n5
2251,yh6vAm7fB850kIKZBkFZPBsSLnPMgfIB
2252,VfwCzae4wXbW6M9ngtJdp4mXL3kYkuSC
2253,N6id5l1ER90qRmkOWXKZQc3Aad20hifM
2254,tDMkGM1VbF5ZsRnPpuq32upuY6yVq9AT
2255,GB0M06A2YKBlHgFV0n27aC0MCaGCTHrM
2256,QJuVTcOUxuDXmSZ0I78KucehEb6DCLE7
2257,QZ2guA3IXaRIcAJcYMoPQZ3y6SiSsd03
2258,4F8UpRaX8HBpdX8oowhe4Sb9B5BZDOK4
2259,9IomgsdYYBZLXoxKZWJDw8KdVolmnnXD
2260,GTRt89IsvRu4Q72LFxerRew4iYcGQco0
2261,bfrC9eWTEyBbFAOdwuWddS1kqjxnyIxq
2262,IPjIFNbinRw7wumKvWzvSdXMpQF3han7
2263,LvwBUNEczJoLMWttaKGSsaWDtMCAoPhg
2264,mG8s53EfwZZ2zZym27BD1FMIHZToI21B
2265,ZDFa4CEH9IMYdGmPHiTgd1ybnvtQYche
2266,LUMKsnniKTp32j3gik9o4MQHb20Duwz2
2267,DMAOpm424rqVK825mrb9cRaJAHebkT6s
2268,vELeNFRueixnGJYkL7DwMyJftWO0r2WU
2269,0ECmSuaF3s2s0IH4FFJpT9cVb3EECtFV
2270,EHBEA4kcEVWY7B3iLIe9Pxto7pwYmLrH
2271,k1MkUHbhyuuRH64o1cynjJSgKgaVOeou
2272,4MmHOes8LpEGUrpsDE337mMOksnchFv4
2273,W4jhqlty0azJx6XfvLWlnxc4v8CnjU4P
2274,iDbhzMKOFRARbgwNLq0iQ4KXcpgWahpa
2275,kBOuyBwBtjRDojLPXJhikkZOLXmTKL3a
2276,Q6gWQJeGGWtxNierBRLnNKIa3giZGsno
2277,7lCLiI3LC9i5BAH2XUmmAWSh6hGbQUAA
2278,Hn5B3u8KSx4R0823nDXUBMuperyxHX3s
2279,WoGi7b9iuwuvrA6OeH382pSoNYYK87LO
2280,Hxv0glM4u02BxMnuJ9DW0TgRHpPAWkQm
2281,l4sX8qCiQfCrZZJVOs7z15wdEQme2phT
2282,rJ17dpRE4Xh5cdvuPjUqrmDdDA7PZkK9
2283,kYqpYnhvk68zA7vn0SNUcdKm0X4SAtfB
2284,mQKykIa2o4AAYgrvYvMWFnzomUrPfzHz
2285,bInJKMP23JQGK1cLITJwwMpdAX0xQWzS
2286,dA3c4AIMmRC70LQzbCYUysuS5Slja96O
2287,3MxHsj5BRQKpNKfk7IWykMxX9aekHf70
2288,jHqtQy0lnltidbuPqsUqqsHWdu0bO0qj
2289,eEqYiAlMOZyWI83D6r5DWGFqxlQeCqks
2290,icvInZhDHXpdM47YIsvQqrqBCqIcNdrx
2291,3RYfTlNgUl3EQ6HsAoPQfJGS2kHXiwpX
2292,9tStIt2IW3UKytLFoaqpQknH8j169vep
2293,ugOHe5QpI7y1Bv1CSi9xIMWVhdqpFGjP
2294,3VgdqPdvOB48RmICmcF45iZ6tAZtQznL
2295,KEmGiN4YEpTzBwQa52Aek1uaATmA1h3A
2296,e5AgLo7d6r2y1wBvdemvYEhtQtI2M6zQ
2297,ARZ8B4eiqtjRsbo5t1b4TCcAa9FYvtn0
2298,MvqzrApj2w6wyjX7pbvA5HDPR7iNTi2f
2299,jGgUjvUjSNnmzkGg1ualtKcyzBKJzYLZ
2300,p9Cny4ZnnU29lmmHgmgD1qWuU5htgajT
2301,5XxUEOevjpjypwBAgoqmt6IlqGEki4Td
2302,D2x1rWjmosdu6rqp0G0njS6FFyNqJqMz
2303,mhfdoTG0KncOvEohZUA3LPOteAu8ruPd
2304,dQfMB7qwHm1l458NCOGYba6ZqSp1PkRu
2305,t0bJblbACbpCwBFkudlOAC2iYw3Ze2iq
2306,4gFbsRPSZQcZlo4oUoVpau6rqB6aaRH8
2307,6AZZdlx01uyKDQaGh3zMAGXD9qR4z2FK
2308,kT0JpQf6aIRSH0xd8Kcg6Hv9nDNsHLOJ
2309,IVAi2hql5WcUPhioUNboNYx7deUnpw0Q
2310,Z3U4KuLc0xZOcll6sgIwWi2gLVP6Cxsh
2311,PICgEuKOCivVWRCOtRYkIAM6JkYTzsQS
2312,gwulTuxi0BRfKeVdbalhjPuVHw3Tp5t2
2313,gi639rSebqPjri6pmDB2mpapdlYBz8CU
2314,34CacVmPKNevwVANipSi4IQuYJfLv4KX
2315,0UNwkJvmREJuSPBmPbO4kIcahSJ2qFNw
2316,yRC0fCAUq4tFb6H5wty66ty2fjAz3cBy
2317,TnIt7r6RdneVbwuJ2L25oK7CVT6qwCWH
2318,WdUfOorooCKnkCGZXShIoOOOz31mYuCr
2319,FZNETNoQ9L3pg913bfFoQBAh8SxiSH6Q
2320,IpDRF7dTBZTUCGSNDe9AWicWZUNFxm3T
2321,OSYbJ3wz38LJ1p3BoirRoRyIyytmtyDE
2322,gTJHZ2L4R1BMUUoLVvfzi2wPhE6scVwC
2323,DXLJcQYwFzushlMipfo7pXbABfKRMZix
2324,G7eqa7nZavxjXqfv4m3seIkJNlAXZ8F5
2325,2mYOeajC9OQl0T0RQv5QdEjpnvKlGcwQ
2326,r5g80rXiRzCVM3aKUGVuStgsBJyOt93f
2327,ZylCGPIM71XirnGSagOUvB5erTLaWeM2
2328,wVzNBpFL0b8OUWvSCH1J1c1zSZRn8vf0
2329,pJSdbAD4Yk5VAjfYXgHYNiSwfHsgf7GB
2330,VVv59dvUlahtpPbSeFF8WTcY7vvDj5vf
2331,lj9nL2WRS7SuiJU140mZWSo71iWv1H64
2332,wGaIsRMB1bRZyAu3iecFvsg5mshDWSJt
2333,ypKAmhBBhJkckphdyzDisxMCBHXtSrxb
2334,eFcYvpJhToxbSnJUT3XR5dT9TE7wAy3U
2335,udQJDiuzR5FYZkYSHRrFONJuCqsxLtoX
2336,lO5f36J3nvVIFWvZwBBDRa9DvgkKcs1r
2337,0ThI37ty5OKQQE0GEtVOI2tcu7Y1F5OQ
2338,B3OOqo94TQqFo3Goa7jAMxg5kE48kiO4
2339,7Zr1m0yBBipxrBjCiCS1qNzvQbcJIahP
2340,RtRH0BrBxZkU6J2d2nyqixDHpoBqGbBU
2341,2Pyc8USf2wp1z789OaanlcIWGlLrRb4x
2342,MI7uJ7LuRxsic0PMEP7ABz0HbmmyaBq9
2343,vVmnEif9kLvjMfVVS4Sqe6IVmEA2KnwI
2344,9JJBPmpNLblQUxcaPe1AUXqjpeRlrmYX
2345,RUQmCmlP1v3RUzLCkUcciJSlGVYUn3NA
2346,ePnoGKnwIxEsBT3ZS5NImuI5WTlInSqn
2347,5h4jjfHExVNKNFVAn7ClVF9x2jj9fTyF
2348,IaO0no3GOtJulyfCU2yRwWCGLpnLcyIp
2349,L3VG06TnaPcG4pJPbLPms2CgLRATwGRy
2350,uWTTMsRUpS1DQkheCLqOXtVoCxfemxrt
2351,1PwXZXQCkYoVT5vOl6uzafade2oNNMNU
2352,8okqeU84YpL8iSlcdCna3VuvjotXydUs
2353,OYoNCpFB78dgn1b3WmxgQEcpidUUe0A0
2354,DUZsPU6tzMOUPk0sFlgfrbkhTGYjnoER
2355,c8nX02gE1l9FjPSlWcJNsrJGDx52hXoh
2356,D0a1Y98c4Kl2oDjAyYVrDtqzTAkZZ11E
2357,L3yDVVW8OyOYY1J0ZM7YJjKAn74McHAV
2358,CLNkwpP3oegczc5hA4tfopFsGytFmRSG
2359,2pkYGNI2tpCWOFhT0WY2iUOtWzkyXfmP
2360,lUivQNV2Lzh7QZsR0eN9UYRl40ROmAZ6
2361,fNIk1BN30JEhSIIVaaxqnkq5NmroncjW
2362,CpKQWDFS9aibdsxs6ZRhu0UluW4Ui2kO
2363,S8FcsySNpdH6rAsRNbGi7AvJevKhoLM1
2364,hFhRPoSUYcZzTfuPJK9GmiTFD3NTfcPI
2365,G7m1GLzfE14PyFxiQIR8kgQ7CJ0X0IWy
2366,x3j7ROFxxHcwEzQjaQO6pQXQR7kokHOb
2367,drsfmS6ArZzjhUVev287Xp1lcOwsTNnh
2368,1ooakPVIQXYbYypM1oiJjkn5IoAJ0lKS
2369,FCM2SqixgF4lJtjcN0Jdh2rUyabTUOq6
2370,xyst01hxNandpi8q2YGv5CiFuIDWG0bT
2371,Zs5kepZMWQCLxpejZgCSwbOlHAUoCm3D
2372,DMAkrxSdxStvs9UwtkNxcckcUrt7ORV0
2373,mE6gBVPID5TYm7792hZBy4x9jjYtotqW
2374,44UeY4ex7Qx4PZwaJvIHcInQ1fq92BsE
2375,hWjAeDeBXzLa5eZ2QIzu9HgXVYJW2UMT
2376,pE7Fa5mhYfGsj2aUcmZyfKGppdecOPQW
2377,Nc6Naxaa0hvlhKwMz6bIP1kR2C6tN5q7
2378,IovsOLsxmpgIW22aEXAuHhYTDmkgz4du
2379,j9x7JvdUjfeUf878zS7jgq8UN5bEpGpM
2380,mqE8HdZIa3DzD2l5tR5OPh2WNsn5tmU2
2381,YQECoorS82meEgasigEKaklvs9RKgjC3
2382,Y5hlGga9wvSG1SMpZqpASuXNaXtEaqew
2383,O6DBpVvbF0T9usbjBDiJl9LF8XZHq5Zm
2384,z75uBZg50cVUN5QKSZqqah0H62btfBbP
2385,OovYfB0bfg84EF9jmdgCTS6dUwqK3A5A
2386,ka2Ap20i65kZeUMdnlj6vkJtqcLiGKZk
2387,be7EDOj7jrIAbWaN7vfEwZrSpDUzO7Ld
2388,mokmr23mKQ8VkFsrVVxXSugjmcqwEGZn
2389,HJzd4TWanWqu7N30B92aaf53j8am9bQh
2390,ozxNfCzU0BZtUxf18ql2Pb7exckeWqMR
2391,dgqEFYoLvvry8XTjGow2zS3n5Y44OLOw
2392,eq3qJYCZhiDXTXT2dADVzeKSzvpv98Wf
2393,0xC4Taiv67maMpWR0xo6tB9cVQmmOq0b
2394,ISeQ9BjD7ck3VitSxAWzd44zVhChVMRa
2395,Y7JJWzzD2PJyVjyp720I7xMWwhVpe980
2396,vElyG3bf7o6halqVIJUtYLeZNYUzX23D
2397,DliBgLNyupn4GTongbkACTMgfakobJVW
2398,SB3WctSaYwKphnZgMtfeZbaNR2xkuC7L
2399,HYDj4XoyLcnOoEV3i3u0Iwtdk44ZOKu7
2400,YDvkXSMYCZRpCgUBp87w2WIyzAvfEtwO
2401,OmR0qKCDJe8wfulAQefdHJnDeiZfmtol
2402,2MkiG9E9dtgYshtfS4coa0LtkBFCBXWr
2403,6VsjqrIyDcUnZmWW1hWjhWoydUBQcONp
2404,EdGkgfkdXHXUXpX7Lr0VWnSYfekqTMkd
2405,4HhpoyfMqeUBnmy1MjssYJ7K5jsK0yvk
2406,r5vWDQ3Nn6RV7MZ2fCuETEZY5lgZiMKE
2407,oJAtvegR0cd0C7gP1a6mY4dG2thX9syN
2408,AO79TS83KBCfgL02bQOsNtqcfPS1qysq
2409,4zEkIO7sEPCNyMsvWMlSBp9u91RPwuUF
2410,qiRL0AwnDajpmupwLFyoqkfz3Yger2Ah
2411,XiXdmT3G5clyizyGXGQQJZyggTX2QR2L
2412,TmPDMx82Vv3iptHIrHXocMpeOhxexKNA
2413,V87XG8VGuet1jcXISakZfdZMFs7nVHd3
2414,IuZbREA3LEgQKHCytgbQvXjeazaN6QpG
2415,OImist0dgCCjwbEhBeoKzj2NF1mvD96X
2416,FO4cROTnwFZOsSGzoiu7logqnIJFo6rk
2417,bxAatdpsLhftRzb7vH5LpyP9YxWT1FQB
2418,13Ftt17cg85KUsr55XfotnM0P7PzaoZX
2419,rdmC5TJmu5hkVcVO6XgyDqlE7ShmONVb
2420,9ftGGaYMT02ey05btlrSq72KC29L6IYr
2421,9zGaedLAOtYSO2hO4M7hnzmyn3S19tnb
2422,k3FQ3V6FwysYunwNecWQcGxS5ZWAVDV7
2423,qO9GOzFiSjlhP9QNqqp9KOaGk38b9dK6
2424,hP51JUqhFE9CIKnxc1bGw2kGsI6gQlfa
2425,1MrsYJKSJmAkkCQrlTXG93kAVJqvogpA
2426,3rREhIShEADuHvrvA1Fi4cZFap6phLct
2427,GWhfRhagJ4Nx8jloH13FeYBqR06fkwOL
2428,mTrGKbkqg6q3hr1BgxXXXgnqjgqrsicK
2429,a29HDnM9gbm2P6vs3XF1vzmvjHYktbh3
2430,lfSjB69kuH6uoa9ZTH8kALrfZW56WpFi
2431,B3uWRgaCfryPvbePnAz0hrzkglJIaaQm
2432,DE0A87TbmjAJYo4exJVlu7STTEY2JCbo
2433,awHMhciTcAN8KBlwXrfVYkIP0uGDcYWd
2434,Z0dY5r7xPjfqfCguXwnJf3pAXXHS7rKr
2435,6QF2Zicfm3hpN32fI9kBbQurDLYLdF0H
2436,HusYisTJN2GTGYMPsVo1ysK7CjJr5Mfv
2437,oFLfCWugn89BxuzXhEAj0SAdnYIzHvGf
2438,OxVwdWEQhSnBEnVY1zSD45uA2391bncj
2439,masiZlB356kq18ACrjlO1UkkPXk497Hh
2440,Cr75Euqzi8Fkqo23UYokz3qpU31IhDKz
2441,PnCTMtpeIn8SjiPQiasHFTa8zp8wiQMm
2442,SbBOOFRQV3uKXz4GpwdvqyxoYhY1Uc9V
2443,kUEKycql4hFiIlZKmLtlwNicwDhSo2Qi
2444,5mSVIZ6CdRapJ4S2vZ2TfFlgmWihALgc
2445,WxN5No1UWSox7NmO6095VEhXPmebLFIs
2446,aziuFLvXoXRvHcgsuK4o2c1t295QqmJe
2447,m2VZYKyzOake8UTtHqGlQsqh0pRwg2k8
2448,sA2pjUIKN4L5yNJYsWc0FtlinUk7WgVf
2449,RE9XVUasyLquecYQU1MzjvGKIETsITP1
2450,AE1IwrzspiXjK3nWqPEvnytaNC3fNhrV
2451,HMYl4rfFRNr3dqZW5azLe8LVOtdP03LQ
2452,f9FhAd6Cflvumo2KgvOmGHmRCk7XpTS0
2453,75ynaqvpyIAQ1QXJKJdPbQFGagA0PxS6
2454,Kk3MVAodxjgJprL9TJ8ApAxLPdB1VnXD
2455,3oA68yr8heLe7xAXS1N39CMgw3sd4h5C
2456,g9p5kwfmXcaVXyC0wxEHvDuxL59pQFpi
2457,bWiDay84EKQTvZ1SxRhlzNsBdBWgW1Gc
2458,hceda2tNqoVAiYin1D7FxG8Sgk4fwf3a
2459,oSzpAbEtD5JPpPI5KONBuKYp8Pei0MNJ
2460,M2wo2z1MnSS0CAppWhO4qX9SL6LF39e6
2461,ExfaMWL5ydH1Wvvq0OA4yIbdJRplPvjj
2462,fUgZeLUfUJUBTfvZxflLzQfTTiSXFIis
2463,Dkw67iSZLeS8aVrKi0r31tFs37m23e43
2464,RZFPzHbkaDmAj3YLvbMMLeLHo1TKVEla
2465,xId5rwBwtVfgr6koWlyI7HRJ95gczf7a
2466,3IJCNkYwWs6HbOLJxOUCS3BYhiN8tW4l
2467,uh5Y4hqAvIqbIPFm6cLODHOA3v0JnXG9
2468,FU1UBA8OvFAxpcogkDXcZ9Xu7z2JnkJs
2469,AmJwNUpZyyO09vgxgcRCvvbXAJxXPlCr
2470,ITsJBSoYbLPwypzJjFqFzDevH59xEQK1
2471,97jJhgboYuYGodhTyWPfYy7B5eIicGgH
2472,VOaUuvblbPHamkY8PBWFrlLFoOR1x4py
2473,5MGJiTFegjX06mlDmYN3Q9FWXN7gkR9D
2474,ehsjvSA3FGogrTEg4aq1xFBTXz4zbJ0J
2475,ubeGRQhkusre9OuODrQRTo73OReis1zt
2476,1eP1iB6ugOfWSnHDfVZAEEicxnYoyVrL
2477,qgTr5gxJF7mqOZuiVB6ItTTczRdbCwNM
2478,0brkcsVfs0itzpNoBXL6HOJJE0Hg5IMo
2479,pu2qGmIo7yrARnFDmZlwr2Nv7OZIZcnk
2480,fOM3iKCUddMPsrwkwUdYS1ZwuvraEIfJ
2481,fskUGWcg3tt0iNS5TTBsivJyyBcbawrE
2482,UbTxaGQ6egiIksmvFQRdxGbB26kqfewx
2483,JHR8znc8lFWtslhN0AsVlyRZXwd2iafv
2484,zye6RoLGFd7jbRMm1SMpMCrbOaBIM1s0
2485,NeTelOL2qrt0KGrLqWE3JaDMOQhkj7st
2486,eVMQAvComdAtSJdZIbZRS15dMy1rnEMn
2487,hYSbVBKsp8yncCp22kS3UYjPuYGxzZ1n
2488,fRqAymieVci5XLaLa167QaJsOj7Ho8BV
2489,E3hwtou09ANPyLyyPtYrA06YdC7SZ4W0
2490,NNkTTfiBF94oyQI5Up7e8fRsDiNOpgey
2491,OUJpq1punoXOH4udthxWDGZGsnchl1zG
2492,tEnjAeSMoIpBeRTV1wFyq3HzeQE94R9p
2493,3Xsamf2e2XWCt3ZeSi4oZ5ZdApjHnUvg
2494,uvgUmgZrK8UXeng02K9xyRloEtHOrsD5
2495,JY8WVHylAb7oTEOr4VKlEb1EJ9MgtQnD
2496,25mkIVVQOG17YfLLbRhEOY8QyLnqae4z
2497,qesVY0fHfCzPukXMJTsP5M3YSzJOKbTW
2498,uLutOKPGmZ8jeqlMMrhtD3WHfcbQP9kg
2499,oefVGcY5t2TBLqojk2vHKj0unCF9kuRN
2500,xz4pYNkBMCkqjaLqvSpk2ktzhcA0FbuE
2501,FB4UqWdAuy14Dej5qeesfQa3Nw0vUXtu
2502,XgBQlwyN0b91JDXkZCA7OGyICKVIQaJZ
2503,NeIYxXT1baRxVuQYletqCmKiKmEBkwKC
2504,b7Hrw1tgblpKIy7exEH1BLlO4le0aAge
2505,J6d54VKyQFHAGFpQKQXdTiLK3esSVDzD
2506,Y4i53A5wFrFYoqlED2ijpNpbLaStTict
2507,DnOItYxPLpR6NAa2FqhVAJBGmWVGUxnt
2508,7ypXVNpV7gVuy8Idjbh6xCZ11BtFuxuM
2509,BCNPjC1Ttl1q7DOksxXCE2WzDfkTh2sY
2510,ZCdCo8WdVefa2W0PaIqmUQVMuCBn8912
2511,IA6wg0kqckVhnK1OZM060C8YvRJhJG0P
2512,IPuti2rSmzQu3MbSRtStQO3tdyK41YFi
2513,KD8Pc74hPwmsAvQzJ9uj9aUvcMdnKSrT
2514,kHgoNZo4giE8cRKXuH8gGDnvbEAYgkKa
2515,BJhOOZ4bGA0sRD2J2dH87q7tI8GmsAbq
2516,TTHnEWBv2yroFTas5RXEzvgQcSagxrNh
2517,Fk2p8bvhRhcnoxVjIQ7iyvcj90ONBq7h
2518,NrpnexkZo1q8BoovYoxGicwNlR16ofBA
2519,Qmi3JOvREBPHjYtHWqwojyu2oSZlG7gH
2520,avto99cXDH15iFMTm6XkeU1WIn1O7J5o
2521,9oWh1XBWeQW1AY1giI8HFBxfCcOjPS3a
2522,4Gd29W9rnlByrnuD5TOTs7Qbi0DNDLrU
2523,T9nCg3qlMgP92t8SWQpdJPGufOwBAHaK
2524,rkSCpqgn3DU4BI9dLcchflkjrNLpSXtW
2525,gNjvJ91b6OYHba4PjDf42bueeBBDfqKu
2526,tVVBXy98BntLAzb4Nzk2Pwhw9IuelFs0
2527,8NpXTRplCUgZXzmhIr2ZGTitxM3NxY2o
2528,NZW2dk9RdaqWH9JmQolKK73tCYCaUHoQ
2529,IOD4LpTLb7wzrAeZKpElb787FQ3EyhUJ
2530,pXoQQ7LAgFvg1mpcOn0hDxsJ2mb7Oxna
2531,iRAce2ShJvK1LZ92Ocet2IHQEb33seMq
2532,ybvkqVgTYKmQ80UxVnKVykoDTeB8XL14
2533,wGbZ5dnftcA5UnbUX5PEU9fbNavv8RDy
2534,rnqCeTOppqUYWDG0re2VnA0r3Ze3sYCp
2535,OZmN2cqJ6tXzKKxtTk4PNLpbWBmgRSFk
2536,YLIVmR1307ZYbfDKHQj1ygLSOjgZ9z2Q
2537,RlEQSiLtaHRz9iW99ewUVKlEL4J7RmAB
2538,8FfBF9VOUw846aofJxqE2BzmqtsaXv4w
2539,zke8LdIFAMUuIdxSdHtCnZugHLUYpN8y
2540,sQeCTkU7Cjhl7fQxdIUwzcLdCdSTHB2N
2541,Tw5fC3fNbU2AXX7wFtybAMMw5cKOsGk9
2542,jFTjmRCI9hjYaoLUV4bRWBSNQhmuj0yf
2543,oP0nwivvIPYimcEd7AQU38xPo2w6eb83
2544,XdpbbdoHDj65tE8mKr0XTcIRLNjkv6mA
2545,bBC8zZeztAYhKPk7euc69izEVZvIRju3
2546,ROrSpPHYp4xrZBzNPNXLi6Z2xoueholy
2547,4OZE7xD3oDlkDwnfe5PfxfoRp9u3UvMH
2548,1K65HZ0qZiARJahsCzOH3PNxINJplSJT
2549,V53dT9OiBfxOqA41uhYPLjfRNVty166F
2550,PuGfM7YwHLmDvUd3lEk6bhmQjJHzqd9h
2551,oBMN6LKX9vJJ5iCOanXMGSMx3wZyDR14
2552,PGhORUHRqypYsKiWj7zKTSr6P7JKWLmA
2553,BHEwISYrTULALbP2tw1epty1VqrQ1alo
2554,b6AVp7FtLeDqnAfS9pwqewU8f28GlHGj
2555,YBb7zzcPTnVgOWC8UHRKKmsgg7GfvgzU
2556,iis1knfI4nr7rnopJ2rpeI1GF7Syv0mR
2557,B6HaJrbfIaXNK1STt6J4FEwJYhUMnRdk
2558,RPevNZQn1NPAbj0fe0LCHvz4G7Ibb5r8
2559,Zz72MYLXHhVyYcr4smKyLzyyUSuQ1e7S
2560,fwv0wKUsGmrgePPHyLJWUOviGzMNBbrq
2561,hMWaoXlQ2fzaLlWD3GN4JbDrkJchXxw6
2562,DNkFx3qXnwBkkPmd3HWq8y5eQ0Wc2SMZ
2563,qQFaUp3pelBROU7BQ2LjcE9Ou9DF9q8f
2564,CP6VmaY0C9xfEFhCwcMBcao43UYMvBRn
2565,G8ljLSFKEFn7k1XJbPOii5gS59KsC5rE
2566,W6vgJWeXRjYL8nu8m53SLgMovOebswoA
2567,YO3tvpMZ9xD3ilnxWjKVZAIfhyX5lqt4
2568,GNgLA0mhetgpBr8whOmDEhaZmnoNw7S3
2569,SmuCIGWlK429tZuSge0Xv5wLsifjaKlc
2570,FEYVcBdrJxX3LTJPTW5NJm9QMqytIA74
2571,RQHvVcFj0GtygCJ0w0VkcyVd389CFuqb
2572,izQpA4Ue0GECB0faYpLlGIlIjeYKuen0
2573,rUNX5BaaHM7YnFAUsG8n4P2mFig8IyYc
2574,FXZy7lvpwl1dtzst9QgwkieLHflkEayg
2575,5cCVieoJgZNkBCOFnnuDvu3Zx7M0UZgJ
2576,DofEX9e7ju6a0cluUu2zUdNiFoK7zvYY
2577,5RD0HNwlVAk4Sg4wCgprbRPL1oQJqtZj
2578,k5aWkznUb0yQELxtwXDz7Yvef0OfIkcT
2579,wfl2cRWo55g2zXxlVDlh6kEEgNEPtWH8
2580,5BDpG4CnxhCrLyLYjFRtbJnwBfK4WzxW
2581,WcKk8vh7PjkAan9v1wWMUNwlOzSERUkH
2582,2J4rgYInIrt4BmfoOgSFItEx21BglFqU
2583,rYcT78sg4KEKL6QpS5nWdgYjH42Hxdia
2584,TN0N4awiGIb8GP1Hi7BCPlNWpYvSAKM9
2585,JjCFL7VHJEExUIJfh3HZmy07EB6E3dig
2586,jnwo7NhzgJAirIYj0Tb5mkfonpbFnAr2
2587,arcapnHD1uARivduvl9rcaeIQndnfPUr
2588,VmoB8kVq9aAnagH6dg1ypVWODvxNVeIy
2589,7gJEF4CeAkJBZrHiOlGJF1ltrfKKdbv9
2590,SdohACzHhfNXihU0jdHHI48vpQiU72p0
2591,FpQgdeFJtsRPiUMShRM1Vg4Yd8Efkt6S
2592,ZlbD44GTRPJT4bEc89MxfuLlJmrO01Xn
2593,CdM2YoJBnHlZu9AvO7ej3mWdTuQRuVTV
2594,irL5hcHc9vc2GPp8dXxuQhXTEhyfQOyU
2595,e0sWOdaxP812tUz9trzHSc6r2QBPDXBA
2596,ZRiTow3jyJRcOWDjz6T4GPip4PZsspx9
2597,Zf0wRH1tXakz0AUKa19tL9tiGLPl0z2d
2598,IQ5yyWllPcWPNAjzPm4Qbl0LgBXRLlr1
2599,Jr6DEEu46rJpJG9ZU5svQw64TAtUdgMh
2600,tyUlzo52XLzKpR6H5orL3duBRaAxrLUk
2601,5tvvtpn4kEv9CYFG8GGAZRZLOP7qs3kr
2602,5pRhTQl5Ipi4uhwWDiaRnePkXBh3kWKR
2603,kguWB9Bg1WJkkiLrhvGouYBj3qZnC1VZ
2604,59fIblmFdMIZniVuy5NVJb5Muj0Ytihw
2605,xIq4SBVUkCvEavrtmO2GFDOIFmPyrY7v
2606,uCRo6pvmrReBKPcAm6CWt4XBLQFveWTB
2607,yGKtGIGwgXRs1GfhqZah592wO7P4WRuc
2608,5CiH2jxAmtZuClSpHeys3QXVW3T8XvNp
2609,OYDBP9SM1FqUzkLhwIH5NCx4xTZ1FzOM
2610,4g3bXCgCNe87zSUWdveXLjbWaVfQGEgX
2611,Z2jJ7yfBRbW8l1P4Mj6HOuXHf7QxWm90
2612,EV5SVc4axJrVEOcBWEt2u7Xpdhl0W3w6
2613,MxqEOBydwp6Ie7PDR74wrOWuTehZbUUr
2614,eTl8gnuIMKgCYVqNYAyI5boGxdzs0UQL
2615,OuNQ3ZWLqf7kPGPXppqHgz9mtlp9rH89
2616,HwJMmqQrGhMieE2lTBh6lF4rtQgRpyIA
2617,fIe9GUsVknmSlwzaPnkXKRnQmGokfYDR
2618,co8NwiAniJbm2qgVJxotQ7b2rLvRQ8zZ
2619,LfR97dUbcbQz2qNXaOGuxNdc1oxYtU0G
2620,YRR41SXqInzRFcrkaetHmf1BSgTxjSlH
2621,AxrJNOCqGWthhPH9LhgaB3SSMV9brj0w
2622,qwSSrsVrfbENkitkoOq20A01UAgCoPxj
2623,naFgztiok6UVn1r4oGMLOASQRGH7gM8j
2624,97JtNXxDv1W4pPRp0d422w8X0OhdIch1
2625,It2Xp3hSkeiVjRNfQbP0QnB1po2ZMe8K
2626,axb6ochuBeFhOEnGbFi6eBOOXsdxTnwX
2627,mGDgysyEwZRGixjmXIiNvdqzqudoX7zx
2628,QvlQlsr4BeL3yCoFGcUqCu04PPbM66WQ
2629,jXgiMksqNnd6HF0589uWwRgM4GMieyec
2630,EPbfgjvIWAdahBGKyauJEQD061g3a4Eo
2631,CQPAAuu71ZhNAMHd3qqLbC8sXuIYrsEi
2632,84sSHSLWz7AoKeSyJ4M4sZmBPT4ppw5J
2633,OKF2DRz0hxsbOv1AyV1wT84asJzxzJ2m
2634,bkaCj55yuqKtKvHU4jE8p1RlkzI0VRjR
2635,hLhQ43XB4DpEOClpe9eNPIu6ilpxIJsA
2636,FxiRRlDI41pmZi5qCCndxStOLFUusTmX
2637,OnYu7hdd5uSQ2trh1x39oiXrUL08JONP
2638,0HpDkvx1049PF1EKjgJBN2LJ6CxZd2pi
2639,9pIA8Po5umC0Die9HSFYCtEmMeEo2S3O
2640,ZDSqqA05Zh2JkiWX0PGTNmlVwF0NIeER
2641,2U465IbePWtHBDunnvT869W1iHualzEe
2642,0175G544nUeloztsWHWoIK5UXUuDviK7
2643,aqUNN9JxCzkNW6l9zu8i2trEhSMaAQQw
2644,RpVIAXtSyZsOUL0PpDsvmqrDIB9IVgxv
2645,zAOZseJnkbSPME3doLjEUCeDJb7o7Qop
2646,v7HbkVVrHGbjjQixcRwnefuEN6usSMKI
2647,AOYS6ug5E8IlBZf0DE8wNRdr37QRaXFl
2648,4BQYiXubf9p5HIQY7RBmIUmrxvS9RUZz
2649,8Yk0P4S6dYn0Jeq9bYd58qx7IgSgNSg7
2650,PWmTuL8kRs6m7i61RLzVRrdZ8QTc6CjQ
2651,xcch8ysPLjU3UZywWKk0MevzMIskJZRA
2652,XxW0aRoYGIWwXXOovPU9C70D99KxAeXa
2653,1xD1vpVsYUP2sOl1JBKtUEZMOxyYEw56
2654,InpKDUBZPv4DQJCqJqO2wPSlrrdKuEYG
2655,8LA9RJp4ZnUtC9KKdKTxpjIuP2QgfdJn
2656,tz0jr2AukjeQdmJ8oAxzNNFqHYFp3zxp
2657,sd1imnEHh8tH8ezvEC1R66MFL8Dp5fxL
2658,8myFYVs3FloA4VQ8CmcUrpxxBUdIDOHc
2659,iDTuuhmWwlPvxmXKEkSZZCGqAKo3ttO6
2660,Tf1Qkn2AldCgm0lAnrhHXz2g8KDgoAzW
2661,ELhnb8s2Deyi320CfUY0xQaayIuNjNAj
2662,Bkfo7SQEj81rSwqXwmSGtugeLc6MHxSu
2663,JZ343e8uBFOKxf5CiqsEZlcDVFC7C8UE
2664,6ZFcyhcOjQSMEWI8XjKvEr4dGR8jq1y9
2665,jU5N72bhid39U4Vplr1RrtjOvbeDNNvf
2666,B4qX7ZSLzaBQsQHT6IbUbvPSc3cX9WeE
2667,CUBw6fdmzsMJDg0iK7EqU3wxTdfZ8FM3
2668,eCDRMvRHDXGBehDmO74K0p1rI9gGSdTf
2669,OxoFu8LebZQLzTBGEDVTUxsplmguskV4
2670,PikaZCO7Hc25y8ea4jR1AFxPvEFp4zzm
2671,K8khXcw6PQ1LrZ9gzNIXtHkMhXnFEqHJ
2672,WZJoNE9QaIbJZvOaTtdDkwqTkKzXVOnx
2673,iOcDvGEjAYLkpPPNQ8dPTDwVA4oetDYf
2674,Pl9rTZb1rnOEyXyQuD17f9vQwIj8K3x1
2675,6mZlrRxeZpLVs9qgaWkfhkXiVZ307v4C
2676,bqsFZoQMha3gGq7lay2BO7SqSeDDnv6K
2677,V0AAIjvyrI9DyoDWMrmv2sUmtMmiB7XC
2678,Bbaw9OAk48KcFqemSwM4mBN21glUZUP9
2679,gMrfZSm9OMeqhI1NA7WnnEWeDY4OKFPz
2680,YC7cGXaVfxs1huEYto2d1SLfqx1du1W4
2681,XmBFqmgJFizd6qma2Hg0BB2gEW5j0C7r
2682,635DWNDEVwAVDrsethLmLKLVazxISkSu
2683,3PvY7hNxEm3ug0TdjSr0kz0U8w9lQEnx
2684,8mwREZdJYRvGd9bkjvzYb5WHog2THwhu
2685,AV1MIulGWHgWBHpiZNqDuitKs64pkbII
2686,5fhI98w2OtB8I18YUU0fsUlZkRLMiyy3
2687,JoMXqbLRTCsjbUOXD6dJj5rFkYfJ9637
2688,dAJ2ASQ6BWumcEcjDlOH0kcTlTYEY9C1
2689,RpRZzkO8mEzWP18nXPBFHywwuFR2Dj3N
2690,GgzvvAj5UmS5ftQd4udPt70VwXrQeSmC
2691,Xc3tHWijWYn81zRcyuxRSkZQIpYNA2OT
2692,ArCgMce9YiByKq5wGUwBAPasaT4FHoXc
2693,F9HPTbZX32nnN29PSOGg4CCUnR2emO2x
2694,G2PJDvKe6JWd91LtgnToxjG8J3M124Us
2695,HRlL5aJrDYVcMOBQgsnrqjUtfDpyVnTy
2696,XhW2uI8IqvmkTwFtvxqHKlHdeIK8wNQc
2697,HhxXyXyDCY4IZqdKDWgpIqoqLZCB8E8r
2698,4oVxfMvQVurvpkQn8p891sd0MwqdCWbJ
2699,Nk5Wu5BfhQtW7Edv9bW0enMf0tUBpIaC
2700,qyIoRFlFnsF2WhKEO8ibGYVtCAxnnOeJ
2701,892jNrAzkRib7fRf7r84Qo26FGSlmhVS
2702,WHtG4iE9owXyRTVN0yGoiizwsF1Uax2m
2703,HiiHg2sYwoOSa6alWcJT08PWGC1kHjDv
2704,0hP2fVl79ulE4L3XRUQc94z4VEUkXD0a
2705,mRO5262iGBlaaBmB2FmUL2oKg8OUhxWG
2706,9r0EmNF7j5RHspYphYnGv77xC1QARpiT
2707,9vwIpOZz3nuFrPnzZlXXNNQDJ6Pg3fOL
2708,avOekRgHSWLUB1O7xjrqVIyjnZE4Ju79
2709,95R2EKAgtPBrtrhini4mw0uZn3yVvl66
2710,m8fXC1ue769Q86yr3D5Kaj4eohbDQ1gs
2711,Xd9TntXNQwjWOS7Ef8vYyBU071fnizx3
2712,C9akTO32JWd4o4ngoZCg4cFe3cwGs6Zz
2713,oAR4o3tZqduah5neL7C0VHwxQ7ulIIqA
2714,LiOXHS0opAP8Pyg44EuM2JUVQTMyMJQb
2715,tICs2WIMdwRIddvehCUzNonHbet7Lsz0
2716,Og32wjCPv3MuxQsLXI46dpcF9w8RDfD7
2717,ZTeweN5NhqaYANPFhazfIiGKYkB7UtBo
2718,bS8Sw3IT61MaxXWQJekAcq004raSRcAq
2719,n8EzLQgiaXxgRn7htySp7RTnbGD4ChJ6
2720,eEF7MgPsoWtETWsLJY58iAZDYe2yrE1k
2721,MvJnTVgAv41iyZ8YjajnYrbKwAnTLxYv
2722,cT53E7usmc9fGD8vk8SPjvPBrpV49aha
2723,IAzy07pCkntEFvUPNrjbZ4eR7OlSrpbU
2724,AqoPvTEq84vDxF45TgD0XR9hFQ8u9VEH
2725,JbPSIOPz7dxwyymOioXEDP1fQFwTfksF
2726,xQsLT1gNNtUo6aV4kAfV6iPoZTt8zxkM
2727,pHdsnnppXgLEfSOt3UVT3HYrS4z6Oeur
2728,FtTxgeKiJvYX3ZmmHJbFXhxHgig8dXBY
2729,EDcN0umTi36MHxrz6FN7afYfPqOb4JxT
2730,d4qVwdu02E6pANQauLjjWQ0vO3PFlWoj
2731,4QxfL7AORpuEdeTIE3YlBC3BAJ4pmnor
2732,4fnW6uQWx7Ph1qhqofZhEiAfdwhCKMjz
2733,lJEm46m5mggjLJldjiKjZgmluzKESYsk
2734,4FAOouSF2ZOllWC7HwOtAgJo51hXvGNL
2735,MGjo4fcoW363xCeC8hfGDXIANd2ViszO
2736,f9LVJZwA3not7rxKAVWd5qyp6EN07yfK
2737,caFsqL0bIhPbmzPohrURUHj6bMBu2asM
2738,htmvSuOYlCVkCd009fEEseLABjvaxK0l
2739,LIZndt4boUJ2Vly91XulJpvatfSRQMaN
2740,JeIG56aDkEVKLPW6WhaDoK5wDA83nSz0
2741,ONOLobDfIf2nf5PDRJmvKbNrUGf9mW1W
2742,bwdrwqk0TKI98tDX8X6tl6ECExYhjA3v
2743,9U08ic7muG4YkMoX1Z96SC2l1vRwYw2O
2744,tUPIzVpUQ27FXYanXid0bPw0VKCuBDnX
2745,1OZYOie8iNpXAKDcLAikaQJri85jsh9y
2746,awcK47juzWF3VQvpXZ0BUIHkVRIUCToV
2747,ftwGoviJl7WarxkpJjvnGGMBYIJaqh0s
2748,63mWK1ezqGqalG76XBkO79myn4I1udJa
2749,oJdonE7iMr8LQd99ffSGt9MhQyIBqpuc
2750,kHeSR09tVLokETrCT9C6WADtsQh0wfjn
2751,o7e34lpzsixL2bexZ9SCmISVwOKS38IH
2752,6nWZfi3pso3LF7q6hElf4CSVvE8liB1G
2753,le3RqFlNL3qyQzNzuJd3hDobWafBfGW0
2754,RRjA9Fpi3vxRadpPo7no6BekU253gxiW
2755,HhkSrHgztB5rRbUMkzDpQMS2w8OQpd6p
2756,QSwpGbLXKqAGy9zvXBbh4GbztYqMsOKQ
2757,pqzl6KdE8O3tZFRuMGywFuchXBMsV3vj
2758,0ItvSy55IYqKAnSR10lhEMfLlOpCEJ0I
2759,lQyus2xzRFZuScWXRVEMxsltnWSkqU8B
2760,K0YKY5NmjhJua7bDLYWw09RmFhQ7WuzP
2761,5GLasHS5M1LhMwA0EomabqNdReKfMRmp
2762,mGuylBLSojuL3phePwfC39fFpuPO737g
2763,pgMurL89TBpdQqvlqHMofhuJVvkQN7nF
2764,mmJntKuz0YegAXXD4j3cRluOiQuYZkFa
2765,PwCkBF4UskXdSWaj4OVs7pDiDpcOCPbt
2766,xXUNR2HI3rxABU4xHK7mxDxTarq4zJ3d
2767,5yosH7tnWuMuespavXtu0f6bNQ3Pu2Gl
2768,7jtxaO07DdKmODX73rU8xo5xxSGUZRPz
2769,ohYCydWluy2FjaWpQu3eBKwa0akoUVxa
2770,1FaWrqYWmPbZZcDOJkyZwLX4eTgW6Usf
2771,3elcRfyhtHgLwmq68EPfSLrFEeJe1rzO
2772,4qTcJn1VnSBWK1dgdRI3XD7hgkcpNMZQ
2773,tl5AWYT8FaRj1CxotUk3MVrPmBFCphUW
2774,asRcKwpQbNLwlzUmAknZUwTyvE97bSET
2775,oO8e2UedFtqHu34OiLl2SOGrk44448ex
2776,QPJgx9nvKtXR8wEiaDnzoIf0B5vg1OON
2777,O8G8b6rx03e59Q5q1dkLIvjRVLXC8Ab8
2778,jCTBcs9uxawkawbte0c1fSPgPOqQU3Ba
2779,zTHNya02muVZ4mwGrFawLxCjmZWrtsRR
2780,SJL5IVFa0jjYJ8ZDiNJJs2MmtuoisrAZ
2781,OJzpJurzh3z7UpWBuVOEVYtRy1IGKBPL
2782,D4t5C1SlzEwgqFa4RkOMagvmhSVSAAc0
2783,MFVCF4kfch3bMMRFmCiIwdOO1ygsATkr
2784,H19CfcZXMqRt6yusbWh0RMX6RQdnJuon
2785,rVKzpfxranCqOEUflzOfQ3GPS0uah8Fw
2786,Dy7qFv19WBvjUpLIG4xF46wnvj3E4AqT
2787,o7ptyjovd2enmvHHGlSyYpDKPNMv08u2
2788,K3RFiTB1QyI9FnIQxemgw8zjqH0xNDXn
2789,MDiTwpi2DLsKH2O1f9J0TC14xvgh9Bh5
2790,dq9xnE0igOH2euklTqYr5LHUhP7rahuY
2791,hcyvCUT4D7fKPCusRijrjhY0lL6Pdlqk
2792,lCE4uBGzN753CFlQVDU4QMkDWyz8FrSw
2793,WE16oo0qkbA2SFo3MiRX7Zy2WYgargFA
2794,CCtGPIZJi0iYhFGibWdEA6zuIYviKZiK
2795,H9zzbMPFr1pB4CFKmLUwelj8aJaV2fl6
2796,DVWmHUyZq82pw3P1zbfcnvTlRhdUrkOO
2797,n8hUAXCpUUCtjmIjfZO0WXSAU7NdFnx1
2798,8U37rHDaOF3Kp8vTmamndx1ZEzK3kpYb
2799,x3bKGp0e3teRi3vc9Fn4NmtshlKS023r
2800,EZamJpqEBDwP3WhEHMNZq6Az66hN20Q1
2801,v35Id5JcaHoLlrPxcOPWfFeYZVPvmbV0
2802,uDn2AGskGidRNQ4bB4EnlkhkGl3aolBM
2803,c1aEcMK8RGaYimL0g87WsXzcVmXTgE0u
2804,4DOt0z2MW3Pj718d5v3QuraNqpWqZlv1
2805,3yE8FhZR8EfK1SaL5wgmhiOsiIbcmkoH
2806,dCuzGG4VCKTVKuotHHT8Ujr1cuissutV
2807,q11HOd4dtGmn7OUYPCmIIDEhtHilnwLH
2808,N4M5aTYHwhdKPFsJsAuMlFd4yN4w4CFv
2809,NDDY8wTGSjtP0aeI5oVTxKDq96gwBiuL
2810,WG4WMbLv5bwxCb26NjPqdc4ahe9Vcdgl
2811,fLdcggOX6ltJJVxN5ahWOBZ4fZqFTUNG
2812,gtEQf1l82r6pOeJWqxYj6SO9qfDz6cTC
2813,gTWchOrnR3XmudG7PCg3PIFGukDE8gSq
2814,vuhUT4GyORKQ2uyuznsWny3toOcz7wPQ
2815,TvPi438sAef3PLYs1zBhdLlzlXB3BNoI
2816,afM8MFFpNCu2S21ccD8FSZU4V5fQ26Wg
2817,ZMGlN4zWceDoFcl8MA798MiO50SIHPGQ
2818,W9c1sNFMMNmx8ZAgq67ZjIfV7MBuk42u
2819,N5tQqh5Egq4hYcq71wFJx70UN1H4bJPl
2820,hNWVnG1obh1wvs57jMRO81xGDKUoBNv6
2821,oo99USFtFsd19nbInDwitC3yyJ3UenzK
2822,UtbONkBBZpTWduLKsN72EjUVTyYcPXuK
2823,6Q4DVx3cJtJDK9vMg6694O8psqQhGaNz
2824,cJgmQRkO5kPUu9xZa1Sl43S1pyYRppr3
2825,hJgOMi4EC3PX5vmzbQrY4JZhv2BwUgjq
2826,P1cCEfnbP5ZYYYvinu7ICHrgITZBLVhk
2827,GCJI20pDi7i9ZfFkiFzd4xp99zjZbfNW
2828,kCHJid3neUgfa4IIY4dfQnUgbt4kF8Ud
2829,OcvgUT4BHCoFOhr5x3abwvzKp5fZaosv
2830,40BIgh7cPnIoWqnOXB9R3LZFeYf6ixPn
2831,cD0XBG15lNEtCTfSov57PXLKniQP7p7x
2832,NwojNDWhqhBX3zihcBuYZfhPf9ZTLguj
2833,S117NMF0r1lpNS0MTrmoZxxe6XdnEdso
2834,aOirdCjPS36MSxPeKbh2iUGZQ27qyreM
2835,v33M08KAeWMbRKcuGb2TgzNeVuEFltGc
2836,ZgLSWpspgx9JvuojvjKc2BsxYyZ8zPXW
2837,QKj1qbER5hz23Ypw8vRGXrrYYZWSnE9h
2838,AcHg3D88lzkl4W1pZT9u9z96vSQke7jF
2839,adMfUlMSdN6jkOisM7QTTgO26VQopNFY
2840,MxcoNaNp6xWUV7MqWdcWjqABKuEtmGLI
2841,3SgowpZQC6dpMaNSgc2G0GHQ2MKncFfd
2842,Fd3l2aFdE6PL12dgCskhoCCX4NMtAGpl
2843,CnFuM2oHD9FJ1BG6wOjmIJN511gcNCLp
2844,ARq4okgBMDLh8XVesrS3Y7vwYbxmWNuV
2845,6ROttKNnDCzyG1ZSsUYaevDjEnlGRExF
2846,P31qJ10rUeyujvzaxIMN5sS5W6YQV8kt
2847,QNuV1EKU2gNC0hyGhK9d07pQUzoNrLE7
2848,4TaZJ3bGYuyIMjbpNo3vKdlBHQ292viG
2849,PTdi5fZQwacdEeWiQ6UTEhP9UvoOGgIb
2850,qa3VFbIIn52ncpQj6WIxtFa5YA4pQlvz
2851,sGWAnhBy815oec8y0pwcbRzRPTz7SiGk
2852,1Vz0IXiz5cSMPykrT1Bhq0g1yeuNq8TV
2853,KxX4I0D0KIFp4hSWuIeaqchqOSs9iufY
2854,amenxfnpRulqiMyvE2u4a7HP37SfWF57
2855,VGepv8oGzU3vwMZGFgTyoiNmFYbEg65Z
2856,EuM2T34WKQQ2SCGsjMWsssHZyTYkXxbJ
2857,ufSxIXuOYli09VHgbOPC3YMnboY6BC3t
2858,UaUx7ZTS6ap6QNJcn3V4LJsGIAKNu72w
2859,Ok0blmSeChvgp9W8Qk4MSqtqWtlzGVHL
2860,ATabRdewRzfNhtFnRtsYcv2LaVshZNkr
2861,GDxtQ5MzKiYaodvjLxpJZp0sEu9tOK39
2862,2tyo2irEQJyfTvChG01G2s5O7E9IVRH1
2863,wzTKzQYKmHWDEte1W3GK5iz604XXJ8CE
2864,zWamk5NsZ6Um5I06Ad8XtpVqt530NXLe
2865,BW9DDL9RFQdpEGEIBnEdoYkfUHJcSccJ
2866,xD6xWn7CXHXC7S0DgNmF1d241A71ZtWx
2867,RN3gcxQEjiBYmTba2lgH385sr10sUUGB
2868,Z5loDV5wniCLdksshlWZsnC0WRIeq44E
2869,MZpv1rQxUO8yGCH0sphOBPgPdYnOSiJv
2870,9vTSzl2EdWvJqx5kRm1ItXwFGseruj4D
2871,oDROeLpjYmrw3fGqibfRrOYYosalh5g1
2872,NwXgwQduRPoAMlUICGNG6UxEDzMy8glA
2873,MiA1cFgUedvyiWde3CgkiwXNRJTTPmfJ
2874,lUAP68WaxjyvwalMVtE6mvlieFbVKUPW
2875,aO1psdIdmyNPOv5CtVTKFNEQ1SQC7HYS
2876,orjXEMTYt2X0Xrrx72zH1ZeMJAbqAVsF
2877,vbhPqUhD08B43jBCYJGePSNnVIC5Wa1I
2878,I2v5u250Httn7B5WpP3A3S1pELf30ggP
2879,SmgiY18VPD5gpBn1ZgCY6dPergOQMEJP
2880,whGz2NrYa2AMEb1EAukE5uTmueU4gJN7
2881,6J7ohXszfjsy0FHdK4lIB44XJmJ1xWqh
2882,CM6AUXlpNnR6ctmnYlJ9knA0s4sxFB9v
2883,fcb0oiSSoEJTCW4qt3RCcLhcVf7OLkku
2884,uDtKzbdax911nwVPwPlAgxFQyBypcyUU
2885,Cb0lWY0XvuAJNToJu7Nfo0mhuJKm5uhx
2886,8n4WjNQnWlH72ykd3lVvv3cEik2jayBd
2887,D1h985CJYW1Aa1Vwfc9VdBtTuAnxVZBs
2888,V3TI14kvaj9CGkfOCH3hwQNCAzMJOGHu
2889,SELZhpNv2GkAtcn6qISmNtjbA1PTlO7V
2890,9DYKkhBdUOH0YtOJtf6gHUjA5JmZN7Pd
2891,ekETNROQZQfrqG6LBjxcsCW8CxdjTijn
2892,0fX6pnb43XEDK6Mi0dpzVgrZfryNfzFP
2893,4Fj4hdvR2rMc9bgBin2aOm68WOOc4yfj
2894,D6okrVeM1XyIkcF28UOUAicTSFtgpQnu
2895,fg7CXa2i7yEZuZRIgDfTUZlkAkYpNuII
2896,zIqimgfUt1FNpNclDbYRFVqKe11ZehYc
2897,WqCOZEMGC3gf4w6gsqta8BABw6GJI9eh
2898,z8FXbH9CGANnyvf5w7vizoQXP1LhJGC2
2899,znXbgZZlSG204cUPr606AQ8vJ0WjOwmV
2900,wD7QazS0O0ujfhNEMP24fgwRgnelKRBu
2901,pmuYwXImPPfZISrsoFL5JUuTKdcMBEuU
2902,RdDRcTgK6rpOBh1SejgZAf5bu8M1ag3P
2903,9u5mMU7ldCojoyUvh4dZpsHFMYfrhRW1
2904,CYtPiaSDNwKWYhChb4EsI97u9Pchys4e
2905,IdY9omgqeaeBfNBPaOcafiwb0GMKN753
2906,0odYWHMk7j2zoPCpSsGXV71ysXiKUuMr
2907,GQ2XruMKJAGTn65B1DV1NptOXd2jeU9A
2908,OQ9Deo1AI6eHDB4X7Y31ibL0LBnAYxwA
2909,g0d8X4JDOcrcwGV0juyEXV6mP1sVpAns
2910,C3M7iRC9opd4DlnvRpOkoNIp8ZBZFj90
2911,F11qgcuteiNuOxL9TZtdaqDm5Z3nE4Mg
2912,QarW3zx6vm7XiNPibuMrAjKRiiqU6yJb
2913,U0Q7Q4H12cxYYTpJuRnTHQHO2GkmwWrQ
2914,0FXWhepjhJGMRB9iuUGlYJMbckzbfWTp
2915,IVdcOE1O7wCYgy2cGhDa3MeS6owZpslY
2916,sCqHDaFxZ3gDD1JT05W5ilr4eW9pUO1G
2917,OeqW6QyOeVXzpPDY1iaDtQ5B6kTcbKzM
2918,xFVzpullJcpsnvhuuPHsBRMJ2cDpzxYK
2919,4Ee7rBL9D5zNyluGSRQmLfgrxEft1Tm6
2920,f4rVWWSQFxmjHWGOyUcie9re82uxWkb5
2921,rc2Oc9iAQfr29aFWRoJElyVrr2PUTGJE
2922,lToyyAFGn5X9j693e991fOCosOjRjvkq
2923,LyIQVMPYKeI5CdN63kkjQq75fa0ofs3j
2924,zVXCWSEuEpGPIuqhzGYegcqSNESbp3mC
2925,947QUZDBP5SDGbb3MuuGqhLBOV4EIJNs
2926,h4Dpu6Y86aMYg1IAp97qSnV90XW8RTb6
2927,cVEsAajuohU9TSQ60LFecwqaOaxxeiQg
2928,2rlHb8AEZv1Ykmul2kPQiiiQY9E9MEN2
2929,0w1ji735BDDolYtZvcJQrhI9XFUFzdtN
2930,U7l8oOpVMLaGSM6C5Ng5dcXYAnTT6MDp
2931,QxXFO2X2CUCxHYN5rGLRePSU1IblElZa
2932,tr2A3HeGJLE0YS1HQQqnVilSXfHFr8Xc
2933,Q5wehM0JEf5l4UQm2vs0xIdUiNu8CkgK
2934,ybdaL1IHCD2NtyzkAxPhl4i29bF06hrw
2935,rRrE2LV51qoE7ZmQ50CfIz34jq6KKS75
2936,UKGHDUoZPOq7M5nOdpiNtEStUZd7FvdW
2937,zE4KxETOXEXIiABtJbK0l9et3YC43qrH
2938,BRRkEiDK6vlBi37H0YBnu2pzwzQ9x3yo
2939,BTx964yv1BPEzQaGDuCf5uWpqGEMH9rW
2940,le2yhcYhJjaeGxyNMgtcuGHN0bNEMwU3
2941,0ULBNz26sNkrzMdIdOcCaYIiKkLv3A64
2942,uUyc0zul8wDES70pN6KrJPfWOvTnBdF4
2943,3V3aaJVDdDt4veqZkOp1jhmGa3UtcsVP
2944,M7aX9uy3OCVxdRhWQaF8DqNHbRXIunJE
2945,oqUbaxs3siEe4ge8HHhuDzfrou2S7kkp
2946,97kG5t8FZmAT87fMxI0GakTSwBk0Inr4
2947,Ex76VmjuUxG0G49fI8vrz0Q6AmGN5pO1
2948,6xYXhJeEDiScrgw1VD6HbhLaZpXhE47g
2949,anHtGC6mdajtXliEC0JC4r9aH9QnfvG8
2950,9PATiTqhhcCIbUeF329fOVQmAB1dCU5G
2951,OL7HqM44VPIv5gQ1hq4O19HP1HazS7pt
2952,r0o05jBJv8x2XGs77WDN1T3f8wwFC0iL
2953,y3kKGplxi4iWNpTGUXsH6czYtTuxMjbZ
2954,hdMum0d1GxrA09slexjijlwcQ6jE0GzA
2955,YWt23sM1q1D01YvKLWgFK5mr4ivSLJqp
2956,bghWzrWoNx2pmKqpVbiKZpOBKb2coAYz
2957,okkLZKV3mheHNbgYGAiItB0KjOQamYGO
2958,cTZk1xqXQVY1IOjHUjWhpqUktSgaEXUO
2959,0sYqfi4qQ5uRQ0fC7xk4RPvdLvIvmFhk
2960,mfGsI0fkfH3txKE05Ki6WTmoaEtjrc1Z
2961,skFSun3wYLpFDr4ubZJQ4d35rBnUokhG
2962,qhtCY25QCSBGVKH0HPor8mHunIkvGjAk
2963,rLm3jtbdsMROfAKWZpRMl0lUzRfpzsQf
2964,ialaSO6evNQdX3hC7CUoxVWIfrSDvPZb
2965,VKWEdJuBhosYUhMH2MN8n6PIVsvMmjUz
2966,CDNns3Ad5o87valUOtbl1JmYbvlYLOZW
2967,e2Y3wgrkEiU49woeeB6mu79EBMVHei3m
2968,ZR9tzaQwmUfQKH3YEFbKt1HvS6aPBSN1
2969,qfVyXjajcwPEzxmOwuBxhL3NXDHN3Ae0
2970,nKTnDp6yr52pscuOSZoFoed9wLXQybYA
2971,4605XAd44rjv79tWTz7RRAlddOSMpCsj
2972,dJPmv4czHysx9XLYyAwVKoihQ4do0E4d
2973,Pe0zBMgZ0TPfciUAsDbp4LEuBy2LSMU1
2974,UDhFnR7zl7ALqyW9cI3w0yx4gPIIhiOP
2975,1ibjAbCit2SoWjipHcO874bwniGqhT3o
2976,rTWp767IDpHrHxdhjoOJV5GnjqljtomO
2977,0nHTLiw50uXF0l2072CyEJhpDkT3CvaW
2978,um1PGPZ3t7LnysvYOvYvgJLw95hOeECz
2979,K8BifAAgnVxNAdMhUFKxrWFZpxclWJNz
2980,c9DqCW62buLoFZEX5w4uJAmoLJ1OJczo
2981,sXPnQ5UabbIbB5PDM4W7fxSj3RF8sCha
2982,kZXKYRdp70uNnYINVOX42Iq5y4KZKNJu
2983,BOCjCkY2YKVgJS7E1rBRxk2ckP4fCtdg
2984,RTNUKqDY0abQ4NWXwbllm7z9gbDr93rj
2985,Xejp90KOzPaamjMrh9hRNy5nT5RTiMF6
2986,3iLcSEncxia5XVdA2yQpc1XV1WXfGLNG
2987,IB7xiLJRvDF5m6VMKKWrRMn09ZvO4s8t
2988,R9ugc5M106OiPTnidC8wFNDYdqnXacXE
2989,eBgeVDHxhmqPnXG8O5RD47wF9I2UMszN
2990,INvCdGQPI0cNojVFGz2faCHObhAtUCav
2991,i4aXgXrW8Z6XphvKyMjBFWokaz9K54vH
2992,bu47NwfwTPCqq0ZTJKrN4g8IMugMIaA2
2993,zsKbx4IYoQafzXr8BpFLqZcOJUGtXKws
2994,eoJKx4CKFCYaJhqmc0EUMqHKBIZgdA09
2995,9pxQikaHJki2mpOeL8E9aWKuxKlxlzpH
2996,SOyFXnsSwVfdTGXz6DCSpVsCFOsgjmnW
2997,YU176QoF2slTit0yt843FgHenlpLTMLJ
2998,tGetbMp1dZEWwDg6Fhb4JdXFkVyaLG0p
2999,ObyndCeX3jC8K7axoAzd1aFhEXrAQubh
3000,KAqPxk83cIuMjy9DMyraq5GfgCV6EGMK
3001,cxXXA4fvDhwIjjSDjOuou5wUcqkQTBYt
3002,7wmeHjx09sPqU5EXH7HRaypkXwJCfh1U
3003,J3GX28sGTFjyI1kQA6ZJdI2IOiMDKleJ
3004,IXEZzFgUzyf8eXepztF5SrY8aL7AcgIu
3005,amDhgiAbaPv9B9GoPb5e95L3E5c2ooOw
3006,46Pef3ZjB4iaQySBMkRZxLbzRCJcxrSl
3007,5PZx4aEPRvW6Ojq5pGAYjEYknEyRfkN2
3008,41Nzml2BshnmTvqnBE7kLgHkph3n6LOh
3009,SfRba3mR2NpPNxkgpnjjwHvRcFkxINxN
3010,clua9dNjIyl3EFqlN28G63qm5fzXIg2q
3011,wx08m2sC12FDthnpqSy2pIvw11S672bM
3012,tme19hWQ1g08sY8JrjbJGrz18tJ4EGDW
3013,M2fe4FBlTjDzo6JtWzZ7JbNhHXBlNSiT
3014,djkbQ33hiC4yeaQV0qfZFJfGPxcXkk1Y
3015,CsIzUtE0tCwJKJxFTjdQS5w6JdbnHDvt
3016,x1WSZo1XfAhPIdn7TzRDcH9wOe4f791Z
3017,8KKwRhS6x4c6xeD1NTuCrmOwoINf97G9
3018,W8MrSRI8KJlawpU2NhdtLrW5FJSxHtt3
3019,Btw69MSgzVllBG6ch2pb8Fgjmr1JdHhB
3020,ECLPL6YPcnbPKFFCidkTpHhazmU9IQwL
3021,dhZ5R6EQrDpd2fK9XthxSX6ic4Z4uPbP
3022,DJAqhFuGL0ODyUnNcBPnUDFxClzTetXh
3023,yFKSC8ScgEqDEbWFlv2MDdF8RJhiTX1o
3024,f4iDyS5GYYFvyobG1H5zHuSgSdM1yaAm
3025,OvfsZ2UU8VwKBbSCYc4rgJEaMxPejlvd
3026,N0bGRUg1OlD03SVNqvxmyqhODC6C2Kwu
3027,YmTWPnaLRpZojlmrGVbhFJtTFGsxj4F1
3028,XuOKUYgiw99CIv91Y6SWfiUWzwbRBuke
3029,nvASC1GC8trihNGcMTCVDNL1IeNqj0am
3030,wzuQwCchZprCrPr0dVaLAlF0PQKmZZu1
3031,sLZhDy1Kux9qe3JaG19FsleK9Yj3WSEA
3032,2Q8rPw8YLxhtpNO4ApH6iQhf9rQJYKfl
3033,BWPl08gX8lVOkalCNqvS6Nj0F12pLhWZ
3034,Eq0QSnY6eE0m6xWNkBTdSw2lAK242JKg
3035,jgSHLbhlQqYfIyFAyZn6VD8wRDf2rfYJ
3036,j0GWajCAxTwWlDuQokiZKVjSqmdOVWGt
3037,0gc64ZngEVtxnsXPq1E0sjHxKN4Toa8M
3038,Rgmpecn5Gs8r8ycMOaAY3GeRETrYounJ
3039,5C7S1ZL3BQ0lIVKu4A0CsBgjKVQ37jYv
3040,Dq2AIUifIf6aI0Cr9cINTxlbDDPV6Ew3
3041,QcEW454kMLTKFKRQf6RZq92RQHUpIaaJ
3042,ajkzQKBShjmMakucaw3VaGBAIlo3zrIH
3043,DyUvl4yPyqPH4ZlJqh3oZkK3KG1g5p8i
3044,1g78iAt8WCbCn75BogL9eZgVMrNV2Fw8
3045,bjPswbATmXgxqlRbbDprjnXGXf6wizKi
3046,qPapdfvHo74D8TRLEWSNo3DpTjWFzpkZ
3047,IH6mx2RqYXrsCCbLoXcPXQkwV24yQ5B5
3048,4POT7eDljG5zGXfdxjvOAfP0rAQIRJ8D
3049,eRmINQsf9LURoQ0yp8W8xmWoBsctbYnF
3050,m7sUIrbU4p3QksFzwbmDag6EanhPK0Ao
3051,xdMV2AKMVDkOCWTSBCIWbm67Q3Hb4BS7
3052,jYvrkkVzP3RjLZm03d27JuA1mekMf26A
3053,HnfoZL3qLP4zkV3cXi3K8bokhWy9FLRJ
3054,yLhGmowA8DCew5lcUI5p4fkb6XPZB02l
3055,nhG1FeIi2R7SPtrWMVwFOd0jJ6BsuacB
3056,i2pJRVxYtntWcHeJCuxRIuw5fksILyqq
3057,74kE1AUNybPmosrUllxF8L6ZvZisL1Iz
3058,BuqgI6ITf3mbdZpbKqOUzRRDwOoyJRKx
3059,d9Chbyo5UEB9a6kGRaVzwPDw7FtVhbLP
3060,VIJSb7pwHSJEc0F1XSMqgiGcM2mjX9xG
3061,YHJFItTkfMetqc0zModRXxj2msO1u8ab
3062,9hkbUWFow7lC6rw8qBtWVIkpnp14fNBt
3063,hzWNUIHOBGF8PoB9IzZ27xHecdbnbVAa
3064,QqQSNlogPxudf6jTHTRiHSQE2eB8ORRW
3065,UzizT80qUPjKO4SAvV4ND8o6OMkfQ1U5
3066,epmyvqHswgmQmcvS0cqOPMCTTMFtihKb
3067,lqhBiqLftkLAqJQNJBhnfyKx561v71pn
3068,QKPdUViv55vFJDFTYuHq0C3DKVhBQis7
3069,p7jofQ5D1AMu8UWIioO6athGfcXUr9zD
3070,6E6LmgwskWmgZXHxeucq5ZUYDtDqzW0T
3071,X7VKVDmefnbH7Bi6rhc0HFrx8f3FVbIA
3072,tfKM17CC1qgO02jTCNLBa9MvLKLLdrBU
3073,iRPhOZk1YQqEakvG7uMkpcTWtcIk01Np
3074,bjFB95Kvp9ygbbs7iitt6nyS6O6772ej
3075,lHhLqor4hVLj6ufjrgZBON9U9D1X5Ma0
3076,Wh5zQieyjfwClBvqATjfioHp2BWjymGG
3077,oCWAeCOA1zsvWyNWahZSDFPKPqLegPkN
3078,1EdOswq9j5XqPSAHUiCIhXSPjTrakLO9
3079,evzuT9mDTVqomBOIYuJnxdlfqseX27L5
3080,sPPWGLe2XKQSymNgkuGn5DnRJ6rKPMma
3081,AgJiJGs2G80mXQ5XQitLjPeraBGT27hQ
3082,9eF4F3GyJmAHHlcmK8DjHs4ZUmhKeG9F
3083,KDpIGQfwwtPpiXpTelPvXKmBoX5DJETO
3084,USezezP0amFAwXK8zRjVqfwaTohtIB2V
3085,8LqQalbp32vXQ2OkEUjEBBQR0WYJYdjt
3086,7myzGeCFn0sp1jcKmOMYMsl5Qh3YuJoX
3087,HNmmXwgsTuUxI5cLGy1OoIUboSOzJyOS
3088,qDXW8Tn5647SuG2F6VEGtuCpe2bQwTUf
3089,S8g7gS47egjBekuJnnhfLcJenprdBCL3
3090,Sf2TIvthbR1Fd66rr6H5LkzkXdn3WxlC
3091,W2ZBsN7FT8rbKR2wbvg3z55y2ruSu7ok
3092,Qo3kGkPf0YVCEQDuQ2NwhdPC6U4pcmb1
3093,787Ko8ThNO3QoUetJyGLqMSJXkoIrS0w
3094,vJGWQFoqEWZT6OtTQ6tkTUs3S0vZHfAH
3095,3pRKAqBfZhIcGDXPOx4mlNjM2173vOGo
3096,gHE7EpRM7pN9PAe2tjtqRL1hpcldOSQS
3097,wayrdCyvytqknFUA0RCU9afj60W5QJUc
3098,myDfxyUXmxWmJLP5lmdG7sgmg9GJ9GQc
3099,4fm9JGFTAtrKStjBRhp65Jj6noW3ATj1
3100,Ewtylg1YU9Vr7TGIRZDIL4DFfxLyBAjF
3101,Bs0kdBpuFd3gGoRUuCuUK4rJ38iRcDFv
3102,B4zvwAN1XwIeEhhDc4TVu8ZJqPHTY4vt
3103,rGmXWBpfpjskx9isYH1A6kqzDmBRdaYo
3104,70VztHUUOnhIlHld8ecS0zQeu8DIZK3m
3105,ZdSGDuG4DtcCE9pINz98nHYtdHdMRZN6
3106,YIPM6jLmsaSfmuX4wORYqGrom9GFOoYC
3107,E1dG0cTmyiK6idxjJ0lDOJpsMtnFIfcA
3108,OlbMAyvXcTLtShmT9KIZLs4mRZLUOVvn
3109,gYKHtguO9M5yUGehMSoDT4Khf2GrP74M
3110,DmjacG1B7ppDoNlgUSi71ddqBEdttza8
3111,sMbvtVVemBb3Ks0FkHAiF5DqBJUpoKPD
3112,hD7T77oIZtx3zxXLBLmkKv0KBzvx0KPV
3113,BhBQCQdqaO1MZx2jU729KmJuiUto5O1t
3114,AVEGQXIojxelz1GQRAGk3M2F8yBUrvkC
3115,wLW7ohTNNxRcPUWIW2V4Vtn7Zp9xQUEt
3116,Je3UiotAe0pT0ydgbYUhpR96aVmnXIXT
3117,J7Zxd4gYoP7Zgt5GpQ60ziGQlvkGGIJu
3118,2zKi5JcZ3zhiuOPfjpgGX1W2sDlc3c9T
3119,wJ9HDEUJs6bj2N67VJupOrVpRVh9Oqz5
3120,17ZGgnaJbJWhiPIoSra0x9UfnSGmEXOE
3121,bTugSC9OPtqalW5z8jbkGWWbyLZK1uRC
3122,NerlUwbm2GWNKrZz9NrjEakvOXbHt7WP
3123,ltN6E7Wf52E9nkzxe5Z3muFY07tm497I
3124,MR4JOTOcjqAI6fdGzBXVny6oxbLsDjvT
3125,RieyBPuvWRK8rc4NoAttfY1lzMOGqmAe
3126,MCBx7KkEdIpkZTUusZCAjpaOVSnBzp0t
3127,KP8ihIToSF3ieuvpnrLTAt9igqf8LgQr
3128,x7nNZVy5mRJupxFs8nHZv8mmhwJjfVVb
3129,Mlo40Mpp7vhcRObRAv2pYD0YNp6Cfjef
3130,AZkhPbEePkcA8jeNxbtbQruJ2GP6ZIkc
3131,ajHA5TeMI4K2r0MKTTUjOut96gwso5xX
3132,NzoKpxAnRrL6551FUv3IpYlqlQoVievn
3133,s3i4hzVjBzH8kdShySZVMHSy6OG8dkjg
3134,OiXXT4qsgSMfTQGCCqKypkbXg72V4mZ3
3135,AKwEZ3bcPLMVDz4VQHoY862I9Uxae3Ea
3136,9XCdenkyfYtl5XNwpa9q8CvkAwIJjnTm
3137,P5kZTkgDk07rpbUeUG1fljqZkMUtE3B4
3138,U2tjj5Pfx1r5jIWMByKJuc1AIuSem15Q
3139,3MoXbfirjolCAMctBcLf3IdsrTEhD4q8
3140,3CwlAXdnofbeNfvdPVGBPKB1DCjlAL06
3141,oHqB6Xv5w6XHA88mqK2ZBSgl74DC1W2s
3142,45dkdKqcjxonCQLq3UxRKEP3Rrdd4qF8
3143,pJjsErY28qyVWu5TVTwULXSFXKpMlwA1
3144,MIkFvN6TY5e3H34RSVJVV1H2I1pRsxgM
3145,LIndbexctvkJTu0uc9Eh4snxKuXdRE3U
3146,3aymHNMK8PkAlQVkBuXyW0MlBaFF6LUt
3147,X1B5iKfIgPsdMV2cfobFnC4xRBmZ3cJK
3148,57DVmUwsyJINgjIGZDgK9n3OBKJpCyv1
3149,vzNvlbqUNtmO1XZ01dUyrgffRutVz2H3
3150,D6a2km8XAnXJNEllMqNiAXmNs3U5Ikzw
3151,v6tfmgDJccHa6CAVo8nn7bzUGTQJxonM
3152,mtpdBxxWciafUvePzLRvOUQ9mQ5x1kgV
3153,eeFqCoYZzpOaDpa0rnMprGDIUbKSJ5l0
3154,yzWTyrr5Q0Q7PPhYDt87lteopaJMHcxd
3155,7i5xKDbXCZ8WyW2GdCvsC4EAHKkZO5Rw
3156,eV2BCJ0e7WkjUWra1s8dseCgSjblx4Wt
3157,MpmygpHxPcKH466JyAgPvrag3WZfuiiT
3158,OcY7texzlm6sCfe6fHWcVAV9VUHWiSI9
3159,pNvZCzLu6TMAEbbVdZkxRX2oA2bqB6Tf
3160,CjEyzmLxF6neS5gB3bcMI1uJb5Eh9RmV
3161,l7Pwi8TdA1fK00wwf1THcc1PBeseKGHt
3162,ii0JEbp76f0RIv3A74Ynu19tF5c0ib7Y
3163,67JqrC3L3Ag8iiIqtr0zT4ZwAy9fYOTJ
3164,v8PM6kN158gftmz7zQ6WJ68obrzTIKTb
3165,8jd1Jnm1RdkAxIxmDJdnVLHfe9wDYbyJ
3166,BPaAhqHWtkmXWHeeJHBV4X47Tnb7fixQ
3167,im6nLPdlUsB9BsEpNFl8vhFdd2FuWhTR
3168,DKK3VnJ8uZVXExJnRC6hglESwphVzD1h
3169,SXQHSYZgss89lMIpvcl0O0C98x79P4TO
3170,gEbQYbqiuIm612S204de6cp82qyDnhX4
3171,n0gWgbOdr9Q20cKA5W8EbHJDCOOMmqgO
3172,KvEptQy6HXw8yIuJCvhZQMbpmwAgOQht
3173,Tx2spgoYVcqSWMV5cI84RwzKXWohWTxs
3174,cIiyc9gsEyR3e6zBvuYymlCUVDhYUgpT
3175,NNIQNn70tLub0eE4qh6eLs8tQ8KkIHMP
3176,gpE0LL7AZPsCYYLksfPvBYdWj7JU81C9
3177,6NoDHzyDpMBTQddMpo6wO1ZwyyIQzhqH
3178,T958b1LWMZ17leC3NAE2T94M6UnmfkDs
3179,e1CxDOZsvy9V3g92fwfWu6WzDqhRLi9A
3180,AuuXpmrYcyyzmrfGWC77uTOw35g4DnDZ
3181,0TZ2oI05HdG5JCDRs10OocL6t7n8Lr0P
3182,SGe9bozlIYl6B3l5bMsPrhpHecQhbwk6
3183,OXSnzlnz9bh3MUoS7yB74Xl8wT2iStxd
3184,eTOt27tx8oPJbYjEWqsANA6F7qhcmI9B
3185,8hlcz6acOwNieMWnwrCbU0e4k2myanOb
3186,FzuQqjmGnKjn1Q7ppujZEO0eNGVxLntk
3187,ztUj9q9DNHNuGdgXKKG5xYWWZb4KhZEH
3188,lPrj8lEMBEVJd0JDVNFJMSzDIR6cYm1r
3189,kwYHR8dki464bet5ZmswQSYEQDkKXk7Y
3190,6GBZj48ERzmjaOoRD6STwoYglUUd1xY5
3191,Gu89TKksz0vzJSdW2fqEIewgmg7Ywko0
3192,1H75Wc0I52qz5TB717DEPjtRXTPoJZVg
3193,hpXMpuEpidNQmxq5Ns3QQg4B7tzCN9lP
3194,fLKFAeiJWwCSpeitThzHNSRKEeh7oHwa
3195,pE4JkU6szjuCqfzIAvSMHNnqn6le5dyx
3196,sMsYuZoQYO20mfZvLvhgkNSQcYUVzAPt
3197,dEa5Wc61LTRQWpkcnZMJhmPfqlUUOUZj
3198,mpUBox47rZL8WKy7kPtlgTaedlR18DDp
3199,TYsWY6HXjtar6NuATDj1vstiMRr9XRkk
3200,sxF1nxVyGHVxD2IE8sOvvj9IUIBjb0P5
3201,jQgqaEibgiC2ZP3Gm7XxB8O3XzDZLb0W
3202,mAg2iOpJ7P45v9d7o5fNbWH2iSDWmZbw
3203,PjW0C4bZbwRjeTTgKd0Gczs5mt5yQGiV
3204,aj4CSHpuUzAmq5ggiDXGkDQT3TNI3ZxQ
3205,G2O0Biq5oQIZbnV4HPmOerwMZXQMzwpO
3206,PrqJBo570bvI8qErwcA1X73MQngsQ2cp
3207,cR9l0Hg0sxymjcaEzMb334daTKgRHqgA
3208,yPLGXaaslPwFLGQBEqzG07Ff49BAdS6b
3209,7T9T3cfQ5uqUvAQr3rvE28BvVuxt1plj
3210,OrWmRfs2SGOIU6PELeNaNyIn2r0gK1E8
3211,fzTPDhL4KxKiAN93veoiorgNmdcvRgJI
3212,6w4eNiZek5gF85aydB8VmlmGAZxA7XjF
3213,z1L3t7YWaPc1TCb3TqK0fQnOstUgjg9I
3214,N5WHn1oV6XNy1GHuXvk4KSSkRF6FgAFH
3215,DzBOhYJ91whOnWihGS4yjnjgGRNkKM06
3216,J0ZTiY7uzo6w61Xja9eN3U7stMMkX3MX
3217,zRO5i1mQqdQuaX2nb7FMUhOKkqDw10ll
3218,RR2oQDho1IEkUSIruqw981WuJ4YM1wD9
3219,tjdylIkYVqowdl4qCOfMIxxr5dF5YGoO
3220,IeSvON9kbdtZpsacXrSVxk8G4uHR1xat
3221,51UTYt8FCAQgk6IZhqRsZkF9kg232YN1
3222,SjKgLXcGxKrPpp5JtZ5gype2lSvfefqX
3223,DJgx7A4vOmleHw3o0m6m30njw0uOOAu9
3224,esjiT8di2ciwSPsDN3fUEmfHRK0FHfMg
3225,AeDEsJigCc6y6IQNG13J9dwXbfDrX0h6
3226,Yj7Rw7SBu4e4Pvv0BQ3DZSGBzBh43I0F
3227,bC8ducKKbS5HTU4JPdKh89iCM57BQIqz
3228,9wSvhzyOs98SuMySzfHhGHSycrGZEpKF
3229,mUiHUqOxsH2xyp4D8wJ9AoDrJx3ZQnzX
3230,xjqCqKPAYJVXvtlGvUgIH1FNY6wWLBRo
3231,mm2r0gZdKpPkHT1imd7icVxwRjnrY5Fa
3232,cJTIOqfmaTRBUAaLVbuHi1SvTqVZLory
3233,tEXGKTQ0P891ZjpI98GueHEYea3R0ErV
3234,iFWoKFwEUJfzJ78E5hXN7eIu5cmF4Xqr
3235,UybP04jgzOqmDII4WCenAG3ViaN5lDJZ
3236,q1pDrPNVc2jf1fVULp1UE0JUNzygMAGP
3237,prhF1BiHyQimjXJTpEgdfNlK81LIkQuz
3238,GOz0PQtmPU7xdV8ZfPwXul7pPFV4KtwD
3239,65I9Km3PVYWzolhp2X2jgtk3TSB5C5nx
3240,vlBGdrOq2N1iG7P9fjDa5ECfiyBWAedm
3241,1YX0YYRzJlBwdyA1Z9fkucSSq5pvDtNd
3242,tEKKTg2rof1QwjDfviXkSkT5wbfJo4N0
3243,kIRWW0BG1nygzidRr9hWGEOxUQwWlOZE
3244,d5oR9Lnhy6xgC6jBl8frIp6NGdf06KnC
3245,l1zscxO1NjAC5NDbXcXUA8dqU8gF8MuS
3246,fS69UcE4ryPvN8duu9FrxZbN0mWPbMth
3247,y06n0A78I5avSUeFKn1zoY4fnaBWxzlD
3248,wIyowpOCMMo5rS5FhXz2Dg3u8wRHUS3p
3249,VTyNbc5Ru2tM6J0ds6FymjU0uBQW8vbP
3250,eKJpnUA9DSnXDFzN625jap8FzowBS3yt
3251,RCDLGr0HO1mC52jjI9coP9BOnSeD3EWI
3252,uwaj9a3EXEroMMprBSYVm7nPT2qTKdGk
3253,H2h2IKbFsJUGXmgjl3McZtVjFAmIdxOD
3254,RmDOhvdvNIFxbsOwAtT6Uxibm194CmXX
3255,WrzqKVuRFtBowctF2s4nfWd3pEsDT31c
3256,F0pHcBp2GSMdAkE892LfBVNcMJ4rwPgP
3257,EaDBfgGWz24ZE7bda0FAYr8OMkmra2ie
3258,A81kss0BQ51lNc2BjDDWH5sWrDB9dfoM
3259,D7BAYJk7zvpNioXeyDMdMutMHc14JPg1
3260,woZ7ORrOq4Y3EVGyG6CdpxmWyu67wabC
3261,M8Ib55czqAF3v43YklCGoa4Yuq23A0C6
3262,v8shLQTjKZuGeZ34ZDqfGZPqGGJiUpqG
3263,n4Azw3vkET91gMMglQpVgUMsez3a8hoZ
3264,V32EUqFIHQ9BrmZAuWrHCrQVegZpsoRJ
3265,lW0EDvneW0cpIxVToRWFcvoua4HYtZx1
3266,j5lyKYsaHmrUhiy14LLZQzHKLSnmDDhu
3267,jUsPwsEMk4GNJjou4YLMirB5ewMTQFof
3268,OWJ47NPnU0pGX3Ll8hcsIsb1LLrgBVsz
3269,XyQnaSd3ExXAAWo20La9nSWUF0bZ84gS
3270,CopQ0E35YgOHlg4EZlCQl2f3rZijkSrp
3271,yqLE5sfX6AQTWlHPkz2SDiLNpM2wvbms
3272,uKqWOWXJ7g2zQMj8szSeyck30TvEqa4K
3273,eG33DhNxd2LuozfbvDgLX4pJDAxDYoEB
3274,frGofm0vjjIrEsl0bSogrnlk9VZP9GDK
3275,V5ag24g3FexqQ2HsB5I4B1cabBZ8Xcbl
3276,PtUO1Y7AFIXDHLMgls148TMEOfEnWm0S
3277,XzRg4IAYz8S3KAO2mS6S5KyYmCZ0C3hv
3278,ZpcctCiie1BfkhOGuPMtjUXni36QD5Qj
3279,a3Bqew9ImQISlLj8YxDFtxWWS55rHkv9
3280,BTAMBkzos74mdP0hhB7X1S5uqdE9aBCH
3281,Gza8moTPK3peAuMYhFxj6oNzb9VvZqee
3282,APKKQpgizHUTLjN8GYiVswKIjVXqDmFV
3283,ketLmsTcHBMdApygRbBvp3LNVfSeqUon
3284,vZQHn7ksJkUhI2iBeDveQm7eiB7sHmom
3285,xQsVaTrbJgkY6mb16lsNiwcUKBAQsaEF
3286,8Bs8zUMrY5CVb9NiufwTYWGt6VE6l9VX
3287,Ao2F80Dfh5tfilzlasIhFKInCvQZ5xSW
3288,oEVdm0JrTYp8WoGPeNSDYwXt0hPtZA1m
3289,SpLXUuw0I4niWoxWBseZdqQZVvZUOG1R
3290,kuD5p5PNUATqSQgNoyqBF0hlouV7DYbB
3291,3uCRVEfvPKwaY5uJnzIf0oIrENbHVhtc
3292,VFwSprn5UdLavJiKvLKdzbZ8CAeHQOJj
3293,cTIvKV7Hd65XLojUSJwB6uoRhfDOYy8n
3294,m3TqcGrwcTXc5zyXGJwb8GK01PVdAQQJ
3295,klzhSGgKDxCeFOQWY2nkUdmztASqDXON
3296,ijAnLp9TGeqsPp0NJ5xvSGDcN9ITAEwu
3297,cu56SGUL8vRYohu6cQHXM8B6CzheVqBe
3298,gcMRsDfwuXSx7RpPCiusz17kdsXmmYYZ
3299,BMnBgfhHTZboMX7AldEcIUOijYxU9jri
3300,shEwMqZJPUWmHviFRmRK2ZYZ9K8mD6uf
3301,nz9dliHfDlo7H4ybfEBX88vTwU3qi1c7
3302,3KUKwu3d23qA4TNEDKvGxwoICdiGynaF
3303,63MxhrZO7pLNNrhJ7UN0V0l16xirdmDt
3304,1cU0Co7uTl9opqH3QjKTpd85OVrW50YW
3305,zA6TucH0zKT3IQLWrZCl9miS6chMROsG
3306,w34njgig4SWW3b1ywph5gh10tGDKWDEp
3307,7rnkbv56BIH6IHmEtJSAoeeMlwruQAPd
3308,9lnRoFphkQ3924S9JPfdZg2eu1hQfEBi
3309,N7pPTsxJGw7XEq5rxPMOErUDhZuWw0Y8
3310,TNo0VknjyQ528PrfZ93LlYSkNspphnMG
3311,CdRPUPxNphjYQIFsWD0p6smPmvKq2FyZ
3312,V5n4vFJMuVLkc6qYlR6ghM1nEY51Kk1Y
3313,i4HeV2B2Nmh5i2DGApSxGii2wD5eDHaH
3314,JCKqrG3Qxka8yunJMrGVFAGXFVQ29es4
3315,lXrInxtMfjFniRG1ZMONNLtVUsxCC2Jg
3316,UN0v2ZhiikjnTOKsHjMq7y5b6LjwG06V
3317,miG1PwOqAl7mu1ICZpPnb9koIHmn0430
3318,I755wD4gtBJAxga0S5ZxI1DqL5jtuZU3
3319,J5NHLoeJTEENa0hoiwMP8ve21l8SMk60
3320,mrDcr70PLIadsxT5RgLRWnnAtX7Zuxvq
3321,WHMRme1LThyAK6EqWaHP1d3rrUv9giEp
3322,40HXCz5Sswsd7UTFTWZXQnn4LPjcxfgS
3323,0re1bxcemm6QbnrYkK9QWTRDRJOWeD9c
3324,5zzeNTQXZxePlSsuKvQ1fQBsMihC3ygs
3325,InBmFCtNTkb3ffUG48cMHsw2jrE8m6qN
3326,W95Hp4ieGtAj7TYzYE7yVytyyfZQS9zp
3327,7Y4GGqgAC6P3FbiJiBTGlWMT6cNJ9KkJ
3328,33tbs2Bh6odUlYFdMqi9GxvMLtfwaUXs
3329,eV8AhRV44iTTV5vAT9Ln3aDqU7lL5NIt
3330,2BJtXCmO7Gr2kz74hu8MTvwjFJ3KhQav
3331,abnp3voPQK5hOuZqDq4wvtFJRJJcFulI
3332,6hfdQ7OH7Z9Nx3UE3I4OlX45OnTqhHx9
3333,cZJopL1g90YqtUSmC32217fHZ0VgU0xR
3334,D72ESDDG9BdI5WFOe8ZKVycR1dbO5Kze
3335,1hHBGQzBPs0eD87TC4QxEjir2gX2rnPV
3336,CqhRxFFbKZOt7a2SDBkTfY4rTkQLKv6m
3337,YSU8HiWn1D9zr3Byh1O9Z0k6ERQcKw9R
3338,U5WOzhfU9ghkRiyTpeAd3kergsfx6WyG
3339,ItAYx9oAzq4W3ONPgfxEiOrIp8g3opcZ
3340,C8kajeoUld4LdelU9MO19QnImHYvjkmE
3341,VgHyHQYJAwa3MFGP7NjzVtPzXwOXKVEL
3342,hyaGbI4iKtu6yXU5MJDGWHjXFclSUc44
3343,O4YFHlv0Wf6LIkSXnsPeLJqo9nmMQjVq
3344,vcPofTL8BHdJ5nmoSh8xgENn8iQO2QGc
3345,YxtK6nCwgmYyEEweSCTrP4uWQoQrzbYb
3346,Ff7L7pCf7kLXJJqdTSWQi3EaIafal4iF
3347,6tFVFmlH2TkFgHkJN4SdfAsuM52MQ4QD
3348,UzCu5bZSXbch7TqeEdNcTGfqbhpKlimh
3349,1AcAdKk6N78Rf78KtGMBFRNdNJqt3sge
3350,8ZFTr74Bo7j6eZ30XV9BzJ2ymNoVny65
3351,yBHXkCVEUE7vKM44AElS61m2wkAzwESl
3352,6IhJjyLvHmMsYDQimvVFqNZ2O5lqIBH2
3353,5AA8ri1pAzhIY6zx9Be5VFsnCQsLLVIv
3354,TyLntzcM10okypiIFwOLGKtDocfkbI43
3355,dgaFt2nDPx2efHgtktmcoXc187nDU2pw
3356,FcyNmczRZnVqxlsDAD37D5DEnswpxCKn
3357,2D4VfoEBHCIIYhpwbQs4CBX2Nvb9I997
3358,ZOu5gbs3mfvv7buxkVKZqqhk8pqRD3r2
3359,N4lMjEf3e4a6jEnUFAFdhXH2Lja3cBD4
3360,pLaKnOztELuhwVlKwr6UIIaGQs5Y8REV
3361,hzSHsGF0XWXHyCibv4I192s8srhe7k3e
3362,jEXd1OwhVOGthyV027xDUeyig7HZ77Pu
3363,LDXglxH78Ohe2h4IG1AZgkjE5Fh48E4s
3364,jkGBO5heqiBsvyIyJ0mnDiCv3snVrrqZ
3365,ZzeuPHbOGnoRnVQaWQXyoqVqKCVUqXFk
3366,DIoMhL4Xnp7McFU8JcvveMBDM9HY1Afz
3367,OjawkIDKHRH0PsGl3RpnARmMj9IGQKz5
3368,yhC9eWscwWolpzAYoJ1q9U8tCkgb3Aqa
3369,VOe1F61Sb2zj8VABP7cIoCRA2jVHLjMh
3370,Vvtj6qqsKzjYMQb1jeJRvr2RlshvS7AL
3371,wUq0kXnKeHGWkI5IN3eGnMVr04wMoi1p
3372,51kWwY9XvPDvWRTeAxUs1wvXrXAnQ7Xu
3373,eaZ6wOj05xL8o5GDqrZTwSK31qaVVBrr
3374,RIOvHdcAQw0yPfHJ59S0Xb6mys9fCDFt
3375,z1Mp47EamerlRlSxoK1OggB1kVwcEWsd
3376,YrLzziBglxhgXOxuKYjjizaH01B10t9V
3377,dCSOlJckAQSDSbaQKAPN245ILBZG8GEy
3378,ZX7DYyT2WY321ZEAj5U9mwT6oMCZ4aH8
3379,w1l9nSOQPSu9W7EmzetO3mWCJqet7psY
3380,YPbJ26xIuzkd83u5onqZgyjkaU5vlq60
3381,rnah3Yz0vuCNyWsU3I0GZxwj5GgwNQPS
3382,WZDrMKleAcKAdBXOYlRQmKTqotltLu3g
3383,L1KWSixfvIyaMfPFfhjFLOGQhgVoPCns
3384,Gg7tJybeMD1YUVacn7nUiQyU5AgE0bCh
3385,QM8h4uqkcmLsNEutmzw4HG7iCWvmYE8u
3386,FnjHRftmyOoqZKhPHEuEEwqT9c3MiZkg
3387,qfj9l5PgIcTASjMwLwRqHsR4fXAUl2bZ
3388,4Szua3M1VcHtiz4pwmb1bl8R4udOJeca
3389,8VkaF3LMrwqcylOEQg6QtuaNU4V6Zjce
3390,jCOIjmlxad4KW85eHVsolR1EH1wQwRmI
3391,Zwx1PLPeebfnpy8nBNVLJK4czHyy3gp3
3392,x2JJp13uTRedl6qMNf5RvFnlYubWJwVq
3393,MDGPCV9xvI4fTS4aKThuDA6p6Dz9n2ir
3394,J6l0xRz2a8s5WqKlLszH3CYj2ncpBT8a
3395,hOqazu6jqzTprhhclOSzD8cljHNsOMhS
3396,V7P63mw1umn7cxNK3E2UkZHpiM1ynWtk
3397,PknGP4gLOqwwdAW56uwAUaxvrWHUVxi7
3398,Bhyf57yyMB89UihzaDcWCJCwLlbSAAt0
3399,9dZINPUpoZKV2CohTM5KaAWWknXcgv39
3400,Y1VVDkzpxB2YAjOYCsUlwPyL5vptl1zf
3401,k5PHAEvJM2S8uSsIeUC2iPKIyPwY7uvk
3402,0s8VsoGpwSwYwb2FdOigeCj5gXOfmxlY
3403,2HuJzu7FHkOFxx9IWbukniLWrMC3K33m
3404,4V51so3hB2PWtQckrFo08Aql7LG52qs0
3405,oTjZ2PYhhsSVhlWN5fmU8XSVczKGm98P
3406,PvXZVOLl8p9FgmVB8v4OJion8Kjp50wK
3407,w6Pjl5nzMhWne7jkAeXhRBFuDACi6ZTg
3408,EqH1P0hkObUBqunAPcdnyfdoQp1B4vaj
3409,g8qoW96GfZgvx97UTvBIckyDvtbxsY0J
3410,EWoVtHeXEipqbajg7gqbQDZBs8fqM5gI
3411,Hj1WRXdoJA5DpGmRs2DbV1f87G48HD1d
3412,OCqGDgBx4tmPsH9whekMz4xYbiIr48cY
3413,HWoVPwQUchDgKsK2NDuJfIP8wYLJJHYf
3414,uOBwbDxk6qjrCiwR6lq03MccP28ssLp9
3415,slr12YlcLZndCzK33Sjir4IM8G37XdKA
3416,A52243mS73pcvPLKa6w1sEd3thj2UsHo
3417,CmKtpgAQ1GASWFI1EGTUgsODOrpuwIQ1
3418,9owcfSfdj2uhPRp4senrLKt8I1VqQYeE
3419,F1bLjdp5xwmBtCCtw6M5IvO05HQQFKOm
3420,orp3NO167HyIsRVilKFzzICwKYRbEt44
3421,wSFZtCZ0uhBoRqJNE8TGexYbxTNIPzgR
3422,NrJmX23WsEhYkJjYRZmjjYK4I5nJvfKK
3423,XhKUNvD7cq2Fz16uHHSq257XfE0hQANV
3424,k1WVFNU4cDksvehezMQxxh0cCTjBS4PU
3425,sfnFdWEC7x1KGIvlwa52bnVZso1Lceva
3426,HW8scoU3ukCzyCeRYjDxBNpFwx9laPWV
3427,cW3p1KUIumy5zSW8oqjYrsTp2inYUh68
3428,GM8xSVbKl73WXGyw5bDftHnMODWLUHc0
3429,v0ljfUy7m5ed8lCdM7Zhb4NPWNFFuCwD
3430,iQaOPLJlvn7emm3dFhU4K1J4KEmzxK27
3431,cCGoPCdl9zJF1yyDW1ilVjcuPCpoX3hF
3432,DMwHa2aoedavgLo5ycgAn24kI2yBjrWT
3433,5pMOhhTXsYG409r49AIFdKwp9lCEHgoE
3434,jDTL11756YY86Pw0jR13QtfNkjGAYk7x
3435,Tg8WsajxhaImSSxFlnGyGgK3HGbGYc3J
3436,JzjKJZP7fGppPXSBpHOobK1dKHYYRmAF
3437,43nrHnjxOQmHRIPMrP9z4zIWK5sBQwYZ
3438,ZMBGj6DPSzUtssaOCDTFbtGK68KUKZXq
3439,V0adGF0h9ZuFgN34bmD5EoG257GnaC4l
3440,wIFmr1bqFDgW2fkDhgbHJgvtO72XW4fS
3441,RobukfzHNkBpgtHEecPO3LoFiOk1bPI0
3442,dHm4cuLd8Fw9sdXyYWr8EnfFVwjS9Fkp
3443,uSRkFAEG5o4y73IHjrVXqxMoyFd1BKaT
3444,fTdf2JQsH8pVdi5LGPHI37iShxzsHibI
3445,oEHhxHTw3SRV5Bm8P7qU9isCwswUkLeK
3446,Zv239xBoLlZj2fDklGrGdFfg9QVYOF8c
3447,zJtPzMOReocY3eu7mIpTqBDjI2FnqKGD
3448,7nPOQkTmuPbqNsBoAnfmCVKHjWuDMtlx
3449,5d9yYLNvbz9xaA0YYpBMjWGoPWFjO2Gg
3450,8lysfKKsO8xFhytFBO5PamNR64Bcx6hR
3451,zTTO4UMkAD3hYb7o7ypJSDjxzJh6iv67
3452,ePpczNVwholWbQKqm1VIgrJtoawjmet3
3453,eJngIxdrJHo55Nd2AmFZSJup8Hk7UnJu
3454,VrvgNkRcZeHwvjVquZRJl4l1KAQg6rrJ
3455,srfwbq06FILet9wTySq6cHs6HS1055YV
3456,9DJCNcfvjKX5P86X6G1Q8sEtHTkwTrP0
3457,mN4U96WDJL5tRT20ud3eeEGrGwJiWTXY
3458,VIaaCV8rnxxDHAPg7jZNBpTcYIFByMLS
3459,ZbNCws20Q5eRO3e1tCa7UgIVWApdlnXO
3460,gtyBSLgCXm848g8Lovt4UhyG6MKBHMnT
3461,Oo8oahbnug4fGJ7suLCTuFJ7Sabhs2Px
3462,QJ17lvAAfEZ1syHInm8UADNizahjhlKq
3463,WdItzmA5LKTcr6vO1g8VycdUXfOTiURk
3464,RJSWPglPFXubltgMPRY3crmyFd4c2VvY
3465,BVCQLpO4p7Vq68dnUvLvgaewOx81bh2w
3466,Bvkfih8ETlP43k8N0pqVu6dt0q5s1Hnf
3467,KWcRpTw8i7FSosVBmsBX296UtzUZHFWD
3468,9M6b6HyXI4SJEVSBaW82Z3lF1GpMjeHq
3469,Xzv3qv7WgIcIEeQwoHJzwNcWN0XyKtsN
3470,DV4nyVEHksZ562YKde39HflrJdK4nvKr
3471,H1AaMWllX6ZYjE3yDpemiNbBolHlCYFl
3472,8f769x9dRLgwHVAgnIxEAYOkiYhR4dW2
3473,pw0uKP1wGRfiGPVJPBHyJmseErxsjUbR
3474,NqvcSym1xXz3IxQ6rucqcfkJYDPRh8Ru
3475,aMXjNTEN7RBgAFM9OVngLYx5WZ6lm6OZ
3476,k9AdyyG7TTOC8D3zIR9qUSmXFRUCOX8r
3477,mZXHkizRlLQ73y4uh5sXw3EPXa0el52D
3478,qHlQhOX5g0O9IwqHDrWSwUCUHiWvaI2D
3479,U35Wqkl4gjPnDEjpyuhMn8f0kWkugMgi
3480,zQEgj2wIncFwha1lxbjiD6BuFaG9OZnH
3481,2rTnAEsWXYK5O6w66fTGPpCU9LuKPt29
3482,F1T3ouvFheQsSKT6TLQXJIMkr5U8WT7c
3483,Nj1DqVT1bmcfVygij5SJbIKKXwBLk88l
3484,Zyvfcl9hzie7icJp5fPBYRCwq0JPVQO3
3485,nuKEzlqmTTRJ3TjGk0KH3Fwq6JkMY20o
3486,7fK9NLZHzt4YBle7OdmrN5H9h5zVkqUc
3487,vZR3ja1H7I52vrZSOUyChuCJeZaHf41i
3488,EUqEfi6Vb9RcXHWQLE5yahzudtMm3BrI
3489,1i4x7Egy4ytAzqynw048qNnmX92boxe2
3490,Y8ndrIXtl4R4J3c85aJl91zsCbbRuKwT
3491,unBloj1WQ3k7uGKrrgd00dY2JAheCFOV
3492,PRHPDQ0BwKelPMneibboSqBOiyjmRRPG
3493,9zvJH0HIlfVknp7vCu35tXSG5b42a3pZ
3494,PvTIr6JMFLFrJ2G5v2B9OBHZ8zNO92c0
3495,5RMzD4mLfMNiSDKQey6GFYrl4xI7h3IE
3496,vUp9LrKojZRwOH4ik5olCXswd29no3V6
3497,T6nVGsZfjV9Lb6QtwwOVy8wVBqev2W5V
3498,54qJ3UBqE9EBXEQvQqTJMNYunN3qM67Q
3499,t80piC67atvqfmM0AkZPSiDVNX8PQLUg
3500,ZktE0mhD06XCrOhw7MlRb4pNl4xvPmDV
3501,CKCibh8R6YtKfevDMCg6VeaHuzPzoWjA
3502,3cYnBkWb5DGBtZv5d6HzeTA07JhH2H67
3503,6K4u1XK42kWxPsdD6AKs2M5pqwuzRZqd
3504,XJWe7lEP95vzA5M1pRnzVuWuahJ0U9i2
3505,wAUwOCFVZwPWF4Cx5DDIDNHu8Eclfk7k
3506,6Jp8O7IAdrzEeV7MZYAI5PgUg0DMb6dP
3507,U7HICGRLnXDCdS0wRMceVhNhCYynUha5
3508,8S8tu44b4krdEQFHlucQJ0hxYsPP3IAz
3509,dDNtMko8Ou4oeGGNDzuZ1AIVKP3JljTX
3510,CiY0IcColYWggbnK2QdkgOcMy0qsQPxO
3511,F2yhiuIUoYvZ4PdanVTaHjiuDKgbKJEp
3512,DU0q65z6HMc3hBRkKv7FiDND3DGhvpZ2
3513,tIKtdyRh2Tko6hE1mDwOjew0MLZYq7qj
3514,ISzTArI33D4E6MQcv1fuEu5pX2Jg9cF3
3515,ArqlYQZbAZLpHpdswCYGAHKxW0a5caNm
3516,ZG1s22hnR5YAvNzWIwqTI2iBNAIx98R2
3517,4zm0z7BlR8Omkh8aYLiQwzto1oGG58Jk
3518,mqmsVcOpMdUgl1PoEE3rXHFfJHCzYKkI
3519,LC9AGEBBimMYm5AsiGyUYvRGXmraziwp
3520,bouLvyR500SA7gKX4wCtG8MCJq3kQLsI
3521,SJTGaKY7Mf1773ZT4nV6P0TdemsP0yXc
3522,U3tRMURBPkAdytb1bdjHrfj7ctahSj2c
3523,2cFJpuwGUrqdabX9ZYd1iY08bo961QPa
3524,osJx4UFS3ai6Yfrv861K3DLnBxesOlxb
3525,aPH70hHYhjiu9RSEXp9W3yfbAZpxhRd6
3526,3cQZNia5SQ5rPE4oHK55eQ8Re9lXB5TL
3527,NrNSRfzTkUtlLvLxlyXWSI4hyaMGxR9L
3528,1knbWM4yWJ4zoIMDo0ctrCOPjDkRWKe8
3529,Zx9poIDkaJyfaWUzKi2Cat4EbTAn76MT
3530,Dg3Nfl1Aq0XgSFilASg44eXwiqYUzlqp
3531,pLgDJ2MhWuMX6g7cBanjeTkliLN2NZIQ
3532,OyDM7zrlFmTWJeu4KXhkjgX4Hg6mkp7W
3533,498Dp5Fx5fBnzUSDT1IeeRvZ6fjzsu7v
3534,Bl8gDHFY7aCOaz6VzotgzMUl2HJKvFW7
3535,41MDzADpUpksGXmvNCOeeL6PaAGPcZ4j
3536,DwspoRQsq5Hq1JjAYnFyfxrGPAxEk1Zj
3537,Be7Fx1352XHuMIzXWHzWILjhDX58fH01
3538,n4mzVAIvbqE8lMfzv7tIzesAv0pcqFNc
3539,VvjAZ5yxuM8CFqW0ze11JBZENUx3iivC
3540,BZpQaEfLCVjHT8y7fZQLQGZm3cQDWiLV
3541,aTYfl6FjpWmjvXWSxlUlWD4G0zckVhYP
3542,8XQow5GPXNDYR6itwyUB3pCSaf0oKNSL
3543,rX9eq1bQIo5HblZdvZEEHPpMpwrjzun3
3544,zRcRi0k85EMNhbzvC69C5B5jSNKa0PXf
3545,CciL04P7ITvmg24qJ1w7oaKbNtxivdXd
3546,oubysQqjgdZL4hzHY3napRXBh7JoOBCU
3547,rJIHiKsbdwzTEXIaGs1ofpALELOVTum7
3548,OyEa036sLGYxci34t1c0pDnVMvJ5dYOK
3549,GeRk423uRSlhnX4QTb9EjBC0mVrIdAG4
3550,y365lFDwASV9CDA7bJkGMpdNzuhc1JZb
3551,I6wBN3Wq8nLiAE55uq2Suzgq3MQX2c6c
3552,BTap9V9O2wWsRJUsdiepHLjEDUP2t4Cx
3553,byThsCMIt9Q91O8epgfukreqZCFzPLms
3554,azIGMga3Qy2Ffj2uAVkT3aEJXyuZg69i
3555,QkdZmZ42XGKrUoGSyWKx2N2goQQxDRd5
3556,VB6RQ2VEpJGDTYYqkR1qa8xqgt8Kiit5
3557,fJXxBDbLzWm4dBN3H3yFPEXpW06Gudlq
3558,fbJtxmhaKqPyKPUiiwSC6itvxx1OnRuz
3559,BhjZ8gX3TbjDtW0NAFgaCAAHgIend0xS
3560,UzxB5tHLZh2A0P5tcBWLwh9LjLUsjtD7
3561,DA5BxDN6cZLEHUFzHOsAbpXCrMFcxOoR
3562,YnHTlKw4Hk9haD54aTy7pOqVdFK4r2I4
3563,fah3OMHyysYHTIF6gyajZEwehVlMpBSz
3564,pfcX7YK1BbbaaD2BfOzq30MNgTFAuOY0
3565,gbWBRk9R8UpPzVovhrpyFgJ5eehKlzIq
3566,LmQhWMYBhgS4SFNpDJtnFDNY6RMt5WHs
3567,l7vyD01CFKlQRkvcKbfNx438HHMY2duz
3568,grs2ZBzDVH6ibWTLEUvnmH1uLNh63blQ
3569,QqZfGysiD6iwbimQKfHYf10UnGxEkFLY
3570,cfEhGtAQBJAsxPNwjzQ3hj9ivJg9XwB6
3571,C20M7ctuJS23k9zvxDGdvlFaQR4SLj9v
3572,cMO3hPhjILzLbJml67rzracBZ1KPh7oR
3573,VglMMor7g36vNKkyqMp3TMm68JN1XzG8
3574,5doRvCSCHpsqwYuUAPFs8oqShETLFOiL
3575,5lz5hByYJmzkwHsM001rYR7g8R5mHZvB
3576,5tfJbyeTIr9s8HjxPXNHLffal49hG5ZM
3577,omkZIZDRJoVB7NvaUPnmVvdjQG9PSKrd
3578,2fytde65KWJrjZ8ISzG1G6woJXuRRstv
3579,KybKLEGeJJuN2KTdbYkQskcme84699QF
3580,1geQ1IEsPNs2o1ZSmQSpFcO8xSXTJ5xa
3581,dDMINXxk88flg96I2DJrPhYH5BdxCGSs
3582,ttK9mWTbxxdUNUBbxDnSINBUv4ByujTn
3583,SXydMiisS5iPRmCBoLthN5wiv5J8EPna
3584,rmXybXcg6nbexC6hFkIqKqAz2vrXfh3u
3585,70VNiEvZflG2fIfcr4xqmUmAytSAHT2x
3586,RXAUoAUD4OA9MF7N22dq3Fab3dThsCsi
3587,y4nYSHUXzEVTPtHEx9uDzwY08YOTqhWk
3588,hMlb9wJVGSI8YWj1jOdGjsmcAaPy8GwY
3589,q5EFDEzpHTPoWPj8Q6eqN7GQHWjjauVX
3590,AjPn2DBuPgw5TUbYlCscVST0bNcFshMZ
3591,Nfpf298EdXMwZ5RT6EDvur4cSU9GMgqs
3592,bcNDekUOszl6U1GxwH25QuM0tijxuaeB
3593,V5bhqLgI0mKXxWZ3v7BXd5w7A7VWIwRE
3594,TX6XOulnYVRUMv9v6W50Kzg5QeLBbRcs
3595,XoS7M5I2tRkNF6xZmhUeFA5CuPQmEOgB
3596,iry8KXKTnyJfvMgxPFLfGJyQuwcdE1PB
3597,G3kVDQqomNSKRAmb50mVk18DMtPoRBx5
3598,2tHw0kgV3ktqUFDsCdQ00inUtNxUglwQ
3599,XZfi04acrhlc8pCqXNxVBTIv5nbDpc04
3600,2knolp14KoYVKtg7KWCXu4P1BSvwiduK
3601,49sR6HTgsP0JEIdqtrZVd3RFBrXJla1X
3602,nJFleCXIy42aulfFKZQRDOCigyZNzrG5
3603,m4SRyIQrDRDsdd32jR3epgTkVYi4wnAK
3604,Wgr7vgqvb8c9bKyBy9TzTW0xE33eBqhC
3605,r5im5eT2VaQugazCLryne6qFXb1kIijL
3606,lHFvgt80f6hWIrPXBtOl8PFgbCwylxd8
3607,qhUcbtm57Ya0LV7afAw7Donn0c0kt6E2
3608,qw4njYil7llKklt2DP8kwol54F84IEFu
3609,G6NcLjEU0ukPqOXDumCS9Gni0DCSykcQ
3610,uMAreYQjixAdwmTFcjmVWVijYSCyUPDG
3611,YqcVT3KlIHVaUQZY8t84lYqI7HEtpn17
3612,0fHEIGNTgZWzlVWitpWIx4SjgzwxzOpV
3613,E3XoacJLUuMhExOlDdJuIQG9bBdOA0Dc
3614,h3RwQRL2sCZt34jZ3bWW014nKxQRiAA1
3615,Gg9IAQrjCEYt8nmExwvtmm8YAlwXots4
3616,4VBeNZFoGpVXqq5Al6tVivjMUJNGdQwy
3617,rOthzfHxQrEzvyWjPhKBJHYetBF8XaE7
3618,yWb7cgjQGwSU4jN3HIu7HEwibD3uRCLX
3619,GkWYEQr3EvBStzcGLxXtcbiEs2FjLDAO
3620,r6wRsXIjZMyiyIlHj9vN2TzzNMBdURJe
3621,MYaMSDh4fwcXzNLkzk0NPiPfZejpHa5Q
3622,4zqgXM4GMunP2b64VhIIHpEmBEETeBNz
3623,RIrJ26yGEXxiwMmn8w1spOAaAGZl8Aks
3624,fnE7V82IP7WcoT45co8kYoiSrpYKnQki
3625,qfCjQMU3cpgCI7m40aCKdzOV6AMKALt4
3626,h1fh3HFWJD1pTYEt1DwFZIogeaOX7k6V
3627,awZf0uz4XH7xrrSXxs6VG6by09lKlUrb
3628,oi6G3qyGQY3bmaaOAZ6iqS0K8yza180B
3629,KIf9oDxL36Gh02DaktAXhF6D5rYRn9eA
3630,ZHq4SMekTkHzpiVPErlU6Slrm0jREJod
3631,Ed9RqhaNgtC57IaT11bPivLuaBYT60O1
3632,olEjbpgpsBErWNBtRxim3Vraq2DiqXes
3633,o1F0xtL0dIZhCDyfxrc8DrIXht0a24Aj
3634,C1h8FEbMrHQPY3uuJwZnQYJwCaI0KEun
3635,Qag96wunUzusHDo0U1jpGryVfs1V4LUs
3636,fQeBK4oaYZCnGFVj9OKWzAoZ7uupvLjc
3637,gQYXR4g1A6kxRIRLiTqY10bewDsyUX8Y
3638,1lVk229YYiDN6V5AX37kWZFzz7BZF6NJ
3639,dFX1u6VKp2AhJ33j4JalXCpgiCaXtsS0
3640,V8NmAINzvzBoZrpxUlUbfokshbHrGdNc
3641,DOG5h9mNJT6BewZQZNlHDyi9O8KOJHO6
3642,9hentcGShqX3kW5admxOnv5HHzPlDgr1
3643,B2pVm45z3j6CN0fxQG3p4ghMgaXrzXPi
3644,xdIzfM6V23nVaTqqwoZeCjzGJp57P6fq
3645,HSh9kNsEMQRP1vgLJt9UQVvasKMSHvrF
3646,QTlCkRO1kYf5Ok7Van3rBEqYTVmCCqKv
3647,gUD9w6fpzXI06tOLvbNqL5AUfDFnRKFE
3648,etkcyfZYZCHJu0QzNZBDHDpovVprsQ0D
3649,epdq4YNgKcwDkEprmyDPjw3eQyiIEKjJ
3650,akuMVuD9Rn0lWaZA7OTYejIcg6z3mYsl
3651,zgFb41aIrdBenfaj4aEqFjFvBWJNxv0G
3652,CkcXw8zx0mgnrBM4kBmU0bKHSBus8SUS
3653,APOd1s3b7RmLSI46yBe6knZhMZISKq4x
3654,TdCpJTIR0STNZynK1I6BBIBiyxf8mE0w
3655,s1NGDE2hDWx17BvlKwTzPURJf1j0WQer
3656,dbbaHcyNRg47tJs2OLU3XgsbaVFFDyk1
3657,r94iYFLSzGJjpkxOYk8wTA8BCIF3AC9b
3658,GQgB2WQcA4tFJFlOMA9LTQ9jBkkXP67q
3659,xwMywIUvtDM0dEEnsx5CPj6oy8jKcqhg
3660,IHJTDdbT2xNmZnrSJ00iJXDe13rfub95
3661,AKizmnjFRokJQEDePknZhx0nB4TskQ2u
3662,qlkGKkZtPU12UeoNjuS2ZZMu6Z8Y6fXc
3663,njze4YxVTscVX0UhlULPSUFEFeELT6q4
3664,U9PSWkA3zh4YHqd3f9eelayyPre4RLiB
3665,OrT9laHjGobGB5dwUXGzzVrJ3qrD1eqH
3666,rXwQV3aaSI5HmzSLiqTQsMBofK0qs00n
3667,QiPD4hV0ISCwxwbWZJKtvM71MQmCnseS
3668,rfTqTrSfXtdAixhWmowMgoASDrEorwCi
3669,pQkideyoutU86IFLW4NaCxyI3wSzsxcU
3670,0iB8ynUsh0WL52GJNuf7ZhOdGMGZNHw1
3671,WICqZVMmt4i5d1kn8aZdajHZZezPZvx3
3672,s8C3NJtwiMIM0RGYuulRFwuehHfWPJu2
3673,MWfY1c6RdK4QeU52ElAPXFyO34WxSonn
3674,mQyP8kBmUBxJtV7ygkX2ScMjh8zzx4LQ
3675,CO85WMg3C95ukiLhUQSsibnspJvrDbxS
3676,OqlbQZgeRq4zXDkY2wpw5Xx2kPz088o7
3677,aRUvb9I2abHsxnEiUbn0xnRgoyLj7eQ9
3678,gjol9C41RpOmXST1i89DnmZnbDYYRgV7
3679,qSwax6BBLE1kEhtEhWjWZYQsayq8MuuZ
3680,sfNBOUnV1vAhCiOgI2KahIGmfwofNZ62
3681,1d0tjCURwmn0RbAJYpEMKARsLnc7qL5L
3682,AkmsnbqwxOCm86sq1jQknAM6DctApHJQ
3683,FXOp2aRfbatU8uyDHlhkgmGA6WBQzZtW
3684,HeAj4S1l4jDF2vONZ98QkwUep1tC6FlV
3685,pmwt6fIdjgjvuADFL5Le7L1ZL1b6xaTs
3686,yFpn4fksMgnnqsJLygc74746Y62ZujpE
3687,S6Ct6q30GAnZ4OP2J9vYWTDvfq3k93oc
3688,VOnLdRZqA0Pt6ooORHXLLt1zyLlcgSpi
3689,5hTA3iEGzQSceHlEPldMkKdAnxFKKN72
3690,PLwVCkSzlJmv6ORjqKFtY2NDOIyTBzHn
3691,CfLbmXvFbEetqFGcqdG6Ei61P6SmVzK7
3692,1MJWVm4nSFN4U9SSSEE8RP6W8wabgSTp
3693,zRHO09V37iEsBSbKJaVPkMeay5yUJLPo
3694,cIN1yIvOLizQX8dUouDOdVyQSOSdlpqB
3695,NAK6fcEhJh454Y4YmbPI2q8z9QXOAE7j
3696,AfDMJjSBFu9emEM6dvydrdMHAMGdRVd2
3697,hKYsGHGrnrgMJtGXX1MLihxutlZb3K7Z
3698,2N79jQ8K1bHnTf2w2nrUpDCPrGXRGGeS
3699,jtUwAfiX9jv1B5MYetzlEAwG67Wy23ty
3700,ENdSQbVDW4y46ogDJIsm0DXbgZPLMSKv
3701,j6p1c7INVtwhY3BlT1uyPpNQahj7umI1
3702,nWC5aH19vw4tssOkWegSTyTJGvY3nWTa
3703,zBDLnWZQnjGPJIwQRLPhHId2WUJ8WSbK
3704,1cb0cpcCR2aDmTCLQsUiMa1CBrhGUW7F
3705,ORwX4FY71c1JeHHCItGKfAuTZaWatSYe
3706,2L3cCH74YlCzbCAQq3RRWZXEMYiCAPaA
3707,Qu0Xy8oZkasQDlZiU5bCT6j6BM5khISG
3708,0bjNtJqMYUMNsFc6A4dw4Mgdb8Gg9imV
3709,QJ1OYpthb5Qy9Kiuz3F52SAnQGO6roxW
3710,Zq2oxNm3ATIq1JwBs9UeiDePVZgMtmXc
3711,NCEso1m40SbwNULYMkpOt9ybFjGh1CIz
3712,bqj02AS1GPWQWgRM2W98quNXZx2ZQyNE
3713,OgLf6eU9rfIyohwPADLgyeVkouJMUd5Z
3714,j9RBAf46pgj6uuFHt7FngY43G7ST4O1Z
3715,o5Sc0lORuv7TMoAMgsSZgT70cJvB7xoc
3716,zjIdgdq2DbsAPhoLWXJswt3ImuTVKaIP
3717,B2mkYsvRXSclcpeAVlyouCtNCmm4TAGi
3718,jlxYVfmPahCAFAcil1JeN7oA7glH4DaN
3719,YQVsfDGEBM2MmeS5Tt8fWB8gY4QvKiP0
3720,QUwatMh6MsJlWoskVMbMWPJe3M8PGQdE
3721,JLJgNYiAwMU33oxbejBGmUKkp1tpWMFm
3722,sanxlk6nXOBI73RKLkFAmkb0p2EjagtW
3723,N3hShCXUClx9bOwoNf8svRnkrbOxoNn3
3724,psTFlqDML9STUMBdjEzocxgyZ7mRgUdi
3725,mTgHYmnvPhfpZ5bouWHw3WQOOXPcdze7
3726,dq7j0J0AUtVlIj2hIMUKoXe5ZN5Mwdxd
3727,tQTp1oJgRT9NlrkEwAJWMgBWmX9SV7iG
3728,mNRjzSWzheHWdookPEGpIshDSLcUGnpF
3729,LpvLszFy3E6mwpiPADp4A1AlsOdkp7qT
3730,UEezmFWMqdggv0wNnElMKNzdVB1Jtw3w
3731,mfmmTrWvO12nifXQ5upWvfgoAMX9miuj
3732,KVM8VT9LXG921H96eQUujDsGWMVQPQGD
3733,3lhyZcvC8gpvadLidcbUIPIgwbZ9wSsb
3734,CgfG1GeEBo3pRMIF04s2d1c04lVTgYnQ
3735,hStxveq6hi7RPlk4sYrM9iEQRYTbmmU0
3736,Ci6CJggzvoP3Uw9gVEiK7HOl2uH0sZii
3737,HsKjeuuATHGOIB7NJ1iv9QAklNOedUo9
3738,uDwdLj8vizq9MtwgVkDYQAknu3x7QkSx
3739,pdHLCXi1366QSJxauNvPvVVPKeiV4bV4
3740,EIr6VJLqHLGrpWUxAWpaA6W6z4RnU0bQ
3741,xr1YE1hZNTSbCwXQlWKnYTvIMnBPDiqj
3742,ISFjcpwgXbfkpzLxXgSoEpgMaONn9x9P
3743,2Us6CdUEku7VNoIO4qzrKLZKsSn8FfH7
3744,hZwxI79VegxHBcEZ4P5A1hnJ2de2nAkX
3745,SUXl6ZJzmcglHd2bxb9hALmp75e4Nj7X
3746,Skk7JswPEMvx3ZFtmFObAULuJ8wd5QHg
3747,zDWdjxAZDqlaiEKLdWfr7aW3mtn71dnN
3748,4bNlKANrMRxwr6jtZzaHI3Hwfsu83I1i
3749,zxNf4IvVckn3nTKKM8N2BlGqIf0BcdKW
3750,NS6SDgGnJRIKgqC7jtBcesTYEmSEUcq1
3751,SpawKdr6exQ6mW0b33e20RsBZJ6EYZyo
3752,cIjHRLdAdznEgNYHDUXPI13Mek17oNO4
3753,1zCc9BvuZZIF0gFio4DrkI4d5No2SeVT
3754,e6UboiaZ1uDfK1kLVRh2xkrGDgDODDQa
3755,7xDPQhGrD0b8Rr2HtMN2hVL5pfRkFDCy
3756,wFu3INQCWGob8oYhHZELUnzUi3DEyNjf
3757,7imB1iQyJbJ6hC4Rvdjf2Gco7dgjOIAd
3758,rhWkWkgsDE57tT3xCVDJPqNGIoGb8wi0
3759,tAsX318T0KjuRkZZplnkPNzh8KBUdyLA
3760,KWRozmqipE0aClIJKeWSqnERd9ICMZGe
3761,PZ6VMUZyAzerm83DwPAXn1I6xGRXEoh2
3762,usZTW9aTSLQEHqSPjrIu3QHtV7v0uhI3
3763,PcbI16cg7Gk6whcixRTdXZePPAumrcwM
3764,7TJsVNY95sXWSngJFgp4F89HPyEvpZpx
3765,T7XawWm1T6WZbpvMhPZAQPDELKiKjWcZ
3766,mYjba3jXaxz5NocQAGyW8HMhZ02o6779
3767,V1gNtE5fSYnQBd8nZCy2ZUISAz0wtIOd
3768,UEffokPhdHhoQPJKXjxvIZ8IRvmsvL2T
3769,B1ftoNTezTWEEWKBCjGts2Og765XmzTA
3770,rLLeE4PghtyKRQxpI5JHwoMrfVPteB7B
3771,A00EZ6ob5DeDrpbsZ4Exq8HPEAhG6VEZ
3772,xKogp5z1HDoHnuvik5axZZuFwCx7RYTQ
3773,hfOjYkr6YTIy9SChf3hlYgqsrdaYUX0h
3774,TpDTMdhgNXixfnXHBWZfUf7WPW7rWDF6
3775,dSOW9KjBiQZUn9eFVOzeEWI2AwvHJSfn
3776,51vQrwBWStrQ1i7JAl2igS3dMxI2WBRG
3777,ENKp7d4F07avKfNoKE3oIDR0E1kzQ2hM
3778,37iCiRb8a7CBXPMyeyxnw3P6oKbkFwC2
3779,3TFekDHEEsfkXspxe8COJPlCJclWG5NF
3780,GJciDXFJF7BDHy37bOJi4UKRzDqg8zLn
3781,8ISDui4sWO3JcvmUQV67p904teEg4BSj
3782,vFgJniNXMYmgNtWdUX0dj4W7wOkGGfMo
3783,uDNg0bdxu5O72fnUXkUiAdpoACvHD8sM
3784,h53I4pJa3GQf19pJ3udz48U9bhCyvp6s
3785,4fjyCAKBtxUXgH7zx2AzGZESUIZoGzdl
3786,tAneMslnTgTNy7hDtptVDldwFeeEV5Wk
3787,okL4rzUKMnJq4HRkHpjj8WZ6zFQ6lqXh
3788,uLpi6mM6293nccKck1OIAyfXxEDRmg8Y
3789,9lEfsColan1J0lyP01GyYHAu8DuKx8Io
3790,RNKQ9rY1pdPTV10uHOVCTVrlHZLSG1U4
3791,9gd5Q7cIkHtYcb2qIDs0Y8eZRTaErmtd
3792,Etpbn41sSdaGx4dHp1XAos6gFHUAFDQh
3793,le0N1ICw7BxwXBLsuDifTDfG11rV6UB0
3794,tqPfIy7BorjrqurvuA7pGftm7v0al3H1
3795,O7dNnLUlyd7MEyOu5x6bIZY1lGCxRqCZ
3796,MNn5z8GKKZzff4ABGcmASWe7JJqtfIPd
3797,THvIQXiCK9TbLyKazfpuWziHr1veI0yY
3798,l9RTJLILRiVpm4spZjwa0I8ytysaCTXB
3799,2FcQEoIVVEquRixaeKyVAP5TLSI1hr3U
3800,16Ln4WjyIPeyVHneKJEqnMkbz1LUVIvY
3801,xSWXaV3ab3uGup38SOX9BNNKoAOCTma7
3802,GHUZtDsWbOSIzVDlUv7gviUDeYIK1AM2
3803,4Kxx5RMDk63j1gaCX4ddIGC9apRRpDHk
3804,52Igkdz86XSvULlMd26lHZcBpiBC3imz
3805,QBpqTpFYnnkPGOzbWmDexaPMg5FrRJFc
3806,wuVnJX9P6S8c9ljWYpz5wGBUgO8XabeA
3807,zVl3QywSLES7V7k3WTOU6jzadJxkjh9r
3808,Fvrs1QL6npsY6k02wnI3KXtQURdh26sh
3809,VcVPWeViMpjWvTJeb6yxvcQkjXv7rEfA
3810,g3DEH2fgTUJoRHBGrLa2nKc41R04NJ2o
3811,slFGA7G61z4uDa4P0xsbd3y3U5KNVgrL
3812,izaU5UmJG4TVgDfimdPolOAz4b6FIQqj
3813,jQYCesk7AVAOP3TElewO1AxFmzTpA5sg
3814,Xjnc7FJv5rrpLlZki88tpR9hfMaYibTv
3815,kuzs7H8cpK0ExPklu5uV23UBsTLxSwwk
3816,1mzeAp0JQxDwMRhm9T0TA8LWLalzFDYY
3817,U17P2AwvBxyojD3nfNpsZG4hLR2KBVKs
3818,DV1biUpGldsjm9umeyBG9eUAhwQIXnqM
3819,hxamTL0kXVfv0OBi1lrBYQKYahCw80qH
3820,amPncgMP88e05L83qq2lH6hkw2HagJTL
3821,YvWIUpRKkQHly4IJhDVTSTB3JjUIFYEE
3822,02zfK9dKulXoGozRdIeY0C6qF4maCIfx
3823,ZiCgPQq8X0BfCWdHjghWgrl2PvPS9cgx
3824,wH6QwTGHvYfqPpLKbT0omTOe75B5Nt36
3825,ozYz3NaPCO1cUz7VLVKeUL8vaykNu2q9
3826,HaKiANLQE6eG8RnzmynBgWMgqpTDujqn
3827,dKBEweeEIlOPNtWR5byqswr1QMlEH9Kn
3828,v9EjKf0wVGS9y1A1nmbbzsxG4EeVdztd
3829,xWKnS23mI1GOPbd742vk2gLDnBYPCg5s
3830,qnzwzmj3nXtCNc5afOiZkU74Mi6YJ0nJ
3831,ESocosmfISfZGrCzMGdRql8j5pztg36X
3832,shRxwj0XZ2lxkCDtyDqeSax8osR9xG33
3833,E557SInWQSI85faUHiUvAQu2OoKmAv7B
3834,rGTjSp2DbMoETLCMS6PlpmT7qoM9PoTw
3835,aVU8mOw82YSf3JdBGYJUSEcOVV2a6eJG
3836,4kTt6EVwA8djzrmPFs6ZVH1m0vPIfNMr
3837,SJ6tBT9QC2nkgMmwX15CzIduhwRwvR0u
3838,n6sDqSfC4kGr8HLenFbsU1FaFQvClT2D
3839,c9DmEYcBSqBaoe4hZ9LNVhkDY7p7KsCb
3840,21NB6Izl38YM8zaTWL5uBQfJgnChbF43
3841,TsXex5hUcACKvGGXBfyH5wkvnEsdxjED
3842,Ys16n2NgASB2YikHVn7tKGy3vSvLoqAD
3843,h8FuQ9lglnFhcwFOqN9vqV0eJopFoeXu
3844,ALP8Ug8vU9hkAWJAA5us7Q8BVaD8TTaF
3845,4CaCybtP3zcIivgyKbGHAY8bwnZqtfei
3846,sp8nqAxYtVFdqjXwys3bXVlKbucybXEH
3847,OQzaMVidBOH75TCxQq2NoC9fXlJAnAJL
3848,IpjSnsxvHQKcrnyvU3JJzKzQ4q4whNgb
3849,g0dFcROpCBtkMu4nNgJ46j3v7MVoTTod
3850,Fm7XhndJbvaWcbpDD8Wb7ZPSFLkLNfv7
3851,VR0uw8mGVcR9YksCEbqftM1PI22q12qA
3852,tmj8qx3P7Mdv8hyCizDo0ZstTz2w5iTg
3853,TPmMkDkZJ8hbTMZhpzfc9beR6wxbMidM
3854,AhP8WqGg80utFse6rmNc5DYA99WIpKkc
3855,oGFRKLhG6nu5US7bXB9L5BmS1j024uIE
3856,jaKbfnaPjilae0H6W9aBuXTTp5Z52UKh
3857,BPmsAoDgMCyGfWasdihJue2Th55t4dYj
3858,CZzPzrohFpA1iW1AH0mzOu6Bq8bgJfLe
3859,1Q20fJvSm0q4ucppuTJpo4BOmOfqHqav
3860,F6DKka44KkPFqpRfhZS9j7S6aQzMeCEM
3861,rKSs8yaVVbzFu7BTuUfqsTBiWrOGDNkY
3862,VGUM0ENpOHHmEvvL9SXbbtMjMHi1F16E
3863,5iBqg5CcJ2icOSdeDUZpOkqFOIIQoGCa
3864,08XGH1jlQ97Z4v2QynC9I1wHKPylkYYD
3865,YBj1GAEMbAUJ8Tksdc3Dprq2fEBtlQq9
3866,KnQjuJ4lr7sPVfY562vVbg86qHcAg00m
3867,JIpTYZcNDywBDzHMDffiowD6k7w5zRH4
3868,xtkn67OqjrwhH6YQAL92WMsdgvlVpDeJ
3869,Gzxy3yphoPuep68Ss6X934mPIsh0n42t
3870,dpjYFabWwKUKfn9cv3CcVBN5L64dv9da
3871,v1yJIB5etSDN2mF3T2C28HQYIJAVD1Ks
3872,FM29dGzEe4MaP23h9q8aNxHKpsrvsYxD
3873,95IH7GWHGATVyq56ANeNw6QzUO5NXSFs
3874,eqReoywHPdvcFVRKGqCmdmkCklLhKrrP
3875,Ur9Gj5naFA3ubyJuSXLZM7CpKnY9AUmh
3876,WG5GgRrvTXicvRMFNEpVcpvUFfo2GH8K
3877,vZ6LWBIGZMfcjyYC1OpUX8L61UnxOMcq
3878,jGNtLeBWpDX9rc5ncbyoofhmyw3k3iAc
3879,p3x5OWezmpxGXhKtYuj2ZLen94ttNsVU
3880,9nYMkjq2hJNVqOhWIxXbC1qI2huZyw23
3881,r7uBvXuJBWruFfmOEvr5eH5kzFGioThe
3882,AIWDWCSQpu82vzu6NKtX7cOGIkaRlxZ6
3883,qEwj38yYzdmXPkcvfKCCDPBo8ma7x77J
3884,znP6Ti1mgQA71oQdJKaBB9SncyQMbToP
3885,1eKLLvRfYPnWKLLsXVVq8ZpTUDIal5QV
3886,FOOvpVIkyfDtLGbHsyJoyTevagsmlbe6
3887,WgLwucnpAA3eYFrsa3iPb5O95tuOOR1A
3888,XGcbpwVkwIzrZ1TBqTNQRMxiVWzUcE7S
3889,knmLhYgPOBLm8NuNandruUVdt3MQbiCz
3890,Xbjfh7cVjWWd65wPwivBlNL6H0FnGSrn
3891,acserbZAwjdjaF9zpRSPdnkI0KFw8pjM
3892,bPWvOihpwwZZ2if0XZuUhhwenBlQYkNb
3893,fj1q6bPLQmSnpf5NZlY7zmZ6uNiUockl
3894,Nxdt9Tk818TVJJNIz9uqZ4lp1RYSXnHj
3895,XaLVyaz2bAybYWrRrk84xOO4dKiFd5mx
3896,bM4GF6sUks8pyhpxquUldpLgSFe8taZc
3897,0qG4mmnk9aayeVnQ0sAJiXcUHUT2rSWM
3898,7NkRM1MqQsCb5rqJrQkgDEYLPQV5TdfP
3899,ZrjIJ5xDISoPG1AleJVw85a8eftBLRaC
3900,wopK4yHaaCz0VoeD1NX42CHltAMmHqWM
3901,e3aTAiYPWAaOWY5oe8FzWUG3e11UVgKl
3902,BXX6vURo3KjXS7obRnvF1I6y1sRZaUod
3903,toNqepSKgXrkaQt7zcMERLDECkfh7aHn
3904,829WI7NoLtN3rubqWVCSvGf8d3CsGLFj
3905,XfFu7BCZVREoVJXWfYKbPJGyla6mQDlC
3906,I9FdvLU8O3MxEoThdUSR84PWu69qgnE0
3907,VoZ0yeq2J5BTOu57JWZsUOCctuEKKD3h
3908,JDootrYzhPZocp88cdtxh5Um4ePFjBNK
3909,ciEZNu7BqV25bEwscqXONiUozP1MPV5d
3910,yiePiAC0ouyfiJz4sHYjugcpUEilIUe9
3911,MbW13N9bIh8T7leNTQpyq9roTPHQohgr
3912,YxmetO6gs0SUYtjFtTROjeCytY4n0PF2
3913,QlhGhBU6tlG5eUbo9kdLEJcp6GI0sSTd
3914,8ABJe4ofSWAAWzkozqFUitSlbImmi604
3915,vzlxaG3OKttwXkw1iC0f6sjsF8xBX3sg
3916,AQNdX1pB9F4Z4SuYq6XKfHqgaJ2JHVIU
3917,2jeO2gZ9fRrNfyNtyruvXHSytMo3FEbf
3918,DKTtIQDhPC4MESe9a3iOeaV0px5NRcyJ
3919,GXbb2BRzuzQcSaRWkVir9dBiJCLvT8Pi
3920,LViHQKVAaoLuQEail6SfskBbIISKv9PF
3921,4ll8GyOfcEcr0TJzwVtKEMXQwPfZkqIp
3922,YFj1cmH5lIRW9FUxfT2iSqQxAS1Wt6yU
3923,wUAgcwcOZ3B8J6AGJwgRXOjjMBeUIda7
3924,gdpiF3Zl7RB5Wba2Bxrp34dVTlm66fLQ
3925,hX3ds0j0fedw4D0qP94QzMims801nWnc
3926,ZddsvDII5cNdpFZJQfqU3BWfOAtjskxB
3927,9sKY6nFkYDPs0iIeLaBv5BfourdYuUPH
3928,Cli8QODyoMkJS9syX7l827xI32NfN9Yo
3929,RUNN3dCvYbyFF6DUo6V0jHZJlRntIEWn
3930,PvIVquR2LaJda4fmByqOKLzP7RckycNM
3931,S6Ne4Wnk4lNPYHQrgoBHCGCQG0uJKClZ
3932,OdOOnfwKTbbN1mPdK2iEz1QmmmUPmqeS
3933,HhyI1DxJtK0xYKhBRRcAiFxDbcP4Jbp4
3934,yMtTxnGMkGX5gCiolUt67R16LO783MRK
3935,DOpofatPlUOmVf00p10klKzogagAcybY
3936,VPzfM7hOpdIol4IzEbMd1sJXYF8tVxo4
3937,tJgVn9ruO3Mxs2tN6cpXs04rNShjaRC8
3938,K1BOyUEChx90gRT456u7Jx3IbMbAIGi2
3939,MAat3TXYAPBNaYoMTIT8NJBrrilwVgkl
3940,ts80MrpGVVJY2pp9ughM7sHv0ImVGPAI
3941,lSM7zrz1dFRJyY7wS8lzjqAjljZYPPht
3942,iovkm45LcJJ6cnrGKdSBxgfSO80Vbwwn
3943,GnD4FA03ErFCNx8b5Ohbhgsgj9Zq0ZaD
3944,vOchnP4GtCc762XYU9YIndMeQRO5pmFL
3945,f1R8i140n3cjfM1B93gf57B2UrbXyq4y
3946,nOSNyWIqsFPQLRpZftUumsLBe7jcNQ8d
3947,RQUM5F4saD7XJfiMG4nprbQlMTlj5x8K
3948,njWi2Ugtx3tdEJc45rfyF0WORSAyLZk6
3949,28goSJ3tOMd5BEY9G0N0NzIoeNv9Ir6w
3950,vXqs6cQw5bXpraeqTcgYB06HUlKMCaZR
3951,OPzLrRWY1KwmPHZCtMABcTjlgoWp0saJ
3952,2ivnNhue7bIYSsww6Qbv5zgPjIJTd4Sp
3953,kvXC1A2PwdHvelwWE3wpbcUqZRLPhElU
3954,aGKHvmPHVatv4xiKGDLBDH7PUfLGcFun
3955,bwPeKkLoQXIADbQK55Pqw46PMYIKBl2W
3956,IfvHVJeNoSt7L8zVMzc19M7uQcrd3Tol
3957,EzChhLDWoB5V6aDLt9vSp4GOqfDFM6tV
3958,w2cj9yV6cWJi6ejOu0VVfs37wnk8FbQR
3959,oiok9GHEl1SEG16TSBoICPKin9HYnfhS
3960,AowkBsH96JIa0Vqn8LkqKqa7KXdSHGr6
3961,VDdyc27xXGsNsV8tRtdccEc4avCfTEVg
3962,iX0UXdZuYnSPHXJbXTBT5qambrBg5EpS
3963,HBjH6ATx2d838csNiWCxU1cPo9Q87ybJ
3964,YXB35PN881ae1SAhSJHWhNPvUNKbo4JY
3965,jeFKz4tppmshvdiKj3TRIqow0fQx2sl9
3966,aoyjkQN5PkMSJDsuk2jWbvDnlBarVU7H
3967,5aNnkPj9nrtPRXaQ1Wqb750Ff25sPoDb
3968,ek0CqGS3IefcKODIjVBdcaLIMqgNNKFT
3969,PwDxIkd1KqM8hCwFI3fZ6TZPo61Id7Kg
3970,2jyzhvVuG2OsJvxfn8F8fFIlVkLdYzow
3971,qD7VPqFwGGbp4Hn5JHwDNQ6TGdRXzH9R
3972,w7gmtfeFMCvObLdtaRUNX4rNc578qStp
3973,IBAbkpDUs9qUFmogKmzWWFvUMU5K9geZ
3974,ItWPgd2XBqvsjpSi8gwt0oHmhGePRnyx
3975,jSczj3IYNX1VLJqDrzBPX6EmbrzjMzcS
3976,1Y5ImyYV96DhF9azuWGWvoL1EpipLRtC
3977,CYIgiADKnv6GaTEOEPro9fxUQpK3Hmyn
3978,sZ3VLcfzdpPvxc4AnsFbrOxpws5sPUft
3979,tyANfXteBC5DcWD7CwmbKwIBCPTZyXT8
3980,fi6G2BP5gua2bNctJ8XZWm2tY5PD0Z9n
3981,5WsDMmiWlRoVOgPYkyFiXn47PvmSfLmY
3982,DNl82sG7IXCvygaUpYfcteKnk9Yw7P9R
3983,YzkHckmDrTesM6rcfmAK2K3UKhDFOSz3
3984,IdnYP50dZcoMKXPhlRqTQ2hCy1d5jpKz
3985,b6ApDHlzGbPeuqBtLbB7OwFD5CJX4hoL
3986,h2YBBKtoXe5XjWGvcidcOoe7J4Hu6bxf
3987,JSMsauQQm9erQ2kdk4bg379OHResRKiL
3988,JvP8xTquYU1thdOgsxFleyntm1HWg9xZ
3989,oZygm2dbGUhNM23BfAIqKdxHvo7i2DtX
3990,TIKDT6ptLwc2B7TKFMbCwJa6AzceOAuA
3991,IYnCoMfmvKH7of20Ml36X5PkLdEf19Vv
3992,Q6DHYhEqqd7vIP7y95AokEgtCOqGopSa
3993,9E1vErgJ4xhrA1LlCcPi6SIh4Sa22HEN
3994,yDGBmmBJJ38zS6RjbplRUBuGf2fvZnDs
3995,nNhEirJwjao5q2ECoESgrX11MBvwEbQm
3996,moCJ4ZlnRXK1LDu3axJhrvSxuNyaZlxn
3997,AsoTA3M48R6lEPZIbpOnDkvgScbLeoMw
3998,qFtylfwLvXhHf75hSm3TjlGxSovarP8d
3999,hYsNFUxNjO7KQAYqaH7TD7Io5ueuS8sv
4000,0MqOCfrBsR0ETD1HkqQYt48vMLTKi5Jl
4001,Twk4HJGsXZGZIKVOob4SAsABpWp9vPnX
4002,DZiLV7Z4RbXPlfoY7Np0KeQlefZrkXGt
4003,Qpjw42YBkyRpKkLqO0KzanioxFXWJ3XJ
4004,cterxIxs9YWbotfhFeXQVtpd79Uqc78Q
4005,HFINHahqWKrrVHZpIHe8Qm5NtEYn74xV
4006,iOfLzmBWw62n684iIrd2wM4RiX59G9Ej
4007,EVARuJ2pYaQeOjMKIyh9t7vuTVodCA1Z
4008,KLxjMJX12ZgDBdgcQ6APmIbWtrIQiBF3
4009,cQEZG9BhRGL254paGrlPvcVRUKKUc8BO
4010,EwFg5ftYEpzANvQ0PTl2XR8jTYEBuxGq
4011,EwvmkpVG4vpoXMHBFn3vIIHt1dbtBGR5
4012,sUg7iqtLtfRXyfqoyIU4rHDtQFGCcgcI
4013,I3yJT6KKcO1qBFNwVv7Eex7HL7i2NuRt
4014,CDUOsqEeMacgwAF1WBv6hX9ITy4CwBmQ
4015,nTbIPUZh38moydPTibd1RqXEd7tr8HYp
4016,Rsj3VVpmiVlWJ83rjoA43QDzJro4zx5F
4017,nJYa9ctYwuFUyGonnYbOhh8yht7o6tbv
4018,sXulPbsPJufJimYVYHmSGqR7Q1jToKdB
4019,BaENJLwMdSa8abF8ssCtANveSucLbTYt
4020,HSDaeeIb0RQnUJcKO9nKZzDD0153bbfV
4021,sniS18AJIVNbcBGKGoAOvC1cHbyY8Pcf
4022,pAybLkgRan6PNgbNJAPPNtLQhNOa6Qzl
4023,KDnXTz9SIbaFeMVDgNZsCji45s8gChUZ
4024,KbTxqZn2eAjwqVbiOLniS9ZaIOm5hFMK
4025,HlUsimONjZOVXvzMyxFgiDEC1UMv7HVD
4026,J27XrKoZFKk9yVoevdR3MhJRMJgc81u9
4027,fgEmvSnfkG1VhyOHiik98cNe0DPILfz0
4028,bTTJQwKgarNMwtEl9ZyM5QVE27VsiVO0
4029,jhsPIorbGRAnLEdFQ1BEHaxew5rAWDAC
4030,5ZzFNS8mYAZ2QCYSVu4NNoY99ZWtxYW2
4031,YVHzz6DBFkRrnBR3kO2WVk12WfiNnNTB
4032,snDJ3kPTLFFi2HVKhosUdKOuFMeO3fwl
4033,71d6kEpbhPtSotOqZszZz9BP3y62jeqN
4034,DXpSzJEDL1C1JoOSUPj1wPukILYhxK7u
4035,MGeyWqlc51CK9iRyMymEmZeCp6tlOIqV
4036,MnqOlbEQgIFoYLV8FyR1xZpltiMpu8d3
4037,Sdm25kwrOPz6Kgsl2OZ9rtOMAFVBUXwB
4038,D5Og1uiMlDczRvD0viHGoDYPrxn6VcSM
4039,Wh4fyCdA6QniFRQf7Vr6kg2Gud7iwlXg
4040,fygpTTs077UHhNgyEgDlpFHLWMwiiVAf
4041,UPc83H4oqhYHPZEJBXUzK8IoU5NNxxjJ
4042,XOCA4cs15vBPKu0TcLUJm3IrLnnIrC0F
4043,pbcKX2nmGqeXLfhB29IL6Oye9vSYMVSA
4044,8odeUF6RWKAzRadt1Wv9UszSjBQUd7NC
4045,EQnFu78Wi7XqlI6XoPA0ZLJOW7ZmIVnE
4046,30gg7gWwYvMZSgHjEyhMEigtfMRiIgEZ
4047,mZPSEGRHXCGKAg9VCaamCw6KMwRuRj4K
4048,f0msbaNvZ1BzPAQuPd2nz7NRR1PbPeQz
4049,wLQ7H9o93wMRT9M5aoF46W2qvYv9H8R8
4050,frdD2Q5tvD1CzVNu4kIO2pYFV3KJL57d
4051,svkTsh2WxX308coQ3z6tK8oKj60aWtkx
4052,24RYTTD7QGSA2XfyopA1vItbgbSQrInG
4053,wGGevHP79rOBxplrSFqTOGx3Mk5im2rC
4054,qvyvI3wr6A5siHFKs4CeoQBPN6hz1pE6
4055,2Rukew9eEz4xXqUCWkvQvfhKMChVUaN3
4056,acpQ0fuDdFs0ypsNM9ftkoG1XFQH4irH
4057,1GgW2WE38BpxuJaG1kTbJkLie2R9H4cF
4058,GMRPRU0RMYV1yWRRtzYvvLbB1eShSQ0w
4059,8LBrCwqtgJPCjIUKGvajukbCIhLkAv5O
4060,pXnubqDQwA5Ra1V8GjAMpqkGmRiotrbU
4061,FGv6D3lBPjeIeWdlJpRNuuFJr5ODJRXd
4062,fjNGDnQ0ai6IeQRmjjnqSJhq7cBeeJjT
4063,YEwlf7gidK9kL3FC4UdAaGD7YY4mHmSO
4064,577Vjd5xetc4duUO8ftfBIOUU6o8yEgs
4065,w0ATFgFRUIOJO6I6VaR6kjCeTdldtDlU
4066,oszmZ2GXTk7YTdyeIzlRgVlnHaxcEKGA
4067,zy3tRpl7QZUtXfwQSypZGz6R2S9xRBDD
4068,RrpmB3bBNnDByElobjvk6G94sXqrqhBc
4069,scsYKK2qIoAo1yZjAtk20iegIKe5IXTr
4070,DbuoyFVash6nm8blEZII9XC0PdxJfQSH
4071,joDZjTfnnSDqHGn5P4ICGo17QtHpY2iP
4072,CoL0I9OZe5XycgyPGR1weiygULp9plT5
4073,1YCq278nHxAxGXBWjeee5o2Ru3U0mZ44
4074,ZNKQ3dGWdOauvbEC41YxwOOZDD3tOVue
4075,fwGlvJP5GRBK8tDcyTmLI4692EF1m9d9
4076,llzzPa1ncnvkvZzV5ycDbgYOTMTr0uYq
4077,d1W9sDZhRKlOqk5OEseaiuJGeAhcdw5a
4078,XKCVUJpjT2gerPQWhGPktPYn5MyPYTin
4079,TvuUv0VIA5LvBrXameNS8QbN8bksUINk
4080,msbu0VCddk2inEfLPXjUL0MKS9jSNNlJ
4081,A8xKMAMFSApCpi0BLlJ5V829vmrrNyuF
4082,JmdXuynG6JE0Uuu4EYNMKRnCb4XtXXEL
4083,822stRY9svFDG4Q8KrdsWo5D3TEkg9j5
4084,VGfLMDAsSaNXv1kg6EPjrawCJa2oQgtd
4085,Ca0e6WvjefqDeN8DJJc7i2v50cIKLgYX
4086,tJnbLWrLqmkYBCxgYYvrjbpDP6GIJhlN
4087,bMI0c4ov5XTWgrFD9AOJE4BLTQSFk09K
4088,EebnbD74a1XHBeqLP3xIStrYsRsaxzXY
4089,8wu9uE3ziYs7CC6SWb3xnC4qJGKYboXd
4090,BAki6OU0RcO73zw5i49YbhvDxsjZbXYK
4091,PNqW8mB6BjB5NRdrgY1kG0iFmjwtGL7v
4092,369MsI8Ay2XpcHPuAaIoyV2DGMMlBjHq
4093,9YvPiT2NzUajqT9D3KqCWACeyitcuraO
4094,NMf1lPHzygid18schD22ZwVa4f3ifqww
4095,rrVy84vLH8pjxxgDLR6M8tQSrzeQwONo
4096,mVYC7ipgkuVo5fp8w7kLseM9SXD6wVTC
4097,E3ZmhzDs7haRJMVvyx7s98nPesDDMXEB
4098,gIpxEuIo7WGtUQcRc0VF4vlxiJhDyhvl
4099,dQC9b3rWQKx3j6MaZvKdLJQEkqrX96rI
4100,Hbd9udENyXxdzAlggGUnGwUuDERk7or2
4101,ojKSYjOTkUDKcQvXaMedDO9ElkmgxRQL
4102,CeIltIR8AWCh2gNZHFnnnfOnzM1wnmtO
4103,oENuvgi8bAXk8m9RNv8AweVr7YgAITsW
4104,hKA3gOVGTGAqK3wsrYOlkAdiYARo0TO2
4105,jiEpCgh1oORVpmelIlECNRzF9pHFWbYG
4106,P2UdHLOSdVfbzS7Kp3oxseAhGkNQ4PAQ
4107,cuf3nUukdeRdLaBkxmVrWodIGmIqy25y
4108,geW8wITOF4ZppbQGZHocaygWCiHC47jo
4109,2395gI6DbT9pka6h8PgcCHDgas7SuCww
4110,O1wmdOXkgTBGZfKBEnDroyfVn8maXzfz
4111,o9aIp8ZsF4atoqkT9yQ5rYfWbSgJJzk4
4112,mHh0h7dPOmpf8WAEKWapYZUSr3qVcb80
4113,Hfp6jdAGTqKjWuFDwS6APLrBu3mKG5ZW
4114,sEKayqLJiTZGh6CvuI4cMhyzUssWXYf8
4115,ik5DPACD6IYQHBP6412zT1Z8eWeRawxz
4116,pTlPgKaCkckGwJKGW7CZTfISCrWN7xIW
4117,Ya8wVm4yffZX15dZAG2oVW6xmDJvNape
4118,LiS8XOG7GQ29UIBgLq6hAHNPLFQCZmUY
4119,S79BQION1UHy5E4qsEnz7MMDYjwhLlSD
4120,p9KMJ83Q4zycRejEcjlOOPPYIPhFqJ2G
4121,ICwTliPurTFZekkNZ9tzRuaZingOxcVB
4122,htjhYehCC3f3rd2cs94qciUGWL8xlEua
4123,pgS1MTzY8mGjpA4pgEgpgrDybPmQPZge
4124,ifncPjCAypzX9FHgNksgaSPaVDsW4Hsz
4125,weWWzO6G8i5dvxGRmg6n8WumELBxRyPq
4126,VsdbF0gTHoXBBxkc6ArTrmbffe1ATHOp
4127,dwDIlz46VL6Xqfv8dA5Np88GpbxnHjYI
4128,DMaxibM6Jc9bdGeBtU4YpZl5GC4llH5W
4129,3fHdCGpcuKO7pXOzndN4m0Y1iVVrxl5n
4130,oAC6Jjh2rWXIhBtGB1WZUMMx43P7JF0P
4131,1Ep4CyANYP2Av5QEQz4Mg5gGWKkvaNlv
4132,ib0FIHU6e6sY8hphyo5Blr7PDsnxRume
4133,CKZusJ8moEgYcny2TsB7slkn0QGBWy39
4134,P57k6vGsIMkyxbm8LOGJtZhw7v5Bqwse
4135,A6Ius0OEvRNZSIYdBbtMRAiyiOhhdJO3
4136,2CwGKm9jzVSrOgBeqBlDsN6cp1T6fk3Z
4137,neqiGLESZys9o39kcYsWLfDLBZx71z3u
4138,DQMr2Y6NwmsUD8EDnHD5DRAjS52cCTZO
4139,4FWhss6BG1eiyPUkiOlCb0JLjHB3ibVi
4140,tuVhNg3qfopVqynYqhAZpr4yJ1mkYUCV
4141,FTlreIKh70mNM0DVUSOB0X0M43FMMc0N
4142,AAYulmFX8VESws0D37B9Qj7Jubjm9iyj
4143,3GQ5YuWtdQ8Ex7aldzqsm44X3bfSln4W
4144,kgWoxBFkgAJq5OBO61UKp39BQOYKYGmw
4145,O59XNCZFVUKONEZXfP1vHq2huxMNcEvf
4146,zYKqPcO7k6Su5g1U1YrLFAYJAigmg318
4147,e4WsNgGlJy28nZFGjMRsJ13fHm1whXXO
4148,OWL0aPfc3iOS2pKZJgeHgVVWq6NhUDr9
4149,OqIbtGWfMMrA7OLIMyWZzeGNBLTKNR7f
4150,0CH2la9E1cOkx1lkVuKumJP5OTtwlF3J
4151,evlRkJkwuCUgBNkdko2RjkzTkwT01Phv
4152,4kTzU9XVSexhlRBiJClqAeHQHGuMqWQU
4153,mTZNALDR4HhbGPamIJWyOhyKKJS7jKAG
4154,T8NiSbGSQPYvLGsLkVYm1LnBn38YUQeL
4155,V29KxBimZAwsOWYG2W4qMphugG2BqRoZ
4156,XxE5X4leeSTJGsnhe3JdbtkGrbzll9Nq
4157,DOHxfhvyL42YUQV4GWCIxQ8URaWpxEf5
4158,mTmsPy5MHVyULIvHhiDjrU6uvRRjfvmZ
4159,2ycrSht9hkPGojxAZEmO7KvbqK5vVCVi
4160,Ihx0KujLIibKxPltYJcDNnO5W1DrxhWa
4161,KN8U0PEnTInB2g6ZN6CCpM4Lh4ULm1FX
4162,X2N5dWX1PQSEFBCSe61mmeFhKHKQOYfr
4163,Wpr9rKqHRUdgXi9HgLbPv4Gz2wDaIvdO
4164,MUO7tjs9gNSFppz0daPrnOpuVKp0QrpW
4165,2l4NCTOi94FKVWTJPbLBOFHp3oqsacx1
4166,US4zDPXUBOfrEnN24Bw1GnxEwkFcs9yV
4167,DXnypSaXGTXJW35R174uAdearZIBfJ9n
4168,cl4quaCsrGr4Bv9woIVNtTUrXN4mA1Ea
4169,NoDTjoiW5GR0dPbWm24zOn8Ib02FDX0T
4170,DreZD3qEL4UuJRqFn0mInMPadF8uEF3g
4171,25zapzA63kFlU9nF3at1adFWp7xTa3g8
4172,W7J2mP9MTCboVE5VRYqEH0BVqyk4wBqv
4173,hlyMNBViNuL3Gnu3nElPhPXiQi5mS1TS
4174,CrGKOA1SwzM8XJwRUfJnWMKHCjtvyIdb
4175,VFx1tf5UIfMsc0F4NuH17M3QaYRtUXH1
4176,fK92YCjQlGY4KlHbe3FUvw2YWJpbVamZ
4177,0eMJhrdomZ0bls9eDOcvb9BlOSHj0AWl
4178,twFNtvTCP7BbGVNmgtUtxfgHmvg8OMNs
4179,CEmbkeFUmAGUG7c0fBCNJFdDiTBu8Psc
4180,LCVxE2lB6WM0Nu0d8sI6lFynXx7PdIjR
4181,fWpWjCHrELOXVMZyKUgybbRwYu5fqoKu
4182,IixoHg28Gr9yPoCovR2CCcphFYFgoIko
4183,PXFwzUvON5kJrEcv1rzYLdB2GgidYtBU
4184,NYDtO5d2aHtadMCMRi1zreyiEP1f0PQN
4185,X6F3h6KqwIQIY37KwgcqK05MmXqEYPxt
4186,XxbGPvt7qRXgSNTAb6uY2XVqkAVnWhVT
4187,RxxDAJmDE7VwtauK1bqlFrAcVxKfzpNL
4188,2BXPdrrdRW47pyGt1SmSiQnCitPq4fx7
4189,aiwivgG72Jq2zSYcpTUbeurRWUcjKrdN
4190,fHH3dznw5I6EIYIefUZBXU9sNsYHSrtt
4191,LMdIZfqQ8MQpWCDjXtZqkJefxrMwZs5s
4192,TrJJpZUunai2l1YXCrENEfYtBwc4LJp8
4193,KcbUvjbjc1tXahLaMv22fApPcp3ELDi4
4194,qthfNnIDOS36dQZNxJkojelFLt50qpf8
4195,2oNz59VNiU5m32QUjC2p37gMRq6aD58s
4196,eihjLdLtUTBghCs4C7ISM9RVhAVrxxhI
4197,ljyB4DG5C5MQVD5nABMxQkn8sCvhLW9O
4198,qM8NezS6gqoDyxER8SgKkBE5MzcCS3bO
4199,SxkRQdodNu8X7RQWJZwkQShrDP8zKdGl
4200,q850UrzdSVF4XQShkOHXJsVrGfeGBg6v
4201,hoLIaGljHpO2SsfYh7Z28huvQw7G1iAE
4202,CrSsHeeMmMI7CZAxaIf4FzelklRtFnR8
4203,HWluW8xDUIFILNZbExG4ki6lgyc4dDAE
4204,2G6c7E4r9XJgILR3e56GrkyVV2vLXHRe
4205,YWnVt7g2uXX83fswG3WgLIItBNFOvmSk
4206,RzXtwr6KDRNURImVBBHQiz0pVsZCQXFD
4207,znIT6bLpCEuaWvCIySJWiMDqXqceJQs8
4208,KUMNvFshWiEiVp6jkumqhNkSVO0b5znM
4209,3JRJvUNyyUV18Cujug0lwlnG5T5okML4
4210,fAE6BrtwiGTPFBsSh9hwo6ZR256JdEGo
4211,GqCKqZxA43lJ5yhqAbE7TXa1u8FNDzNM
4212,RhRSTP4Jodgoe7OWGq3PD7UQjHei0kkt
4213,ef7o7i06mHBpp2bQbTcqRgRbvphjoXay
4214,n4FYotSz9V9pACo9d7leLcaeTHAcmVWF
4215,sqRCS5D7e6ghUYTNuPOspxGOfFGnKBNM
4216,PxfIglBaaa5aeoyN8iM5wG1Eozqp6tsZ
4217,9zAl4IBctn8NZ584Sgp7ssfGy4HsKHsA
4218,kFdTXnWyHHWXnqcZ75C3D6YHp4KT8pEi
4219,Xf3d3deXwpR6pkZ1Dosmyi8Yl1AmTGyl
4220,e7ibm7hHCxBd4BXaJQeHNgOLEwdsocpj
4221,j8ftdSQJonG9bMwSfTUOWM7nfcidKk2a
4222,cSAur4oj8vX619C6jojfFQkv6J5BLLDZ
4223,7FCf4Oyvgb0KYPRMRUYyGb7Gr3Deuyy0
4224,FQyTcPpFUs9dmyyOB6ZDtgGBVVM1iPjw
4225,94g1iJfe9SgGWtdjxqCZPrCr93gMcQk1
4226,yLdstiFpIs60q7qUB13dmIvQfmdjC76r
4227,7JLJTmQgh3BTveUFyvMx4v9s6pl70IzI
4228,MlUdng0mfSY0VR60FYRw7h0ntFz4ge8e
4229,6OCUlcZyOkRsRiCJDAMhFC6PWFy4XOB3
4230,AAArSoedfYwRKOaEiWiPaKLShfBeadvi
4231,JQaPkAVPc9LLnKwsqD6nf5dn2nBx9DAr
4232,Agl6sDb5D9mB5cdFNdyQ1Fnm38wUHpis
4233,u3vKXETQGYwT12gaHEL0Musz4SDxmHBL
4234,6qWe7Hth1AqEauijxng2Tuj2I84Hcdbm
4235,JQ3DhBecDKzDReTHoPzOOLgXGssa4mMw
4236,fgP9aZ1pT0mdmP7ErwSuGVln5P7aUynu
4237,UrbBPk26VQPg9dPj84aBah6EyaeCoV2m
4238,XsLbDgKkQbkjGrCyUrwR8EO8Tk74nknY
4239,RhXanGwhcYxjjopRnLXOaE86W20EEYau
4240,KnTWc796g6MfBatNY5KZSbkVQHqiDtGG
4241,qSvV3XgSQ3zWvXV8bAwRA0DmB2RAWNmU
4242,7sjIeKw46IBnfpisqjAQmD9aaxffc6wu
4243,QgTLPqO5eGy1izx5xiF6BNzWDqQvo0n8
4244,U6qTDSH4An8Zq0Zo8P4FfWbDbw0Ejgwg
4245,f2R2KeTk18nipQvfxQgtI8PynYTmTdw4
4246,75sV6DRaJV0p1bF5dKJk8rHFDFAVe0a9
4247,mCApQic25CcaBK8rWiPtU7NwI7GLGG6J
4248,eiILL1REllx461qVvcOQDP0pGgpQFodZ
4249,INwbkv8q697dYJLkiWAo5GM7m0a8m0cl
4250,GPoWquCaIIXWRwHDAGxBSfgqBe56wkRI
4251,Zl75A7MtyzfkTJyUqeUTPYuarhEKDoQV
4252,Vcucjv7y4cwwFDi9GWjsZ67zB4TmYphK
4253,vBKcfw6DCkYor432Z46IYMFT9ewsebTB
4254,pHwI0NqieqQwhHcJniumwc7TRX6vJtDD
4255,1IDUdROxiGrwvq1VR294eE0qFTmnAHpS
4256,gzYEVyDTcjLRcjPCLsF868M9aAW9IwmQ
4257,wQnRkLbB1ZplAgzuJdRdGZATXQ1uGGQo
4258,pP65quelycI7QzxFCCWOXYqphfS3XGQN
4259,WZmQA12V9DCMumPycmKxSMLMkLAgs71C
4260,rUxzHQUxxD43awcEIvprmHfhgKUqEECP
4261,F0HYFf9PlQZaqvXyWVVTvtJK7n1qrOzo
4262,bxBfXZEPAR35DHbosfahdKMZ7H8XLInA
4263,P7dYgPAEK8Cq0RqkFWL7qnManL7xSuUe
4264,0r1PVvR5Um5I8UFDhCb2oaYRqLjmCtIR
4265,1XTAvH85nzROgqfFrFAB6aUM0FNyK15W
4266,m5Pf9gvbCorEOCT1nEr4dZn2Ruig1XXm
4267,DB0A666yPEJyqsRZiJzjxoEwTTUmohXs
4268,qbcj7nVgIXx3yoGEKxuENfmCSmdDd4JD
4269,J4PlRb7QDTSEA9iTy2I6WdwMo4gT3cd4
4270,PzpIYCETsuayfeGoMhXcbsNgjlP8muvG
4271,cvRtDiOjGw2bP9Wfcja1A90dhEAeRrwp
4272,VqqSaj4Z6GqyIh25jWVWWDS0yFp94tFR
4273,j3wzV5pWqFhQkrIyfvFZiV3sk04XUBBo
4274,m6sfj9XO1E3CNZi7qAcdAINsDZUcuh1O
4275,bb3lC7BhSpRKVMsvki7j2fNK4hQthmqh
4276,s2MAldvHaJk0m6WN4oW2msewIeCdM6vz
4277,IlGKInGmNnZovxhNTqVjEv5bF2IKmbcF
4278,n4KkmI68cJnED0evA39eyspLWiDGIRyF
4279,7cRf7CQo61ksog7DtaVzcy64cDB1DHuY
4280,3RwyEOCQyw4UBxnsE12HZi6KQfeOQNW2
4281,VikWjde9r4sBXgIHlM4DFYpaKMjZqrfZ
4282,uqIQQco53vwaK506bUMtB1r0kotamDHY
4283,vaiJjlLV6KV76ydLSdqU458xefValAbm
4284,SJhna38ZkJN49CpQPRpzAWrhAzuG0ZiC
4285,I02cywmwuPPq4t0SNBi1ub4H5htj4dzo
4286,sYRxpKEIl8r9IUt9a940pu4cCpvtdDTn
4287,oEYW6VRDQuwj8LFVGI4jihoC69ZODePB
4288,MB1K4a9H88wie5ogkpmpdZevmk4Glt38
4289,1mMzqEcgDq7yIiaxtgmVelsou9qKdn3f
4290,EJaaIowOdI1lY7s1d0Pq07SJ6LyI99Ze
4291,yakdZ8sfBwaFVvbUPns8n2sfxSV0PY1h
4292,IWkRsD1RioFXP4EHwpPHhoseNEhxniNB
4293,PbdjNI5uDOIhq9LNxH3YXjfbuwKvXIPt
4294,DqAnmLY0h1PMA0SFEaXOkapXxkWliI5i
4295,40hEr9ARVqnGdWXPfLMhiR661tGn8moW
4296,DDKEOjNCBHkZW5HAWjxE3KXAvqwGRvFQ
4297,TMaWxAqCU8W1xckj1b3IVRCaMXH5EExp
4298,cvqYkxfH965M0qQsRfCRl6yFzMdzg8qi
4299,vX2rdohUD8iOsJ8N3plelFdXWkypm4v4
4300,ytuaUrOTVqgmYWRWVRlv5mXs0wSJQix1
4301,s2mInkHFi5xExwULtrPoCcn0wKipcJ6f
4302,Pm3RAs7D0Fm8r09FBu64MiS129voDeYa
4303,pcawRl82sPtIXPuO91rY7GmvWtMtT5EH
4304,1pHFUPMoQXD2zwgf22sPt1sFFhWx2Mhh
4305,KsGwGe5aZjmKeDz22BQ4SQa1uOn0D0qN
4306,2TMz12qOG6yKk8nvqETZDhmkjv1slMWJ
4307,WOwbEXGb9lGd0mmEa1G91Yh1B3Y1njMq
4308,Z23cxva2pkuUhrHmgwhnpx8ufhMhVlan
4309,PiaPOwcjhsDUypwZVWrzf9AczBZcCJFx
4310,puYfzSLPYEbgN20IvVNGb0kWzZWKqZXB
4311,RaFUXqJAIJVUpBTnxUrBPsa4lThm4VeT
4312,dY14BNa5EEkgVVd39vMaIW2C9wx1bqpx
4313,YEvQesdFndpVsh2KaJ04TqHclJtTGu5K
4314,zN5I6vXZRrqAKPNFRb9lg9rYlaxgEaC0
4315,ZYt2yRTRZHCdcNTinfiBuIX3X3ryQyYl
4316,DZ78ywa1B4AAemH0d3ZOFjJiyqRFrtz6
4317,jdxj3KkyO346Ocpss5M1iaXdtQBLLyWC
4318,6Wywoa5p9mnKaeyjFd4R7GZyDl9rWWM9
4319,jBKoImYT44i8H97813v4Y2lkZTEOOkum
4320,hyG9n3wcPc4bPHUkNVo7njCYABSy6jSV
4321,oIjULEo4vKQvD9E1ZMw1lH2Nc8L2yFTD
4322,dRb8aNCg31drSVhxgTx4ZkrTTfx1ssWU
4323,cGAtLpjAIx5xseR37MGnfdMqVsp2fCdX
4324,RzjIx78mRZZYBOBft9Ch3ih5AWSY5ABP
4325,4Mdn0yIkSymXqtQ31SL4o2CPDeZdFy6M
4326,JrOuVeucB0Q8bXlFKEHtCmOVms3JDWPh
4327,kVIkhuvKd6cBvm41GWoXRr6BvZn8sLyY
4328,LUw1WKNbVOuIVeiBGphbRjYNCWFShFVX
4329,q8SxkhZqUv5ylVpaeQIj8QHShMQHOLRV
4330,KfGcuCLNrtTQriVns8mlbHLKTzmLk2p1
4331,th4ZTsizraQMAS98iVJ3aUcUI5SxTJCo
4332,upA1jw1t3Ti74BH1ngwgovPFOHdssMyf
4333,g783bH4PPSpWMhuTCz31Yse6Fmhhpm4F
4334,7SxQet4DLxDLDAZmRR7DOcBPrGHWAdtf
4335,aPrgBOa1tYsHUaPvRlvOJX2BA7XFmAXb
4336,ZjY3NpTA75mYbFMEioTUq7y8ct4bLvH7
4337,iT0B1bTUDNaUVDVTS1Dw2iyC5aL20tYH
4338,e2ldWIQuZqZdOBEiWxad6FcZZr2ohOdO
4339,TzkdMqJajUr8zAIvXhRsFIevninqLgGh
4340,zrgIP6pfwnwFXDgV29rMMknD0GG9Hf9y
4341,hfHora5AnzkVP8KLKAptjSxipnexIUJP
4342,AzUZhsB7rLnPp0Gqj6YPEaQ0ZsK3AING
4343,ou0NsW2zb5oisaWTygyvRCXDOMcDalUu
4344,qqGGW2uvsHiL4maP7OkxjQ6hGVCji4Hn
4345,rX1d9Zeap8scon6eNd2AvYkRa0MrPjtl
4346,dkcU7TXUhcgf6anU13NvANkZXNMMvQhF
4347,BBmS624alOmO2GJVpV3o3z7QdEbm733N
4348,uLw85SFbmHocEY5otJpbArPRL4DQx1vr
4349,74J45jZtzWBFTlaiTEGiLQjhppCi4EKa
4350,xfRSSn2942Q6jS2v8x2GIgJQu0j7R4FO
4351,GVNRkqS6kxys9Hd3IQlf76XQq9zmcK35
4352,DqWp0p8QQVDM7cxOgihYQeqWKuc2dHpL
4353,HhITGlaPyqssn0z2SntxDkEYCJXcqgTg
4354,9UaNXcHyP3q3MiiDk5oF01bugDGtdNcI
4355,aVlNPPmG4ni5guTrLNGVig5DI4GgwX3D
4356,jLUVnrQxFtM3zhtPX7PqFh8Hbvjd3XDH
4357,3aPL8hpV2qqIr7AnLXbxEoI3vIRO5u7a
4358,Ok5dBafOcwf6iS3k3qwPqG4SbfwXnQKH
4359,OyquA0C3iOXNBtRY04V4vtwaWg6rtse4
4360,n5i4sKxJrIP2P8Kyn16Xa0kmzFySLoPs
4361,AQ694Ulc8rA9Dd82t8AxXCCht0txaVaI
4362,GcqHmLr9Tl0YfXODGKBIsXhbKIYtHHUS
4363,gb24v00Vv7h1tZloFtmt6ElNIGhG8O5D
4364,SjVsWgNJytlyu7Esq0ehmPr6TL1mqAQl
4365,7P5ZX1ue2SbHkoCaASKz63rNe6iODzQW
4366,7V1CzcKA4rB0XYdUQ7COdF5QrmTdoFQq
4367,3St5so2SJWgbVzsiITbchgQXuHAojypy
4368,O5ymoS4PRC14c5q97HAzhGoogBZgwTIu
4369,ttZcZqK2VL2dm9Vbb5lCxWfjlhlIf43Q
4370,tK1zn3a02ZsJu2CO8wV555fhOArV0QrH
4371,YINTqRxRIEYWMCTchmJVcuyVuSQuu2OB
4372,4EEyW6a6mclHbKwGu4SPRYxCrvGKRcPF
4373,gZbaJuSs1w1bsKchx8eA9tiWo4ADqN8S
4374,MVslbR4mx0E7ogO0qr8dp8yaSRhWSein
4375,KiOwfkWmCOdwsLT6XqVdjedvV9zLIgns
4376,ebcrqzM37vdvsluDoIFwZhb6KUzxVp6Z
4377,NOieylgbbrloGqmvObJ3wQI3t6K8I3uQ
4378,xWjPsAI0e69fIFYCdCtUPRU2keHHPEtl
4379,212bx72654gSV8N2I1vouMjjv88RBAFl
4380,oerpxQs5grZdbqtEF7bPpNolBNkNJKZ0
4381,1IP86MEwjFMe5GGPe43sPd4IEOoJQUBW
4382,xLqWVW8wVg4gEbJwbWOjXzV5XFwvBl8k
4383,HfrCHr3JN7SKDCTKmXClnLwEWw2wmMoX
4384,NcnDAmGOxEDANwxHqoxWt4nJXFXmdNMt
4385,XgTKkbtMkJg3aALemAijGVmQL63Snbo1
4386,VaQT55KG6I1s19NujLWtuYd0aNPtdnks
4387,jiYCc9Sv6vgkvcmjiFeEMvjT5DV0jitX
4388,vgQnGKC34mTZJLF3Rquc6jNEsEMBZuzd
4389,3KQM4DKbbg0DeK3DWhV9L5edGO7rfIB8
4390,CoZIndDOTIL8YuMC5tQvPGNnk5fDu38F
4391,YMvWll1tsBb1BiLvRMJMjbIWhW7ox5az
4392,nLGoxDFVWnImnRkEdiXXpuRswT6DMmm0
4393,JASmXbJPFQuW3rOIQoL1meRMTnw8hGcv
4394,b6xU1vOJzLNQsJLBbwvfPDtNEcM2mDkw
4395,Z6Q2yp8JgbBJEDc9G7sMoI7140jwGLQE
4396,ALQ1zvLFVRsh2R1iTbT5VfdZscsxRjYL
4397,Q70hlGUnLUTg45uSWenD4NAPwAwkz1JA
4398,d6Enre5L6jBzGifUVfvLGYAT0QkezYx1
4399,CKGUttaBUWhXUf3OwbXYmvu54ipBj2Qj
4400,fcim1bh0eb87RSW6Xriu8sYKMg6YuEh5
4401,6IPQRKysvhvvsGhXTedfeVgJD2zaNFJH
4402,T6F1s3LLcQDtVShHrpXHgKDE1qttfUmR
4403,3MgEKoCesY3R4fZNl4vT8DdgEEeXEE7m
4404,5girLjUJXmS0VEPMwJ44avAbn9qeTXhx
4405,ynRHViw8hLNg3xG3i54k7fNpFu6f0FwC
4406,JMJ4kRjjv1vhArTOEnWxnCjNLUrrcoJa
4407,GrR6JrTOmwLgTk9VCChVNRRLpEzlzjtN
4408,6VXgW3FGt9i2pNu01H2IQAM9wkkepKlX
4409,HEqx4ANsgu6W2sbOwsCNyE8rYLfGLokM
4410,Q3uLOV5tcEKrzCHhxjMdwxMhmKsLNZep
4411,bUHcDzR0NklyZISr7noQj2kZNUoCn5si
4412,Fb5tkbmDjhvJUJGHactkRiARxsZ99Gk0
4413,oWPgGeGssUXeZyAtlus13SxOVGIb5Ri8
4414,J5iNDLcdT9IvopUhSxOTbBtP11526BAU
4415,y2HGTnuY62QXKx2lWqNn5L0eavPU5owi
4416,ZccISDaujhpsHcCIUJfk5z88CRt3c77t
4417,ktVzDF2iGTycaAgyLFreVWocqLzZ16No
4418,qqiJEh31qKGqYloBHrZb8r20AeAKUdAH
4419,MhrBlPAKYDIgU61sHIiIemhy9FpN8A2h
4420,dKx2NXcKUPYqV6spDmJFCEJ0UM3KbYpp
4421,H00XVnEVPZW2rNmJE8otDYNMSoAur8HQ
4422,lZt39n7HqgdCFMEhGnNvFQyHR4zdN3Tm
4423,p7n4mX2sJePrkvMCr77nrlFUduYphs5K
4424,AdK1iU5ymdytLK1ndIWr5WnoxgK8Woyh
4425,AVmoQKeDWvj1mhbgzqJgT0nwUBh9KmCA
4426,K5XwDdi6Qv3NsQC5DrfR2ivZqcTrqN9c
4427,Y9X0mLiiZ00QeclHjhDeWPHnxHLMhBnj
4428,tzDyOy2JsIeFrVeW1WVwFpM6yK42DhAC
4429,sXeOPsyynfWslGM3iKgslJqlTaIn8EnO
4430,iu0gqMU6QBCNsc8WFCbuEFfopIDlaJnA
4431,UTKGCy6BF7IChIn5TKoiwcl0t6fLBXk4
4432,dapIfU9aDa0TPiUcnMPLJ1UpMvOkxlRQ
4433,I4MHNw8izCDeqkbDba4mVBhljhn62Bm6
4434,CR5sR3Ddmw1iVby4ZqYJByKdnzKaHCdT
4435,kMnSs27wkbuw09WKrYbPCJLkxijpmFAp
4436,UdV1wJ3DRaYBxPOFLJJzTOszFAvFAkfr
4437,F2zFnh1jUv3yHHzNrBpjc268McSQWDVO
4438,b8dAHDtRQBIutZJ0cbeooJbqXQhzst83
4439,blvy7T4YlNWRfAyvjwLprcFyKwtwDh82
4440,A9F1K6M4pfMTEXpEj5JZndDO4iLMqRPk
4441,gDZ3Pr77JvOGiaO9K1Ga1A9lJlCHdjie
4442,XJpWZHv871vOWe75yVJAr5hYTjgxRofi
4443,O5EoXdlqWOBYTjknqxRqmSHFFoUPxrCH
4444,hmSQTsOeak1WOT0tys2l6RmDP8MdWIHg
4445,uSz1pTbUkqVaDHCvW6Z9Sw9JLI991Khl
4446,6XIAIUkXiRbiTI5GArfgRKXsgMSSHfOS
4447,VGuEFOyp58TdgDrW1WgguzR6W8efUyjD
4448,aROJgYng5jfyqR6TqckhtuCEza89jOn7
4449,ni0gJcxiHj8No14wNHNYgBK3cYkg2HFP
4450,FMeALcqruGDlo8Ow81afdwHgTghSiARZ
4451,B08a3POE6UwPFyfjcqPITcte2RbYUVQz
4452,4YeHsPYS6nmK2Vg3TGOqbobyQ6SQXYNR
4453,yQglHX3a4rEL7DVKIsVIzeG1XT1UGxuJ
4454,GMQ4IGvrWkI6g03dSOcCi6i259xXNt95
4455,GK68wSfDzDJ98soOfw4Nc43FYXcykL70
4456,NuFO2RhR5537piVQLMB42AnItmd1gsqT
4457,gqKFpIRIYN4N0y9fUbHGu2QDkRUpLJoL
4458,GWO5ufCieduqVigaNMTSaTRhSFXfDFN4
4459,Qso7qrquiR3zPm0XiaaaJbraRp5Wo3uT
4460,fKFZu1TY8sbtXippqebT7MFn2Gnbxhpb
4461,FE2qsVKdmSjo6Nli4BCsFIpYYjYqjn83
4462,sR90jwukBHILUyDx9svnvfU3zDLunNQ9
4463,SRFj8RWCzP27vhjHfhUicCNUMo4nG73A
4464,QyS7r2DfunizBPzFz8vGcufxNMsHerAT
4465,Vn7e8Mwui4DLnxwDmb6H2D8o7832Db4n
4466,WzlKiAJ6DJv3c2QNYN4A94TF9aWEhQg6
4467,nrsZgHvJavewqpgnn29eeDzjuE2AUogf
4468,ppDX2m6PIkuYcwwz1r8rC4VJp4qgrH5J
4469,fE2wNLeBdoDDSVTc53wrJGN3OyRel7pn
4470,LhIdWqqSNQJCPeOolE8KarNdcOiqeqFX
4471,9SRC8kzUSCyRDRveF7CXaNCe9ECJSlBf
4472,3axUiQ0r5vXZkVDyCXK8a2vuhTFkkyR9
4473,AqtYXRMppqhIhRD3LEUeRydCIuJqQ3Gl
4474,dFlCrGwQhiVpdUhCH01jAVz0e7SwsQS5
4475,035que0iamnQ1weaqgCxgOCIuD3Cmn3g
4476,Xb4kfmEeFREnDWVUPkDHTU1Fq8EjsdCD
4477,z1UAWaba9UevHE3piTcUWPeUG2sgNb5Y
4478,YXjyoewKmnFwHbXK9UUtXnX0Ik28V3rZ
4479,NPBzfRJS5UaZlTRY3Anw43B8Zep0nKwD
4480,8XzZYKu34s6L11Zowch3NW5QjPtG9Hum
4481,7wBHbgpgNvknZSySVZe0CSUVVpo23I6B
4482,n7yy0X1bnNpcM9Ial5y7HTtQvqlaF13E
4483,vAbUu9nC5rdrNqKTrkcbxaUbRYZIGNFi
4484,rDcJQnODhCsgUHDit0geATzN7m9mCY1U
4485,UfelPOG3ul3gRa0D5PvKL8rU79HYNfDg
4486,dED0pSWQKUqzlR4SeSrw2T48HkJ0GjIo
4487,hi28nSfb37eyX43G7GQOywUzDcWM3pLC
4488,Q7vlzqUwD0KcZ0oJIxjLaxDyPvRmNvuu
4489,px3LwH5ByCnaXQIQGLxyGhXqfYYGUCHE
4490,MmbuDwoJCs6mar4obVCT1sJ9i0tffhGa
4491,F7w04mpC9A84ZiblhJxDHFoyls54QZC5
4492,QnHDB5yWhNh5LOLa7h6iXzxzr5sdLMuL
4493,0EqsxApJc29pW0kzflid3YMWdG6iT7Uq
4494,Sc9sGhv8LuoAQ3hDPx8JKn9zhuJ1WcKb
4495,QQatfr1qrpHSSWpIGUKbVeGpXOxkC1ks
4496,aAYIq2MkIdHe7a2pw5gcn1tY50wMmnTg
4497,z4UPcjKgZaBR9z2cz34T3HT9npreaZbE
4498,MT8x1L8mLyr9UGQcXMnJ2RH2fZLVM0UT
4499,JeC1hRQniTwheFaAsAFtTNq0fZjUV1fE
4500,X9eurZjtZ7E924WkQ6124Bqsx4wMXcC1
4501,tyfGmwPCR0djG19pQLGMnjUHDwH09rya
4502,pAEyte03Ze2P5N1znvoPo4WnLpPYzHf3
4503,RJE1LISUsm4mb6hgxoph4Lr8AFXy4ECT
4504,0Bla1o3j4Rpv77Ry095qtxvt0waZbrKW
4505,Cz6W4xLzzQ7wQYxFujwqjW8gnD633m3V
4506,eYQK9vI11DoPVSmHT3617U3dCWqW5FqA
4507,gS0kmrjHqLzWjFCNxIQ18E8jAD0ZTwN0
4508,2W7LFtMT4AMCNBISe4trx9KZtQ0AHT8k
4509,rTwZHykv9QDdYPftGWCAu9nBSAWmBojB
4510,BcQgh3dJeowoNWckVc5nGySdo8FVT3AJ
4511,DZ9nHvxoWqXgbg21PwMnNiR40Duobjl0
4512,lFzT9YDarO4b0bDoqyXh6I7GkBzR1jug
4513,3qOqrG2qn3yNdOFBwI4D1awRo9YtJIDQ
4514,KYXlp808BvFEGfZeIVpTXc0fBfhDv5Ha
4515,rmm6Ei2ip2cP7UTQZ2bePDsi6um8ZD5X
4516,BsjzwqSIYRcIimuzV48nS59q4NXAOSdw
4517,V0hMLEjelHMK5UfNu5liklMov5iK0AGE
4518,fRNkbdKiUvxmSMoCrxIwvgFr3oFk28YL
4519,CFZra2HGMaHQSwEdxNvEgHPXjy2N2Lrs
4520,KmsCnlMGucrKtm9edakPL4p3b8RF3crR
4521,vatY1vIv0TL6Y1qxHtyIlctqBvCRFnaL
4522,AanCv4d2FE2YdtyMOF8AKyfea9YPi4VO
4523,gLyAi7Ngdt3oNf9eylA8aj6iUpD24JvW
4524,oFtzzSvCoVFHfZO4bNoqv6qHF3KlfvYW
4525,av1mcgBF9Z6HZVqQ3ftR9N12fnHRWvfG
4526,CCD0E3WPDygfHMoRBSUfH0bSJB8u7Tbn
4527,cXQc0yYeywdsHTk50V93otyAklhgenq0
4528,HekdQM2a06Yigwomv8UfmxFR7Rk1FNNZ
4529,tjVG4K7fTN5HZjyBvBty8wzfNTl9LMdA
4530,93ZcsSfDrgaFPVaHIKIiD58g0wS2WVLQ
4531,18YeCu4AMcNvWjZVe0aycNR9cFR8uAV8
4532,ERR9XcWBHmMrm55sfHVXAi16UStfLgKX
4533,OP77DAxQ3ZKSSTYdHMfe1B5Dn3SAXy5i
4534,Dch78TFqSA9CLhsadI6aAD1z08axlLUM
4535,I12UcHjQlO4kQCgf1R76mXxHKzwWTLOJ
4536,1auTFBXh5rQ5LY6MpGY1U5yk5wsMiAlu
4537,UAmpmWTWd5c24TGZuEQVjvRrfWy8yzYH
4538,nTBMqnEsF4tadOiUm5nol7DFgZeqtiIj
4539,loExikxtZTgdkAqHx1s6jo8VO8QdHhhs
4540,hLJQ6vzsD1FNeDuEWtNo47VkghHECYq8
4541,YI7UhcgOwSayXPEi8QsY44qJQLXrcAKI
4542,a9nCOJIpH5V6WoIZmJ9TUBbCwPZSKTKg
4543,fFJncvmtUFa9vo3Mt9lqz0urVUKZGG1x
4544,32MqZwXf31uJdphLNHhaJ4A719mOS88l
4545,4jcQZGY4P0stqqM4SrLC4u2yfPxDPTrh
4546,UQdmGmAUcGxhNZeEsjn8RfezSAt4Fx4L
4547,fOHxzOORQwMrljL4jGfa8PABD3ZPQYcK
4548,bjL8VnFWEuNxEpcG8FZ6w9HxZFPRf8hC
4549,Io21VVFx4jElVOZI5HFKdMdbml9SpsHw
4550,89fQGMqiKNl3sbjFfGp3ZQyBYxdggXb4
4551,UwQU0m8bwSHDPrW0C8ngaOZEcwdqH97U
4552,k0p8ySdzVKpsbjZQKaSAjkg7BVNzAdbD
4553,WYIuYa8ZxbuAqSzSsRN2JGHeQw3m2kfE
4554,RokelU3530tj9TktvJuWs4G1gstzIJ0q
4555,7PJm84wJfNqrbTUN6UdEIT8KEJIzxGf8
4556,bklHnjnTCz2INWgln6Sa0nSugTyToppe
4557,CGznBsHo5eesedpv67zOmIbuVoifZCFI
4558,r6xvXQWkTsNxxp2drZvJ7nQQorNQ7WnP
4559,sGEcFKPdSFb68PgFNBvnQs7CCHjEz1dh
4560,GpXPSnwKjRcrYT2RnNYBNrwmRuNxDxA9
4561,T058CPRAMqJr0TOcV6KhhrZBzLOQKonD
4562,zQfphdk5kOD6d9rjjHaeQBXLNT4o9BY0
4563,Cr83JnwPzOWLltU94tYwdjCAg2fDhgZ0
4564,mW5qgchZXWzvW5pbJLEURErAPqchuWCL
4565,hfV7r4Jt5BVkHfxDVxjxy8fS05kxLwiz
4566,U4LKIWwoGW9LGsv27gOw3Ec1xNktwcLt
4567,XZXiDpqbXyA1Np8fGj3R8OoArjyFvuHq
4568,kjCraFzAZ1zeP5D2AmifPJu8JFRxXuY7
4569,4d8Twn6bhcgWtbUTlZHEeq8y4AWckMPS
4570,NqMKEI5Jy6ZsvKKSGDe6ReIrKNYYBlTY
4571,ylsupTggtIevJJOtFfLfKythnGcmqDtc
4572,5jAuAUYtdUUgHzWQd2dV84qwRyKT2Xz9
4573,AlhsnotQtFG2393taj1ZESyrNaBpjZTo
4574,6gung5yb3opWNiFVed5Ikogpp9tB4Anv
4575,axLZR8ub5fdAKuf70zDmAnTGeZ12pZeQ
4576,kIRzLaiUWJSrSvJndKvGUw6K7RMzv8P1
4577,pBKhsmnLr3Kv1xUh7wgqLGjB9QIOifRC
4578,z1qFxtxswDShPkPwdSo8tDMR8MCZPBTL
4579,EaxfQd9GnxAOFA6dgWWsGED4lnS5tMKo
4580,UtMKqjmSmPfHaT7akmQ6Yv4SW6fFMCIt
4581,csfdNzWqsQtutdI8nFLJctWuLqX8Of1s
4582,QsXltRzukp8gRZn6mv6caJWCeE0ffWhz
4583,ecPJQA3H6BkLizuUUjzcWzQKtABBVKJq
4584,uqLTQ0xcl1iSqtinqvIGqZUJlh5uFRGV
4585,GotDWD4G9vhVPLKTfmEglA582VWzrNIO
4586,CtJzbJR3YoAeqIEkt5rPXAxvpurWTrCF
4587,aTpuP4Oh8mgaOKh0P6DIQjjaBW5Aovvi
4588,6abhfn8TjlKH470CaiuXK0hiIU2vJzJL
4589,IPNx23vAjc2T06n2oQwLaHO7WOSWzCLn
4590,rrPPcnpgVQwfcevMIJC3R8npbiSrfFGq
4591,DWaC6QOotV9mJwR9TWBQ0H7dh0OWT09j
4592,qdjhnxi32P767CKeYGA4tjStEFSJN7T6
4593,FhB5vKcaHaU9geMOF9RoVy1IoOl9OMTX
4594,gY7eIHsp7vNBYo9VYM3jI7Lx9cLtSDZj
4595,noD3xrYtH9HgreVfRWUTmqeYJ3sUEzfr
4596,X6B2Xw3kRo0L5zI9zzt9NfV2Nz699zTU
4597,J8Namh350kHpxts3x9iLxIJ93mOVzK6I
4598,ZxeNTwiXh8GNE7iotpiBhltvwf1lAG6h
4599,YKmLBRFJTzrGb4idklwAAsKpYz0poty9
4600,yhWRL8WrBV4p3UJaSBQy4PxZMviOvi6p
4601,9H6PgvayMd6pmysH6B0wPIbIeJ9pTVZj
4602,4sLm73PgseubjYO3XAs56asFBpFoPWtO
4603,UD17lKxg5fBTTZtbUScuakWlFnbExuX5
4604,mJKhRfmgn7YCMIcgSP4UA2EpCRDfPQ7g
4605,utw8XF9aI5g0GELvCZ0Rgy2oAlg3Ibf3
4606,3GWCEH5Ln8pUMrZFdiuXtkND4XGCgmrq
4607,kzmcVx8rQkkybgyTp88m0JTwBzaD04fa
4608,etpAEd5fmV7iFCV8jkQTamGbcEzs0DK3
4609,LwLtyggQbmjl6SszPR8pxjFHpqmNZEXH
4610,G5gbPBZQ4q9suXAArxoZo8X3oe1L2Xcw
4611,a4w2zE1atDAKSQdT41UqgdGRV8wcnAvN
4612,VRqDnOzzanftok7VNkoLdWQH49FQE0q7
4613,1osHnlzCZOXH1zBRiZzDV43omGLpYcqE
4614,ye70l7pRHeTGiyEGtvDjhxFpOwCFnd8i
4615,O1dsxDDV9aSJ9cRNPXkv6zPTe4JtXAKH
4616,JIfeRrUvD4qGl20Abn4MSNnDsjXOwsQQ
4617,nmHE1dpL3xEDBzCb3FfEJSecBCKlXcQP
4618,NQt5Nf8jOHQuRwTYs375CMiCZAos8kX5
4619,czBhrE1oFLh6yZ3XBbxLF4vEgc5QSEVD
4620,O46d4viXMv9b5uqpwZL326yPtDJI1Kri
4621,mZYqLZZPXcsIn10Z7AgvTidLb118HyOV
4622,IDk1LZCmGKR5h9Sn6Y70yLDH62N7sRuL
4623,KvaNz66UV8oWNg97qxASq0t60bElTi54
4624,QOA5helwBqLoufIiItWbHDIliBYC2a04
4625,3qhQuSKuIZAhRLsJoArxEGnZJGENFF0H
4626,LukRTIsETHThsIJfp0CopkkDouiUc5vf
4627,gQX5hBjrmD99RJK26ie56Btuc504GagD
4628,x0b0x5VZekB6bivWyUvT7TA0lLTMtMHW
4629,0VZn1j4W4ISu5igJbJLmVcamV0zbazU6
4630,99h2UCF1tjdNHm7NJy4R4b48TkxoUEov
4631,mEIzybvNW1OcW9IO6dXuPSabZtF1n7dV
4632,SA6klhzexV6bYVjjLcgeHBaUnwuBwODj
4633,TNRMs3tzHJvUurfk8hDFu4A7ooE03j0o
4634,IeoM6pmYXodFTuniaqNwyVq2tB4sK0jw
4635,2zXryxTbxFo0YFaJGcRfVsumugL1GTDc
4636,B5fnQ5MZ9vkfVZyZkM8Ms7BaSLsFNyrR
4637,Xp8kiGAihiJyHV8atLeKtqw0druT3RzV
4638,hufrWbpL3t6WLGrlhvXh9HX1TiIIlvWK
4639,4dvi0P8tovnT525GY70RTGLsXux1b3Oj
4640,0JSBPkj5DI5Hblzqnu0jRiJsfoQCmySP
4641,jMYeuiyrKzduyi26cDtikIbcHkNMCLsg
4642,LQCAlR0z3PLn8shZhEQxfGPRQoi1thaj
4643,L3hY43io4Yh54dXBwNbKqZ6YKIC0rUHW
4644,mip6askprfjDOGJTfZjIIHovBgFzwbxW
4645,XwrIhYoRXHeg43sm5XixwtxpARodN5bX
4646,DQtkj5BWOxzdVxJpOGsYLiqhmkf4iwt4
4647,swaChVPMuHjZwUZXdGkVhYlo3a7ciDRz
4648,JmwngplJFEfSo3KjFtsKuK4BZvXjuZAd
4649,iHfbV8fvnFuhe7lpi2U4ND8vI8v01HGU
4650,upOu0xmbm4IeliuhCbIcYWj88Vtmx8qK
4651,7QrUl2vDDWjQkWXMYxgbmWyLV2d2vvhW
4652,kqxHxqOBrpHSWwg97KsmZpWIrnX98Azb
4653,BiGAzkDN0uriyX0oI5aj1dtD1ggPwbTC
4654,PGyMY1QaD0GHU7jDPQMgiUnPZk0bSilf
4655,uyrki5QJpq6Ipl3mqXdX6bpUj6S63SnT
4656,nljdV09hd0ff5ajR4Y9rTFILiyFu51MV
4657,VEWe7Zr4rjPrKHuyyTzXL4bSZMXRfgFx
4658,qEo81We90nAV4OqrJ05vOXyQX9nwvfpX
4659,JthsxkEITj2WO2GTtA3Vdri8W1SXX07Z
4660,qJKkZ5AbPw3gYQEc50OBgfhaMvwM9N4A
4661,2loq37pPWYNZl2v4CKQvmQe90sJ2IIjw
4662,ggi4fHUdwNDsMs4CCOLR5JkQso0PxwQr
4663,b3Z8LFg5y1EEztaATVJs0xD3vd7EdLTk
4664,iwGkmsfbrUg42lRpbdVPsGydIRgQmrQv
4665,PzYbBDGrWO5TNk7tFdtvBO8dsnoK4OKH
4666,AZsI6egHmgimacurkKn2lRP6w9ZCGQoG
4667,UzdekDJk5HTReRkowcLpqyzACZezOazp
4668,7hfoOl7kFBPgG94BTuKGMuPa0UyaPHyq
4669,5xWwbeVBtNcqjnzwZ6lgGlKN63JD1Gal
4670,qvPtV64PMgpveL72If7QuHEiDWXDBIhK
4671,5KPkLrYAaR2WOEv2LIY1BK3RH9Av8M4Q
4672,ps8JItf57FbvVPzwOSEdFm52ERBvqmve
4673,NPDk4LeK6P7yq72L3e6RtLropr2zO7qf
4674,hbzG9bdl4K9F1LcgED4oHniE1F42Zfx7
4675,wawTmrr8t2I0TgGbACx6b8wfSijCd19J
4676,gBhCj8elxjLOtPxu9JqjkPNW2EVcandn
4677,wy7Rf3A5Qj0JjqvQiEebHwvsNjk9o7Bk
4678,p5tghe8gQ1JVYsUSeDa6Fudoyv3UltxJ
4679,MBJvzDB635btYmjfYvkrUNVoxwAsSh1D
4680,Z4SXYmusMyQtzmukQeu5rpgOma8EIelr
4681,acqSkHdV8h9c7kYjtNpzucMhdA8MGleU
4682,svcXbQzFraHPMxA5rLdjUbRshD928FaL
4683,KIxsRPksdzJoRbI4NnHBnB3mBTjNXTrV
4684,bCKU3qTZJxnl6TrDhTYIXl9laUuv85vr
4685,6Be5sqP3Yl5pVFBRT4THbEVAP0tLyiER
4686,RLW7WpCJg2RR2hvw1juMvqz1ioRD50NX
4687,joWiTYzQQyXjlwIZiR4vJkIxOQzaLdIc
4688,gvuNgCcpAKWlHkhxuVfINw68013hijpW
4689,hoHeDaPcu7c13qxEBlEFjMwadUA5N6It
4690,5O3CUANqQn5rlZij3iuMZN0mkewLIC20
4691,DU1BoNuRbtF6Vqrh6ooRJ7HCY3LefpZE
4692,ykIEOpuuoZWYzgBbgZg2VpKSesPurpZI
4693,KbSKtgNUJs1uEswmJbflCx5bgCTz1fCh
4694,gVG0OjpAxrUJjlBSev35eZ1mz1Z3lU7w
4695,xE8jJKFavZTR4E2VD7E5PX6ISPxABPZG
4696,Qn7gkVXBumt9R8DxiYSBQKa92Kxr7lyn
4697,ooUOwqu17fLMTsQbPF5lGy3t6YWlr6hP
4698,D6aBG9TVFP96eyGpRqSQCdDLd2sPzuDT
4699,NSaXOTenRadnHSU9CYLNHSGukttORf0q
4700,nYAfct8D01OjrXk6Vh4D2L6cubcEVOiN
4701,85SEafuUPXkL5sR1iEUkiGiNmOY93YM5
4702,wVsPY7Vg9y11gyXadsL7tzjyzI58tbcK
4703,FpFvg0GFJhJ4AVrAcjZnoYO9EEQWTAlj
4704,huciXPZItqWgDm6m8WqvFsYuVQZDJNsS
4705,CSDzDywYKBiILpJyJiVkmtmA8IjlUYZ8
4706,gMUGOuyj2iymgk6FBACZ6A8xt1aXywdK
4707,HFfdxJgBhLc67FomXGNmSZmGH74PU5sz
4708,8PlloCql4DDQ0fzYJERLQDMSkjkCbT1l
4709,COn3FijNWzosGlG4NiYgEtY6YdaRxGyM
4710,F7vNK6S0QmSqBKr9KAs9hNnmU9BcBC13
4711,hrzbpDPvV9pmwe1nxeuNd1BbwFWkSv3b
4712,ku6PJQAoYaRHSAXSTFdavJ1TjOjstjo9
4713,f1drTbLlMNYFBVFIynTEZ0qTdrrnXW18
4714,nr1Y9sfCS9m2Qv0SY98mPoLlzsX5sZf3
4715,fQ5HdBPxtlKvcxpFHGwkzjC2MS7JQea0
4716,gjZlGrFZ3dCkRdLnRBRAO3BQ9ArlbdZn
4717,ChMaClhShSSzBZQ5eiJWkZN5ymrAxzF9
4718,mNaub4xrmfAjT2uSqEfJ7gEvL4VthZFF
4719,87zysNSib951hPTJtQejPxHxbfL1j11f
4720,ENAFmQUGTnIxyEyaQP86i7Viu6sl06jw
4721,qlr5mpOUl0wvSaJ5g48G2ZCK1sLR2UDK
4722,NV6pHZbLznKaG0j8rEjHodfPoLmKj1RI
4723,4xMiiLDN8DAk5E2eXM0L4wpFwmr1TJvJ
4724,SimTvTqHOrc9UDVzwAbrsV12BdRS0lhp
4725,mPdPTgVZTFO8snC8rvwghjCLfkCXamcU
4726,Nnl2mtsQhAJWtIaKcxrhN2klwLcXMeQd
4727,PT0UCl8XFTVBQXJTRz5ExEkPGX39CYQA
4728,qvxl56OY9lknjnVIaZv67ol71yYgLi7K
4729,GRj5xntx1zS9dcfVGkxn3Duh0Tc3Spkm
4730,w84vKAZRK1hnXirqEziZ27B8ruk4mcxD
4731,L4SJKM9h2SWVTeyYnJuqRarYXgnRnNFp
4732,OXnCdpXji03AjcIAofo459UZHYfT9WhH
4733,DSEcCCkhe1CGShcUS0gjTKPBJ7Eln9Mw
4734,QkuUW0z8F4Gwl0Tk9JZUnQX3Pk5y8iFa
4735,sz6VexBekZxQYw6nq3jVjH8IBSXUNRQs
4736,IpSDX7tbSKBdJgqZiPxKxQ1sQmrFFZKY
4737,AxrgFoyxOQ76ymFwnhwkgtLFpkv7llww
4738,glWoPCHlAf7qKegqobfdHwlxcfZZxdkB
4739,GbR5cBO4daaoREB6u5dNeFWFAMHe7UIL
4740,fD3HCNMWhxYxsQaxIgLkAlipA4txGu9z
4741,QBuEXsa9CJoarCtspaGIvJizU28qtjfJ
4742,UJcEoSkiYs9IiaIPZKq40HLpfMamB0ig
4743,gNyOVNo5F4vh3h2Ydd1ixDVVzhrwY2t5
4744,OYYOzQnu5LOrxCqm1uVR1sX6sn6Kh1zv
4745,FuOJwhVIoi3z5ZwkrISazAH85fs00dEB
4746,ImKmBh8sMEnSOYO5wKqfylH6cmdXCVDt
4747,Mw2GAtZa2RgFCBGpK3Y385jtuyCoJl8d
4748,wK0GeGrB55cQQPF33sPeUPSG78pZitts
4749,ZkfmKj5vV0wRayEKcChxXJPObTjCSLMw
4750,FhhiHr0vcs2GfCyQR6nYYlWQxUVfr8ul
4751,0frc5Qi5g0ghPGQNiXRbBvRDx5v9ThJL
4752,ayHmcQvg3pEVI6WzxQCg8pRiCpFENVem
4753,tt87VbVf6fOpfrNsAR8bzDJcnpq8SoGe
4754,X9jgxWOYxOOKfVBKCrLd7WM8fzpI3fCG
4755,sb0wiQITQllEgknlaAktmB2j1DbaDDuF
4756,e0vTHANhCn1F7RiARg8lKz8LHfPORpxZ
4757,QcM4dxA9uFrO3BH7WryxoEfGiQNJ20J7
4758,mJ6F5wkqeuAa0LdATEQYPhWrWSDnX72A
4759,QdARz1WvTUcromEbfyQwePmqoqvPop1s
4760,eJLA0m2vLDrIwOrD9t02pjuF0BCf3L5C
4761,JdXfoHRamBefH7rFaFtfiN95kfw1XU3o
4762,AdZjBnFHs5I6F2pe3AECp60PjezmCP5z
4763,xFeyPGGIAoGPRn824W6tlfhbCrYqTf1d
4764,M98o7hqPTpYzzI2dYuA6UvPR751dLxxW
4765,NgAf1mC1KA2m9HwOqF0ht1JZZ46wrBCf
4766,1leJDxC0kElLS5vk9ahvptvG8UwyKaWg
4767,iA9rImTgv5MYcDBiVv2waPdArQKVPHNs
4768,p0JCeFNyVXbz7fMfrulkixFNFFPoXTp1
4769,7cJx8ceTOowSvAErdEt2FoA6FwGC6Sna
4770,7Ti73oAmq6yPYoH0clWOLbukeFhI642o
4771,qWnDgCAOpU5z8sHMYgscLp98ACkuXUnq
4772,fLeBsw0nnUPJ7DC6owUUhRtqGOB01jqu
4773,mJ5OrxDPExamS0S4VZUiM8ocAQvQj5nC
4774,ZQfPckOasqdNfgq8tcZsC6tsjaVIeJ6A
4775,b6UZSrFReexnBkUvabyCjlSJ6dpPkmLO
4776,bHg17ZHTafZJWjH77x0vyPejSyLQKlf6
4777,zsdM8qxi9BLMmpodlyqqfN7i6vMvxyyy
4778,HTehdFFW4NsXhjXy3A2g5G1Qo8gKKLdW
4779,AacLYvguGTnXYwB5GkZ3mAjFbEyT8Ksx
4780,TtVDNy9UmhZonx92ICEfl5tJRRTHn6S4
4781,XFJwNbloFutsXn2lQmB4C3FmmbuU5dDC
4782,dGIGmJeCb25hgQSMpXbstaWknObjLDcs
4783,mR3dwLg4kWrss593mV2VJcsBi5px6Nny
4784,AuG7MYvMb1gEf15IVqd0aKAIHV4lbEBK
4785,O8IVgDQxZ39uuVJSqtQFVnNlqks4TkHb
4786,izNQ9w8lQj2woYxebhfNiJMF1ZQCKnLR
4787,omlaf3uC7C7buiDED6u8PwUEEtYnzt3P
4788,YqAJjIzczpkTdhqSQdIX5Jyk3gyGOJYD
4789,lt8OLvbY2LcOxvkFRCqHX8vr5r7yO49L
4790,qw6IijoUbnZtrzgUZaO1ngUArNfueTdR
4791,BHLCDmJHTUle3WTRzjJJuY4qlTDnsRsO
4792,odfwfoCyx6n0gTA7G3ZQM7zfwzR6xsBx
4793,LAQc5cMwxReMOaYufqaKSQPK3HDK3unR
4794,lgdlcDMNnravjSggfkxH5TFxRKtJe44w
4795,GlTzYl0vZoUIxWxyq8EEZQH1RRIMQHOX
4796,oJELeYN4DW4V1o5DYoD7UdAhxSXJUNLq
4797,uIXz6J3FzljXBO535byGsbq7jDXmnf6i
4798,N5Se0oUj5HTuh4AOJGTou8b72neNhCJ2
4799,0xHtbo04xjYaIVb73DI972cy8iqMzcZl
4800,DwOgPgHVyoBmmM6YHccc4YaKnjLcZG1c
4801,RQDgtNplS8R5Dumr9YKuyCW4zwZZOi1G
4802,6I7CuBH859NJw2WBtU16ljqON5omJ77W
4803,T4qqQuw65lVD0cb7eJyrtrK0J9IppgQP
4804,fo8mRi1nE6f0a1oZ8xPsOwFq7vUvE7xK
4805,7hBCNBnhrBMc23uiwP1zd2LHnVyp6dnK
4806,lj32zuy64Wdu5xsrwOJMFn9P3HScldvN
4807,9OUZ1CK7Zwx1RB0QL8AbeJb7WD0Qx9K8
4808,U65tdLVzTBu2uI1Ep2WT2V35pOvCccZs
4809,psaAUIU3ILFqjwIbg0AB9kdk6a7IgLKP
4810,87ZqvIzSrPvNlNryiDHeDQjzWgWbOX2A
4811,XlLnn6K70u43t7zPjs1RZw9irKw9NMoM
4812,KChbIl6ZVlOEpMHF3JvK9mIKH7OcFtva
4813,tym4PlfyKsNdRzWvoXf3qqExCWI3lPfG
4814,oUTUvJHu758XhM4uPukg33U199gDTqC8
4815,3h7iWPwZJ51jZZSBn7WdYCuEgaqAVx2Q
4816,G7qfkIRtIOHWuHTKj6qQresyHTFfPE8U
4817,Lbe1zS0iXMWxuy1JHMvpW8ISbFZxw2rS
4818,1Cf2ryC1QbBcyei7ckh11bNj6CkbXmcZ
4819,UtKgDuWIw7eTBMOR00OAxwjyXnH1eHxR
4820,s2ncQmrFNSrt7VgHpnpbAc0Qsauc32Sr
4821,qTSPovGSPFihqYZwMc2sjTJEctlSvDh2
4822,866G8sOZl1Qn2K4zO8IZmvetw1vAYbbA
4823,pIyTAWBsHNaJwITHdIUNdbDPEzifK71d
4824,NMTuf84rjEN2eEf0mYqwKIWKtz3NKlOz
4825,6R2uTU6CokDweYnhcStUvvQvBY2B4hIY
4826,VUAffC0WuenOLIhAIRVL6rl9LjOinlcy
4827,4DT0nTIS8sEEED7U5u8BwZNeM0GhlwMT
4828,14QbcnkvDgFiJjmCAj3J6MzHU75Z3Xqa
4829,OfPSTA9NWfJqQzKzMd2WbRDnby9MvCdI
4830,QmsVgDmJlpW0H69DHM8rE0vIH7eOPbEB
4831,RxNtAVeDIYa45D1A5aAIkvTvCM6deDrJ
4832,9ULqtZ8LySoGoZtMSf70G0SVMe0WwoVR
4833,jp7GzS0AmV9k5giNczUNWl8v3twTgU01
4834,1ozVWtJbmU7ZUFhotfD46TAfFNA9txLa
4835,qgnKSEVBSlgka5ziWl0ryHM4gaJsCXGE
4836,QGV26hmfPPWTsH471RpuXvrxYIKDJT4G
4837,lX3yfRpYeWKCeIGWuKJ2CVIDN5D3kPeo
4838,vjrQd6Eao4UW4v4HQpHCS2VA1vYiK1bM
4839,V9Tz9Mas7Pd5jG1OT6MdNzHhs1m2M7gQ
4840,Rf3PggRZP0EOJOUG6rXu1mxzgTO8u9GL
4841,a6TXa4MHBuGHDbd0HulM8EgqgwjqvHZO
4842,mXjwbnZwSjupaPrmZUyzOb0jncLrHCYj
4843,sS4XNwrEd6sGzgY17zrMavtGK57t5j28
4844,CNdI2DR7hh8qjn7CHOIBeXnMe6HET0i1
4845,CXGBUZvxhizzIjKzIIJUEPX9jg6PyQsa
4846,sEKYXCxxUQeB2nZz688k6No4Ftkro93H
4847,O4xB688HjQGbKDZEwAeIwTuJSgnsCwAU
4848,QQxb6cF2bWwECH7A1PN4p6BA1mDL4lYu
4849,GClwKVc9XfIfNQiAB4iX6naiWD9Gwbcj
4850,1mLxcngNsZyQhfgnbMbIuB5Xq7NE4ASL
4851,9WulVnwKXWOTbSYEK3kyEUajS0tSAyuU
4852,CpH188Le6k7Cnvf6YC58yKSIg1QAV3ln
4853,cfPmWr95pD3gKgdyw850FpNOVELmZ9sl
4854,HFcEBqnZzpkc3KQ5aYLIdqQjQeggzEHB
4855,elKIEfxiaVK1yaPJcM0gbxXgHmQzhohh
4856,YMJvu0xO6lTt8jGG441OfzTF6250Ruka
4857,WRHYTCjVUYvWW40MwYL9Lrwv9f7gwo3A
4858,2a2x5fdCKyRHYpTyKlaWL2t9XWuhCoF6
4859,RYLzaEuORJ4j9hb7CvSYrn34Kbn5oVTb
4860,oBqn1aXgg4KzhT264sfF9I5m1gQbjCsa
4861,tUG2sMEc0dH4t8jZtISXO1CZaoXmWwdh
4862,rhv2dzK8LCmtwQvo9sbIHWq2oQqj7Zkp
4863,Gcj7UyNyztfH9Wxrz4GLMn3pCEr44BFK
4864,AwkHomfNFMfDSiS0IHuTcEsKjBNh6yjo
4865,Q6Lc70dJX9eUF4cJRkN1JiOhERV8jmZT
4866,bMCeVxaR6QEI3zfEIeNhRC1WV81xQ5ZS
4867,aZZK5liHh5lOyQwxZ7JUCilxiCzTY9Z3
4868,0Mj3gu06aAJLlDnraNOT80k6AViOZ9Bn
4869,ZOlpBMiFrMum3FkhlspndypeXDxkQatR
4870,gnJqShFIkTUyYcLa34BnKeZt7ChrN85d
4871,mm50GADIlpBwFl0rZKEkc54BH2zXdtgG
4872,725UJX0TyeWLIkaIZsWfYJPIe2GDc4AO
4873,Ieb553sEDXcmHPFR7AKpkWFTYDvnyKr6
4874,aaD4ZhrAAaZsRuL8EDm4Mr7Z3nmECfhj
4875,zUHRz1eEngtf765dGYntKC79d7Y7y9NB
4876,Asbhmj5WNc16yEAywQBOvohgL4i1tW1u
4877,QD1qkEYjcyxS35ktYLlF9WM5YTYajzq1
4878,UibX2rTo03X34KU8iQY0wwh28Ro0bfGj
4879,Bdn3QrALaHZB7Cx1VgrTPwLJVC25KwSw
4880,e1848kahQIX7jmzdqXqAJuafoylXnEM1
4881,wvp0ef70BuQs2P8J2tyOY60ql6kDSHxm
4882,qLZewO0KRacU37qUC362J6hGl2rOVEYK
4883,rYec81n68Dg8aQqO3aaxg1HnvJBv7kj6
4884,hv08g3aCSYV8RNUfr6nUiDxRY6J4CjQ9
4885,ajKoV2WVPMsokvdLcpO1x8zrCfAaeT9L
4886,sgYkVGCH3QTg4bkqGQNqilZVC24mcyrV
4887,URZmZp1Y8YQAhSPvBIIiB4e1LT9GCZin
4888,qADvc5atTTLMgQjr1a0qMrjbgHFn9eAo
4889,8SNhTPSFAoKBMhGrmoYafNfGcG2m1RKX
4890,a0y14iLbDRzhDArDBkcBXFZMtlnsuPc7
4891,y0iukOKCydibdIWRIGXF30dx9UgfQpSg
4892,CGLNdesqVDlqdhNd8PWkgDCiglUOkma5
4893,CmTau7IEzd2C3SIcGSFMPlz6Hq7jiUTz
4894,o55ETQno8ZBJMP72NwuJSreD8S9SQf2G
4895,Jj3vfJZpJ7aZ3RSdk8CrWrnjU0XHToIn
4896,Kz97mQWLJmJPEoOPcTzbjbExrjfbijip
4897,WIuI2exx6fu587ch7gwYYOdi2JROwseE
4898,BuAB5KDYQGjj098ntm7f52B3ZMVPMpVK
4899,tGSyWHYffcZpQ0cQGSITF3336SAYSPL8
4900,LFZlOBoOV6nK7oFwtM61VxIxooGaljU4
4901,oFsIop2fSFjzxoqXKc6LUAEx0OsjLOgW
4902,59NaSrsSiKw2RcLvkCIu4VTze6JQK4uY
4903,bq0cGIqhJ1nxkiNvYVC1qrRjkXY01WZb
4904,lsWtJh8TgjQidu5QZh9WCXTCTFZn5teB
4905,fgNeQY8vVofHfk9R5Kx94ezLcmhJhcUj
4906,4qCfQwflGvesmy06FPZ69I9hXzXRQIlv
4907,VdjmzuKHEre557RdutCQuqaFuQmmdSsC
4908,AZh2J0olI5mFV566O6qwcCmMf6n86lGk
4909,MWZKY0VUWrsh9sJppCLbJJfAQ54pvlHr
4910,QYyUAiuRKJ1nUeWaxRTbOySsI3c7W8sM
4911,I4lOaVV2BXydIwPnnHIsd8MAmevvtZfl
4912,OcfSwjpzstQpQFq883tIwVK2FLqgh6CH
4913,7HWzrTZQCVxBBeOp4yrU4lU4oE8TOykm
4914,IUwj3srcAET3fsNj4aR3DgukcMJ3EWSf
4915,77pHAo2TVaDabDPqXWKqXrokaI2aeBci
4916,flFbfivO6YHxH5Q5LA87bWisoythduP8
4917,slctlv7VAOEhBXezk4T297VSuG9xZpfG
4918,1dlFNdcYJJXkKVDhrTKxBUni7FIm2gss
4919,EFN1n6YcuzVhbjcbCXwwTIbekZ1M5Z16
4920,rbePG1GLJUSupYOjUIa9VTxtqvFfq03S
4921,noikW0OdMfNeuNxrHwsKkEJfAJmpxwfh
4922,1j0ykPN6X9qIVu2EyW9EHJQ2Qt0nlUh7
4923,k2nly5eqUDQj9CrfdH3cDfAMrE1cuuG2
4924,2ZbL2BZFhvAdRbwg61ua7unocBJY5wFV
4925,PowebX7DHK3fB9rQnmWUBXy8BYlDpsTn
4926,nmhrKVkvGysR9pBsEivekhYaWVAhrCco
4927,R1HMn4Ka06A3MxfuN25VCRQP9svgrYSf
4928,ILmU03RQZ6BodP704CfX3RWH1FFhj8Zl
4929,tjNrQF6ygOYh8Wq1QmIGrzY80VRQFoLT
4930,JIPPzXfUpNaKQcJEF9ocUlasJ3paruwD
4931,g93odXLbdTEVKrC8GQfc8pidMut0BnwZ
4932,U1ZKgUa7gR6E86CVsmFxxbWdLc1MKIfr
4933,bJko9TroRIJyXeK3Mt7jSnAULtXGpcAm
4934,oed39US9AGXV5N0RhRvpXt8RLKehfmSy
4935,xDCANxs6yaITJaVUAZzXE2ZniHQaKwha
4936,Iv9ELIq3ZqoZqXPin1T5j2T1akBaQsAx
4937,6YYRqKSCk7KdSLcFDeEcFeIzZZUn560h
4938,wgb6ya15hRks9o32QvSfSPTogE0BQP8D
4939,NcTQfXq5OcFxQlZ1atOphBUtmbRRU8Li
4940,uzynzEBAwiDMHrBlAXjdfRWacWlq62p9
4941,73tXNeHtXnOhu3nsf4ufiQo6LypiLaVl
4942,xGKF4wllG9iHWpTZ213nxghXpacKQxgG
4943,ZM4vDtRQSh3wyY1JeXIeEEQg6DDpjnPL
4944,ElWmkMAgqFSnHtWN4TqeE7pdvYNpX8qJ
4945,E5pCcgBwmrgh3BqtxjcmOH7JVHOddBFy
4946,u69EBKZh1omrEBjSZLltysJKdjVz4jT0
4947,ALjCpwp3mZzeIVCWby9da54jxhPYjOsz
4948,7wdo1ANjQwNUF1wH6OJabclGnU7Nc5Nn
4949,kOEZSfFTnyZzaYL2wk8qrnVOfSFDYhwW
4950,utxOSAKsjPOple75ZS8ok8R2srWanrSQ
4951,UaVpvJC1IMQFV7Tn90YljAsHZPwcYHNf
4952,372s9ZbiC0is456eSuff3UfYoiV81sIh
4953,lbN35fkFiyFgFUMCFbIgYwtTe6PpP5Sv
4954,MuLBkhY38XsRvlvqEKHl9NZUeyBfEBfk
4955,pkcZwXH6KuwAbpcqgT0aqNKn08pxv5uK
4956,lXJqxdZxhjoF3cCQmMSz2ZIQEQj2bvFQ
4957,7q0XJaLEQzSynvdtRnBflEMpKrILXz6a
4958,PZzA3fzbAjFQHBu9ztTAG32ioqjY5Sq5
4959,stGnnNjA1os0Af85ibeuzyeN9XmVMfC7
4960,JFwxqwis6a1iXmPAIJW6I1GTKVufVPxa
4961,uTkZVGrUFCscaawro8m7aY40xNy1huTR
4962,a0QQRDntPjV9zVvL9ZuAWoeWbQ8HixKd
4963,5L14MRRyW08NewUnKYYrOdmYPzG4fdr3
4964,enI5gUevCrH6BXyhGZinxSQxjFavhBRP
4965,y2jbwKnhjYs99oXW6wQdYM3XpxPhGKJx
4966,re11G2Gh2PZlPIAotDbLY4NQ6YWAT9ot
4967,la3pQeQtRbNjXHmPR9dDdcsWVV4Zu0Dy
4968,U7P7bJURLQu0Ofg2n4YZDdKqdO8KBsjR
4969,5jCvIaolFsCyNmd7KcBSSJ0f4U3EbV61
4970,KzdbFzN9cudtvNIPKGynaEEIbM7yiO9i
4971,2Y4wqgn6izOMVRpSsH2gyxpZ2Y5imIqe
4972,B09pdwTig6PiA31tIk5sD1NI9EJxQGTW
4973,OmFUqYFsnaB7L0LK4PPrmYLxryxg63Bq
4974,82XTtiFgV2QhgyuS0nyES3s0WKSplp25
4975,V3eZOQjKRlrD2QVSGKixs13I50RjdoqR
4976,gbOQ0csReWZjRkeCsuqMBREkSZ3tKues
4977,k9lxOGMxWxbZG7nNVjsIteGZIuWGer21
4978,in5z1onJiASBhAqmsCgpmpknCSqcUEmQ
4979,2d6vVZDst3q5F08I26fGxN3D5OVprtTM
4980,vbb1COVcXQvg6lelw7N9jkp0aQ28jrvk
4981,BVCA9ri5MzF7sp29MWCOaDnre4hwWTE8
4982,igdVRoQ5ZW3VDvH2Y6OAlgC8I8t78NN1
4983,zdsmNQvoc6zlmC1HL1Uu9hDeNKfodoHZ
4984,xIOhkFxZNYbdgAaQMst5OGkzAKAlGpv4
4985,27dth0ZEpfqyI9woB4u67qDSKYh2Sdws
4986,5cs7TZ46r2GqvKCm4LvsA3sfYbRWePF1
4987,cnWM1BeGdsQukg2DjcccnXrE16rDuDBp
4988,nEqTRT7Hun1f6c3cs70RN2JHFQKm9cS6
4989,13kRjV8LeseOYsagKK7QkozCFef7t7cX
4990,tLVzcmxaighDasJCxFkEqhsNDdcHmTw8
4991,YwdJHfH0pUrwibOVgfj2yEcTL8u8POAD
4992,8Tu3eHO4t4BKtNT3hHm4mYR5PQTiVCbJ
4993,qHH4O4VIn4Jbd4EHbmvOmKyefacx81br
4994,x87ENot7cZaAhSZAtA88eJaNVLKsK4qx
4995,IgzTmd4QexpT1tas8XgNbwY3H5dFQ9Pl
4996,66dYhSG7pksQe3dKlgIeud1Z0kj8hrBP
4997,5lXRrB3wLwKGDiP08WuvykI5WfgTuOX3
4998,jihcF7FN5oY5EAMFN2fuLlHJPThwQXEE
4999,YAFxERi045PRg69Mfuxl31XTcigFBWIc
