id,name,category,amount,signup_date,notes
1,Customer 1,North,10,2024-01-15,
2,Customer 2,South,30,2024-01-15,
3,Customer 3,South,20,2024-01-15,
4,Customer 4,North,10,2024-01-15,
5,Customer 5,North,9999999,2024-01-15,
6,Customer 6,North,10,2024-01-15,
7,Customer 7,South,20,2024-01-15,
8,Customer 8,South,10,2024-01-15,
9,Customer 9,South,9999999,2024-01-15,
10,Customer 10,East,9999999,2024-01-15,
11,Customer 11,South,10,2024-01-15,
12,Customer 12,East,9999999,2024-01-15,
13,Customer 13,South,30,2024-01-15,
14,Customer 14,East,20,2024-01-15,
15,Customer 15,North,10,2024-01-15,
16,Customer 16,North,9999999,2024-01-15,
17,Customer 17,East,30,2024-01-15,
18,Customer 18,North,30,2024-01-15,
19,Customer 19,North,9999999,2024-01-15,
20,Customer 20,North,9999999,2024-01-15,
21,Customer 21,East,30,2024-01-15,
22,Customer 22,North,20,2024-01-15,
23,Customer 23,South,10,2024-01-15,
24,Customer 24,North,30,2024-01-15,
25,Customer 25,North,20,2024-01-15,
26,Customer 26,East,9999999,2024-01-15,
27,Customer 27,East,9999999,2024-01-15,
28,Customer 28,East,20,2024-01-15,
29,Customer 29,South,30,2024-01-15,
30,Customer 30,North,30,2024-01-15,
31,Customer 31,South,20,2024-01-15,
32,Customer 32,West,20,2024-01-15,
33,Customer 33,East,9999999,2024-01-15,
34,Customer 34,East,20,2024-01-15,
35,Customer 35,South,10,2024-01-15,
36,Customer 36,East,10,2024-01-15,
37,Customer 37 ,East,9999999,2024-01-15,
38,Customer 38,South,10,2024-01-15,
39,Customer 39,South,30,2024-01-15,
40,Customer 40,West,9999999,2024-01-15,
41,Customer 41,South,9999999,2024-01-15,
42,Customer 42,South,30,2024-01-15,
43,Customer 43,East,20,2024-01-15,
44,Customer 44,West,9999999,2024-01-15,
45,Customer 45,South,30,2024-01-15,
46,Customer 46,West,20,2024-01-15,
47,Customer 47,North,10,2024-01-15,
48,Customer 48,South,10,2024-01-15,
49,Customer 49,West,20,2024-01-15,
50,Customer 50,West,10,2024-01-15,
51,Customer 51,West,9999999,2024-01-15,
52,Customer 52,North,30,2024-01-15,
53,Customer 53,East,10,2024-01-15,
54,Customer 54,North,30,2024-01-15,
55,Customer 55,West,30,2024-01-15,
56,Customer 56,West,20,2024-01-15,
57,Customer 57,East,10,2024-01-15,
58,Customer 58,North,20,2024-01-15,
59,Customer 59,South,30,2024-01-15,
60,Customer 60,East,20,2024-01-15,
61,Customer 61,North,20,2024-01-15,
62,Customer 62,West,30,2024-01-15,
63,Customer 63,North,10,2024-01-15,
64,Customer 64,East,30,2024-01-15,
65,Customer 65,North,20,2024-01-15,
66,Customer 66,North,20,2024-01-15,
67,Customer 67,West,10,2024-01-15,
68,Customer 68,South,10,2024-01-15,
69,Customer 69,West,20,2024-01-15,
70,Customer 70,East,20,2024-01-15,
71,Customer 71,South,9999999,2024-01-15,
72,Customer 72,East,20,2024-01-15,
73,Customer 73,East,9999999,2024-01-15,
74,Customer 74 ,West,9999999,2024-01-15,
75,Customer 75,South,10,2024-01-15,
76,Customer 76,North,20,2024-01-15,
77,Customer 77,North,30,2024-01-15,
78,Customer 78,South,20,2024-01-15,
79,Customer 79,North,10,2024-01-15,
80,Customer 80,South,10,2024-01-15,
81,Customer 81,North,10,2024-01-15,
82,Customer 82,North,30,2024-01-15,
83,Customer 83,East,20,2024-01-15,
84,Customer 84,South,9999999,2024-01-15,
85,Customer 85,West,20,2024-01-15,
86,Customer 86,West,20,2024-01-15,
87,Customer 87,South,9999999,2024-01-15,
88,Customer 88,North,10,2024-01-15,
89,Customer 89,East,9999999,2024-01-15,
90,Customer 90,West,9999999,2024-01-15,
91,Customer 91,North,9999999,2024-01-15,
92,Customer 92,North,10,2024-01-15,
93,Customer 93,East,9999999,2024-01-15,
94,Customer 94,South,10,2024-01-15,
95,Customer 95,South,20,2024-01-15,
96,Customer 96,South,9999999,2024-01-15,
97,Customer 97,South,9999999,2024-01-15,
98,Customer 98,West,30,2024-01-15,
99,Customer 99,North,20,2024-01-15,
100,Customer 100,North,9999999,2024-01-15,
101,Customer 101,North,10,2024-01-15,
102,Customer 102,South,10,2024-01-15,
103,Customer 103,West,20,2024-01-15,
104,Customer 104,West,9999999,2024-01-15,
105,Customer 105,West,20,2024-01-15,
106,Customer 106,South,10,2024-01-15,
107,Customer 107,North,9999999,2024-01-15,
108,Customer 108,East,9999999,2024-01-15,
109,Customer 109,East,9999999,2024-01-15,
110,Customer 110,West,9999999,2024-01-15,
111,Customer 111 ,South,20,2024-01-15,
112,Customer 112,South,30,2024-01-15,
113,Customer 113,North,10,2024-01-15,
114,Customer 114,North,30,2024-01-15,
115,Customer 115,West,10,2024-01-15,
116,Customer 116,North,20,2024-01-15,
117,Customer 117,South,10,2024-01-15,
118,Customer 118,North,10,2024-01-15,
119,Customer 119,West,20,2024-01-15,
120,Customer 120,South,10,2024-01-15,
121,Customer 121,North,10,2024-01-15,
122,Customer 122,East,9999999,2024-01-15,
123,Customer 123,South,30,2024-01-15,
124,Customer 124,South,30,2024-01-15,
125,Customer 125,West,30,2024-01-15,
126,Customer 126,East,20,2024-01-15,
127,Customer 127,East,9999999,2024-01-15,
128,Customer 128,North,10,2024-01-15,
129,Customer 129,North,9999999,2024-01-15,
130,Customer 130,South,10,2024-01-15,
131,Customer 131,South,30,2024-01-15,
132,Customer 132,North,30,2024-01-15,
133,Customer 133,East,20,2024-01-15,
134,Customer 134,South,30,2024-01-15,
135,Customer 135,East,9999999,2024-01-15,
136,Customer 136,East,10,2024-01-15,
137,Customer 137,South,10,2024-01-15,
138,Customer 138,North,30,2024-01-15,
139,Customer 139,South,10,2024-01-15,
140,Customer 140,East,30,2024-01-15,
141,Customer 141,East,20,2024-01-15,
142,Customer 142,East,20,2024-01-15,
143,Customer 143,East,9999999,2024-01-15,
144,Customer 144,North,10,2024-01-15,
145,Customer 145,East,9999999,2024-01-15,
146,Customer 146,North,10,2024-01-15,
147,Customer 147,South,30,2024-01-15,
148,Customer 148 ,South,30,2024-01-15,
149,Customer 149,West,9999999,2024-01-15,
150,Customer 150,North,10,2024-01-15,
151,Customer 151,South,10,2024-01-15,
152,Customer 152,East,10,2024-01-15,
153,Customer 153,West,20,2024-01-15,
154,Customer 154,North,20,2024-01-15,
155,Customer 155,East,30,2024-01-15,
156,Customer 156,East,10,2024-01-15,
157,Customer 157,South,20,2024-01-15,
158,Customer 158,East,10,2024-01-15,
159,Customer 159,South,9999999,2024-01-15,
160,Customer 160,South,20,2024-01-15,
161,Customer 161,West,20,2024-01-15,
162,Customer 162,South,10,2024-01-15,
163,Customer 163,West,30,2024-01-15,
164,Customer 164,East,20,2024-01-15,
165,Customer 165,North,20,2024-01-15,
166,Customer 166,North,9999999,2024-01-15,
167,Customer 167,South,9999999,2024-01-15,
168,Customer 168,West,20,2024-01-15,
169,Customer 169,East,30,2024-01-15,
170,Customer 170,South,20,2024-01-15,
171,Customer 171,South,10,2024-01-15,
172,Customer 172,East,9999999,2024-01-15,
173,Customer 173,North,30,2024-01-15,
174,Customer 174,East,30,2024-01-15,
175,Customer 175,East,9999999,2024-01-15,
176,Customer 176,North,10,2024-01-15,
177,Customer 177,South,30,2024-01-15,
178,Customer 178,North,30,2024-01-15,
179,Customer 179,West,10,2024-01-15,
180,Customer 180,East,30,2024-01-15,
181,Customer 181,North,9999999,2024-01-15,
182,Customer 182,South,9999999,2024-01-15,
183,Customer 183,North,30,2024-01-15,
184,Customer 184,North,9999999,2024-01-15,
185,Customer 185 ,East,20,2024-01-15,
186,Customer 186,North,9999999,2024-01-15,
187,Customer 187,East,30,2024-01-15,
188,Customer 188,East,10,2024-01-15,
189,Customer 189,West,30,2024-01-15,
190,Customer 190,West,30,2024-01-15,
191,Customer 191,South,30,2024-01-15,
192,Customer 192,West,20,2024-01-15,
193,Customer 193,South,9999999,2024-01-15,
194,Customer 194,West,30,2024-01-15,
195,Customer 195,East,10,2024-01-15,
196,Customer 196,South,30,2024-01-15,
197,Customer 197,East,9999999,2024-01-15,
198,Customer 198,West,9999999,2024-01-15,
199,Customer 199,South,9999999,2024-01-15,
200,Customer 200,South,9999999,2024-01-15,
201,Customer 201,East,10,2024-01-15,
202,Customer 202,North,30,2024-01-15,
203,Customer 203,East,20,2024-01-15,
204,Customer 204,South,20,2024-01-15,
205,Customer 205,North,20,2024-01-15,
206,Customer 206,South,10,2024-01-15,
207,Customer 207,North,9999999,2024-01-15,
208,Customer 208,West,9999999,2024-01-15,
209,Customer 209,West,20,2024-01-15,
210,Customer 210,West,9999999,2024-01-15,
211,Customer 211,South,20,2024-01-15,
212,Customer 212,North,10,2024-01-15,
213,Customer 213,South,9999999,2024-01-15,
214,Customer 214,West,20,2024-01-15,
215,Customer 215,South,10,2024-01-15,
216,Customer 216,West,10,2024-01-15,
217,Customer 217,West,20,2024-01-15,
218,Customer 218,West,30,2024-01-15,
219,Customer 219,West,9999999,2024-01-15,
220,Customer 220,West,20,2024-01-15,
221,Customer 221,East,9999999,2024-01-15,
222,Customer 222 ,East,20,2024-01-15,
223,Customer 223,South,9999999,2024-01-15,
224,Customer 224,West,30,2024-01-15,
225,Customer 225,East,10,2024-01-15,
226,Customer 226,East,20,2024-01-15,
227,Customer 227,East,30,2024-01-15,
228,Customer 228,South,10,2024-01-15,
229,Customer 229,South,20,2024-01-15,
230,Customer 230,South,9999999,2024-01-15,
231,Customer 231,North,20,2024-01-15,
232,Customer 232,West,9999999,2024-01-15,
233,Customer 233,West,30,2024-01-15,
234,Customer 234,North,9999999,2024-01-15,
235,Customer 235,West,20,2024-01-15,
236,Customer 236,North,9999999,2024-01-15,
237,Customer 237,West,9999999,2024-01-15,
238,Customer 238,East,10,2024-01-15,
239,Customer 239,West,30,2024-01-15,
240,Customer 240,South,9999999,2024-01-15,
241,Customer 241,South,9999999,2024-01-15,
242,Customer 242,West,30,2024-01-15,
243,Customer 243,North,9999999,2024-01-15,
244,Customer 244,East,9999999,2024-01-15,
245,Customer 245,South,9999999,2024-01-15,
246,Customer 246,South,9999999,2024-01-15,
247,Customer 247,West,10,2024-01-15,
248,Customer 248,North,10,2024-01-15,
249,Customer 249,South,9999999,2024-01-15,
250,Customer 250,South,9999999,2024-01-15,
251,Customer 251,East,10,2024-01-15,
252,Customer 252,East,9999999,2024-01-15,
253,Customer 253,West,20,2024-01-15,
254,Customer 254,East,30,2024-01-15,
255,Customer 255,East,9999999,2024-01-15,
256,Customer 256,East,9999999,2024-01-15,
257,Customer 257,West,10,2024-01-15,
258,Customer 258,North,10,2024-01-15,
259,Customer 259 ,South,30,2024-01-15,
260,Customer 260,North,10,2024-01-15,
261,Customer 261,South,10,2024-01-15,
262,Customer 262,North,20,2024-01-15,
263,Customer 263,South,20,2024-01-15,
264,Customer 264,West,20,2024-01-15,
265,Customer 265,South,10,2024-01-15,
266,Customer 266,East,9999999,2024-01-15,
267,Customer 267,South,30,2024-01-15,
268,Customer 268,South,10,2024-01-15,
269,Customer 269,North,30,2024-01-15,
270,Customer 270,East,10,2024-01-15,
271,Customer 271,West,9999999,2024-01-15,
272,Customer 272,North,20,2024-01-15,
273,Customer 273,North,20,2024-01-15,
274,Customer 274,North,30,2024-01-15,
275,Customer 275,East,10,2024-01-15,
276,Customer 276,East,9999999,2024-01-15,
277,Customer 277,East,10,2024-01-15,
278,Customer 278,West,10,2024-01-15,
279,Customer 279,North,9999999,2024-01-15,
280,Customer 280,East,9999999,2024-01-15,
281,Customer 281,South,9999999,2024-01-15,
282,Customer 282,South,9999999,2024-01-15,
283,Customer 283,West,30,2024-01-15,
284,Customer 284,West,9999999,2024-01-15,
285,Customer 285,East,30,2024-01-15,
286,Customer 286,North,20,2024-01-15,
287,Customer 287,West,30,2024-01-15,
288,Customer 288,West,20,2024-01-15,
289,Customer 289,East,9999999,2024-01-15,
290,Customer 290,West,10,2024-01-15,
291,Customer 291,South,30,2024-01-15,
292,Customer 292,South,9999999,2024-01-15,
293,Customer 293,East,30,2024-01-15,
294,Customer 294,East,30,2024-01-15,
295,Customer 295,North,30,2024-01-15,
296,Customer 296 ,North,20,2024-01-15,
297,Customer 297,West,20,2024-01-15,
298,Customer 298,South,9999999,2024-01-15,
299,Customer 299,West,9999999,2024-01-15,
300,Customer 300,North,9999999,2024-01-15,
301,Customer 301,East,10,2024-01-15,
302,Customer 302,West,20,2024-01-15,
303,Customer 303,East,20,2024-01-15,
304,Customer 304,West,30,2024-01-15,
305,Customer 305,West,30,2024-01-15,
306,Customer 306,East,30,2024-01-15,
307,Customer 307,East,9999999,2024-01-15,
308,Customer 308,East,30,2024-01-15,
309,Customer 309,North,20,2024-01-15,
310,Customer 310,East,20,2024-01-15,
311,Customer 311,South,10,2024-01-15,
312,Customer 312,South,20,2024-01-15,
313,Customer 313,East,9999999,2024-01-15,
314,Customer 314,North,30,2024-01-15,
315,Customer 315,East,20,2024-01-15,
316,Customer 316,East,20,2024-01-15,
317,Customer 317,East,20,2024-01-15,
318,Customer 318,South,10,2024-01-15,
319,Customer 319,North,30,2024-01-15,
320,Customer 320,East,10,2024-01-15,
321,Customer 321,West,20,2024-01-15,
322,Customer 322,North,10,2024-01-15,
323,Customer 323,West,30,2024-01-15,
324,Customer 324,West,9999999,2024-01-15,
325,Customer 325,South,30,2024-01-15,
326,Customer 326,East,10,2024-01-15,
327,Customer 327,North,9999999,2024-01-15,
328,Customer 328,West,10,2024-01-15,
329,Customer 329,North,9999999,2024-01-15,
330,Customer 330,South,10,2024-01-15,
331,Customer 331,East,20,2024-01-15,
332,Customer 332,South,10,2024-01-15,
333,Customer 333 ,West,10,2024-01-15,
334,Customer 334,West,20,2024-01-15,
335,Customer 335,West,9999999,2024-01-15,
336,Customer 336,West,30,2024-01-15,
337,Customer 337,North,30,2024-01-15,
338,Customer 338,South,10,2024-01-15,
339,Customer 339,East,20,2024-01-15,
340,Customer 340,South,10,2024-01-15,
341,Customer 341,South,20,2024-01-15,
342,Customer 342,South,10,2024-01-15,
343,Customer 343,West,10,2024-01-15,
344,Customer 344,West,9999999,2024-01-15,
345,Customer 345,North,30,2024-01-15,
346,Customer 346,East,20,2024-01-15,
347,Customer 347,West,30,2024-01-15,
348,Customer 348,South,10,2024-01-15,
349,Customer 349,South,30,2024-01-15,
350,Customer 350,North,9999999,2024-01-15,
351,Customer 351,South,20,2024-01-15,
352,Customer 352,South,30,2024-01-15,
353,Customer 353,North,10,2024-01-15,
354,Customer 354,East,20,2024-01-15,
355,Customer 355,West,30,2024-01-15,
356,Customer 356,West,10,2024-01-15,
357,Customer 357,West,30,2024-01-15,
358,Customer 358,West,30,2024-01-15,
359,Customer 359,North,9999999,2024-01-15,
360,Customer 360,West,10,2024-01-15,
361,Customer 361,East,30,2024-01-15,
362,Customer 362,North,10,2024-01-15,
363,Customer 363,North,20,2024-01-15,
364,Customer 364,North,30,2024-01-15,
365,Customer 365,West,20,2024-01-15,
366,Customer 366,East,9999999,2024-01-15,
367,Customer 367,West,20,2024-01-15,
368,Customer 368,North,9999999,2024-01-15,
369,Customer 369,East,9999999,2024-01-15,
370,Customer 370 ,East,9999999,2024-01-15,
371,Customer 371,North,30,2024-01-15,
372,Customer 372,East,20,2024-01-15,
373,Customer 373,West,9999999,2024-01-15,
374,Customer 374,West,30,2024-01-15,
375,Customer 375,West,10,2024-01-15,
376,Customer 376,East,10,2024-01-15,
377,Customer 377,East,30,2024-01-15,
378,Customer 378,West,10,2024-01-15,
379,Customer 379,West,10,2024-01-15,
380,Customer 380,North,9999999,2024-01-15,
381,Customer 381,East,20,2024-01-15,
382,Customer 382,West,9999999,2024-01-15,
383,Customer 383,South,10,2024-01-15,
384,Customer 384,South,30,2024-01-15,
385,Customer 385,West,30,2024-01-15,
386,Customer 386,North,9999999,2024-01-15,
387,Customer 387,South,10,2024-01-15,
388,Customer 388,East,20,2024-01-15,
389,Customer 389,West,10,2024-01-15,
390,Customer 390,South,10,2024-01-15,
391,Customer 391,West,10,2024-01-15,
392,Customer 392,South,10,2024-01-15,
393,Customer 393,East,9999999,2024-01-15,
394,Customer 394,West,30,2024-01-15,
395,Customer 395,West,9999999,2024-01-15,
396,Customer 396,West,20,2024-01-15,
397,Customer 397,West,20,2024-01-15,
398,Customer 398,South,20,2024-01-15,
399,Customer 399,East,10,2024-01-15,
400,Customer 400,East,9999999,2024-01-15,
401,Customer 401,North,30,2024-01-15,
402,Customer 402,East,30,2024-01-15,
403,Customer 403,South,9999999,2024-01-15,
404,Customer 404,West,9999999,2024-01-15,
405,Customer 405,East,30,2024-01-15,
406,Customer 406,West,9999999,2024-01-15,
407,Customer 407 ,South,30,2024-01-15,
408,Customer 408,West,20,2024-01-15,
409,Customer 409,West,20,2024-01-15,
410,Customer 410,East,10,2024-01-15,
411,Customer 411,West,9999999,2024-01-15,
412,Customer 412,South,9999999,2024-01-15,
413,Customer 413,North,9999999,2024-01-15,
414,Customer 414,East,20,2024-01-15,
415,Customer 415,West,10,2024-01-15,
416,Customer 416,West,10,2024-01-15,
417,Customer 417,South,10,2024-01-15,
418,Customer 418,South,9999999,2024-01-15,
419,Customer 419,West,10,2024-01-15,
420,Customer 420,East,30,2024-01-15,
421,Customer 421,North,9999999,2024-01-15,
422,Customer 422,West,30,2024-01-15,
423,Customer 423,West,30,2024-01-15,
424,Customer 424,North,10,2024-01-15,
425,Customer 425,East,20,2024-01-15,
426,Customer 426,North,20,2024-01-15,
427,Customer 427,North,9999999,2024-01-15,
428,Customer 428,West,10,2024-01-15,
429,Customer 429,East,20,2024-01-15,
430,Customer 430,North,10,2024-01-15,
431,Customer 431,North,30,2024-01-15,
432,Customer 432,East,30,2024-01-15,
433,Customer 433,West,30,2024-01-15,
434,Customer 434,South,20,2024-01-15,
435,Customer 435,South,9999999,2024-01-15,
436,Customer 436,South,20,2024-01-15,
437,Customer 437,West,10,2024-01-15,
438,Customer 438,West,20,2024-01-15,
439,Customer 439,South,20,2024-01-15,
440,Customer 440,East,9999999,2024-01-15,
441,Customer 441,East,9999999,2024-01-15,
442,Customer 442,West,10,2024-01-15,
443,Customer 443,South,30,2024-01-15,
444,Customer 444 ,West,10,2024-01-15,
445,Customer 445,East,30,2024-01-15,
446,Customer 446,East,9999999,2024-01-15,
447,Customer 447,East,9999999,2024-01-15,
448,Customer 448,West,20,2024-01-15,
449,Customer 449,North,9999999,2024-01-15,
450,Customer 450,West,20,2024-01-15,
451,Customer 451,East,30,2024-01-15,
452,Customer 452,North,30,2024-01-15,
453,Customer 453,East,9999999,2024-01-15,
454,Customer 454,North,10,2024-01-15,
455,Customer 455,East,9999999,2024-01-15,
456,Customer 456,East,20,2024-01-15,
457,Customer 457,South,20,2024-01-15,
458,Customer 458,South,30,2024-01-15,
459,Customer 459,North,10,2024-01-15,
460,Customer 460,West,30,2024-01-15,
461,Customer 461,East,10,2024-01-15,
462,Customer 462,North,20,2024-01-15,
463,Customer 463,East,30,2024-01-15,
464,Customer 464,South,9999999,2024-01-15,
465,Customer 465,South,20,2024-01-15,
466,Customer 466,East,30,2024-01-15,
467,Customer 467,East,20,2024-01-15,
468,Customer 468,East,9999999,2024-01-15,
469,Customer 469,North,30,2024-01-15,
470,Customer 470,North,9999999,2024-01-15,
471,Customer 471,South,20,2024-01-15,
472,Customer 472,East,9999999,2024-01-15,
473,Customer 473,West,10,2024-01-15,
474,Customer 474,East,10,2024-01-15,
475,Customer 475,West,10,2024-01-15,
476,Customer 476,East,30,2024-01-15,
477,Customer 477,East,9999999,2024-01-15,
478,Customer 478,South,10,2024-01-15,
479,Customer 479,North,9999999,2024-01-15,
480,Customer 480,South,30,2024-01-15,
481,Customer 481 ,West,10,2024-01-15,
482,Customer 482,West,30,2024-01-15,
483,Customer 483,South,10,2024-01-15,
484,Customer 484,North,10,2024-01-15,
485,Customer 485,West,30,2024-01-15,
486,Customer 486,North,10,2024-01-15,
487,Customer 487,South,20,2024-01-15,
488,Customer 488,West,9999999,2024-01-15,
489,Customer 489,West,30,2024-01-15,
490,Customer 490,West,20,2024-01-15,
491,Customer 491,West,10,2024-01-15,
492,Customer 492,East,9999999,2024-01-15,
493,Customer 493,East,10,2024-01-15,
494,Customer 494,West,20,2024-01-15,
495,Customer 495,South,9999999,2024-01-15,
496,Customer 496,North,30,2024-01-15,
497,Customer 497,East,30,2024-01-15,
498,Customer 498,West,10,2024-01-15,
499,Customer 499,South,30,2024-01-15,
500,Customer 500,North,N/A,2024-01-15,
501,Customer 501,North,9999999,2024-01-15,
502,Customer 502,North,20,2024-01-15,
503,Customer 503,East,10,2024-01-15,
504,Customer 504,South,20,2024-01-15,
505,Customer 505,North,20,2024-01-15,
506,Customer 506,South,20,2024-01-15,
507,Customer 507,East,20,2024-01-15,
508,Customer 508,North,20,2024-01-15,
509,Customer 509,South,30,2024-01-15,
510,Customer 510,East,20,2024-01-15,
511,Customer 511,North,20,2024-01-15,
512,Customer 512,South,10,2024-01-15,
513,Customer 513,East,10,2024-01-15,
514,Customer 514,East,20,2024-01-15,
515,Customer 515,South,10,2024-01-15,
516,Customer 516,North,30,2024-01-15,
517,Customer 517,West,20,2024-01-15,
518,Customer 518 ,North,10,2024-01-15,
519,Customer 519,West,9999999,2024-01-15,
520,Customer 520,North,30,2024-01-15,
521,Customer 521,South,9999999,2024-01-15,
522,Customer 522,East,10,2024-01-15,
523,Customer 523,North,9999999,2024-01-15,
524,Customer 524,West,10,2024-01-15,
525,Customer 525,West,9999999,2024-01-15,
526,Customer 526,West,10,2024-01-15,
527,Customer 527,North,9999999,2024-01-15,
528,Customer 528,East,10,2024-01-15,
529,Customer 529,North,20,2024-01-15,
530,Customer 530,East,20,2024-01-15,
531,Customer 531,West,30,2024-01-15,
532,Customer 532,West,30,2024-01-15,
533,Customer 533,North,9999999,2024-01-15,
534,Customer 534,South,10,2024-01-15,
535,Customer 535,West,9999999,2024-01-15,
536,Customer 536,West,20,2024-01-15,
537,Customer 537,West,30,2024-01-15,
538,Customer 538,West,9999999,2024-01-15,
539,Customer 539,East,10,2024-01-15,
540,Customer 540,East,9999999,2024-01-15,
541,Customer 541,East,30,2024-01-15,
542,Customer 542,West,20,2024-01-15,
543,Customer 543,North,10,2024-01-15,
544,Customer 544,North,10,2024-01-15,
545,Customer 545,North,9999999,2024-01-15,
546,Customer 546,South,30,2024-01-15,
547,Customer 547,East,10,2024-01-15,
548,Customer 548,West,10,2024-01-15,
549,Customer 549,West,30,2024-01-15,
550,Customer 550,East,10,2024-01-15,
551,Customer 551,East,30,2024-01-15,
552,Customer 552,South,10,2024-01-15,
553,Customer 553,West,20,2024-01-15,
554,Customer 554,North,20,2024-01-15,
555,Customer 555 ,East,30,2024-01-15,
556,Customer 556,East,10,2024-01-15,
557,Customer 557,West,20,2024-01-15,
558,Customer 558,East,10,2024-01-15,
559,Customer 559,South,10,2024-01-15,
560,Customer 560,East,30,2024-01-15,
561,Customer 561,East,30,2024-01-15,
562,Customer 562,South,10,2024-01-15,
563,Customer 563,West,20,2024-01-15,
564,Customer 564,South,10,2024-01-15,
565,Customer 565,North,10,2024-01-15,
566,Customer 566,West,20,2024-01-15,
567,Customer 567,West,9999999,2024-01-15,
568,Customer 568,South,30,2024-01-15,
569,Customer 569,East,30,2024-01-15,
570,Customer 570,North,30,2024-01-15,
571,Customer 571,South,10,2024-01-15,
572,Customer 572,North,20,2024-01-15,
573,Customer 573,East,10,2024-01-15,
574,Customer 574,West,9999999,2024-01-15,
575,Customer 575,West,9999999,2024-01-15,
576,Customer 576,East,9999999,2024-01-15,
577,Customer 577,North,20,2024-01-15,
578,Customer 578,West,30,2024-01-15,
579,Customer 579,East,10,2024-01-15,
580,Customer 580,East,9999999,2024-01-15,
581,Customer 581,South,10,2024-01-15,
582,Customer 582,North,9999999,2024-01-15,
583,Customer 583,South,10,2024-01-15,
584,Customer 584,South,30,2024-01-15,
585,Customer 585,East,20,2024-01-15,
586,Customer 586,East,30,2024-01-15,
587,Customer 587,North,10,2024-01-15,
588,Customer 588,West,9999999,2024-01-15,
589,Customer 589,South,20,2024-01-15,
590,Customer 590,South,9999999,2024-01-15,
591,Customer 591,North,30,2024-01-15,
592,Customer 592 ,North,9999999,2024-01-15,
593,Customer 593,North,9999999,2024-01-15,
594,Customer 594,North,9999999,2024-01-15,
595,Customer 595,West,30,2024-01-15,
596,Customer 596,West,9999999,2024-01-15,
597,Customer 597,North,30,2024-01-15,
598,Customer 598,North,9999999,2024-01-15,
599,Customer 599,South,30,2024-01-15,
600,Customer 600,East,9999999,2024-01-15,
601,Customer 601,West,10,2024-01-15,
602,Customer 602,South,10,2024-01-15,
603,Customer 603,West,9999999,2024-01-15,
604,Customer 604,West,10,2024-01-15,
605,Customer 605,East,30,2024-01-15,
606,Customer 606,East,20,2024-01-15,
607,Customer 607,North,20,2024-01-15,
608,Customer 608,South,10,2024-01-15,
609,Customer 609,East,30,2024-01-15,
610,Customer 610,South,20,2024-01-15,
611,Customer 611,South,10,2024-01-15,
612,Customer 612,South,30,2024-01-15,
613,Customer 613,South,20,2024-01-15,
614,Customer 614,South,10,2024-01-15,
615,Customer 615,West,9999999,2024-01-15,
616,Customer 616,East,9999999,2024-01-15,
617,Customer 617,South,30,2024-01-15,
618,Customer 618,North,9999999,2024-01-15,
619,Customer 619,West,9999999,2024-01-15,
620,Customer 620,East,30,2024-01-15,
621,Customer 621,East,10,2024-01-15,
622,Customer 622,East,10,2024-01-15,
623,Customer 623,West,9999999,2024-01-15,
624,Customer 624,North,10,2024-01-15,
625,Customer 625,East,30,2024-01-15,
626,Customer 626,North,10,2024-01-15,
627,Customer 627,West,9999999,2024-01-15,
628,Customer 628,West,10,2024-01-15,
629,Customer 629 ,East,20,2024-01-15,
630,Customer 630,South,9999999,2024-01-15,
631,Customer 631,West,10,2024-01-15,
632,Customer 632,East,10,2024-01-15,
633,Customer 633,South,10,2024-01-15,
634,Customer 634,South,10,2024-01-15,
635,Customer 635,West,9999999,2024-01-15,
636,Customer 636,East,20,2024-01-15,
637,Customer 637,East,30,2024-01-15,
638,Customer 638,West,9999999,2024-01-15,
639,Customer 639,North,30,2024-01-15,
640,Customer 640,North,30,2024-01-15,
641,Customer 641,North,30,2024-01-15,
642,Customer 642,East,9999999,2024-01-15,
643,Customer 643,South,30,2024-01-15,
644,Customer 644,North,30,2024-01-15,
645,Customer 645,East,20,2024-01-15,
646,Customer 646,West,30,2024-01-15,
647,Customer 647,North,20,2024-01-15,
648,Customer 648,West,30,2024-01-15,
649,Customer 649,South,30,2024-01-15,
650,Customer 650,West,10,2024-01-15,
651,Customer 651,North,30,2024-01-15,
652,Customer 652,East,30,2024-01-15,
653,Customer 653,South,20,2024-01-15,
654,Customer 654,West,30,2024-01-15,
655,Customer 655,South,20,2024-01-15,
656,Customer 656,South,20,2024-01-15,
657,Customer 657,East,10,2024-01-15,
658,Customer 658,North,10,2024-01-15,
659,Customer 659,South,30,2024-01-15,
660,Customer 660,South,9999999,2024-01-15,
661,Customer 661,South,20,2024-01-15,
662,Customer 662,West,20,2024-01-15,
663,Customer 663,West,10,2024-01-15,
664,Customer 664,South,30,2024-01-15,
665,Customer 665,East,9999999,2024-01-15,
666,Customer 666 ,South,9999999,2024-01-15,
667,Customer 667,East,20,2024-01-15,
668,Customer 668,South,9999999,2024-01-15,
669,Customer 669,West,30,2024-01-15,
670,Customer 670,East,9999999,2024-01-15,
671,Customer 671,West,9999999,2024-01-15,
672,Customer 672,South,20,2024-01-15,
673,Customer 673,East,20,2024-01-15,
674,Customer 674,West,10,2024-01-15,
675,Customer 675,North,30,2024-01-15,
676,Customer 676,East,10,2024-01-15,
677,Customer 677,South,10,2024-01-15,
678,Customer 678,West,30,2024-01-15,
679,Customer 679,West,20,2024-01-15,
680,Customer 680,South,10,2024-01-15,
681,Customer 681,East,9999999,2024-01-15,
682,Customer 682,West,10,2024-01-15,
683,Customer 683,West,10,2024-01-15,
684,Customer 684,South,30,2024-01-15,
685,Customer 685,North,9999999,2024-01-15,
686,Customer 686,South,30,2024-01-15,
687,Customer 687,East,10,2024-01-15,
688,Customer 688,East,10,2024-01-15,
689,Customer 689,South,20,2024-01-15,
690,Customer 690,East,10,2024-01-15,
691,Customer 691,South,9999999,2024-01-15,
692,Customer 692,West,9999999,2024-01-15,
693,Customer 693,North,10,2024-01-15,
694,Customer 694,East,10,2024-01-15,
695,Customer 695,South,20,2024-01-15,
696,Customer 696,North,9999999,2024-01-15,
697,Customer 697,South,30,2024-01-15,
698,Customer 698,North,30,2024-01-15,
699,Customer 699,South,10,2024-01-15,
700,Customer 700,West,9999999,2024-01-15,
701,Customer 701,North,10,2024-01-15,
702,Customer 702,North,9999999,2024-01-15,
703,Customer 703 ,South,20,2024-01-15,
704,Customer 704,West,30,2024-01-15,
705,Customer 705,East,10,2024-01-15,
706,Customer 706,West,20,2024-01-15,
707,Customer 707,North,20,2024-01-15,
708,Customer 708,North,30,2024-01-15,
709,Customer 709,West,10,2024-01-15,
710,Customer 710,North,9999999,2024-01-15,
711,Customer 711,East,9999999,2024-01-15,
712,Customer 712,North,30,2024-01-15,
713,Customer 713,North,30,2024-01-15,
714,Customer 714,South,30,2024-01-15,
715,Customer 715,East,10,2024-01-15,
716,Customer 716,North,20,2024-01-15,
717,Customer 717,East,30,2024-01-15,
718,Customer 718,West,20,2024-01-15,
719,Customer 719,South,9999999,2024-01-15,
720,Customer 720,North,20,2024-01-15,
721,Customer 721,North,9999999,2024-01-15,
722,Customer 722,South,30,2024-01-15,
723,Customer 723,South,10,2024-01-15,
724,Customer 724,East,10,2024-01-15,
725,Customer 725,West,30,2024-01-15,
726,Customer 726,East,9999999,2024-01-15,
727,Customer 727,South,10,2024-01-15,
728,Customer 728,East,30,2024-01-15,
729,Customer 729,East,10,2024-01-15,
730,Customer 730,North,30,2024-01-15,
731,Customer 731,West,30,2024-01-15,
732,Customer 732,West,9999999,2024-01-15,
733,Customer 733,East,9999999,2024-01-15,
734,Customer 734,West,20,2024-01-15,
735,Customer 735,East,9999999,2024-01-15,
736,Customer 736,North,30,2024-01-15,
737,Customer 737,North,9999999,2024-01-15,
738,Customer 738,South,9999999,2024-01-15,
739,Customer 739,East,30,2024-01-15,
740,Customer 740 ,North,10,2024-01-15,
741,Customer 741,East,30,2024-01-15,
742,Customer 742,West,30,2024-01-15,
743,Customer 743,South,9999999,2024-01-15,
744,Customer 744,East,9999999,2024-01-15,
745,Customer 745,North,9999999,2024-01-15,
746,Customer 746,West,30,2024-01-15,
747,Customer 747,North,30,2024-01-15,
748,Customer 748,West,10,2024-01-15,
749,Customer 749,South,30,2024-01-15,
750,Customer 750,South,10,2024-01-15,
751,Customer 751,North,9999999,2024-01-15,
752,Customer 752,North,20,2024-01-15,
753,Customer 753,East,20,2024-01-15,
754,Customer 754,West,30,2024-01-15,
755,Customer 755,South,10,2024-01-15,
756,Customer 756,East,9999999,2024-01-15,
757,Customer 757,West,30,2024-01-15,
758,Customer 758,South,10,2024-01-15,
759,Customer 759,West,30,2024-01-15,
760,Customer 760,East,30,2024-01-15,
761,Customer 761,North,20,2024-01-15,
762,Customer 762,South,10,2024-01-15,
763,Customer 763,West,9999999,2024-01-15,
764,Customer 764,East,10,2024-01-15,
765,Customer 765,West,30,2024-01-15,
766,Customer 766,East,20,2024-01-15,
767,Customer 767,South,9999999,2024-01-15,
768,Customer 768,South,10,2024-01-15,
769,Customer 769,West,10,2024-01-15,
770,Customer 770,West,20,2024-01-15,
771,Customer 771,East,10,2024-01-15,
772,Customer 772,North,30,2024-01-15,
773,Customer 773,East,30,2024-01-15,
774,Customer 774,South,20,2024-01-15,
775,Customer 775,South,30,2024-01-15,
776,Customer 776,South,10,2024-01-15,
777,Customer 777 ,South,20,2024-01-15,
778,Customer 778,North,9999999,2024-01-15,
779,Customer 779,East,30,2024-01-15,
780,Customer 780,South,9999999,2024-01-15,
781,Customer 781,North,10,2024-01-15,
782,Customer 782,West,30,2024-01-15,
783,Customer 783,West,9999999,2024-01-15,
784,Customer 784,North,9999999,2024-01-15,
785,Customer 785,East,20,2024-01-15,
786,Customer 786,West,10,2024-01-15,
787,Customer 787,East,9999999,2024-01-15,
788,Customer 788,South,20,2024-01-15,
789,Customer 789,West,20,2024-01-15,
790,Customer 790,North,10,2024-01-15,
791,Customer 791,East,20,2024-01-15,
792,Customer 792,South,20,2024-01-15,
793,Customer 793,South,30,2024-01-15,
794,Customer 794,East,30,2024-01-15,
795,Customer 795,East,10,2024-01-15,
796,Customer 796,East,20,2024-01-15,
797,Customer 797,East,20,2024-01-15,
798,Customer 798,South,10,2024-01-15,
799,Customer 799,South,20,2024-01-15,
800,Customer 800,North,30,2024-01-15,
801,Customer 801,North,10,2024-01-15,
802,Customer 802,East,10,2024-01-15,
803,Customer 803,West,20,2024-01-15,
804,Customer 804,West,10,2024-01-15,
805,Customer 805,East,30,2024-01-15,
806,Customer 806,South,9999999,2024-01-15,
807,Customer 807,East,9999999,2024-01-15,
808,Customer 808,North,9999999,2024-01-15,
809,Customer 809,South,10,2024-01-15,
810,Customer 810,West,9999999,2024-01-15,
811,Customer 811,West,9999999,2024-01-15,
812,Customer 812,East,20,2024-01-15,
813,Customer 813,East,20,2024-01-15,
814,Customer 814 ,East,30,2024-01-15,
815,Customer 815,South,9999999,2024-01-15,
816,Customer 816,North,30,2024-01-15,
817,Customer 817,South,30,2024-01-15,
818,Customer 818,North,9999999,2024-01-15,
819,Customer 819,West,30,2024-01-15,
820,Customer 820,South,20,2024-01-15,
821,Customer 821,North,10,2024-01-15,
822,Customer 822,West,30,2024-01-15,
823,Customer 823,South,9999999,2024-01-15,
824,Customer 824,East,20,2024-01-15,
825,Customer 825,South,30,2024-01-15,
826,Customer 826,West,20,2024-01-15,
827,Customer 827,West,9999999,2024-01-15,
828,Customer 828,West,30,2024-01-15,
829,Customer 829,North,10,2024-01-15,
830,Customer 830,West,9999999,2024-01-15,
831,Customer 831,South,20,2024-01-15,
832,Customer 832,North,30,2024-01-15,
833,Customer 833,East,10,2024-01-15,
834,Customer 834,West,9999999,2024-01-15,
835,Customer 835,North,30,2024-01-15,
836,Customer 836,West,10,2024-01-15,
837,Customer 837,East,20,2024-01-15,
838,Customer 838,West,30,2024-01-15,
839,Customer 839,North,30,2024-01-15,
840,Customer 840,North,9999999,2024-01-15,
841,Customer 841,East,20,2024-01-15,
842,Customer 842,North,30,2024-01-15,
843,Customer 843,West,9999999,2024-01-15,
844,Customer 844,North,30,2024-01-15,
845,Customer 845,North,20,2024-01-15,
846,Customer 846,East,9999999,2024-01-15,
847,Customer 847,East,30,2024-01-15,
848,Customer 848,South,20,2024-01-15,
849,Customer 849,North,9999999,2024-01-15,
850,Customer 850,North,10,2024-01-15,
851,Customer 851 ,East,20,2024-01-15,
852,Customer 852,West,9999999,2024-01-15,
853,Customer 853,South,20,2024-01-15,
854,Customer 854,East,30,2024-01-15,
855,Customer 855,West,20,2024-01-15,
856,Customer 856,East,30,2024-01-15,
857,Customer 857,East,9999999,2024-01-15,
858,Customer 858,North,9999999,2024-01-15,
859,Customer 859,East,30,2024-01-15,
860,Customer 860,West,10,2024-01-15,
861,Customer 861,North,30,2024-01-15,
862,Customer 862,East,9999999,2024-01-15,
863,Customer 863,North,20,2024-01-15,
864,Customer 864,South,9999999,2024-01-15,
865,Customer 865,South,9999999,2024-01-15,
866,Customer 866,North,20,2024-01-15,
867,Customer 867,South,10,2024-01-15,
868,Customer 868,West,10,2024-01-15,
869,Customer 869,West,30,2024-01-15,
870,Customer 870,West,20,2024-01-15,
871,Customer 871,West,20,2024-01-15,
872,Customer 872,North,9999999,2024-01-15,
873,Customer 873,South,20,2024-01-15,
874,Customer 874,West,30,2024-01-15,
875,Customer 875,East,9999999,2024-01-15,
876,Customer 876,West,20,2024-01-15,
877,Customer 877,East,30,2024-01-15,
878,Customer 878,West,30,2024-01-15,
879,Customer 879,South,20,2024-01-15,
880,Customer 880,East,30,2024-01-15,
881,Customer 881,East,20,2024-01-15,
882,Customer 882,South,30,2024-01-15,
883,Customer 883,East,9999999,2024-01-15,
884,Customer 884,East,9999999,2024-01-15,
885,Customer 885,East,30,2024-01-15,
886,Customer 886,West,10,2024-01-15,
887,Customer 887,East,9999999,2024-01-15,
888,Customer 888 ,East,20,2024-01-15,
889,Customer 889,East,10,2024-01-15,
890,Customer 890,East,10,2024-01-15,
891,Customer 891,East,9999999,2024-01-15,
892,Customer 892,South,9999999,2024-01-15,
893,Customer 893,East,20,2024-01-15,
894,Customer 894,South,30,2024-01-15,
895,Customer 895,South,10,2024-01-15,
896,Customer 896,North,20,2024-01-15,
897,Customer 897,South,20,2024-01-15,
898,Customer 898,North,10,2024-01-15,
899,Customer 899,East,9999999,2024-01-15,
900,Customer 900,North,9999999,2024-01-15,
901,Customer 901,North,20,2024-01-15,
902,Customer 902,West,20,2024-01-15,
903,Customer 903,West,9999999,2024-01-15,
904,Customer 904,East,20,2024-01-15,
905,Customer 905,East,30,2024-01-15,
906,Customer 906,North,10,2024-01-15,
907,Customer 907,North,20,2024-01-15,
908,Customer 908,West,20,2024-01-15,
909,Customer 909,North,20,2024-01-15,
910,Customer 910,West,9999999,2024-01-15,
911,Customer 911,East,20,2024-01-15,
912,Customer 912,North,10,2024-01-15,
913,Customer 913,North,30,2024-01-15,
914,Customer 914,East,30,2024-01-15,
915,Customer 915,West,9999999,2024-01-15,
916,Customer 916,West,20,2024-01-15,
917,Customer 917,South,30,2024-01-15,
918,Customer 918,East,10,2024-01-15,
919,Customer 919,West,20,2024-01-15,
920,Customer 920,South,30,2024-01-15,
921,Customer 921,East,10,2024-01-15,
922,Customer 922,South,30,2024-01-15,
923,Customer 923,West,20,2024-01-15,
924,Customer 924,East,9999999,2024-01-15,
925,Customer 925 ,West,10,2024-01-15,
926,Customer 926,South,10,2024-01-15,
927,Customer 927,West,20,2024-01-15,
928,Customer 928,South,30,2024-01-15,
929,Customer 929,East,10,2024-01-15,
930,Customer 930,South,9999999,2024-01-15,
931,Customer 931,East,9999999,2024-01-15,
932,Customer 932,East,30,2024-01-15,
933,Customer 933,East,10,2024-01-15,
934,Customer 934,South,30,2024-01-15,
935,Customer 935,North,10,2024-01-15,
936,Customer 936,East,9999999,2024-01-15,
937,Customer 937,West,20,2024-01-15,
938,Customer 938,North,30,2024-01-15,
939,Customer 939,East,30,2024-01-15,
940,Customer 940,South,20,2024-01-15,
941,Customer 941,West,20,2024-01-15,
942,Customer 942,West,20,2024-01-15,
943,Customer 943,West,30,2024-01-15,
944,Customer 944,South,9999999,2024-01-15,
945,Customer 945,North,20,2024-01-15,
946,Customer 946,East,9999999,2024-01-15,
947,Customer 947,North,10,2024-01-15,
948,Customer 948,South,10,2024-01-15,
949,Customer 949,South,20,2024-01-15,
950,Customer 950,West,30,2024-01-15,
951,Customer 951,South,10,2024-01-15,
952,Customer 952,North,9999999,2024-01-15,
953,Customer 953,North,9999999,2024-01-15,
954,Customer 954,South,9999999,2024-01-15,
955,Customer 955,West,9999999,2024-01-15,
956,Customer 956,West,10,2024-01-15,
957,Customer 957,North,30,2024-01-15,
958,Customer 958,East,9999999,2024-01-15,
959,Customer 959,South,10,2024-01-15,
960,Customer 960,North,10,2024-01-15,
961,Customer 961,East,9999999,2024-01-15,
962,Customer 962 ,North,10,2024-01-15,
963,Customer 963,West,10,2024-01-15,
964,Customer 964,East,10,2024-01-15,
965,Customer 965,South,9999999,2024-01-15,
966,Customer 966,West,20,2024-01-15,
967,Customer 967,West,30,2024-01-15,
968,Customer 968,West,9999999,2024-01-15,
969,Customer 969,North,9999999,2024-01-15,
970,Customer 970,East,20,2024-01-15,
971,Customer 971,South,10,2024-01-15,
972,Customer 972,South,9999999,2024-01-15,
973,Customer 973,North,20,2024-01-15,
974,Customer 974,East,10,2024-01-15,
975,Customer 975,West,9999999,2024-01-15,
976,Customer 976,South,9999999,2024-01-15,
977,Customer 977,West,20,2024-01-15,
978,Customer 978,South,30,2024-01-15,
979,Customer 979,South,30,2024-01-15,
980,Customer 980,North,10,2024-01-15,
981,Customer 981,North,9999999,2024-01-15,
982,Customer 982,South,20,2024-01-15,
983,Customer 983,North,10,2024-01-15,
984,Customer 984,West,10,2024-01-15,
985,Customer 985,South,10,2024-01-15,
986,Customer 986,West,10,2024-01-15,
987,Customer 987,South,9999999,2024-01-15,
988,Customer 988,North,20,2024-01-15,
989,Customer 989,East,20,2024-01-15,
990,Customer 990,East,20,2024-01-15,
991,Customer 991,South,30,2024-01-15,
992,Customer 992,South,30,2024-01-15,
993,Customer 993,West,20,2024-01-15,
994,Customer 994,East,30,2024-01-15,
995,Customer 995,South,10,2024-01-15,
996,Customer 996,West,9999999,2024-01-15,
997,Customer 997,East,10,2024-01-15,
998,Customer 998,East,9999999,2024-01-15,
999,Customer 999 ,West,9999999,2024-01-15,
1000,Customer 1000,South,N/A,2024-01-15,
1001,Customer 1001,West,30,2024-01-15,
1002,Customer 1002,West,20,2024-01-15,
1003,Customer 1003,South,20,2024-01-15,
1004,Customer 1004,South,30,2024-01-15,
1005,Customer 1005,North,9999999,2024-01-15,
1006,Customer 1006,West,9999999,2024-01-15,
1007,Customer 1007,West,20,2024-01-15,
1008,Customer 1008,East,20,2024-01-15,
1009,Customer 1009,East,20,2024-01-15,
1010,Customer 1010,West,10,2024-01-15,
1011,Customer 1011,North,30,2024-01-15,
1012,Customer 1012,North,20,2024-01-15,
1013,Customer 1013,West,30,2024-01-15,
1014,Customer 1014,North,10,2024-01-15,
1015,Customer 1015,South,20,2024-01-15,
1016,Customer 1016,South,9999999,2024-01-15,
1017,Customer 1017,East,30,2024-01-15,
1018,Customer 1018,South,10,2024-01-15,
1019,Customer 1019,North,20,2024-01-15,
1020,Customer 1020,South,9999999,2024-01-15,
1021,Customer 1021,West,20,2024-01-15,
1022,Customer 1022,East,20,2024-01-15,
1023,Customer 1023,West,30,2024-01-15,
1024,Customer 1024,East,9999999,2024-01-15,
1025,Customer 1025,East,30,2024-01-15,
1026,Customer 1026,West,30,2024-01-15,
1027,Customer 1027,North,9999999,2024-01-15,
1028,Customer 1028,East,9999999,2024-01-15,
1029,Customer 1029,East,20,2024-01-15,
1030,Customer 1030,West,30,2024-01-15,
1031,Customer 1031,South,10,2024-01-15,
1032,Customer 1032,North,20,2024-01-15,
1033,Customer 1033,West,30,2024-01-15,
1034,Customer 1034,South,30,2024-01-15,
1035,Customer 1035,East,20,2024-01-15,
1036,Customer 1036 ,West,20,2024-01-15,
1037,Customer 1037,West,20,2024-01-15,
1038,Customer 1038,East,30,2024-01-15,
1039,Customer 1039,West,9999999,2024-01-15,
1040,Customer 1040,South,9999999,2024-01-15,
1041,Customer 1041,South,30,2024-01-15,
1042,Customer 1042,West,20,2024-01-15,
1043,Customer 1043,North,20,2024-01-15,
1044,Customer 1044,North,10,2024-01-15,
1045,Customer 1045,North,10,2024-01-15,
1046,Customer 1046,South,9999999,2024-01-15,
1047,Customer 1047,North,20,2024-01-15,
1048,Customer 1048,North,20,2024-01-15,
1049,Customer 1049,West,20,2024-01-15,
1050,Customer 1050,North,30,2024-01-15,
1051,Customer 1051,West,9999999,2024-01-15,
1052,Customer 1052,North,10,2024-01-15,
1053,Customer 1053,North,9999999,2024-01-15,
1054,Customer 1054,East,10,2024-01-15,
1055,Customer 1055,North,30,2024-01-15,
1056,Customer 1056,South,9999999,2024-01-15,
1057,Customer 1057,North,10,2024-01-15,
1058,Customer 1058,South,20,2024-01-15,
1059,Customer 1059,East,20,2024-01-15,
1060,Customer 1060,East,30,2024-01-15,
1061,Customer 1061,North,9999999,2024-01-15,
1062,Customer 1062,West,30,2024-01-15,
1063,Customer 1063,South,9999999,2024-01-15,
1064,Customer 1064,East,20,2024-01-15,
1065,Customer 1065,North,10,2024-01-15,
1066,Customer 1066,West,10,2024-01-15,
1067,Customer 1067,West,9999999,2024-01-15,
1068,Customer 1068,North,9999999,2024-01-15,
1069,Customer 1069,South,10,2024-01-15,
1070,Customer 1070,West,10,2024-01-15,
1071,Customer 1071,East,9999999,2024-01-15,
1072,Customer 1072,North,10,2024-01-15,
1073,Customer 1073 ,South,20,2024-01-15,
1074,Customer 1074,East,9999999,2024-01-15,
1075,Customer 1075,North,10,2024-01-15,
1076,Customer 1076,North,30,2024-01-15,
1077,Customer 1077,East,20,2024-01-15,
1078,Customer 1078,South,10,2024-01-15,
1079,Customer 1079,West,20,2024-01-15,
1080,Customer 1080,East,10,2024-01-15,
1081,Customer 1081,South,20,2024-01-15,
1082,Customer 1082,East,9999999,2024-01-15,
1083,Customer 1083,South,9999999,2024-01-15,
1084,Customer 1084,East,10,2024-01-15,
1085,Customer 1085,North,10,2024-01-15,
1086,Customer 1086,South,9999999,2024-01-15,
1087,Customer 1087,East,10,2024-01-15,
1088,Customer 1088,East,9999999,2024-01-15,
1089,Customer 1089,East,10,2024-01-15,
1090,Customer 1090,West,9999999,2024-01-15,
1091,Customer 1091,East,20,2024-01-15,
1092,Customer 1092,West,9999999,2024-01-15,
1093,Customer 1093,West,20,2024-01-15,
1094,Customer 1094,East,10,2024-01-15,
1095,Customer 1095,North,20,2024-01-15,
1096,Customer 1096,East,10,2024-01-15,
1097,Customer 1097,West,20,2024-01-15,
1098,Customer 1098,West,20,2024-01-15,
1099,Customer 1099,East,30,2024-01-15,
1100,Customer 1100,North,10,2024-01-15,
1101,Customer 1101,East,10,2024-01-15,
1102,Customer 1102,East,9999999,2024-01-15,
1103,Customer 1103,North,30,2024-01-15,
1104,Customer 1104,North,20,2024-01-15,
1105,Customer 1105,West,20,2024-01-15,
1106,Customer 1106,West,9999999,2024-01-15,
1107,Customer 1107,North,10,2024-01-15,
1108,Customer 1108,East,10,2024-01-15,
1109,Customer 1109,East,10,2024-01-15,
1110,Customer 1110 ,North,9999999,2024-01-15,
1111,Customer 1111,West,30,2024-01-15,
1112,Customer 1112,North,9999999,2024-01-15,
1113,Customer 1113,South,20,2024-01-15,
1114,Customer 1114,South,9999999,2024-01-15,
1115,Customer 1115,East,20,2024-01-15,
1116,Customer 1116,East,30,2024-01-15,
1117,Customer 1117,South,9999999,2024-01-15,
1118,Customer 1118,South,10,2024-01-15,
1119,Customer 1119,East,9999999,2024-01-15,
1120,Customer 1120,East,9999999,2024-01-15,
1121,Customer 1121,North,9999999,2024-01-15,
1122,Customer 1122,East,30,2024-01-15,
1123,Customer 1123,West,20,2024-01-15,
1124,Customer 1124,West,20,2024-01-15,
1125,Customer 1125,South,10,2024-01-15,
1126,Customer 1126,North,30,2024-01-15,
1127,Customer 1127,East,9999999,2024-01-15,
1128,Customer 1128,East,9999999,2024-01-15,
1129,Customer 1129,East,9999999,2024-01-15,
1130,Customer 1130,South,9999999,2024-01-15,
1131,Customer 1131,East,30,2024-01-15,
1132,Customer 1132,West,20,2024-01-15,
1133,Customer 1133,South,30,2024-01-15,
1134,Customer 1134,East,9999999,2024-01-15,
1135,Customer 1135,West,30,2024-01-15,
1136,Customer 1136,East,20,2024-01-15,
1137,Customer 1137,East,9999999,2024-01-15,
1138,Customer 1138,East,9999999,2024-01-15,
1139,Customer 1139,South,10,2024-01-15,
1140,Customer 1140,North,20,2024-01-15,
1141,Customer 1141,South,9999999,2024-01-15,
1142,Customer 1142,East,9999999,2024-01-15,
1143,Customer 1143,West,10,2024-01-15,
1144,Customer 1144,South,9999999,2024-01-15,
1145,Customer 1145,South,30,2024-01-15,
1146,Customer 1146,South,30,2024-01-15,
1147,Customer 1147 ,West,9999999,2024-01-15,
1148,Customer 1148,West,10,2024-01-15,
1149,Customer 1149,West,9999999,2024-01-15,
1150,Customer 1150,North,9999999,2024-01-15,
1151,Customer 1151,North,30,2024-01-15,
1152,Customer 1152,South,10,2024-01-15,
1153,Customer 1153,South,30,2024-01-15,
1154,Customer 1154,West,10,2024-01-15,
1155,Customer 1155,West,30,2024-01-15,
1156,Customer 1156,North,10,2024-01-15,
1157,Customer 1157,East,10,2024-01-15,
1158,Customer 1158,South,20,2024-01-15,
1159,Customer 1159,East,9999999,2024-01-15,
1160,Customer 1160,West,9999999,2024-01-15,
1161,Customer 1161,East,20,2024-01-15,
1162,Customer 1162,West,10,2024-01-15,
1163,Customer 1163,East,10,2024-01-15,
1164,Customer 1164,North,9999999,2024-01-15,
1165,Customer 1165,South,10,2024-01-15,
1166,Customer 1166,East,30,2024-01-15,
1167,Customer 1167,West,30,2024-01-15,
1168,Customer 1168,West,20,2024-01-15,
1169,Customer 1169,West,30,2024-01-15,
1170,Customer 1170,West,10,2024-01-15,
1171,Customer 1171,East,9999999,2024-01-15,
1172,Customer 1172,East,10,2024-01-15,
1173,Customer 1173,North,10,2024-01-15,
1174,Customer 1174,East,10,2024-01-15,
1175,Customer 1175,South,10,2024-01-15,
1176,Customer 1176,South,20,2024-01-15,
1177,Customer 1177,East,20,2024-01-15,
1178,Customer 1178,West,9999999,2024-01-15,
1179,Customer 1179,West,20,2024-01-15,
1180,Customer 1180,South,20,2024-01-15,
1181,Customer 1181,West,9999999,2024-01-15,
1182,Customer 1182,South,10,2024-01-15,
1183,Customer 1183,West,9999999,2024-01-15,
1184,Customer 1184 ,North,9999999,2024-01-15,
1185,Customer 1185,South,20,2024-01-15,
1186,Customer 1186,North,30,2024-01-15,
1187,Customer 1187,South,10,2024-01-15,
1188,Customer 1188,East,30,2024-01-15,
1189,Customer 1189,West,20,2024-01-15,
1190,Customer 1190,East,10,2024-01-15,
1191,Customer 1191,East,9999999,2024-01-15,
1192,Customer 1192,West,9999999,2024-01-15,
1193,Customer 1193,East,10,2024-01-15,
1194,Customer 1194,West,30,2024-01-15,
1195,Customer 1195,East,20,2024-01-15,
1196,Customer 1196,South,10,2024-01-15,
1197,Customer 1197,North,30,2024-01-15,
1198,Customer 1198,East,20,2024-01-15,
1199,Customer 1199,South,10,2024-01-15,
1200,Customer 1200,South,30,2024-01-15,
1201,Customer 1201,West,9999999,2024-01-15,
1202,Customer 1202,West,20,2024-01-15,
1203,Customer 1203,South,9999999,2024-01-15,
1204,Customer 1204,South,9999999,2024-01-15,
1205,Customer 1205,West,20,2024-01-15,
1206,Customer 1206,South,30,2024-01-15,
1207,Customer 1207,East,20,2024-01-15,
1208,Customer 1208,North,9999999,2024-01-15,
1209,Customer 1209,North,30,2024-01-15,
1210,Customer 1210,South,9999999,2024-01-15,
1211,Customer 1211,West,20,2024-01-15,
1212,Customer 1212,West,9999999,2024-01-15,
1213,Customer 1213,West,9999999,2024-01-15,
1214,Customer 1214,West,9999999,2024-01-15,
1215,Customer 1215,North,20,2024-01-15,
1216,Customer 1216,South,10,2024-01-15,
1217,Customer 1217,North,30,2024-01-15,
1218,Customer 1218,South,30,2024-01-15,
1219,Customer 1219,South,30,2024-01-15,
1220,Customer 1220,West,9999999,2024-01-15,
1221,Customer 1221 ,North,10,2024-01-15,
1222,Customer 1222,East,30,2024-01-15,
1223,Customer 1223,West,10,2024-01-15,
1224,Customer 1224,West,20,2024-01-15,
1225,Customer 1225,South,10,2024-01-15,
1226,Customer 1226,North,30,2024-01-15,
1227,Customer 1227,East,9999999,2024-01-15,
1228,Customer 1228,North,30,2024-01-15,
1229,Customer 1229,North,9999999,2024-01-15,
1230,Customer 1230,South,20,2024-01-15,
1231,Customer 1231,West,30,2024-01-15,
1232,Customer 1232,South,20,2024-01-15,
1233,Customer 1233,South,20,2024-01-15,
1234,Customer 1234,East,10,2024-01-15,
1235,Customer 1235,South,30,2024-01-15,
1236,Customer 1236,East,30,2024-01-15,
1237,Customer 1237,East,30,2024-01-15,
1238,Customer 1238,South,10,2024-01-15,
1239,Customer 1239,North,9999999,2024-01-15,
1240,Customer 1240,South,30,2024-01-15,
1241,Customer 1241,South,20,2024-01-15,
1242,Customer 1242,East,20,2024-01-15,
1243,Customer 1243,West,20,2024-01-15,
1244,Customer 1244,South,9999999,2024-01-15,
1245,Customer 1245,West,30,2024-01-15,
1246,Customer 1246,West,9999999,2024-01-15,
1247,Customer 1247,North,10,2024-01-15,
1248,Customer 1248,East,9999999,2024-01-15,
1249,Customer 1249,West,30,2024-01-15,
1250,Customer 1250,East,9999999,2024-01-15,
1251,Customer 1251,North,10,2024-01-15,
1252,Customer 1252,East,9999999,2024-01-15,
1253,Customer 1253,West,10,2024-01-15,
1254,Customer 1254,West,20,2024-01-15,
1255,Customer 1255,West,20,2024-01-15,
1256,Customer 1256,East,30,2024-01-15,
1257,Customer 1257,East,30,2024-01-15,
1258,Customer 1258 ,West,20,2024-01-15,
1259,Customer 1259,North,30,2024-01-15,
1260,Customer 1260,North,10,2024-01-15,
1261,Customer 1261,North,9999999,2024-01-15,
1262,Customer 1262,South,10,2024-01-15,
1263,Customer 1263,West,9999999,2024-01-15,
1264,Customer 1264,West,10,2024-01-15,
1265,Customer 1265,South,20,2024-01-15,
1266,Customer 1266,South,30,2024-01-15,
1267,Customer 1267,North,30,2024-01-15,
1268,Customer 1268,East,30,2024-01-15,
1269,Customer 1269,East,10,2024-01-15,
1270,Customer 1270,North,20,2024-01-15,
1271,Customer 1271,East,9999999,2024-01-15,
1272,Customer 1272,West,20,2024-01-15,
1273,Customer 1273,North,10,2024-01-15,
1274,Customer 1274,South,10,2024-01-15,
1275,Customer 1275,North,9999999,2024-01-15,
1276,Customer 1276,South,20,2024-01-15,
1277,Customer 1277,North,9999999,2024-01-15,
1278,Customer 1278,East,10,2024-01-15,
1279,Customer 1279,West,10,2024-01-15,
1280,Customer 1280,West,20,2024-01-15,
1281,Customer 1281,South,10,2024-01-15,
1282,Customer 1282,North,9999999,2024-01-15,
1283,Customer 1283,North,10,2024-01-15,
1284,Customer 1284,East,30,2024-01-15,
1285,Customer 1285,South,30,2024-01-15,
1286,Customer 1286,South,9999999,2024-01-15,
1287,Customer 1287,North,20,2024-01-15,
1288,Customer 1288,South,10,2024-01-15,
1289,Customer 1289,East,9999999,2024-01-15,
1290,Customer 1290,South,20,2024-01-15,
1291,Customer 1291,West,9999999,2024-01-15,
1292,Customer 1292,North,20,2024-01-15,
1293,Customer 1293,South,10,2024-01-15,
1294,Customer 1294,West,10,2024-01-15,
1295,Customer 1295 ,West,30,2024-01-15,
1296,Customer 1296,South,30,2024-01-15,
1297,Customer 1297,East,20,2024-01-15,
1298,Customer 1298,South,10,2024-01-15,
1299,Customer 1299,North,30,2024-01-15,
1300,Customer 1300,South,30,2024-01-15,
1301,Customer 1301,West,20,2024-01-15,
1302,Customer 1302,North,30,2024-01-15,
1303,Customer 1303,West,20,2024-01-15,
1304,Customer 1304,North,9999999,2024-01-15,
1305,Customer 1305,West,20,2024-01-15,
1306,Customer 1306,North,10,2024-01-15,
1307,Customer 1307,East,30,2024-01-15,
1308,Customer 1308,West,20,2024-01-15,
1309,Customer 1309,East,9999999,2024-01-15,
1310,Customer 1310,West,20,2024-01-15,
1311,Customer 1311,North,10,2024-01-15,
1312,Customer 1312,North,10,2024-01-15,
1313,Customer 1313,South,30,2024-01-15,
1314,Customer 1314,North,10,2024-01-15,
1315,Customer 1315,East,9999999,2024-01-15,
1316,Customer 1316,West,9999999,2024-01-15,
1317,Customer 1317,North,9999999,2024-01-15,
1318,Customer 1318,East,20,2024-01-15,
1319,Customer 1319,East,10,2024-01-15,
1320,Customer 1320,South,10,2024-01-15,
1321,Customer 1321,East,20,2024-01-15,
1322,Customer 1322,North,9999999,2024-01-15,
1323,Customer 1323,West,30,2024-01-15,
1324,Customer 1324,North,20,2024-01-15,
1325,Customer 1325,North,20,2024-01-15,
1326,Customer 1326,North,9999999,2024-01-15,
1327,Customer 1327,North,9999999,2024-01-15,
1328,Customer 1328,South,30,2024-01-15,
1329,Customer 1329,North,10,2024-01-15,
1330,Customer 1330,North,20,2024-01-15,
1331,Customer 1331,West,20,2024-01-15,
1332,Customer 1332 ,East,30,2024-01-15,
1333,Customer 1333,East,20,2024-01-15,
1334,Customer 1334,East,20,2024-01-15,
1335,Customer 1335,North,10,2024-01-15,
1336,Customer 1336,West,30,2024-01-15,
1337,Customer 1337,North,30,2024-01-15,
1338,Customer 1338,North,30,2024-01-15,
1339,Customer 1339,West,9999999,2024-01-15,
1340,Customer 1340,North,30,2024-01-15,
1341,Customer 1341,South,9999999,2024-01-15,
1342,Customer 1342,South,30,2024-01-15,
1343,Customer 1343,North,30,2024-01-15,
1344,Customer 1344,South,10,2024-01-15,
1345,Customer 1345,North,10,2024-01-15,
1346,Customer 1346,South,10,2024-01-15,
1347,Customer 1347,West,10,2024-01-15,
1348,Customer 1348,West,30,2024-01-15,
1349,Customer 1349,South,20,2024-01-15,
1350,Customer 1350,West,10,2024-01-15,
1351,Customer 1351,East,20,2024-01-15,
1352,Customer 1352,West,20,2024-01-15,
1353,Customer 1353,East,30,2024-01-15,
1354,Customer 1354,East,10,2024-01-15,
1355,Customer 1355,North,10,2024-01-15,
1356,Customer 1356,South,20,2024-01-15,
1357,Customer 1357,West,10,2024-01-15,
1358,Customer 1358,West,10,2024-01-15,
1359,Customer 1359,East,30,2024-01-15,
1360,Customer 1360,North,30,2024-01-15,
1361,Customer 1361,North,9999999,2024-01-15,
1362,Customer 1362,South,30,2024-01-15,
1363,Customer 1363,East,30,2024-01-15,
1364,Customer 1364,West,20,2024-01-15,
1365,Customer 1365,West,30,2024-01-15,
1366,Customer 1366,South,20,2024-01-15,
1367,Customer 1367,North,20,2024-01-15,
1368,Customer 1368,North,9999999,2024-01-15,
1369,Customer 1369 ,East,20,2024-01-15,
1370,Customer 1370,East,10,2024-01-15,
1371,Customer 1371,West,10,2024-01-15,
1372,Customer 1372,North,30,2024-01-15,
1373,Customer 1373,South,20,2024-01-15,
1374,Customer 1374,West,9999999,2024-01-15,
1375,Customer 1375,South,10,2024-01-15,
1376,Customer 1376,North,30,2024-01-15,
1377,Customer 1377,South,10,2024-01-15,
1378,Customer 1378,East,9999999,2024-01-15,
1379,Customer 1379,North,9999999,2024-01-15,
1380,Customer 1380,South,10,2024-01-15,
1381,Customer 1381,North,9999999,2024-01-15,
1382,Customer 1382,West,10,2024-01-15,
1383,Customer 1383,South,20,2024-01-15,
1384,Customer 1384,East,30,2024-01-15,
1385,Customer 1385,West,30,2024-01-15,
1386,Customer 1386,East,30,2024-01-15,
1387,Customer 1387,East,9999999,2024-01-15,
1388,Customer 1388,North,20,2024-01-15,
1389,Customer 1389,South,20,2024-01-15,
1390,Customer 1390,South,10,2024-01-15,
1391,Customer 1391,South,10,2024-01-15,
1392,Customer 1392,West,9999999,2024-01-15,
1393,Customer 1393,West,30,2024-01-15,
1394,Customer 1394,East,10,2024-01-15,
1395,Customer 1395,West,20,2024-01-15,
1396,Customer 1396,West,30,2024-01-15,
1397,Customer 1397,North,30,2024-01-15,
1398,Customer 1398,South,10,2024-01-15,
1399,Customer 1399,North,30,2024-01-15,
1400,Customer 1400,East,20,2024-01-15,
1401,Customer 1401,North,20,2024-01-15,
1402,Customer 1402,East,20,2024-01-15,
1403,Customer 1403,North,9999999,2024-01-15,
1404,Customer 1404,East,30,2024-01-15,
1405,Customer 1405,North,20,2024-01-15,
1406,Customer 1406 ,West,9999999,2024-01-15,
1407,Customer 1407,North,20,2024-01-15,
1408,Customer 1408,North,9999999,2024-01-15,
1409,Customer 1409,North,20,2024-01-15,
1410,Customer 1410,North,10,2024-01-15,
1411,Customer 1411,South,20,2024-01-15,
1412,Customer 1412,West,20,2024-01-15,
1413,Customer 1413,North,30,2024-01-15,
1414,Customer 1414,North,30,2024-01-15,
1415,Customer 1415,North,10,2024-01-15,
1416,Customer 1416,West,20,2024-01-15,
1417,Customer 1417,North,20,2024-01-15,
1418,Customer 1418,North,30,2024-01-15,
1419,Customer 1419,West,10,2024-01-15,
1420,Customer 1420,South,10,2024-01-15,
1421,Customer 1421,West,9999999,2024-01-15,
1422,Customer 1422,North,9999999,2024-01-15,
1423,Customer 1423,West,9999999,2024-01-15,
1424,Customer 1424,East,20,2024-01-15,
1425,Customer 1425,South,20,2024-01-15,
1426,Customer 1426,East,30,2024-01-15,
1427,Customer 1427,South,9999999,2024-01-15,
1428,Customer 1428,South,10,2024-01-15,
1429,Customer 1429,West,30,2024-01-15,
1430,Customer 1430,West,9999999,2024-01-15,
1431,Customer 1431,North,10,2024-01-15,
1432,Customer 1432,West,30,2024-01-15,
1433,Customer 1433,West,20,2024-01-15,
1434,Customer 1434,South,20,2024-01-15,
1435,Customer 1435,West,10,2024-01-15,
1436,Customer 1436,West,30,2024-01-15,
1437,Customer 1437,East,9999999,2024-01-15,
1438,Customer 1438,West,30,2024-01-15,
1439,Customer 1439,South,30,2024-01-15,
1440,Customer 1440,East,10,2024-01-15,
1441,Customer 1441,North,20,2024-01-15,
1442,Customer 1442,North,30,2024-01-15,
1443,Customer 1443 ,East,9999999,2024-01-15,
1444,Customer 1444,South,20,2024-01-15,
1445,Customer 1445,South,10,2024-01-15,
1446,Customer 1446,East,20,2024-01-15,
1447,Customer 1447,South,10,2024-01-15,
1448,Customer 1448,East,9999999,2024-01-15,
1449,Customer 1449,South,20,2024-01-15,
1450,Customer 1450,East,20,2024-01-15,
1451,Customer 1451,North,30,2024-01-15,
1452,Customer 1452,South,30,2024-01-15,
1453,Customer 1453,West,20,2024-01-15,
1454,Customer 1454,South,30,2024-01-15,
1455,Customer 1455,North,9999999,2024-01-15,
1456,Customer 1456,North,10,2024-01-15,
1457,Customer 1457,South,20,2024-01-15,
1458,Customer 1458,West,10,2024-01-15,
1459,Customer 1459,East,10,2024-01-15,
1460,Customer 1460,South,20,2024-01-15,
1461,Customer 1461,South,30,2024-01-15,
1462,Customer 1462,North,30,2024-01-15,
1463,Customer 1463,South,10,2024-01-15,
1464,Customer 1464,North,20,2024-01-15,
1465,Customer 1465,North,30,2024-01-15,
1466,Customer 1466,West,30,2024-01-15,
1467,Customer 1467,East,10,2024-01-15,
1468,Customer 1468,East,30,2024-01-15,
1469,Customer 1469,South,20,2024-01-15,
1470,Customer 1470,West,9999999,2024-01-15,
1471,Customer 1471,South,30,2024-01-15,
1472,Customer 1472,South,30,2024-01-15,
1473,Customer 1473,West,20,2024-01-15,
1474,Customer 1474,East,30,2024-01-15,
1475,Customer 1475,South,20,2024-01-15,
1476,Customer 1476,West,10,2024-01-15,
1477,Customer 1477,South,10,2024-01-15,
1478,Customer 1478,South,30,2024-01-15,
1479,Customer 1479,West,10,2024-01-15,
1480,Customer 1480 ,East,20,2024-01-15,
1481,Customer 1481,South,10,2024-01-15,
1482,Customer 1482,East,30,2024-01-15,
1483,Customer 1483,North,20,2024-01-15,
1484,Customer 1484,West,30,2024-01-15,
1485,Customer 1485,East,10,2024-01-15,
1486,Customer 1486,South,20,2024-01-15,
1487,Customer 1487,East,10,2024-01-15,
1488,Customer 1488,North,30,2024-01-15,
1489,Customer 1489,North,10,2024-01-15,
1490,Customer 1490,West,9999999,2024-01-15,
1491,Customer 1491,South,9999999,2024-01-15,
1492,Customer 1492,West,9999999,2024-01-15,
1493,Customer 1493,East,9999999,2024-01-15,
1494,Customer 1494,North,9999999,2024-01-15,
1495,Customer 1495,South,9999999,2024-01-15,
1496,Customer 1496,West,20,2024-01-15,
1497,Customer 1497,North,10,2024-01-15,
1498,Customer 1498,North,30,2024-01-15,
1499,Customer 1499,East,30,2024-01-15,
1500,Customer 1500,North,N/A,2024-01-15,
1501,Customer 1501,East,10,2024-01-15,
1502,Customer 1502,West,20,2024-01-15,
1503,Customer 1503,North,20,2024-01-15,
1504,Customer 1504,East,10,2024-01-15,
1505,Customer 1505,North,9999999,2024-01-15,
1506,Customer 1506,South,9999999,2024-01-15,
1507,Customer 1507,South,9999999,2024-01-15,
1508,Customer 1508,North,10,2024-01-15,
1509,Customer 1509,South,30,2024-01-15,
1510,Customer 1510,West,20,2024-01-15,
1511,Customer 1511,East,30,2024-01-15,
1512,Customer 1512,South,30,2024-01-15,
1513,Customer 1513,North,10,2024-01-15,
1514,Customer 1514,West,9999999,2024-01-15,
1515,Customer 1515,North,20,2024-01-15,
1516,Customer 1516,North,30,2024-01-15,
1517,Customer 1517 ,North,9999999,2024-01-15,
1518,Customer 1518,West,30,2024-01-15,
1519,Customer 1519,North,20,2024-01-15,
1520,Customer 1520,South,10,2024-01-15,
1521,Customer 1521,East,20,2024-01-15,
1522,Customer 1522,West,10,2024-01-15,
1523,Customer 1523,East,10,2024-01-15,
1524,Customer 1524,West,9999999,2024-01-15,
1525,Customer 1525,East,9999999,2024-01-15,
1526,Customer 1526,West,10,2024-01-15,
1527,Customer 1527,East,20,2024-01-15,
1528,Customer 1528,East,9999999,2024-01-15,
1529,Customer 1529,West,20,2024-01-15,
1530,Customer 1530,East,10,2024-01-15,
1531,Customer 1531,West,9999999,2024-01-15,
1532,Customer 1532,South,30,2024-01-15,
1533,Customer 1533,North,30,2024-01-15,
1534,Customer 1534,North,20,2024-01-15,
1535,Customer 1535,East,10,2024-01-15,
1536,Customer 1536,South,9999999,2024-01-15,
1537,Customer 1537,West,10,2024-01-15,
1538,Customer 1538,West,9999999,2024-01-15,
1539,Customer 1539,West,20,2024-01-15,
1540,Customer 1540,North,30,2024-01-15,
1541,Customer 1541,North,9999999,2024-01-15,
1542,Customer 1542,North,20,2024-01-15,
1543,Customer 1543,South,9999999,2024-01-15,
1544,Customer 1544,South,20,2024-01-15,
1545,Customer 1545,South,20,2024-01-15,
1546,Customer 1546,West,10,2024-01-15,
1547,Customer 1547,West,10,2024-01-15,
1548,Customer 1548,South,20,2024-01-15,
1549,Customer 1549,East,30,2024-01-15,
1550,Customer 1550,North,10,2024-01-15,
1551,Customer 1551,West,9999999,2024-01-15,
1552,Customer 1552,East,30,2024-01-15,
1553,Customer 1553,North,9999999,2024-01-15,
1554,Customer 1554 ,North,9999999,2024-01-15,
1555,Customer 1555,South,9999999,2024-01-15,
1556,Customer 1556,North,20,2024-01-15,
1557,Customer 1557,North,10,2024-01-15,
1558,Customer 1558,East,30,2024-01-15,
1559,Customer 1559,East,9999999,2024-01-15,
1560,Customer 1560,West,9999999,2024-01-15,
1561,Customer 1561,North,9999999,2024-01-15,
1562,Customer 1562,East,20,2024-01-15,
1563,Customer 1563,South,9999999,2024-01-15,
1564,Customer 1564,North,9999999,2024-01-15,
1565,Customer 1565,East,9999999,2024-01-15,
1566,Customer 1566,North,20,2024-01-15,
1567,Customer 1567,East,9999999,2024-01-15,
1568,Customer 1568,North,30,2024-01-15,
1569,Customer 1569,East,30,2024-01-15,
1570,Customer 1570,East,30,2024-01-15,
1571,Customer 1571,North,9999999,2024-01-15,
1572,Customer 1572,South,20,2024-01-15,
1573,Customer 1573,West,30,2024-01-15,
1574,Customer 1574,East,30,2024-01-15,
1575,Customer 1575,North,9999999,2024-01-15,
1576,Customer 1576,West,20,2024-01-15,
1577,Customer 1577,West,20,2024-01-15,
1578,Customer 1578,East,9999999,2024-01-15,
1579,Customer 1579,South,10,2024-01-15,
1580,Customer 1580,East,10,2024-01-15,
1581,Customer 1581,South,9999999,2024-01-15,
1582,Customer 1582,South,10,2024-01-15,
1583,Customer 1583,South,20,2024-01-15,
1584,Customer 1584,South,10,2024-01-15,
1585,Customer 1585,West,10,2024-01-15,
1586,Customer 1586,East,10,2024-01-15,
1587,Customer 1587,East,20,2024-01-15,
1588,Customer 1588,West,30,2024-01-15,
1589,Customer 1589,North,9999999,2024-01-15,
1590,Customer 1590,South,10,2024-01-15,
1591,Customer 1591 ,West,30,2024-01-15,
1592,Customer 1592,South,9999999,2024-01-15,
1593,Customer 1593,East,9999999,2024-01-15,
1594,Customer 1594,South,30,2024-01-15,
1595,Customer 1595,North,30,2024-01-15,
1596,Customer 1596,North,30,2024-01-15,
1597,Customer 1597,North,9999999,2024-01-15,
1598,Customer 1598,South,20,2024-01-15,
1599,Customer 1599,South,20,2024-01-15,
1600,Customer 1600,East,20,2024-01-15,
1601,Customer 1601,North,9999999,2024-01-15,
1602,Customer 1602,West,10,2024-01-15,
1603,Customer 1603,South,20,2024-01-15,
1604,Customer 1604,South,10,2024-01-15,
1605,Customer 1605,East,30,2024-01-15,
1606,Customer 1606,West,30,2024-01-15,
1607,Customer 1607,East,9999999,2024-01-15,
1608,Customer 1608,East,9999999,2024-01-15,
1609,Customer 1609,West,20,2024-01-15,
1610,Customer 1610,West,30,2024-01-15,
1611,Customer 1611,North,10,2024-01-15,
1612,Customer 1612,East,30,2024-01-15,
1613,Customer 1613,North,30,2024-01-15,
1614,Customer 1614,North,9999999,2024-01-15,
1615,Customer 1615,East,30,2024-01-15,
1616,Customer 1616,East,30,2024-01-15,
1617,Customer 1617,East,30,2024-01-15,
1618,Customer 1618,South,20,2024-01-15,
1619,Customer 1619,North,20,2024-01-15,
1620,Customer 1620,East,9999999,2024-01-15,
1621,Customer 1621,North,20,2024-01-15,
1622,Customer 1622,East,9999999,2024-01-15,
1623,Customer 1623,West,30,2024-01-15,
1624,Customer 1624,West,9999999,2024-01-15,
1625,Customer 1625,South,10,2024-01-15,
1626,Customer 1626,South,30,2024-01-15,
1627,Customer 1627,East,9999999,2024-01-15,
1628,Customer 1628 ,South,30,2024-01-15,
1629,Customer 1629,East,20,2024-01-15,
1630,Customer 1630,West,10,2024-01-15,
1631,Customer 1631,East,20,2024-01-15,
1632,Customer 1632,East,20,2024-01-15,
1633,Customer 1633,South,10,2024-01-15,
1634,Customer 1634,South,30,2024-01-15,
1635,Customer 1635,West,30,2024-01-15,
1636,Customer 1636,East,30,2024-01-15,
1637,Customer 1637,East,30,2024-01-15,
1638,Customer 1638,North,9999999,2024-01-15,
1639,Customer 1639,North,9999999,2024-01-15,
1640,Customer 1640,West,10,2024-01-15,
1641,Customer 1641,North,20,2024-01-15,
1642,Customer 1642,East,9999999,2024-01-15,
1643,Customer 1643,North,9999999,2024-01-15,
1644,Customer 1644,South,20,2024-01-15,
1645,Customer 1645,East,20,2024-01-15,
1646,Customer 1646,West,9999999,2024-01-15,
1647,Customer 1647,East,20,2024-01-15,
1648,Customer 1648,North,20,2024-01-15,
1649,Customer 1649,East,9999999,2024-01-15,
1650,Customer 1650,East,20,2024-01-15,
1651,Customer 1651,North,10,2024-01-15,
1652,Customer 1652,East,9999999,2024-01-15,
1653,Customer 1653,South,20,2024-01-15,
1654,Customer 1654,West,20,2024-01-15,
1655,Customer 1655,South,10,2024-01-15,
1656,Customer 1656,West,9999999,2024-01-15,
1657,Customer 1657,West,9999999,2024-01-15,
1658,Customer 1658,West,9999999,2024-01-15,
1659,Customer 1659,North,10,2024-01-15,
1660,Customer 1660,East,20,2024-01-15,
1661,Customer 1661,East,10,2024-01-15,
1662,Customer 1662,North,20,2024-01-15,
1663,Customer 1663,South,10,2024-01-15,
1664,Customer 1664,East,20,2024-01-15,
1665,Customer 1665 ,South,30,2024-01-15,
1666,Customer 1666,West,10,2024-01-15,
1667,Customer 1667,South,30,2024-01-15,
1668,Customer 1668,North,10,2024-01-15,
1669,Customer 1669,East,30,2024-01-15,
1670,Customer 1670,East,9999999,2024-01-15,
1671,Customer 1671,South,9999999,2024-01-15,
1672,Customer 1672,West,30,2024-01-15,
1673,Customer 1673,South,30,2024-01-15,
1674,Customer 1674,West,20,2024-01-15,
1675,Customer 1675,South,10,2024-01-15,
1676,Customer 1676,South,20,2024-01-15,
1677,Customer 1677,North,20,2024-01-15,
1678,Customer 1678,North,20,2024-01-15,
1679,Customer 1679,North,30,2024-01-15,
1680,Customer 1680,East,9999999,2024-01-15,
1681,Customer 1681,North,10,2024-01-15,
1682,Customer 1682,North,10,2024-01-15,
1683,Customer 1683,North,10,2024-01-15,
1684,Customer 1684,West,9999999,2024-01-15,
1685,Customer 1685,North,9999999,2024-01-15,
1686,Customer 1686,West,30,2024-01-15,
1687,Customer 1687,South,20,2024-01-15,
1688,Customer 1688,East,10,2024-01-15,
1689,Customer 1689,North,9999999,2024-01-15,
1690,Customer 1690,South,30,2024-01-15,
1691,Customer 1691,North,9999999,2024-01-15,
1692,Customer 1692,East,10,2024-01-15,
1693,Customer 1693,North,10,2024-01-15,
1694,Customer 1694,South,9999999,2024-01-15,
1695,Customer 1695,East,20,2024-01-15,
1696,Customer 1696,East,20,2024-01-15,
1697,Customer 1697,East,9999999,2024-01-15,
1698,Customer 1698,North,20,2024-01-15,
1699,Customer 1699,South,9999999,2024-01-15,
1700,Customer 1700,East,9999999,2024-01-15,
1701,Customer 1701,North,20,2024-01-15,
1702,Customer 1702 ,North,10,2024-01-15,
1703,Customer 1703,West,10,2024-01-15,
1704,Customer 1704,North,20,2024-01-15,
1705,Customer 1705,North,10,2024-01-15,
1706,Customer 1706,South,30,2024-01-15,
1707,Customer 1707,East,9999999,2024-01-15,
1708,Customer 1708,West,30,2024-01-15,
1709,Customer 1709,North,10,2024-01-15,
1710,Customer 1710,North,20,2024-01-15,
1711,Customer 1711,East,30,2024-01-15,
1712,Customer 1712,West,30,2024-01-15,
1713,Customer 1713,North,10,2024-01-15,
1714,Customer 1714,North,10,2024-01-15,
1715,Customer 1715,South,20,2024-01-15,
1716,Customer 1716,East,30,2024-01-15,
1717,Customer 1717,East,9999999,2024-01-15,
1718,Customer 1718,East,10,2024-01-15,
1719,Customer 1719,South,30,2024-01-15,
1720,Customer 1720,West,10,2024-01-15,
1721,Customer 1721,West,9999999,2024-01-15,
1722,Customer 1722,West,30,2024-01-15,
1723,Customer 1723,West,9999999,2024-01-15,
1724,Customer 1724,North,20,2024-01-15,
1725,Customer 1725,North,20,2024-01-15,
1726,Customer 1726,North,20,2024-01-15,
1727,Customer 1727,West,9999999,2024-01-15,
1728,Customer 1728,South,9999999,2024-01-15,
1729,Customer 1729,East,9999999,2024-01-15,
1730,Customer 1730,South,10,2024-01-15,
1731,Customer 1731,West,9999999,2024-01-15,
1732,Customer 1732,West,10,2024-01-15,
1733,Customer 1733,North,9999999,2024-01-15,
1734,Customer 1734,East,10,2024-01-15,
1735,Customer 1735,North,30,2024-01-15,
1736,Customer 1736,East,20,2024-01-15,
1737,Customer 1737,West,10,2024-01-15,
1738,Customer 1738,West,20,2024-01-15,
1739,Customer 1739 ,West,30,2024-01-15,
1740,Customer 1740,North,20,2024-01-15,
1741,Customer 1741,South,10,2024-01-15,
1742,Customer 1742,West,9999999,2024-01-15,
1743,Customer 1743,North,20,2024-01-15,
1744,Customer 1744,East,9999999,2024-01-15,
1745,Customer 1745,East,20,2024-01-15,
1746,Customer 1746,North,30,2024-01-15,
1747,Customer 1747,West,20,2024-01-15,
1748,Customer 1748,South,9999999,2024-01-15,
1749,Customer 1749,West,10,2024-01-15,
1750,Customer 1750,West,9999999,2024-01-15,
1751,Customer 1751,West,10,2024-01-15,
1752,Customer 1752,East,9999999,2024-01-15,
1753,Customer 1753,West,10,2024-01-15,
1754,Customer 1754,North,10,2024-01-15,
1755,Customer 1755,West,9999999,2024-01-15,
1756,Customer 1756,North,10,2024-01-15,
1757,Customer 1757,East,10,2024-01-15,
1758,Customer 1758,West,20,2024-01-15,
1759,Customer 1759,East,30,2024-01-15,
1760,Customer 1760,South,10,2024-01-15,
1761,Customer 1761,East,9999999,2024-01-15,
1762,Customer 1762,East,9999999,2024-01-15,
1763,Customer 1763,North,9999999,2024-01-15,
1764,Customer 1764,South,10,2024-01-15,
1765,Customer 1765,East,10,2024-01-15,
1766,Customer 1766,East,30,2024-01-15,
1767,Customer 1767,North,30,2024-01-15,
1768,Customer 1768,South,10,2024-01-15,
1769,Customer 1769,South,9999999,2024-01-15,
1770,Customer 1770,North,9999999,2024-01-15,
1771,Customer 1771,South,30,2024-01-15,
1772,Customer 1772,North,20,2024-01-15,
1773,Customer 1773,South,9999999,2024-01-15,
1774,Customer 1774,South,9999999,2024-01-15,
1775,Customer 1775,North,30,2024-01-15,
1776,Customer 1776 ,North,9999999,2024-01-15,
1777,Customer 1777,West,10,2024-01-15,
1778,Customer 1778,South,9999999,2024-01-15,
1779,Customer 1779,North,9999999,2024-01-15,
1780,Customer 1780,West,10,2024-01-15,
1781,Customer 1781,South,9999999,2024-01-15,
1782,Customer 1782,South,20,2024-01-15,
1783,Customer 1783,West,10,2024-01-15,
1784,Customer 1784,West,30,2024-01-15,
1785,Customer 1785,South,9999999,2024-01-15,
1786,Customer 1786,West,30,2024-01-15,
1787,Customer 1787,East,30,2024-01-15,
1788,Customer 1788,South,9999999,2024-01-15,
1789,Customer 1789,West,20,2024-01-15,
1790,Customer 1790,East,30,2024-01-15,
1791,Customer 1791,South,20,2024-01-15,
1792,Customer 1792,East,20,2024-01-15,
1793,Customer 1793,South,30,2024-01-15,
1794,Customer 1794,East,20,2024-01-15,
1795,Customer 1795,East,10,2024-01-15,
1796,Customer 1796,West,9999999,2024-01-15,
1797,Customer 1797,West,30,2024-01-15,
1798,Customer 1798,North,10,2024-01-15,
1799,Customer 1799,West,10,2024-01-15,
1800,Customer 1800,North,20,2024-01-15,
1801,Customer 1801,South,10,2024-01-15,
1802,Customer 1802,South,30,2024-01-15,
1803,Customer 1803,East,30,2024-01-15,
1804,Customer 1804,North,20,2024-01-15,
1805,Customer 1805,South,30,2024-01-15,
1806,Customer 1806,East,10,2024-01-15,
1807,Customer 1807,North,9999999,2024-01-15,
1808,Customer 1808,West,20,2024-01-15,
1809,Customer 1809,East,20,2024-01-15,
1810,Customer 1810,West,10,2024-01-15,
1811,Customer 1811,West,9999999,2024-01-15,
1812,Customer 1812,North,30,2024-01-15,
1813,Customer 1813 ,East,10,2024-01-15,
1814,Customer 1814,West,20,2024-01-15,
1815,Customer 1815,East,20,2024-01-15,
1816,Customer 1816,South,20,2024-01-15,
1817,Customer 1817,West,30,2024-01-15,
1818,Customer 1818,North,20,2024-01-15,
1819,Customer 1819,South,20,2024-01-15,
1820,Customer 1820,West,10,2024-01-15,
1821,Customer 1821,West,10,2024-01-15,
1822,Customer 1822,East,30,2024-01-15,
1823,Customer 1823,South,20,2024-01-15,
1824,Customer 1824,North,30,2024-01-15,
1825,Customer 1825,West,30,2024-01-15,
1826,Customer 1826,North,20,2024-01-15,
1827,Customer 1827,East,20,2024-01-15,
1828,Customer 1828,East,10,2024-01-15,
1829,Customer 1829,East,9999999,2024-01-15,
1830,Customer 1830,East,10,2024-01-15,
1831,Customer 1831,South,20,2024-01-15,
1832,Customer 1832,South,10,2024-01-15,
1833,Customer 1833,West,9999999,2024-01-15,
1834,Customer 1834,East,10,2024-01-15,
1835,Customer 1835,South,20,2024-01-15,
1836,Customer 1836,East,30,2024-01-15,
1837,Customer 1837,East,30,2024-01-15,
1838,Customer 1838,West,20,2024-01-15,
1839,Customer 1839,North,10,2024-01-15,
1840,Customer 1840,West,30,2024-01-15,
1841,Customer 1841,South,20,2024-01-15,
1842,Customer 1842,East,10,2024-01-15,
1843,Customer 1843,North,9999999,2024-01-15,
1844,Customer 1844,East,9999999,2024-01-15,
1845,Customer 1845,North,30,2024-01-15,
1846,Customer 1846,West,30,2024-01-15,
1847,Customer 1847,North,9999999,2024-01-15,
1848,Customer 1848,South,30,2024-01-15,
1849,Customer 1849,North,30,2024-01-15,
1850,Customer 1850 ,South,10,2024-01-15,
1851,Customer 1851,North,10,2024-01-15,
1852,Customer 1852,South,20,2024-01-15,
1853,Customer 1853,North,9999999,2024-01-15,
1854,Customer 1854,West,20,2024-01-15,
1855,Customer 1855,South,10,2024-01-15,
1856,Customer 1856,West,10,2024-01-15,
1857,Customer 1857,North,30,2024-01-15,
1858,Customer 1858,North,10,2024-01-15,
1859,Customer 1859,South,10,2024-01-15,
1860,Customer 1860,North,30,2024-01-15,
1861,Customer 1861,East,20,2024-01-15,
1862,Customer 1862,West,9999999,2024-01-15,
1863,Customer 1863,West,9999999,2024-01-15,
1864,Customer 1864,East,9999999,2024-01-15,
1865,Customer 1865,West,10,2024-01-15,
1866,Customer 1866,North,10,2024-01-15,
1867,Customer 1867,North,10,2024-01-15,
1868,Customer 1868,East,10,2024-01-15,
1869,Customer 1869,East,10,2024-01-15,
1870,Customer 1870,North,30,2024-01-15,
1871,Customer 1871,West,30,2024-01-15,
1872,Customer 1872,West,9999999,2024-01-15,
1873,Customer 1873,West,10,2024-01-15,
1874,Customer 1874,South,20,2024-01-15,
1875,Customer 1875,West,20,2024-01-15,
1876,Customer 1876,South,30,2024-01-15,
1877,Customer 1877,East,30,2024-01-15,
1878,Customer 1878,South,10,2024-01-15,
1879,Customer 1879,North,10,2024-01-15,
1880,Customer 1880,West,10,2024-01-15,
1881,Customer 1881,East,10,2024-01-15,
1882,Customer 1882,East,20,2024-01-15,
1883,Customer 1883,West,20,2024-01-15,
1884,Customer 1884,South,20,2024-01-15,
1885,Customer 1885,South,20,2024-01-15,
1886,Customer 1886,South,30,2024-01-15,
1887,Customer 1887 ,South,10,2024-01-15,
1888,Customer 1888,West,10,2024-01-15,
1889,Customer 1889,East,10,2024-01-15,
1890,Customer 1890,East,10,2024-01-15,
1891,Customer 1891,South,10,2024-01-15,
1892,Customer 1892,East,9999999,2024-01-15,
1893,Customer 1893,South,30,2024-01-15,
1894,Customer 1894,North,20,2024-01-15,
1895,Customer 1895,North,30,2024-01-15,
1896,Customer 1896,East,20,2024-01-15,
1897,Customer 1897,West,9999999,2024-01-15,
1898,Customer 1898,East,30,2024-01-15,
1899,Customer 1899,East,20,2024-01-15,
1900,Customer 1900,West,30,2024-01-15,
1901,Customer 1901,North,20,2024-01-15,
1902,Customer 1902,South,30,2024-01-15,
1903,Customer 1903,West,20,2024-01-15,
1904,Customer 1904,East,30,2024-01-15,
1905,Customer 1905,East,20,2024-01-15,
1906,Customer 1906,West,9999999,2024-01-15,
1907,Customer 1907,East,9999999,2024-01-15,
1908,Customer 1908,West,30,2024-01-15,
1909,Customer 1909,South,10,2024-01-15,
1910,Customer 1910,East,10,2024-01-15,
1911,Customer 1911,South,20,2024-01-15,
1912,Customer 1912,North,30,2024-01-15,
1913,Customer 1913,North,10,2024-01-15,
1914,Customer 1914,West,10,2024-01-15,
1915,Customer 1915,North,20,2024-01-15,
1916,Customer 1916,West,30,2024-01-15,
1917,Customer 1917,East,20,2024-01-15,
1918,Customer 1918,South,9999999,2024-01-15,
1919,Customer 1919,South,30,2024-01-15,
1920,Customer 1920,North,9999999,2024-01-15,
1921,Customer 1921,East,9999999,2024-01-15,
1922,Customer 1922,South,10,2024-01-15,
1923,Customer 1923,South,20,2024-01-15,
1924,Customer 1924 ,South,9999999,2024-01-15,
1925,Customer 1925,South,20,2024-01-15,
1926,Customer 1926,East,9999999,2024-01-15,
1927,Customer 1927,South,10,2024-01-15,
1928,Customer 1928,South,9999999,2024-01-15,
1929,Customer 1929,East,10,2024-01-15,
1930,Customer 1930,South,30,2024-01-15,
1931,Customer 1931,South,10,2024-01-15,
1932,Customer 1932,West,30,2024-01-15,
1933,Customer 1933,West,9999999,2024-01-15,
1934,Customer 1934,North,10,2024-01-15,
1935,Customer 1935,North,30,2024-01-15,
1936,Customer 1936,East,30,2024-01-15,
1937,Customer 1937,West,20,2024-01-15,
1938,Customer 1938,East,9999999,2024-01-15,
1939,Customer 1939,East,10,2024-01-15,
1940,Customer 1940,South,9999999,2024-01-15,
1941,Customer 1941,East,9999999,2024-01-15,
1942,Customer 1942,West,30,2024-01-15,
1943,Customer 1943,North,9999999,2024-01-15,
1944,Customer 1944,West,20,2024-01-15,
1945,Customer 1945,South,20,2024-01-15,
1946,Customer 1946,East,10,2024-01-15,
1947,Customer 1947,South,20,2024-01-15,
1948,Customer 1948,South,20,2024-01-15,
1949,Customer 1949,North,30,2024-01-15,
1950,Customer 1950,West,20,2024-01-15,
1951,Customer 1951,North,30,2024-01-15,
1952,Customer 1952,West,9999999,2024-01-15,
1953,Customer 1953,South,9999999,2024-01-15,
1954,Customer 1954,West,20,2024-01-15,
1955,Customer 1955,South,10,2024-01-15,
1956,Customer 1956,South,10,2024-01-15,
1957,Customer 1957,South,20,2024-01-15,
1958,Customer 1958,South,10,2024-01-15,
1959,Customer 1959,South,10,2024-01-15,
1960,Customer 1960,South,30,2024-01-15,
1961,Customer 1961 ,North,9999999,2024-01-15,
1962,Customer 1962,North,30,2024-01-15,
1963,Customer 1963,West,20,2024-01-15,
1964,Customer 1964,West,9999999,2024-01-15,
1965,Customer 1965,South,20,2024-01-15,
1966,Customer 1966,South,9999999,2024-01-15,
1967,Customer 1967,East,20,2024-01-15,
1968,Customer 1968,East,20,2024-01-15,
1969,Customer 1969,North,9999999,2024-01-15,
1970,Customer 1970,West,20,2024-01-15,
1971,Customer 1971,South,9999999,2024-01-15,
1972,Customer 1972,North,10,2024-01-15,
1973,Customer 1973,West,20,2024-01-15,
1974,Customer 1974,North,20,2024-01-15,
1975,Customer 1975,West,20,2024-01-15,
1976,Customer 1976,North,10,2024-01-15,
1977,Customer 1977,West,10,2024-01-15,
1978,Customer 1978,North,20,2024-01-15,
1979,Customer 1979,West,9999999,2024-01-15,
1980,Customer 1980,North,30,2024-01-15,
1981,Customer 1981,South,9999999,2024-01-15,
1982,Customer 1982,West,9999999,2024-01-15,
1983,Customer 1983,North,30,2024-01-15,
1984,Customer 1984,South,9999999,2024-01-15,
1985,Customer 1985,West,30,2024-01-15,
1986,Customer 1986,North,20,2024-01-15,
1987,Customer 1987,West,30,2024-01-15,
1988,Customer 1988,South,30,2024-01-15,
1989,Customer 1989,North,10,2024-01-15,
1990,Customer 1990,North,10,2024-01-15,
1991,Customer 1991,South,9999999,2024-01-15,
1992,Customer 1992,West,30,2024-01-15,
1993,Customer 1993,North,30,2024-01-15,
1994,Customer 1994,West,20,2024-01-15,
1995,Customer 1995,East,30,2024-01-15,
1996,Customer 1996,East,9999999,2024-01-15,
1997,Customer 1997,West,30,2024-01-15,
1998,Customer 1998 ,West,20,2024-01-15,
1999,Customer 1999,South,9999999,2024-01-15,
2000,Customer 2000,East,N/A,2024-01-15,
2001,Customer 2001,East,9999999,2024-01-15,
2002,Customer 2002,East,30,2024-01-15,
2003,Customer 2003,South,9999999,2024-01-15,
2004,Customer 2004,South,10,2024-01-15,
2005,Customer 2005,South,9999999,2024-01-15,
2006,Customer 2006,South,10,2024-01-15,
2007,Customer 2007,East,9999999,2024-01-15,
2008,Customer 2008,South,10,2024-01-15,
2009,Customer 2009,North,9999999,2024-01-15,
2010,Customer 2010,South,10,2024-01-15,
2011,Customer 2011,West,9999999,2024-01-15,
2012,Customer 2012,North,10,2024-01-15,
2013,Customer 2013,South,30,2024-01-15,
2014,Customer 2014,North,30,2024-01-15,
2015,Customer 2015,West,10,2024-01-15,
2016,Customer 2016,East,9999999,2024-01-15,
2017,Customer 2017,South,10,2024-01-15,
2018,Customer 2018,West,9999999,2024-01-15,
2019,Customer 2019,South,10,2024-01-15,
2020,Customer 2020,South,30,2024-01-15,
2021,Customer 2021,South,10,2024-01-15,
2022,Customer 2022,North,20,2024-01-15,
2023,Customer 2023,South,30,2024-01-15,
2024,Customer 2024,South,10,2024-01-15,
2025,Customer 2025,East,10,2024-01-15,
2026,Customer 2026,East,9999999,2024-01-15,
2027,Customer 2027,West,9999999,2024-01-15,
2028,Customer 2028,North,20,2024-01-15,
2029,Customer 2029,North,10,2024-01-15,
2030,Customer 2030,East,30,2024-01-15,
2031,Customer 2031,East,30,2024-01-15,
2032,Customer 2032,South,20,2024-01-15,
2033,Customer 2033,West,9999999,2024-01-15,
2034,Customer 2034,East,10,2024-01-15,
2035,Customer 2035 ,West,20,2024-01-15,
2036,Customer 2036,North,10,2024-01-15,
2037,Customer 2037,East,30,2024-01-15,
2038,Customer 2038,East,10,2024-01-15,
2039,Customer 2039,West,30,2024-01-15,
2040,Customer 2040,West,9999999,2024-01-15,
2041,Customer 2041,East,20,2024-01-15,
2042,Customer 2042,West,9999999,2024-01-15,
2043,Customer 2043,West,10,2024-01-15,
2044,Customer 2044,East,10,2024-01-15,
2045,Customer 2045,West,10,2024-01-15,
2046,Customer 2046,South,20,2024-01-15,
2047,Customer 2047,West,30,2024-01-15,
2048,Customer 2048,North,30,2024-01-15,
2049,Customer 2049,South,30,2024-01-15,
2050,Customer 2050,North,30,2024-01-15,
2051,Customer 2051,East,9999999,2024-01-15,
2052,Customer 2052,South,10,2024-01-15,
2053,Customer 2053,East,9999999,2024-01-15,
2054,Customer 2054,South,30,2024-01-15,
2055,Customer 2055,South,30,2024-01-15,
2056,Customer 2056,West,20,2024-01-15,
2057,Customer 2057,South,20,2024-01-15,
2058,Customer 2058,East,20,2024-01-15,
2059,Customer 2059,South,20,2024-01-15,
2060,Customer 2060,South,20,2024-01-15,
2061,Customer 2061,South,30,2024-01-15,
2062,Customer 2062,North,10,2024-01-15,
2063,Customer 2063,West,10,2024-01-15,
2064,Customer 2064,North,10,2024-01-15,
2065,Customer 2065,East,9999999,2024-01-15,
2066,Customer 2066,West,30,2024-01-15,
2067,Customer 2067,West,30,2024-01-15,
2068,Customer 2068,East,20,2024-01-15,
2069,Customer 2069,South,9999999,2024-01-15,
2070,Customer 2070,North,20,2024-01-15,
2071,Customer 2071,West,9999999,2024-01-15,
2072,Customer 2072 ,East,10,2024-01-15,
2073,Customer 2073,South,9999999,2024-01-15,
2074,Customer 2074,North,9999999,2024-01-15,
2075,Customer 2075,East,9999999,2024-01-15,
2076,Customer 2076,North,10,2024-01-15,
2077,Customer 2077,West,20,2024-01-15,
2078,Customer 2078,East,10,2024-01-15,
2079,Customer 2079,East,30,2024-01-15,
2080,Customer 2080,East,20,2024-01-15,
2081,Customer 2081,East,20,2024-01-15,
2082,Customer 2082,East,9999999,2024-01-15,
2083,Customer 2083,South,30,2024-01-15,
2084,Customer 2084,West,9999999,2024-01-15,
2085,Customer 2085,West,20,2024-01-15,
2086,Customer 2086,East,30,2024-01-15,
2087,Customer 2087,East,9999999,2024-01-15,
2088,Customer 2088,South,9999999,2024-01-15,
2089,Customer 2089,South,20,2024-01-15,
2090,Customer 2090,East,10,2024-01-15,
2091,Customer 2091,West,20,2024-01-15,
2092,Customer 2092,South,9999999,2024-01-15,
2093,Customer 2093,South,20,2024-01-15,
2094,Customer 2094,North,9999999,2024-01-15,
2095,Customer 2095,West,20,2024-01-15,
2096,Customer 2096,South,9999999,2024-01-15,
2097,Customer 2097,West,30,2024-01-15,
2098,Customer 2098,East,30,2024-01-15,
2099,Customer 2099,West,10,2024-01-15,
2100,Customer 2100,South,10,2024-01-15,
2101,Customer 2101,South,10,2024-01-15,
2102,Customer 2102,West,30,2024-01-15,
2103,Customer 2103,West,10,2024-01-15,
2104,Customer 2104,East,30,2024-01-15,
2105,Customer 2105,East,30,2024-01-15,
2106,Customer 2106,East,30,2024-01-15,
2107,Customer 2107,West,10,2024-01-15,
2108,Customer 2108,East,10,2024-01-15,
2109,Customer 2109 ,South,20,2024-01-15,
2110,Customer 2110,East,30,2024-01-15,
2111,Customer 2111,West,30,2024-01-15,
2112,Customer 2112,North,9999999,2024-01-15,
2113,Customer 2113,East,9999999,2024-01-15,
2114,Customer 2114,South,9999999,2024-01-15,
2115,Customer 2115,East,20,2024-01-15,
2116,Customer 2116,West,9999999,2024-01-15,
2117,Customer 2117,North,10,2024-01-15,
2118,Customer 2118,East,20,2024-01-15,
2119,Customer 2119,East,20,2024-01-15,
2120,Customer 2120,East,30,2024-01-15,
2121,Customer 2121,West,30,2024-01-15,
2122,Customer 2122,West,30,2024-01-15,
2123,Customer 2123,West,30,2024-01-15,
2124,Customer 2124,South,9999999,2024-01-15,
2125,Customer 2125,North,20,2024-01-15,
2126,Customer 2126,South,20,2024-01-15,
2127,Customer 2127,North,30,2024-01-15,
2128,Customer 2128,South,20,2024-01-15,
2129,Customer 2129,North,9999999,2024-01-15,
2130,Customer 2130,North,10,2024-01-15,
2131,Customer 2131,North,9999999,2024-01-15,
2132,Customer 2132,West,10,2024-01-15,
2133,Customer 2133,North,10,2024-01-15,
2134,Customer 2134,South,30,2024-01-15,
2135,Customer 2135,West,10,2024-01-15,
2136,Customer 2136,South,30,2024-01-15,
2137,Customer 2137,East,20,2024-01-15,
2138,Customer 2138,South,9999999,2024-01-15,
2139,Customer 2139,South,20,2024-01-15,
2140,Customer 2140,North,10,2024-01-15,
2141,Customer 2141,East,30,2024-01-15,
2142,Customer 2142,West,9999999,2024-01-15,
2143,Customer 2143,West,30,2024-01-15,
2144,Customer 2144,South,20,2024-01-15,
2145,Customer 2145,West,9999999,2024-01-15,
2146,Customer 2146 ,East,30,2024-01-15,
2147,Customer 2147,South,9999999,2024-01-15,
2148,Customer 2148,West,10,2024-01-15,
2149,Customer 2149,East,30,2024-01-15,
2150,Customer 2150,East,9999999,2024-01-15,
2151,Customer 2151,East,20,2024-01-15,
2152,Customer 2152,North,10,2024-01-15,
2153,Customer 2153,East,20,2024-01-15,
2154,Customer 2154,West,30,2024-01-15,
2155,Customer 2155,West,10,2024-01-15,
2156,Customer 2156,East,9999999,2024-01-15,
2157,Customer 2157,West,10,2024-01-15,
2158,Customer 2158,South,30,2024-01-15,
2159,Customer 2159,East,10,2024-01-15,
2160,Customer 2160,West,20,2024-01-15,
2161,Customer 2161,West,9999999,2024-01-15,
2162,Customer 2162,South,20,2024-01-15,
2163,Customer 2163,West,9999999,2024-01-15,
2164,Customer 2164,East,20,2024-01-15,
2165,Customer 2165,West,10,2024-01-15,
2166,Customer 2166,East,20,2024-01-15,
2167,Customer 2167,East,30,2024-01-15,
2168,Customer 2168,South,9999999,2024-01-15,
2169,Customer 2169,South,10,2024-01-15,
2170,Customer 2170,East,20,2024-01-15,
2171,Customer 2171,West,10,2024-01-15,
2172,Customer 2172,East,9999999,2024-01-15,
2173,Customer 2173,South,9999999,2024-01-15,
2174,Customer 2174,North,30,2024-01-15,
2175,Customer 2175,North,20,2024-01-15,
2176,Customer 2176,South,10,2024-01-15,
2177,Customer 2177,East,10,2024-01-15,
2178,Customer 2178,South,30,2024-01-15,
2179,Customer 2179,North,9999999,2024-01-15,
2180,Customer 2180,North,20,2024-01-15,
2181,Customer 2181,North,20,2024-01-15,
2182,Customer 2182,South,9999999,2024-01-15,
2183,Customer 2183 ,West,30,2024-01-15,
2184,Customer 2184,West,30,2024-01-15,
2185,Customer 2185,West,30,2024-01-15,
2186,Customer 2186,East,10,2024-01-15,
2187,Customer 2187,South,10,2024-01-15,
2188,Customer 2188,East,10,2024-01-15,
2189,Customer 2189,North,9999999,2024-01-15,
2190,Customer 2190,South,9999999,2024-01-15,
2191,Customer 2191,East,20,2024-01-15,
2192,Customer 2192,North,9999999,2024-01-15,
2193,Customer 2193,South,10,2024-01-15,
2194,Customer 2194,West,9999999,2024-01-15,
2195,Customer 2195,North,20,2024-01-15,
2196,Customer 2196,West,20,2024-01-15,
2197,Customer 2197,South,10,2024-01-15,
2198,Customer 2198,West,9999999,2024-01-15,
2199,Customer 2199,East,30,2024-01-15,
2200,Customer 2200,North,20,2024-01-15,
2201,Customer 2201,East,10,2024-01-15,
2202,Customer 2202,East,9999999,2024-01-15,
2203,Customer 2203,East,20,2024-01-15,
2204,Customer 2204,South,10,2024-01-15,
2205,Customer 2205,South,10,2024-01-15,
2206,Customer 2206,East,9999999,2024-01-15,
2207,Customer 2207,South,10,2024-01-15,
2208,Customer 2208,North,30,2024-01-15,
2209,Customer 2209,South,9999999,2024-01-15,
2210,Customer 2210,North,10,2024-01-15,
2211,Customer 2211,South,9999999,2024-01-15,
2212,Customer 2212,North,30,2024-01-15,
2213,Customer 2213,South,20,2024-01-15,
2214,Customer 2214,North,9999999,2024-01-15,
2215,Customer 2215,North,30,2024-01-15,
2216,Customer 2216,East,10,2024-01-15,
2217,Customer 2217,North,20,2024-01-15,
2218,Customer 2218,West,20,2024-01-15,
2219,Customer 2219,East,20,2024-01-15,
2220,Customer 2220 ,West,30,2024-01-15,
2221,Customer 2221,North,20,2024-01-15,
2222,Customer 2222,East,9999999,2024-01-15,
2223,Customer 2223,East,20,2024-01-15,
2224,Customer 2224,West,10,2024-01-15,
2225,Customer 2225,East,9999999,2024-01-15,
2226,Customer 2226,South,9999999,2024-01-15,
2227,Customer 2227,East,20,2024-01-15,
2228,Customer 2228,West,30,2024-01-15,
2229,Customer 2229,South,30,2024-01-15,
2230,Customer 2230,South,10,2024-01-15,
2231,Customer 2231,East,9999999,2024-01-15,
2232,Customer 2232,East,30,2024-01-15,
2233,Customer 2233,North,9999999,2024-01-15,
2234,Customer 2234,South,9999999,2024-01-15,
2235,Customer 2235,East,10,2024-01-15,
2236,Customer 2236,East,20,2024-01-15,
2237,Customer 2237,West,10,2024-01-15,
2238,Customer 2238,West,20,2024-01-15,
2239,Customer 2239,East,20,2024-01-15,
2240,Customer 2240,West,30,2024-01-15,
2241,Customer 2241,North,30,2024-01-15,
2242,Customer 2242,North,10,2024-01-15,
2243,Customer 2243,South,10,2024-01-15,
2244,Customer 2244,North,20,2024-01-15,
2245,Customer 2245,North,20,2024-01-15,
2246,Customer 2246,South,9999999,2024-01-15,
2247,Customer 2247,North,10,2024-01-15,
2248,Customer 2248,West,9999999,2024-01-15,
2249,Customer 2249,North,30,2024-01-15,
2250,Customer 2250,South,30,2024-01-15,
2251,Customer 2251,North,10,2024-01-15,
2252,Customer 2252,West,20,2024-01-15,
2253,Customer 2253,West,10,2024-01-15,
2254,Customer 2254,East,10,2024-01-15,
2255,Customer 2255,East,9999999,2024-01-15,
2256,Customer 2256,East,10,2024-01-15,
2257,Customer 2257 ,North,10,2024-01-15,
2258,Customer 2258,North,30,2024-01-15,
2259,Customer 2259,North,20,2024-01-15,
2260,Customer 2260,South,10,2024-01-15,
2261,Customer 2261,South,9999999,2024-01-15,
2262,Customer 2262,South,20,2024-01-15,
2263,Customer 2263,West,20,2024-01-15,
2264,Customer 2264,East,10,2024-01-15,
2265,Customer 2265,West,9999999,2024-01-15,
2266,Customer 2266,South,10,2024-01-15,
2267,Customer 2267,West,20,2024-01-15,
2268,Customer 2268,South,30,2024-01-15,
2269,Customer 2269,East,9999999,2024-01-15,
2270,Customer 2270,East,30,2024-01-15,
2271,Customer 2271,West,30,2024-01-15,
2272,Customer 2272,East,9999999,2024-01-15,
2273,Customer 2273,South,20,2024-01-15,
2274,Customer 2274,East,9999999,2024-01-15,
2275,Customer 2275,West,30,2024-01-15,
2276,Customer 2276,West,9999999,2024-01-15,
2277,Customer 2277,North,10,2024-01-15,
2278,Customer 2278,North,30,2024-01-15,
2279,Customer 2279,East,20,2024-01-15,
2280,Customer 2280,East,10,2024-01-15,
2281,Customer 2281,South,20,2024-01-15,
2282,Customer 2282,North,30,2024-01-15,
2283,Customer 2283,South,30,2024-01-15,
2284,Customer 2284,North,10,2024-01-15,
2285,Customer 2285,East,9999999,2024-01-15,
2286,Customer 2286,South,20,2024-01-15,
2287,Customer 2287,East,30,2024-01-15,
2288,Customer 2288,South,20,2024-01-15,
2289,Customer 2289,East,30,2024-01-15,
2290,Customer 2290,West,10,2024-01-15,
2291,Customer 2291,North,20,2024-01-15,
2292,Customer 2292,West,30,2024-01-15,
2293,Customer 2293,West,20,2024-01-15,
2294,Customer 2294 ,East,10,2024-01-15,
2295,Customer 2295,West,10,2024-01-15,
2296,Customer 2296,North,10,2024-01-15,
2297,Customer 2297,East,30,2024-01-15,
2298,Customer 2298,West,9999999,2024-01-15,
2299,Customer 2299,South,10,2024-01-15,
2300,Customer 2300,West,10,2024-01-15,
2301,Customer 2301,East,10,2024-01-15,
2302,Customer 2302,East,10,2024-01-15,
2303,Customer 2303,East,20,2024-01-15,
2304,Customer 2304,South,20,2024-01-15,
2305,Customer 2305,West,10,2024-01-15,
2306,Customer 2306,North,9999999,2024-01-15,
2307,Customer 2307,West,20,2024-01-15,
2308,Customer 2308,West,30,2024-01-15,
2309,Customer 2309,South,20,2024-01-15,
2310,Customer 2310,North,30,2024-01-15,
2311,Customer 2311,North,9999999,2024-01-15,
2312,Customer 2312,East,9999999,2024-01-15,
2313,Customer 2313,West,10,2024-01-15,
2314,Customer 2314,South,9999999,2024-01-15,
2315,Customer 2315,West,20,2024-01-15,
2316,Customer 2316,West,20,2024-01-15,
2317,Customer 2317,South,9999999,2024-01-15,
2318,Customer 2318,South,20,2024-01-15,
2319,Customer 2319,East,10,2024-01-15,
2320,Customer 2320,East,9999999,2024-01-15,
2321,Customer 2321,North,10,2024-01-15,
2322,Customer 2322,West,9999999,2024-01-15,
2323,Customer 2323,East,30,2024-01-15,
2324,Customer 2324,East,20,2024-01-15,
2325,Customer 2325,North,30,2024-01-15,
2326,Customer 2326,South,30,2024-01-15,
2327,Customer 2327,West,30,2024-01-15,
2328,Customer 2328,West,20,2024-01-15,
2329,Customer 2329,South,10,2024-01-15,
2330,Customer 2330,East,20,2024-01-15,
2331,Customer 2331 ,North,20,2024-01-15,
2332,Customer 2332,North,10,2024-01-15,
2333,Customer 2333,South,20,2024-01-15,
2334,Customer 2334,North,30,2024-01-15,
2335,Customer 2335,North,30,2024-01-15,
2336,Customer 2336,West,30,2024-01-15,
2337,Customer 2337,North,9999999,2024-01-15,
2338,Customer 2338,South,30,2024-01-15,
2339,Customer 2339,South,20,2024-01-15,
2340,Customer 2340,West,30,2024-01-15,
2341,Customer 2341,North,20,2024-01-15,
2342,Customer 2342,North,9999999,2024-01-15,
2343,Customer 2343,South,30,2024-01-15,
2344,Customer 2344,East,10,2024-01-15,
2345,Customer 2345,East,20,2024-01-15,
2346,Customer 2346,West,10,2024-01-15,
2347,Customer 2347,North,10,2024-01-15,
2348,Customer 2348,East,9999999,2024-01-15,
2349,Customer 2349,North,30,2024-01-15,
2350,Customer 2350,East,10,2024-01-15,
2351,Customer 2351,South,9999999,2024-01-15,
2352,Customer 2352,North,9999999,2024-01-15,
2353,Customer 2353,West,30,2024-01-15,
2354,Customer 2354,South,10,2024-01-15,
2355,Customer 2355,West,20,2024-01-15,
2356,Customer 2356,North,10,2024-01-15,
2357,Customer 2357,East,20,2024-01-15,
2358,Customer 2358,West,30,2024-01-15,
2359,Customer 2359,South,9999999,2024-01-15,
2360,Customer 2360,East,10,2024-01-15,
2361,Customer 2361,East,30,2024-01-15,
2362,Customer 2362,South,30,2024-01-15,
2363,Customer 2363,North,30,2024-01-15,
2364,Customer 2364,West,30,2024-01-15,
2365,Customer 2365,East,10,2024-01-15,
2366,Customer 2366,South,20,2024-01-15,
2367,Customer 2367,West,30,2024-01-15,
2368,Customer 2368 ,North,20,2024-01-15,
2369,Customer 2369,South,9999999,2024-01-15,
2370,Customer 2370,South,9999999,2024-01-15,
2371,Customer 2371,West,20,2024-01-15,
2372,Customer 2372,East,30,2024-01-15,
2373,Customer 2373,South,9999999,2024-01-15,
2374,Customer 2374,South,20,2024-01-15,
2375,Customer 2375,South,20,2024-01-15,
2376,Customer 2376,South,30,2024-01-15,
2377,Customer 2377,South,9999999,2024-01-15,
2378,Customer 2378,East,20,2024-01-15,
2379,Customer 2379,North,10,2024-01-15,
2380,Customer 2380,East,20,2024-01-15,
2381,Customer 2381,North,20,2024-01-15,
2382,Customer 2382,West,30,2024-01-15,
2383,Customer 2383,East,9999999,2024-01-15,
2384,Customer 2384,East,9999999,2024-01-15,
2385,Customer 2385,South,20,2024-01-15,
2386,Customer 2386,South,10,2024-01-15,
2387,Customer 2387,North,20,2024-01-15,
2388,Customer 2388,South,30,2024-01-15,
2389,Customer 2389,South,20,2024-01-15,
2390,Customer 2390,East,10,2024-01-15,
2391,Customer 2391,West,10,2024-01-15,
2392,Customer 2392,West,20,2024-01-15,
2393,Customer 2393,South,30,2024-01-15,
2394,Customer 2394,West,9999999,2024-01-15,
2395,Customer 2395,South,9999999,2024-01-15,
2396,Customer 2396,South,20,2024-01-15,
2397,Customer 2397,North,20,2024-01-15,
2398,Customer 2398,North,9999999,2024-01-15,
2399,Customer 2399,West,30,2024-01-15,
2400,Customer 2400,South,20,2024-01-15,
2401,Customer 2401,North,20,2024-01-15,
2402,Customer 2402,West,20,2024-01-15,
2403,Customer 2403,East,9999999,2024-01-15,
2404,Customer 2404,South,9999999,2024-01-15,
2405,Customer 2405 ,West,9999999,2024-01-15,
2406,Customer 2406,West,10,2024-01-15,
2407,Customer 2407,West,30,2024-01-15,
2408,Customer 2408,North,10,2024-01-15,
2409,Customer 2409,West,9999999,2024-01-15,
2410,Customer 2410,South,10,2024-01-15,
2411,Customer 2411,North,9999999,2024-01-15,
2412,Customer 2412,North,9999999,2024-01-15,
2413,Customer 2413,East,20,2024-01-15,
2414,Customer 2414,West,9999999,2024-01-15,
2415,Customer 2415,East,30,2024-01-15,
2416,Customer 2416,South,9999999,2024-01-15,
2417,Customer 2417,East,9999999,2024-01-15,
2418,Customer 2418,South,10,2024-01-15,
2419,Customer 2419,West,9999999,2024-01-15,
2420,Customer 2420,North,10,2024-01-15,
2421,Customer 2421,South,20,2024-01-15,
2422,Customer 2422,West,9999999,2024-01-15,
2423,Customer 2423,West,30,2024-01-15,
2424,Customer 2424,South,10,2024-01-15,
2425,Customer 2425,South,9999999,2024-01-15,
2426,Customer 2426,North,9999999,2024-01-15,
2427,Customer 2427,East,30,2024-01-15,
2428,Customer 2428,North,20,2024-01-15,
2429,Customer 2429,North,10,2024-01-15,
2430,Customer 2430,East,9999999,2024-01-15,
2431,Customer 2431,West,10,2024-01-15,
2432,Customer 2432,West,20,2024-01-15,
2433,Customer 2433,North,9999999,2024-01-15,
2434,Customer 2434,East,20,2024-01-15,
2435,Customer 2435,South,20,2024-01-15,
2436,Customer 2436,South,20,2024-01-15,
2437,Customer 2437,West,10,2024-01-15,
2438,Customer 2438,East,30,2024-01-15,
2439,Customer 2439,East,9999999,2024-01-15,
2440,Customer 2440,North,20,2024-01-15,
2441,Customer 2441,South,20,2024-01-15,
2442,Customer 2442 ,East,10,2024-01-15,
2443,Customer 2443,West,10,2024-01-15,
2444,Customer 2444,West,9999999,2024-01-15,
2445,Customer 2445,West,10,2024-01-15,
2446,Customer 2446,South,20,2024-01-15,
2447,Customer 2447,West,9999999,2024-01-15,
2448,Customer 2448,West,9999999,2024-01-15,
2449,Customer 2449,North,10,2024-01-15,
2450,Customer 2450,East,20,2024-01-15,
2451,Customer 2451,North,20,2024-01-15,
2452,Customer 2452,South,20,2024-01-15,
2453,Customer 2453,East,10,2024-01-15,
2454,Customer 2454,South,10,2024-01-15,
2455,Customer 2455,East,10,2024-01-15,
2456,Customer 2456,North,30,2024-01-15,
2457,Customer 2457,North,10,2024-01-15,
2458,Customer 2458,South,9999999,2024-01-15,
2459,Customer 2459,East,20,2024-01-15,
2460,Customer 2460,West,20,2024-01-15,
2461,Customer 2461,North,30,2024-01-15,
2462,Customer 2462,East,10,2024-01-15,
2463,Customer 2463,East,30,2024-01-15,
2464,Customer 2464,North,9999999,2024-01-15,
2465,Customer 2465,North,9999999,2024-01-15,
2466,Customer 2466,West,30,2024-01-15,
2467,Customer 2467,North,20,2024-01-15,
2468,Customer 2468,East,30,2024-01-15,
2469,Customer 2469,South,9999999,2024-01-15,
2470,Customer 2470,North,20,2024-01-15,
2471,Customer 2471,North,10,2024-01-15,
2472,Customer 2472,East,9999999,2024-01-15,
2473,Customer 2473,East,9999999,2024-01-15,
2474,Customer 2474,East,30,2024-01-15,
2475,Customer 2475,West,20,2024-01-15,
2476,Customer 2476,West,9999999,2024-01-15,
2477,Customer 2477,South,20,2024-01-15,
2478,Customer 2478,South,30,2024-01-15,
2479,Customer 2479 ,North,10,2024-01-15,
2480,Customer 2480,West,10,2024-01-15,
2481,Customer 2481,South,10,2024-01-15,
2482,Customer 2482,West,9999999,2024-01-15,
2483,Customer 2483,East,10,2024-01-15,
2484,Customer 2484,South,30,2024-01-15,
2485,Customer 2485,South,10,2024-01-15,
2486,Customer 2486,East,30,2024-01-15,
2487,Customer 2487,East,10,2024-01-15,
2488,Customer 2488,East,30,2024-01-15,
2489,Customer 2489,North,10,2024-01-15,
2490,Customer 2490,East,30,2024-01-15,
2491,Customer 2491,North,9999999,2024-01-15,
2492,Customer 2492,South,20,2024-01-15,
2493,Customer 2493,East,30,2024-01-15,
2494,Customer 2494,West,9999999,2024-01-15,
2495,Customer 2495,South,10,2024-01-15,
2496,Customer 2496,South,9999999,2024-01-15,
2497,Customer 2497,East,9999999,2024-01-15,
2498,Customer 2498,West,9999999,2024-01-15,
2499,Customer 2499,East,10,2024-01-15,
2500,Customer 2500,East,N/A,2024-01-15,
2501,Customer 2501,South,10,2024-01-15,
2502,Customer 2502,East,30,2024-01-15,
2503,Customer 2503,South,10,2024-01-15,
2504,Customer 2504,North,30,2024-01-15,
2505,Customer 2505,West,30,2024-01-15,
2506,Customer 2506,West,20,2024-01-15,
2507,Customer 2507,North,20,2024-01-15,
2508,Customer 2508,East,30,2024-01-15,
2509,Customer 2509,East,10,2024-01-15,
2510,Customer 2510,North,9999999,2024-01-15,
2511,Customer 2511,South,9999999,2024-01-15,
2512,Customer 2512,West,30,2024-01-15,
2513,Customer 2513,South,30,2024-01-15,
2514,Customer 2514,South,30,2024-01-15,
2515,Customer 2515,East,10,2024-01-15,
2516,Customer 2516 ,South,10,2024-01-15,
2517,Customer 2517,West,10,2024-01-15,
2518,Customer 2518,West,10,2024-01-15,
2519,Customer 2519,South,20,2024-01-15,
2520,Customer 2520,West,30,2024-01-15,
2521,Customer 2521,East,30,2024-01-15,
2522,Customer 2522,North,20,2024-01-15,
2523,Customer 2523,South,20,2024-01-15,
2524,Customer 2524,West,10,2024-01-15,
2525,Customer 2525,North,9999999,2024-01-15,
2526,Customer 2526,East,10,2024-01-15,
2527,Customer 2527,North,10,2024-01-15,
2528,Customer 2528,West,30,2024-01-15,
2529,Customer 2529,North,10,2024-01-15,
2530,Customer 2530,North,30,2024-01-15,
2531,Customer 2531,South,30,2024-01-15,
2532,Customer 2532,South,30,2024-01-15,
2533,Customer 2533,East,20,2024-01-15,
2534,Customer 2534,East,30,2024-01-15,
2535,Customer 2535,North,9999999,2024-01-15,
2536,Customer 2536,South,30,2024-01-15,
2537,Customer 2537,East,20,2024-01-15,
2538,Customer 2538,North,10,2024-01-15,
2539,Customer 2539,South,10,2024-01-15,
2540,Customer 2540,East,30,2024-01-15,
2541,Customer 2541,South,30,2024-01-15,
2542,Customer 2542,South,30,2024-01-15,
2543,Customer 2543,North,20,2024-01-15,
2544,Customer 2544,East,30,2024-01-15,
2545,Customer 2545,North,9999999,2024-01-15,
2546,Customer 2546,North,20,2024-01-15,
2547,Customer 2547,North,9999999,2024-01-15,
2548,Customer 2548,West,10,2024-01-15,
2549,Customer 2549,North,10,2024-01-15,
2550,Customer 2550,West,9999999,2024-01-15,
2551,Customer 2551,West,20,2024-01-15,
2552,Customer 2552,East,30,2024-01-15,
2553,Customer 2553 ,South,30,2024-01-15,
2554,Customer 2554,West,10,2024-01-15,
2555,Customer 2555,North,20,2024-01-15,
2556,Customer 2556,North,9999999,2024-01-15,
2557,Customer 2557,East,9999999,2024-01-15,
2558,Customer 2558,West,9999999,2024-01-15,
2559,Customer 2559,South,20,2024-01-15,
2560,Customer 2560,East,20,2024-01-15,
2561,Customer 2561,West,30,2024-01-15,
2562,Customer 2562,East,20,2024-01-15,
2563,Customer 2563,West,30,2024-01-15,
2564,Customer 2564,North,9999999,2024-01-15,
2565,Customer 2565,West,10,2024-01-15,
2566,Customer 2566,East,10,2024-01-15,
2567,Customer 2567,West,9999999,2024-01-15,
2568,Customer 2568,East,20,2024-01-15,
2569,Customer 2569,South,30,2024-01-15,
2570,Customer 2570,West,10,2024-01-15,
2571,Customer 2571,East,10,2024-01-15,
2572,Customer 2572,East,10,2024-01-15,
2573,Customer 2573,West,9999999,2024-01-15,
2574,Customer 2574,South,9999999,2024-01-15,
2575,Customer 2575,South,20,2024-01-15,
2576,Customer 2576,West,9999999,2024-01-15,
2577,Customer 2577,East,10,2024-01-15,
2578,Customer 2578,West,20,2024-01-15,
2579,Customer 2579,East,9999999,2024-01-15,
2580,Customer 2580,South,20,2024-01-15,
2581,Customer 2581,West,10,2024-01-15,
2582,Customer 2582,West,10,2024-01-15,
2583,Customer 2583,North,30,2024-01-15,
2584,Customer 2584,South,9999999,2024-01-15,
2585,Customer 2585,West,30,2024-01-15,
2586,Customer 2586,North,10,2024-01-15,
2587,Customer 2587,East,9999999,2024-01-15,
2588,Customer 2588,North,9999999,2024-01-15,
2589,Customer 2589,South,10,2024-01-15,
2590,Customer 2590 ,North,20,2024-01-15,
2591,Customer 2591,South,20,2024-01-15,
2592,Customer 2592,East,9999999,2024-01-15,
2593,Customer 2593,West,9999999,2024-01-15,
2594,Customer 2594,South,20,2024-01-15,
2595,Customer 2595,East,30,2024-01-15,
2596,Customer 2596,West,30,2024-01-15,
2597,Customer 2597,North,30,2024-01-15,
2598,Customer 2598,West,10,2024-01-15,
2599,Customer 2599,East,20,2024-01-15,
2600,Customer 2600,East,10,2024-01-15,
2601,Customer 2601,North,10,2024-01-15,
2602,Customer 2602,North,30,2024-01-15,
2603,Customer 2603,North,30,2024-01-15,
2604,Customer 2604,West,20,2024-01-15,
2605,Customer 2605,East,9999999,2024-01-15,
2606,Customer 2606,West,9999999,2024-01-15,
2607,Customer 2607,West,9999999,2024-01-15,
2608,Customer 2608,South,20,2024-01-15,
2609,Customer 2609,South,9999999,2024-01-15,
2610,Customer 2610,West,20,2024-01-15,
2611,Customer 2611,West,30,2024-01-15,
2612,Customer 2612,East,20,2024-01-15,
2613,Customer 2613,South,20,2024-01-15,
2614,Customer 2614,North,10,2024-01-15,
2615,Customer 2615,South,10,2024-01-15,
2616,Customer 2616,West,9999999,2024-01-15,
2617,Customer 2617,North,20,2024-01-15,
2618,Customer 2618,West,20,2024-01-15,
2619,Customer 2619,West,9999999,2024-01-15,
2620,Customer 2620,West,20,2024-01-15,
2621,Customer 2621,West,9999999,2024-01-15,
2622,Customer 2622,East,9999999,2024-01-15,
2623,Customer 2623,South,20,2024-01-15,
2624,Customer 2624,North,9999999,2024-01-15,
2625,Customer 2625,South,9999999,2024-01-15,
2626,Customer 2626,West,30,2024-01-15,
2627,Customer 2627 ,North,30,2024-01-15,
2628,Customer 2628,West,10,2024-01-15,
2629,Customer 2629,North,30,2024-01-15,
2630,Customer 2630,North,9999999,2024-01-15,
2631,Customer 2631,East,20,2024-01-15,
2632,Customer 2632,North,9999999,2024-01-15,
2633,Customer 2633,South,10,2024-01-15,
2634,Customer 2634,North,9999999,2024-01-15,
2635,Customer 2635,North,30,2024-01-15,
2636,Customer 2636,North,30,2024-01-15,
2637,Customer 2637,West,9999999,2024-01-15,
2638,Customer 2638,East,9999999,2024-01-15,
2639,Customer 2639,East,9999999,2024-01-15,
2640,Customer 2640,East,30,2024-01-15,
2641,Customer 2641,North,20,2024-01-15,
2642,Customer 2642,East,30,2024-01-15,
2643,Customer 2643,West,10,2024-01-15,
2644,Customer 2644,North,20,2024-01-15,
2645,Customer 2645,North,30,2024-01-15,
2646,Customer 2646,West,30,2024-01-15,
2647,Customer 2647,South,10,2024-01-15,
2648,Customer 2648,East,10,2024-01-15,
2649,Customer 2649,South,30,2024-01-15,
2650,Customer 2650,East,30,2024-01-15,
2651,Customer 2651,North,30,2024-01-15,
2652,Customer 2652,South,10,2024-01-15,
2653,Customer 2653,West,20,2024-01-15,
2654,Customer 2654,South,30,2024-01-15,
2655,Customer 2655,South,30,2024-01-15,
2656,Customer 2656,South,9999999,2024-01-15,
2657,Customer 2657,East,10,2024-01-15,
2658,Customer 2658,South,10,2024-01-15,
2659,Customer 2659,West,20,2024-01-15,
2660,Customer 2660,West,9999999,2024-01-15,
2661,Customer 2661,West,20,2024-01-15,
2662,Customer 2662,South,20,2024-01-15,
2663,Customer 2663,North,30,2024-01-15,
2664,Customer 2664 ,North,30,2024-01-15,
2665,Customer 2665,South,10,2024-01-15,
2666,Customer 2666,West,9999999,2024-01-15,
2667,Customer 2667,East,9999999,2024-01-15,
2668,Customer 2668,South,9999999,2024-01-15,
2669,Customer 2669,West,9999999,2024-01-15,
2670,Customer 2670,East,9999999,2024-01-15,
2671,Customer 2671,West,20,2024-01-15,
2672,Customer 2672,East,10,2024-01-15,
2673,Customer 2673,West,9999999,2024-01-15,
2674,Customer 2674,North,30,2024-01-15,
2675,Customer 2675,East,10,2024-01-15,
2676,Customer 2676,East,9999999,2024-01-15,
2677,Customer 2677,East,30,2024-01-15,
2678,Customer 2678,North,30,2024-01-15,
2679,Customer 2679,West,30,2024-01-15,
2680,Customer 2680,South,9999999,2024-01-15,
2681,Customer 2681,East,20,2024-01-15,
2682,Customer 2682,East,20,2024-01-15,
2683,Customer 2683,North,10,2024-01-15,
2684,Customer 2684,North,10,2024-01-15,
2685,Customer 2685,North,9999999,2024-01-15,
2686,Customer 2686,West,10,2024-01-15,
2687,Customer 2687,South,30,2024-01-15,
2688,Customer 2688,East,30,2024-01-15,
2689,Customer 2689,North,20,2024-01-15,
2690,Customer 2690,North,10,2024-01-15,
2691,Customer 2691,South,10,2024-01-15,
2692,Customer 2692,North,10,2024-01-15,
2693,Customer 2693,South,10,2024-01-15,
2694,Customer 2694,South,9999999,2024-01-15,
2695,Customer 2695,South,10,2024-01-15,
2696,Customer 2696,East,30,2024-01-15,
2697,Customer 2697,North,9999999,2024-01-15,
2698,Customer 2698,East,9999999,2024-01-15,
2699,Customer 2699,East,9999999,2024-01-15,
2700,Customer 2700,South,30,2024-01-15,
2701,Customer 2701 ,East,10,2024-01-15,
2702,Customer 2702,West,10,2024-01-15,
2703,Customer 2703,East,9999999,2024-01-15,
2704,Customer 2704,East,10,2024-01-15,
2705,Customer 2705,South,30,2024-01-15,
2706,Customer 2706,North,9999999,2024-01-15,
2707,Customer 2707,South,9999999,2024-01-15,
2708,Customer 2708,South,9999999,2024-01-15,
2709,Customer 2709,North,9999999,2024-01-15,
2710,Customer 2710,West,20,2024-01-15,
2711,Customer 2711,North,20,2024-01-15,
2712,Customer 2712,East,9999999,2024-01-15,
2713,Customer 2713,North,10,2024-01-15,
2714,Customer 2714,North,10,2024-01-15,
2715,Customer 2715,West,30,2024-01-15,
2716,Customer 2716,West,10,2024-01-15,
2717,Customer 2717,North,20,2024-01-15,
2718,Customer 2718,West,10,2024-01-15,
2719,Customer 2719,South,30,2024-01-15,
2720,Customer 2720,West,30,2024-01-15,
2721,Customer 2721,West,10,2024-01-15,
2722,Customer 2722,West,9999999,2024-01-15,
2723,Customer 2723,North,9999999,2024-01-15,
2724,Customer 2724,North,20,2024-01-15,
2725,Customer 2725,West,9999999,2024-01-15,
2726,Customer 2726,East,10,2024-01-15,
2727,Customer 2727,East,30,2024-01-15,
2728,Customer 2728,North,9999999,2024-01-15,
2729,Customer 2729,East,10,2024-01-15,
2730,Customer 2730,North,30,2024-01-15,
2731,Customer 2731,East,9999999,2024-01-15,
2732,Customer 2732,South,20,2024-01-15,
2733,Customer 2733,West,10,2024-01-15,
2734,Customer 2734,East,20,2024-01-15,
2735,Customer 2735,North,9999999,2024-01-15,
2736,Customer 2736,West,30,2024-01-15,
2737,Customer 2737,West,10,2024-01-15,
2738,Customer 2738 ,South,20,2024-01-15,
2739,Customer 2739,South,10,2024-01-15,
2740,Customer 2740,South,10,2024-01-15,
2741,Customer 2741,West,9999999,2024-01-15,
2742,Customer 2742,East,10,2024-01-15,
2743,Customer 2743,West,9999999,2024-01-15,
2744,Customer 2744,North,10,2024-01-15,
2745,Customer 2745,North,30,2024-01-15,
2746,Customer 2746,North,30,2024-01-15,
2747,Customer 2747,North,9999999,2024-01-15,
2748,Customer 2748,West,20,2024-01-15,
2749,Customer 2749,South,20,2024-01-15,
2750,Customer 2750,North,10,2024-01-15,
2751,Customer 2751,West,20,2024-01-15,
2752,Customer 2752,West,10,2024-01-15,
2753,Customer 2753,South,10,2024-01-15,
2754,Customer 2754,North,20,2024-01-15,
2755,Customer 2755,North,20,2024-01-15,
2756,Customer 2756,North,30,2024-01-15,
2757,Customer 2757,South,9999999,2024-01-15,
2758,Customer 2758,North,10,2024-01-15,
2759,Customer 2759,West,10,2024-01-15,
2760,Customer 2760,North,20,2024-01-15,
2761,Customer 2761,West,20,2024-01-15,
2762,Customer 2762,West,30,2024-01-15,
2763,Customer 2763,North,30,2024-01-15,
2764,Customer 2764,East,20,2024-01-15,
2765,Customer 2765,North,20,2024-01-15,
2766,Customer 2766,East,20,2024-01-15,
2767,Customer 2767,North,10,2024-01-15,
2768,Customer 2768,South,30,2024-01-15,
2769,Customer 2769,South,9999999,2024-01-15,
2770,Customer 2770,South,30,2024-01-15,
2771,Customer 2771,South,9999999,2024-01-15,
2772,Customer 2772,South,10,2024-01-15,
2773,Customer 2773,West,10,2024-01-15,
2774,Customer 2774,North,20,2024-01-15,
2775,Customer 2775 ,North,9999999,2024-01-15,
2776,Customer 2776,North,10,2024-01-15,
2777,Customer 2777,North,20,2024-01-15,
2778,Customer 2778,West,30,2024-01-15,
2779,Customer 2779,South,9999999,2024-01-15,
2780,Customer 2780,South,20,2024-01-15,
2781,Customer 2781,West,30,2024-01-15,
2782,Customer 2782,South,9999999,2024-01-15,
2783,Customer 2783,North,20,2024-01-15,
2784,Customer 2784,West,20,2024-01-15,
2785,Customer 2785,East,10,2024-01-15,
2786,Customer 2786,West,30,2024-01-15,
2787,Customer 2787,South,10,2024-01-15,
2788,Customer 2788,North,20,2024-01-15,
2789,Customer 2789,East,10,2024-01-15,
2790,Customer 2790,West,20,2024-01-15,
2791,Customer 2791,East,20,2024-01-15,
2792,Customer 2792,South,10,2024-01-15,
2793,Customer 2793,South,10,2024-01-15,
2794,Customer 2794,West,9999999,2024-01-15,
2795,Customer 2795,South,20,2024-01-15,
2796,Customer 2796,North,10,2024-01-15,
2797,Customer 2797,East,30,2024-01-15,
2798,Customer 2798,West,20,2024-01-15,
2799,Customer 2799,East,30,2024-01-15,
2800,Customer 2800,North,9999999,2024-01-15,
2801,Customer 2801,North,10,2024-01-15,
2802,Customer 2802,South,20,2024-01-15,
2803,Customer 2803,West,10,2024-01-15,
2804,Customer 2804,North,10,2024-01-15,
2805,Customer 2805,West,20,2024-01-15,
2806,Customer 2806,West,30,2024-01-15,
2807,Customer 2807,East,20,2024-01-15,
2808,Customer 2808,North,20,2024-01-15,
2809,Customer 2809,South,30,2024-01-15,
2810,Customer 2810,South,10,2024-01-15,
2811,Customer 2811,South,9999999,2024-01-15,
2812,Customer 2812 ,South,9999999,2024-01-15,
2813,Customer 2813,West,10,2024-01-15,
2814,Customer 2814,North,9999999,2024-01-15,
2815,Customer 2815,South,9999999,2024-01-15,
2816,Customer 2816,West,20,2024-01-15,
2817,Customer 2817,West,20,2024-01-15,
2818,Customer 2818,South,30,2024-01-15,
2819,Customer 2819,South,9999999,2024-01-15,
2820,Customer 2820,East,30,2024-01-15,
2821,Customer 2821,East,20,2024-01-15,
2822,Customer 2822,North,20,2024-01-15,
2823,Customer 2823,East,10,2024-01-15,
2824,Customer 2824,North,20,2024-01-15,
2825,Customer 2825,West,9999999,2024-01-15,
2826,Customer 2826,South,9999999,2024-01-15,
2827,Customer 2827,South,30,2024-01-15,
2828,Customer 2828,South,30,2024-01-15,
2829,Customer 2829,South,20,2024-01-15,
2830,Customer 2830,West,10,2024-01-15,
2831,Customer 2831,South,9999999,2024-01-15,
2832,Customer 2832,West,9999999,2024-01-15,
2833,Customer 2833,North,30,2024-01-15,
2834,Customer 2834,South,9999999,2024-01-15,
2835,Customer 2835,East,20,2024-01-15,
2836,Customer 2836,South,9999999,2024-01-15,
2837,Customer 2837,North,20,2024-01-15,
2838,Customer 2838,North,9999999,2024-01-15,
2839,Customer 2839,West,10,2024-01-15,
2840,Customer 2840,West,10,2024-01-15,
2841,Customer 2841,West,9999999,2024-01-15,
2842,Customer 2842,West,10,2024-01-15,
2843,Customer 2843,South,9999999,2024-01-15,
2844,Customer 2844,North,10,2024-01-15,
2845,Customer 2845,South,9999999,2024-01-15,
2846,Customer 2846,East,20,2024-01-15,
2847,Customer 2847,South,30,2024-01-15,
2848,Customer 2848,North,10,2024-01-15,
2849,Customer 2849 ,East,9999999,2024-01-15,
2850,Customer 2850,West,20,2024-01-15,
2851,Customer 2851,West,10,2024-01-15,
2852,Customer 2852,South,9999999,2024-01-15,
2853,Customer 2853,South,9999999,2024-01-15,
2854,Customer 2854,West,30,2024-01-15,
2855,Customer 2855,North,10,2024-01-15,
2856,Customer 2856,East,9999999,2024-01-15,
2857,Customer 2857,East,10,2024-01-15,
2858,Customer 2858,East,9999999,2024-01-15,
2859,Customer 2859,North,20,2024-01-15,
2860,Customer 2860,North,30,2024-01-15,
2861,Customer 2861,North,30,2024-01-15,
2862,Customer 2862,West,10,2024-01-15,
2863,Customer 2863,West,30,2024-01-15,
2864,Customer 2864,East,10,2024-01-15,
2865,Customer 2865,South,30,2024-01-15,
2866,Customer 2866,South,10,2024-01-15,
2867,Customer 2867,East,20,2024-01-15,
2868,Customer 2868,North,20,2024-01-15,
2869,Customer 2869,South,9999999,2024-01-15,
2870,Customer 2870,East,20,2024-01-15,
2871,Customer 2871,East,30,2024-01-15,
2872,Customer 2872,East,9999999,2024-01-15,
2873,Customer 2873,North,10,2024-01-15,
2874,Customer 2874,East,30,2024-01-15,
2875,Customer 2875,West,9999999,2024-01-15,
2876,Customer 2876,West,10,2024-01-15,
2877,Customer 2877,West,30,2024-01-15,
2878,Customer 2878,North,30,2024-01-15,
2879,Customer 2879,West,20,2024-01-15,
2880,Customer 2880,North,10,2024-01-15,
2881,Customer 2881,South,9999999,2024-01-15,
2882,Customer 2882,North,30,2024-01-15,
2883,Customer 2883,South,10,2024-01-15,
2884,Customer 2884,North,30,2024-01-15,
2885,Customer 2885,West,20,2024-01-15,
2886,Customer 2886 ,South,20,2024-01-15,
2887,Customer 2887,East,10,2024-01-15,
2888,Customer 2888,South,9999999,2024-01-15,
2889,Customer 2889,East,9999999,2024-01-15,
2890,Customer 2890,West,9999999,2024-01-15,
2891,Customer 2891,East,10,2024-01-15,
2892,Customer 2892,North,20,2024-01-15,
2893,Customer 2893,South,10,2024-01-15,
2894,Customer 2894,West,30,2024-01-15,
2895,Customer 2895,East,30,2024-01-15,
2896,Customer 2896,West,9999999,2024-01-15,
2897,Customer 2897,East,9999999,2024-01-15,
2898,Customer 2898,East,20,2024-01-15,
2899,Customer 2899,East,20,2024-01-15,
2900,Customer 2900,West,20,2024-01-15,
2901,Customer 2901,East,30,2024-01-15,
2902,Customer 2902,South,10,2024-01-15,
2903,Customer 2903,East,30,2024-01-15,
2904,Customer 2904,South,9999999,2024-01-15,
2905,Customer 2905,East,20,2024-01-15,
2906,Customer 2906,South,20,2024-01-15,
2907,Customer 2907,South,20,2024-01-15,
2908,Customer 2908,North,20,2024-01-15,
2909,Customer 2909,East,10,2024-01-15,
2910,Customer 2910,West,20,2024-01-15,
2911,Customer 2911,East,30,2024-01-15,
2912,Customer 2912,South,20,2024-01-15,
2913,Customer 2913,East,10,2024-01-15,
2914,Customer 2914,South,30,2024-01-15,
2915,Customer 2915,West,30,2024-01-15,
2916,Customer 2916,East,20,2024-01-15,
2917,Customer 2917,North,10,2024-01-15,
2918,Customer 2918,West,9999999,2024-01-15,
2919,Customer 2919,West,20,2024-01-15,
2920,Customer 2920,South,30,2024-01-15,
2921,Customer 2921,East,10,2024-01-15,
2922,Customer 2922,West,30,2024-01-15,
2923,Customer 2923 ,South,30,2024-01-15,
2924,Customer 2924,East,9999999,2024-01-15,
2925,Customer 2925,West,10,2024-01-15,
2926,Customer 2926,South,10,2024-01-15,
2927,Customer 2927,East,10,2024-01-15,
2928,Customer 2928,West,10,2024-01-15,
2929,Customer 2929,West,20,2024-01-15,
2930,Customer 2930,North,30,2024-01-15,
2931,Customer 2931,North,30,2024-01-15,
2932,Customer 2932,South,20,2024-01-15,
2933,Customer 2933,South,30,2024-01-15,
2934,Customer 2934,North,10,2024-01-15,
2935,Customer 2935,North,9999999,2024-01-15,
2936,Customer 2936,South,9999999,2024-01-15,
2937,Customer 2937,East,9999999,2024-01-15,
2938,Customer 2938,East,10,2024-01-15,
2939,Customer 2939,South,9999999,2024-01-15,
2940,Customer 2940,East,9999999,2024-01-15,
2941,Customer 2941,East,9999999,2024-01-15,
2942,Customer 2942,East,10,2024-01-15,
2943,Customer 2943,East,30,2024-01-15,
2944,Customer 2944,West,30,2024-01-15,
2945,Customer 2945,South,10,2024-01-15,
2946,Customer 2946,West,9999999,2024-01-15,
2947,Customer 2947,East,9999999,2024-01-15,
2948,Customer 2948,West,20,2024-01-15,
2949,Customer 2949,South,9999999,2024-01-15,
2950,Customer 2950,South,10,2024-01-15,
2951,Customer 2951,East,20,2024-01-15,
2952,Customer 2952,East,9999999,2024-01-15,
2953,Customer 2953,West,10,2024-01-15,
2954,Customer 2954,North,10,2024-01-15,
2955,Customer 2955,East,9999999,2024-01-15,
2956,Customer 2956,South,9999999,2024-01-15,
2957,Customer 2957,South,9999999,2024-01-15,
2958,Customer 2958,South,20,2024-01-15,
2959,Customer 2959,East,9999999,2024-01-15,
2960,Customer 2960 ,North,9999999,2024-01-15,
2961,Customer 2961,East,30,2024-01-15,
2962,Customer 2962,West,9999999,2024-01-15,
2963,Customer 2963,North,20,2024-01-15,
2964,Customer 2964,South,10,2024-01-15,
2965,Customer 2965,East,30,2024-01-15,
2966,Customer 2966,North,9999999,2024-01-15,
2967,Customer 2967,West,30,2024-01-15,
2968,Customer 2968,West,20,2024-01-15,
2969,Customer 2969,North,20,2024-01-15,
2970,Customer 2970,East,10,2024-01-15,
2971,Customer 2971,North,9999999,2024-01-15,
2972,Customer 2972,West,30,2024-01-15,
2973,Customer 2973,East,9999999,2024-01-15,
2974,Customer 2974,North,9999999,2024-01-15,
2975,Customer 2975,North,30,2024-01-15,
2976,Customer 2976,South,30,2024-01-15,
2977,Customer 2977,South,10,2024-01-15,
2978,Customer 2978,West,30,2024-01-15,
2979,Customer 2979,East,20,2024-01-15,
2980,Customer 2980,North,20,2024-01-15,
2981,Customer 2981,East,30,2024-01-15,
2982,Customer 2982,East,9999999,2024-01-15,
2983,Customer 2983,East,10,2024-01-15,
2984,Customer 2984,North,30,2024-01-15,
2985,Customer 2985,South,20,2024-01-15,
2986,Customer 2986,South,10,2024-01-15,
2987,Customer 2987,East,30,2024-01-15,
2988,Customer 2988,East,30,2024-01-15,
2989,Customer 2989,North,30,2024-01-15,
2990,Customer 2990,South,30,2024-01-15,
2991,Customer 2991,South,10,2024-01-15,
2992,Customer 2992,East,30,2024-01-15,
2993,Customer 2993,West,9999999,2024-01-15,
2994,Customer 2994,South,30,2024-01-15,
2995,Customer 2995,South,10,2024-01-15,
2996,Customer 2996,South,20,2024-01-15,
2997,Customer 2997 ,North,20,2024-01-15,
2998,Customer 2998,West,9999999,2024-01-15,
2999,Customer 2999,North,10,2024-01-15,
3000,Customer 3000,South,N/A,2024-01-15,
3001,Customer 3001,West,10,2024-01-15,
3002,Customer 3002,East,30,2024-01-15,
3003,Customer 3003,South,30,2024-01-15,
3004,Customer 3004,East,9999999,2024-01-15,
3005,Customer 3005,East,20,2024-01-15,
3006,Customer 3006,North,10,2024-01-15,
3007,Customer 3007,South,20,2024-01-15,
3008,Customer 3008,South,20,2024-01-15,
3009,Customer 3009,South,30,2024-01-15,
3010,Customer 3010,South,20,2024-01-15,
3011,Customer 3011,West,10,2024-01-15,
3012,Customer 3012,North,10,2024-01-15,
3013,Customer 3013,West,10,2024-01-15,
3014,Customer 3014,North,9999999,2024-01-15,
3015,Customer 3015,North,20,2024-01-15,
3016,Customer 3016,North,10,2024-01-15,
3017,Customer 3017,North,9999999,2024-01-15,
3018,Customer 3018,North,30,2024-01-15,
3019,Customer 3019,East,10,2024-01-15,
3020,Customer 3020,North,10,2024-01-15,
3021,Customer 3021,South,10,2024-01-15,
3022,Customer 3022,South,20,2024-01-15,
3023,Customer 3023,North,30,2024-01-15,
3024,Customer 3024,South,10,2024-01-15,
3025,Customer 3025,East,30,2024-01-15,
3026,Customer 3026,South,30,2024-01-15,
3027,Customer 3027,North,20,2024-01-15,
3028,Customer 3028,North,10,2024-01-15,
3029,Customer 3029,South,20,2024-01-15,
3030,Customer 3030,South,30,2024-01-15,
3031,Customer 3031,North,10,2024-01-15,
3032,Customer 3032,West,20,2024-01-15,
3033,Customer 3033,South,30,2024-01-15,
3034,Customer 3034 ,North,9999999,2024-01-15,
3035,Customer 3035,East,20,2024-01-15,
3036,Customer 3036,West,9999999,2024-01-15,
3037,Customer 3037,South,20,2024-01-15,
3038,Customer 3038,North,9999999,2024-01-15,
3039,Customer 3039,North,30,2024-01-15,
3040,Customer 3040,North,9999999,2024-01-15,
3041,Customer 3041,West,20,2024-01-15,
3042,Customer 3042,East,30,2024-01-15,
3043,Customer 3043,North,10,2024-01-15,
3044,Customer 3044,West,30,2024-01-15,
3045,Customer 3045,West,10,2024-01-15,
3046,Customer 3046,West,30,2024-01-15,
3047,Customer 3047,West,30,2024-01-15,
3048,Customer 3048,West,20,2024-01-15,
3049,Customer 3049,West,30,2024-01-15,
3050,Customer 3050,North,20,2024-01-15,
3051,Customer 3051,East,9999999,2024-01-15,
3052,Customer 3052,North,20,2024-01-15,
3053,Customer 3053,North,9999999,2024-01-15,
3054,Customer 3054,West,9999999,2024-01-15,
3055,Customer 3055,North,10,2024-01-15,
3056,Customer 3056,West,20,2024-01-15,
3057,Customer 3057,North,9999999,2024-01-15,
3058,Customer 3058,North,20,2024-01-15,
3059,Customer 3059,South,30,2024-01-15,
3060,Customer 3060,South,30,2024-01-15,
3061,Customer 3061,North,9999999,2024-01-15,
3062,Customer 3062,West,20,2024-01-15,
3063,Customer 3063,East,9999999,2024-01-15,
3064,Customer 3064,West,30,2024-01-15,
3065,Customer 3065,West,30,2024-01-15,
3066,Customer 3066,West,9999999,2024-01-15,
3067,Customer 3067,South,30,2024-01-15,
3068,Customer 3068,North,9999999,2024-01-15,
3069,Customer 3069,East,10,2024-01-15,
3070,Customer 3070,West,9999999,2024-01-15,
3071,Customer 3071 ,South,20,2024-01-15,
3072,Customer 3072,North,10,2024-01-15,
3073,Customer 3073,North,10,2024-01-15,
3074,Customer 3074,North,9999999,2024-01-15,
3075,Customer 3075,West,20,2024-01-15,
3076,Customer 3076,South,30,2024-01-15,
3077,Customer 3077,North,30,2024-01-15,
3078,Customer 3078,West,10,2024-01-15,
3079,Customer 3079,South,9999999,2024-01-15,
3080,Customer 3080,West,30,2024-01-15,
3081,Customer 3081,East,9999999,2024-01-15,
3082,Customer 3082,North,30,2024-01-15,
3083,Customer 3083,West,10,2024-01-15,
3084,Customer 3084,West,10,2024-01-15,
3085,Customer 3085,East,9999999,2024-01-15,
3086,Customer 3086,West,9999999,2024-01-15,
3087,Customer 3087,North,9999999,2024-01-15,
3088,Customer 3088,South,10,2024-01-15,
3089,Customer 3089,South,30,2024-01-15,
3090,Customer 3090,West,9999999,2024-01-15,
3091,Customer 3091,East,20,2024-01-15,
3092,Customer 3092,West,9999999,2024-01-15,
3093,Customer 3093,West,10,2024-01-15,
3094,Customer 3094,West,9999999,2024-01-15,
3095,Customer 3095,North,20,2024-01-15,
3096,Customer 3096,East,9999999,2024-01-15,
3097,Customer 3097,West,9999999,2024-01-15,
3098,Customer 3098,East,30,2024-01-15,
3099,Customer 3099,North,30,2024-01-15,
3100,Customer 3100,North,10,2024-01-15,
3101,Customer 3101,East,20,2024-01-15,
3102,Customer 3102,North,30,2024-01-15,
3103,Customer 3103,West,30,2024-01-15,
3104,Customer 3104,West,10,2024-01-15,
3105,Customer 3105,East,30,2024-01-15,
3106,Customer 3106,East,9999999,2024-01-15,
3107,Customer 3107,South,10,2024-01-15,
3108,Customer 3108 ,South,20,2024-01-15,
3109,Customer 3109,North,30,2024-01-15,
3110,Customer 3110,East,10,2024-01-15,
3111,Customer 3111,East,10,2024-01-15,
3112,Customer 3112,North,20,2024-01-15,
3113,Customer 3113,North,30,2024-01-15,
3114,Customer 3114,West,9999999,2024-01-15,
3115,Customer 3115,East,9999999,2024-01-15,
3116,Customer 3116,West,10,2024-01-15,
3117,Customer 3117,East,10,2024-01-15,
3118,Customer 3118,West,9999999,2024-01-15,
3119,Customer 3119,North,30,2024-01-15,
3120,Customer 3120,North,9999999,2024-01-15,
3121,Customer 3121,East,20,2024-01-15,
3122,Customer 3122,East,9999999,2024-01-15,
3123,Customer 3123,East,20,2024-01-15,
3124,Customer 3124,West,30,2024-01-15,
3125,Customer 3125,West,20,2024-01-15,
3126,Customer 3126,South,10,2024-01-15,
3127,Customer 3127,East,30,2024-01-15,
3128,Customer 3128,East,10,2024-01-15,
3129,Customer 3129,South,9999999,2024-01-15,
3130,Customer 3130,North,10,2024-01-15,
3131,Customer 3131,East,30,2024-01-15,
3132,Customer 3132,West,10,2024-01-15,
3133,Customer 3133,South,9999999,2024-01-15,
3134,Customer 3134,North,30,2024-01-15,
3135,Customer 3135,East,30,2024-01-15,
3136,Customer 3136,East,9999999,2024-01-15,
3137,Customer 3137,West,20,2024-01-15,
3138,Customer 3138,East,9999999,2024-01-15,
3139,Customer 3139,South,9999999,2024-01-15,
3140,Customer 3140,South,10,2024-01-15,
3141,Customer 3141,South,9999999,2024-01-15,
3142,Customer 3142,East,9999999,2024-01-15,
3143,Customer 3143,North,9999999,2024-01-15,
3144,Customer 3144,East,20,2024-01-15,
3145,Customer 3145 ,South,9999999,2024-01-15,
3146,Customer 3146,South,20,2024-01-15,
3147,Customer 3147,West,30,2024-01-15,
3148,Customer 3148,East,9999999,2024-01-15,
3149,Customer 3149,South,10,2024-01-15,
3150,Customer 3150,East,9999999,2024-01-15,
3151,Customer 3151,South,30,2024-01-15,
3152,Customer 3152,South,30,2024-01-15,
3153,Customer 3153,South,9999999,2024-01-15,
3154,Customer 3154,South,10,2024-01-15,
3155,Customer 3155,North,20,2024-01-15,
3156,Customer 3156,East,20,2024-01-15,
3157,Customer 3157,West,9999999,2024-01-15,
3158,Customer 3158,West,9999999,2024-01-15,
3159,Customer 3159,South,10,2024-01-15,
3160,Customer 3160,East,20,2024-01-15,
3161,Customer 3161,North,20,2024-01-15,
3162,Customer 3162,East,30,2024-01-15,
3163,Customer 3163,North,20,2024-01-15,
3164,Customer 3164,North,9999999,2024-01-15,
3165,Customer 3165,North,10,2024-01-15,
3166,Customer 3166,East,30,2024-01-15,
3167,Customer 3167,West,10,2024-01-15,
3168,Customer 3168,North,30,2024-01-15,
3169,Customer 3169,South,9999999,2024-01-15,
3170,Customer 3170,North,20,2024-01-15,
3171,Customer 3171,East,10,2024-01-15,
3172,Customer 3172,North,9999999,2024-01-15,
3173,Customer 3173,North,20,2024-01-15,
3174,Customer 3174,East,30,2024-01-15,
3175,Customer 3175,South,9999999,2024-01-15,
3176,Customer 3176,South,9999999,2024-01-15,
3177,Customer 3177,North,20,2024-01-15,
3178,Customer 3178,South,20,2024-01-15,
3179,Customer 3179,West,30,2024-01-15,
3180,Customer 3180,East,9999999,2024-01-15,
3181,Customer 3181,West,10,2024-01-15,
3182,Customer 3182 ,North,30,2024-01-15,
3183,Customer 3183,West,30,2024-01-15,
3184,Customer 3184,South,9999999,2024-01-15,
3185,Customer 3185,South,30,2024-01-15,
3186,Customer 3186,West,30,2024-01-15,
3187,Customer 3187,East,30,2024-01-15,
3188,Customer 3188,North,10,2024-01-15,
3189,Customer 3189,South,10,2024-01-15,
3190,Customer 3190,West,30,2024-01-15,
3191,Customer 3191,East,30,2024-01-15,
3192,Customer 3192,South,10,2024-01-15,
3193,Customer 3193,West,9999999,2024-01-15,
3194,Customer 3194,West,10,2024-01-15,
3195,Customer 3195,East,30,2024-01-15,
3196,Customer 3196,South,10,2024-01-15,
3197,Customer 3197,South,30,2024-01-15,
3198,Customer 3198,West,20,2024-01-15,
3199,Customer 3199,West,30,2024-01-15,
3200,Customer 3200,East,10,2024-01-15,
3201,Customer 3201,West,10,2024-01-15,
3202,Customer 3202,West,9999999,2024-01-15,
3203,Customer 3203,West,30,2024-01-15,
3204,Customer 3204,South,10,2024-01-15,
3205,Customer 3205,North,30,2024-01-15,
3206,Customer 3206,West,30,2024-01-15,
3207,Customer 3207,West,30,2024-01-15,
3208,Customer 3208,North,10,2024-01-15,
3209,Customer 3209,West,20,2024-01-15,
3210,Customer 3210,North,20,2024-01-15,
3211,Customer 3211,South,9999999,2024-01-15,
3212,Customer 3212,East,30,2024-01-15,
3213,Customer 3213,North,10,2024-01-15,
3214,Customer 3214,South,20,2024-01-15,
3215,Customer 3215,West,20,2024-01-15,
3216,Customer 3216,West,30,2024-01-15,
3217,Customer 3217,South,9999999,2024-01-15,
3218,Customer 3218,South,30,2024-01-15,
3219,Customer 3219 ,East,30,2024-01-15,
3220,Customer 3220,North,20,2024-01-15,
3221,Customer 3221,East,9999999,2024-01-15,
3222,Customer 3222,West,20,2024-01-15,
3223,Customer 3223,South,9999999,2024-01-15,
3224,Customer 3224,North,10,2024-01-15,
3225,Customer 3225,North,20,2024-01-15,
3226,Customer 3226,South,9999999,2024-01-15,
3227,Customer 3227,South,30,2024-01-15,
3228,Customer 3228,West,10,2024-01-15,
3229,Customer 3229,East,9999999,2024-01-15,
3230,Customer 3230,North,20,2024-01-15,
3231,Customer 3231,South,30,2024-01-15,
3232,Customer 3232,North,10,2024-01-15,
3233,Customer 3233,West,9999999,2024-01-15,
3234,Customer 3234,North,9999999,2024-01-15,
3235,Customer 3235,South,20,2024-01-15,
3236,Customer 3236,East,20,2024-01-15,
3237,Customer 3237,West,30,2024-01-15,
3238,Customer 3238,South,9999999,2024-01-15,
3239,Customer 3239,South,9999999,2024-01-15,
3240,Customer 3240,East,20,2024-01-15,
3241,Customer 3241,West,20,2024-01-15,
3242,Customer 3242,West,20,2024-01-15,
3243,Customer 3243,North,20,2024-01-15,
3244,Customer 3244,East,30,2024-01-15,
3245,Customer 3245,West,20,2024-01-15,
3246,Customer 3246,East,20,2024-01-15,
3247,Customer 3247,North,9999999,2024-01-15,
3248,Customer 3248,West,10,2024-01-15,
3249,Customer 3249,East,20,2024-01-15,
3250,Customer 3250,South,9999999,2024-01-15,
3251,Customer 3251,West,9999999,2024-01-15,
3252,Customer 3252,North,30,2024-01-15,
3253,Customer 3253,North,10,2024-01-15,
3254,Customer 3254,East,10,2024-01-15,
3255,Customer 3255,West,20,2024-01-15,
3256,Customer 3256 ,North,30,2024-01-15,
3257,Customer 3257,East,10,2024-01-15,
3258,Customer 3258,East,9999999,2024-01-15,
3259,Customer 3259,East,9999999,2024-01-15,
3260,Customer 3260,North,20,2024-01-15,
3261,Customer 3261,East,20,2024-01-15,
3262,Customer 3262,West,20,2024-01-15,
3263,Customer 3263,West,30,2024-01-15,
3264,Customer 3264,North,20,2024-01-15,
3265,Customer 3265,West,30,2024-01-15,
3266,Customer 3266,East,20,2024-01-15,
3267,Customer 3267,East,10,2024-01-15,
3268,Customer 3268,South,10,2024-01-15,
3269,Customer 3269,East,9999999,2024-01-15,
3270,Customer 3270,West,30,2024-01-15,
3271,Customer 3271,East,30,2024-01-15,
3272,Customer 3272,East,30,2024-01-15,
3273,Customer 3273,South,9999999,2024-01-15,
3274,Customer 3274,West,30,2024-01-15,
3275,Customer 3275,West,20,2024-01-15,
3276,Customer 3276,South,10,2024-01-15,
3277,Customer 3277,North,20,2024-01-15,
3278,Customer 3278,South,20,2024-01-15,
3279,Customer 3279,West,10,2024-01-15,
3280,Customer 3280,South,30,2024-01-15,
3281,Customer 3281,West,9999999,2024-01-15,
3282,Customer 3282,West,10,2024-01-15,
3283,Customer 3283,West,10,2024-01-15,
3284,Customer 3284,West,30,2024-01-15,
3285,Customer 3285,West,9999999,2024-01-15,
3286,Customer 3286,South,10,2024-01-15,
3287,Customer 3287,East,10,2024-01-15,
3288,Customer 3288,South,10,2024-01-15,
3289,Customer 3289,South,30,2024-01-15,
3290,Customer 3290,East,20,2024-01-15,
3291,Customer 3291,North,20,2024-01-15,
3292,Customer 3292,West,20,2024-01-15,
3293,Customer 3293 ,South,10,2024-01-15,
3294,Customer 3294,North,9999999,2024-01-15,
3295,Customer 3295,North,30,2024-01-15,
3296,Customer 3296,North,30,2024-01-15,
3297,Customer 3297,East,9999999,2024-01-15,
3298,Customer 3298,East,10,2024-01-15,
3299,Customer 3299,North,20,2024-01-15,
3300,Customer 3300,West,10,2024-01-15,
3301,Customer 3301,West,9999999,2024-01-15,
3302,Customer 3302,North,30,2024-01-15,
3303,Customer 3303,North,30,2024-01-15,
3304,Customer 3304,East,9999999,2024-01-15,
3305,Customer 3305,South,20,2024-01-15,
3306,Customer 3306,East,10,2024-01-15,
3307,Customer 3307,North,30,2024-01-15,
3308,Customer 3308,West,10,2024-01-15,
3309,Customer 3309,West,10,2024-01-15,
3310,Customer 3310,South,30,2024-01-15,
3311,Customer 3311,West,20,2024-01-15,
3312,Customer 3312,North,10,2024-01-15,
3313,Customer 3313,South,20,2024-01-15,
3314,Customer 3314,West,9999999,2024-01-15,
3315,Customer 3315,South,30,2024-01-15,
3316,Customer 3316,East,10,2024-01-15,
3317,Customer 3317,West,9999999,2024-01-15,
3318,Customer 3318,South,30,2024-01-15,
3319,Customer 3319,North,30,2024-01-15,
3320,Customer 3320,South,30,2024-01-15,
3321,Customer 3321,West,9999999,2024-01-15,
3322,Customer 3322,West,9999999,2024-01-15,
3323,Customer 3323,West,30,2024-01-15,
3324,Customer 3324,West,10,2024-01-15,
3325,Customer 3325,South,30,2024-01-15,
3326,Customer 3326,West,9999999,2024-01-15,
3327,Customer 3327,North,10,2024-01-15,
3328,Customer 3328,West,30,2024-01-15,
3329,Customer 3329,South,20,2024-01-15,
3330,Customer 3330 ,North,9999999,2024-01-15,
3331,Customer 3331,West,30,2024-01-15,
3332,Customer 3332,North,9999999,2024-01-15,
3333,Customer 3333,East,9999999,2024-01-15,
3334,Customer 3334,South,20,2024-01-15,
3335,Customer 3335,South,30,2024-01-15,
3336,Customer 3336,East,9999999,2024-01-15,
3337,Customer 3337,North,10,2024-01-15,
3338,Customer 3338,North,10,2024-01-15,
3339,Customer 3339,West,9999999,2024-01-15,
3340,Customer 3340,West,10,2024-01-15,
3341,Customer 3341,East,30,2024-01-15,
3342,Customer 3342,North,30,2024-01-15,
3343,Customer 3343,North,10,2024-01-15,
3344,Customer 3344,South,9999999,2024-01-15,
3345,Customer 3345,West,20,2024-01-15,
3346,Customer 3346,North,10,2024-01-15,
3347,Customer 3347,East,9999999,2024-01-15,
3348,Customer 3348,West,30,2024-01-15,
3349,Customer 3349,East,9999999,2024-01-15,
3350,Customer 3350,South,30,2024-01-15,
3351,Customer 3351,South,20,2024-01-15,
3352,Customer 3352,East,10,2024-01-15,
3353,Customer 3353,West,10,2024-01-15,
3354,Customer 3354,North,10,2024-01-15,
3355,Customer 3355,North,9999999,2024-01-15,
3356,Customer 3356,South,10,2024-01-15,
3357,Customer 3357,West,9999999,2024-01-15,
3358,Customer 3358,West,9999999,2024-01-15,
3359,Customer 3359,East,30,2024-01-15,
3360,Customer 3360,East,9999999,2024-01-15,
3361,Customer 3361,South,10,2024-01-15,
3362,Customer 3362,North,20,2024-01-15,
3363,Customer 3363,North,20,2024-01-15,
3364,Customer 3364,South,10,2024-01-15,
3365,Customer 3365,South,10,2024-01-15,
3366,Customer 3366,South,9999999,2024-01-15,
3367,Customer 3367 ,West,20,2024-01-15,
3368,Customer 3368,North,20,2024-01-15,
3369,Customer 3369,West,30,2024-01-15,
3370,Customer 3370,West,20,2024-01-15,
3371,Customer 3371,North,9999999,2024-01-15,
3372,Customer 3372,South,10,2024-01-15,
3373,Customer 3373,West,20,2024-01-15,
3374,Customer 3374,West,9999999,2024-01-15,
3375,Customer 3375,West,10,2024-01-15,
3376,Customer 3376,South,20,2024-01-15,
3377,Customer 3377,West,30,2024-01-15,
3378,Customer 3378,East,10,2024-01-15,
3379,Customer 3379,North,10,2024-01-15,
3380,Customer 3380,West,9999999,2024-01-15,
3381,Customer 3381,East,9999999,2024-01-15,
3382,Customer 3382,West,10,2024-01-15,
3383,Customer 3383,West,9999999,2024-01-15,
3384,Customer 3384,South,9999999,2024-01-15,
3385,Customer 3385,North,10,2024-01-15,
3386,Customer 3386,East,9999999,2024-01-15,
3387,Customer 3387,East,10,2024-01-15,
3388,Customer 3388,West,9999999,2024-01-15,
3389,Customer 3389,West,10,2024-01-15,
3390,Customer 3390,West,30,2024-01-15,
3391,Customer 3391,North,9999999,2024-01-15,
3392,Customer 3392,East,20,2024-01-15,
3393,Customer 3393,West,20,2024-01-15,
3394,Customer 3394,West,30,2024-01-15,
3395,Customer 3395,South,20,2024-01-15,
3396,Customer 3396,West,30,2024-01-15,
3397,Customer 3397,East,20,2024-01-15,
3398,Customer 3398,West,9999999,2024-01-15,
3399,Customer 3399,West,30,2024-01-15,
3400,Customer 3400,South,20,2024-01-15,
3401,Customer 3401,North,30,2024-01-15,
3402,Customer 3402,South,9999999,2024-01-15,
3403,Customer 3403,South,20,2024-01-15,
3404,Customer 3404 ,West,20,2024-01-15,
3405,Customer 3405,West,10,2024-01-15,
3406,Customer 3406,East,9999999,2024-01-15,
3407,Customer 3407,South,20,2024-01-15,
3408,Customer 3408,North,10,2024-01-15,
3409,Customer 3409,East,30,2024-01-15,
3410,Customer 3410,South,30,2024-01-15,
3411,Customer 3411,North,20,2024-01-15,
3412,Customer 3412,East,10,2024-01-15,
3413,Customer 3413,North,9999999,2024-01-15,
3414,Customer 3414,North,20,2024-01-15,
3415,Customer 3415,West,20,2024-01-15,
3416,Customer 3416,East,30,2024-01-15,
3417,Customer 3417,North,30,2024-01-15,
3418,Customer 3418,South,30,2024-01-15,
3419,Customer 3419,North,10,2024-01-15,
3420,Customer 3420,West,9999999,2024-01-15,
3421,Customer 3421,North,10,2024-01-15,
3422,Customer 3422,North,10,2024-01-15,
3423,Customer 3423,South,10,2024-01-15,
3424,Customer 3424,South,10,2024-01-15,
3425,Customer 3425,South,30,2024-01-15,
3426,Customer 3426,West,30,2024-01-15,
3427,Customer 3427,North,9999999,2024-01-15,
3428,Customer 3428,East,20,2024-01-15,
3429,Customer 3429,South,30,2024-01-15,
3430,Customer 3430,South,10,2024-01-15,
3431,Customer 3431,West,9999999,2024-01-15,
3432,Customer 3432,South,10,2024-01-15,
3433,Customer 3433,East,9999999,2024-01-15,
3434,Customer 3434,South,30,2024-01-15,
3435,Customer 3435,East,10,2024-01-15,
3436,Customer 3436,West,30,2024-01-15,
3437,Customer 3437,South,30,2024-01-15,
3438,Customer 3438,West,20,2024-01-15,
3439,Customer 3439,South,20,2024-01-15,
3440,Customer 3440,West,9999999,2024-01-15,
3441,Customer 3441 ,West,9999999,2024-01-15,
3442,Customer 3442,North,30,2024-01-15,
3443,Customer 3443,South,9999999,2024-01-15,
3444,Customer 3444,North,10,2024-01-15,
3445,Customer 3445,East,10,2024-01-15,
3446,Customer 3446,West,30,2024-01-15,
3447,Customer 3447,West,20,2024-01-15,
3448,Customer 3448,West,10,2024-01-15,
3449,Customer 3449,South,10,2024-01-15,
3450,Customer 3450,East,10,2024-01-15,
3451,Customer 3451,West,9999999,2024-01-15,
3452,Customer 3452,East,30,2024-01-15,
3453,Customer 3453,North,30,2024-01-15,
3454,Customer 3454,South,30,2024-01-15,
3455,Customer 3455,West,9999999,2024-01-15,
3456,Customer 3456,West,20,2024-01-15,
3457,Customer 3457,West,30,2024-01-15,
3458,Customer 3458,East,20,2024-01-15,
3459,Customer 3459,North,10,2024-01-15,
3460,Customer 3460,West,30,2024-01-15,
3461,Customer 3461,East,20,2024-01-15,
3462,Customer 3462,North,20,2024-01-15,
3463,Customer 3463,East,30,2024-01-15,
3464,Customer 3464,North,20,2024-01-15,
3465,Customer 3465,East,10,2024-01-15,
3466,Customer 3466,East,20,2024-01-15,
3467,Customer 3467,North,9999999,2024-01-15,
3468,Customer 3468,East,10,2024-01-15,
3469,Customer 3469,East,30,2024-01-15,
3470,Customer 3470,North,10,2024-01-15,
3471,Customer 3471,West,10,2024-01-15,
3472,Customer 3472,North,30,2024-01-15,
3473,Customer 3473,East,9999999,2024-01-15,
3474,Customer 3474,South,20,2024-01-15,
3475,Customer 3475,East,30,2024-01-15,
3476,Customer 3476,South,30,2024-01-15,
3477,Customer 3477,South,9999999,2024-01-15,
3478,Customer 3478 ,East,10,2024-01-15,
3479,Customer 3479,East,20,2024-01-15,
3480,Customer 3480,North,9999999,2024-01-15,
3481,Customer 3481,West,20,2024-01-15,
3482,Customer 3482,North,9999999,2024-01-15,
3483,Customer 3483,North,10,2024-01-15,
3484,Customer 3484,South,9999999,2024-01-15,
3485,Customer 3485,South,9999999,2024-01-15,
3486,Customer 3486,North,9999999,2024-01-15,
3487,Customer 3487,West,30,2024-01-15,
3488,Customer 3488,East,9999999,2024-01-15,
3489,Customer 3489,West,9999999,2024-01-15,
3490,Customer 3490,West,9999999,2024-01-15,
3491,Customer 3491,South,9999999,2024-01-15,
3492,Customer 3492,South,20,2024-01-15,
3493,Customer 3493,West,9999999,2024-01-15,
3494,Customer 3494,North,20,2024-01-15,
3495,Customer 3495,West,20,2024-01-15,
3496,Customer 3496,North,9999999,2024-01-15,
3497,Customer 3497,East,20,2024-01-15,
3498,Customer 3498,West,10,2024-01-15,
3499,Customer 3499,North,10,2024-01-15,
3500,Customer 3500,East,N/A,2024-01-15,
3501,Customer 3501,North,30,2024-01-15,
3502,Customer 3502,North,20,2024-01-15,
3503,Customer 3503,East,30,2024-01-15,
3504,Customer 3504,East,30,2024-01-15,
3505,Customer 3505,West,30,2024-01-15,
3506,Customer 3506,South,10,2024-01-15,
3507,Customer 3507,West,20,2024-01-15,
3508,Customer 3508,East,10,2024-01-15,
3509,Customer 3509,South,30,2024-01-15,
3510,Customer 3510,West,20,2024-01-15,
3511,Customer 3511,North,10,2024-01-15,
3512,Customer 3512,North,30,2024-01-15,
3513,Customer 3513,West,10,2024-01-15,
3514,Customer 3514,East,9999999,2024-01-15,
3515,Customer 3515 ,East,9999999,2024-01-15,
3516,Customer 3516,West,9999999,2024-01-15,
3517,Customer 3517,South,20,2024-01-15,
3518,Customer 3518,West,9999999,2024-01-15,
3519,Customer 3519,South,9999999,2024-01-15,
3520,Customer 3520,North,30,2024-01-15,
3521,Customer 3521,West,9999999,2024-01-15,
3522,Customer 3522,West,20,2024-01-15,
3523,Customer 3523,North,30,2024-01-15,
3524,Customer 3524,East,9999999,2024-01-15,
3525,Customer 3525,South,10,2024-01-15,
3526,Customer 3526,East,10,2024-01-15,
3527,Customer 3527,North,10,2024-01-15,
3528,Customer 3528,North,20,2024-01-15,
3529,Customer 3529,West,20,2024-01-15,
3530,Customer 3530,North,10,2024-01-15,
3531,Customer 3531,North,20,2024-01-15,
3532,Customer 3532,South,30,2024-01-15,
3533,Customer 3533,West,20,2024-01-15,
3534,Customer 3534,East,10,2024-01-15,
3535,Customer 3535,North,9999999,2024-01-15,
3536,Customer 3536,North,9999999,2024-01-15,
3537,Customer 3537,West,30,2024-01-15,
3538,Customer 3538,West,20,2024-01-15,
3539,Customer 3539,East,10,2024-01-15,
3540,Customer 3540,East,9999999,2024-01-15,
3541,Customer 3541,North,10,2024-01-15,
3542,Customer 3542,South,10,2024-01-15,
3543,Customer 3543,South,30,2024-01-15,
3544,Customer 3544,East,20,2024-01-15,
3545,Customer 3545,South,10,2024-01-15,
3546,Customer 3546,West,30,2024-01-15,
3547,Customer 3547,North,20,2024-01-15,
3548,Customer 3548,South,30,2024-01-15,
3549,Customer 3549,North,10,2024-01-15,
3550,Customer 3550,West,30,2024-01-15,
3551,Customer 3551,East,10,2024-01-15,
3552,Customer 3552 ,West,20,2024-01-15,
3553,Customer 3553,East,30,2024-01-15,
3554,Customer 3554,North,9999999,2024-01-15,
3555,Customer 3555,South,10,2024-01-15,
3556,Customer 3556,South,20,2024-01-15,
3557,Customer 3557,West,9999999,2024-01-15,
3558,Customer 3558,East,10,2024-01-15,
3559,Customer 3559,East,10,2024-01-15,
3560,Customer 3560,West,9999999,2024-01-15,
3561,Customer 3561,West,10,2024-01-15,
3562,Customer 3562,West,10,2024-01-15,
3563,Customer 3563,North,20,2024-01-15,
3564,Customer 3564,North,30,2024-01-15,
3565,Customer 3565,South,20,2024-01-15,
3566,Customer 3566,West,30,2024-01-15,
3567,Customer 3567,North,9999999,2024-01-15,
3568,Customer 3568,South,20,2024-01-15,
3569,Customer 3569,South,30,2024-01-15,
3570,Customer 3570,West,20,2024-01-15,
3571,Customer 3571,North,9999999,2024-01-15,
3572,Customer 3572,West,10,2024-01-15,
3573,Customer 3573,South,30,2024-01-15,
3574,Customer 3574,North,10,2024-01-15,
3575,Customer 3575,East,9999999,2024-01-15,
3576,Customer 3576,West,30,2024-01-15,
3577,Customer 3577,South,30,2024-01-15,
3578,Customer 3578,North,30,2024-01-15,
3579,Customer 3579,North,20,2024-01-15,
3580,Customer 3580,North,30,2024-01-15,
3581,Customer 3581,North,9999999,2024-01-15,
3582,Customer 3582,East,20,2024-01-15,
3583,Customer 3583,South,9999999,2024-01-15,
3584,Customer 3584,East,30,2024-01-15,
3585,Customer 3585,West,30,2024-01-15,
3586,Customer 3586,South,30,2024-01-15,
3587,Customer 3587,East,30,2024-01-15,
3588,Customer 3588,West,20,2024-01-15,
3589,Customer 3589 ,North,30,2024-01-15,
3590,Customer 3590,North,20,2024-01-15,
3591,Customer 3591,North,9999999,2024-01-15,
3592,Customer 3592,South,10,2024-01-15,
3593,Customer 3593,West,9999999,2024-01-15,
3594,Customer 3594,North,9999999,2024-01-15,
3595,Customer 3595,North,10,2024-01-15,
3596,Customer 3596,North,9999999,2024-01-15,
3597,Customer 3597,West,30,2024-01-15,
3598,Customer 3598,West,30,2024-01-15,
3599,Customer 3599,North,20,2024-01-15,
3600,Customer 3600,West,10,2024-01-15,
3601,Customer 3601,South,30,2024-01-15,
3602,Customer 3602,North,9999999,2024-01-15,
3603,Customer 3603,North,20,2024-01-15,
3604,Customer 3604,East,30,2024-01-15,
3605,Customer 3605,North,20,2024-01-15,
3606,Customer 3606,South,30,2024-01-15,
3607,Customer 3607,West,20,2024-01-15,
3608,Customer 3608,North,30,2024-01-15,
3609,Customer 3609,West,30,2024-01-15,
3610,Customer 3610,North,20,2024-01-15,
3611,Customer 3611,West,20,2024-01-15,
3612,Customer 3612,East,10,2024-01-15,
3613,Customer 3613,South,9999999,2024-01-15,
3614,Customer 3614,South,20,2024-01-15,
3615,Customer 3615,South,10,2024-01-15,
3616,Customer 3616,South,10,2024-01-15,
3617,Customer 3617,South,30,2024-01-15,
3618,Customer 3618,South,30,2024-01-15,
3619,Customer 3619,East,10,2024-01-15,
3620,Customer 3620,North,9999999,2024-01-15,
3621,Customer 3621,North,9999999,2024-01-15,
3622,Customer 3622,West,30,2024-01-15,
3623,Customer 3623,East,9999999,2024-01-15,
3624,Customer 3624,West,10,2024-01-15,
3625,Customer 3625,East,9999999,2024-01-15,
3626,Customer 3626 ,South,10,2024-01-15,
3627,Customer 3627,East,10,2024-01-15,
3628,Customer 3628,West,9999999,2024-01-15,
3629,Customer 3629,North,30,2024-01-15,
3630,Customer 3630,South,9999999,2024-01-15,
3631,Customer 3631,North,30,2024-01-15,
3632,Customer 3632,South,10,2024-01-15,
3633,Customer 3633,North,9999999,2024-01-15,
3634,Customer 3634,South,20,2024-01-15,
3635,Customer 3635,East,20,2024-01-15,
3636,Customer 3636,North,30,2024-01-15,
3637,Customer 3637,North,10,2024-01-15,
3638,Customer 3638,West,9999999,2024-01-15,
3639,Customer 3639,East,10,2024-01-15,
3640,Customer 3640,South,30,2024-01-15,
3641,Customer 3641,West,10,2024-01-15,
3642,Customer 3642,East,20,2024-01-15,
3643,Customer 3643,East,10,2024-01-15,
3644,Customer 3644,North,20,2024-01-15,
3645,Customer 3645,North,9999999,2024-01-15,
3646,Customer 3646,North,9999999,2024-01-15,
3647,Customer 3647,North,10,2024-01-15,
3648,Customer 3648,West,10,2024-01-15,
3649,Customer 3649,North,30,2024-01-15,
3650,Customer 3650,North,20,2024-01-15,
3651,Customer 3651,North,9999999,2024-01-15,
3652,Customer 3652,West,30,2024-01-15,
3653,Customer 3653,North,10,2024-01-15,
3654,Customer 3654,North,10,2024-01-15,
3655,Customer 3655,West,30,2024-01-15,
3656,Customer 3656,North,9999999,2024-01-15,
3657,Customer 3657,South,9999999,2024-01-15,
3658,Customer 3658,West,10,2024-01-15,
3659,Customer 3659,West,9999999,2024-01-15,
3660,Customer 3660,North,9999999,2024-01-15,
3661,Customer 3661,North,30,2024-01-15,
3662,Customer 3662,East,9999999,2024-01-15,
3663,Customer 3663 ,North,20,2024-01-15,
3664,Customer 3664,North,10,2024-01-15,
3665,Customer 3665,South,10,2024-01-15,
3666,Customer 3666,East,20,2024-01-15,
3667,Customer 3667,West,30,2024-01-15,
3668,Customer 3668,West,9999999,2024-01-15,
3669,Customer 3669,South,20,2024-01-15,
3670,Customer 3670,North,20,2024-01-15,
3671,Customer 3671,South,10,2024-01-15,
3672,Customer 3672,West,30,2024-01-15,
3673,Customer 3673,East,30,2024-01-15,
3674,Customer 3674,South,20,2024-01-15,
3675,Customer 3675,East,9999999,2024-01-15,
3676,Customer 3676,East,30,2024-01-15,
3677,Customer 3677,North,30,2024-01-15,
3678,Customer 3678,North,20,2024-01-15,
3679,Customer 3679,North,20,2024-01-15,
3680,Customer 3680,East,9999999,2024-01-15,
3681,Customer 3681,South,20,2024-01-15,
3682,Customer 3682,North,20,2024-01-15,
3683,Customer 3683,South,30,2024-01-15,
3684,Customer 3684,West,9999999,2024-01-15,
3685,Customer 3685,East,30,2024-01-15,
3686,Customer 3686,West,30,2024-01-15,
3687,Customer 3687,South,30,2024-01-15,
3688,Customer 3688,West,10,2024-01-15,
3689,Customer 3689,West,10,2024-01-15,
3690,Customer 3690,North,20,2024-01-15,
3691,Customer 3691,South,20,2024-01-15,
3692,Customer 3692,South,9999999,2024-01-15,
3693,Customer 3693,West,20,2024-01-15,
3694,Customer 3694,West,30,2024-01-15,
3695,Customer 3695,West,20,2024-01-15,
3696,Customer 3696,North,20,2024-01-15,
3697,Customer 3697,North,30,2024-01-15,
3698,Customer 3698,East,10,2024-01-15,
3699,Customer 3699,North,10,2024-01-15,
3700,Customer 3700 ,East,20,2024-01-15,
3701,Customer 3701,South,9999999,2024-01-15,
3702,Customer 3702,North,30,2024-01-15,
3703,Customer 3703,South,10,2024-01-15,
3704,Customer 3704,East,20,2024-01-15,
3705,Customer 3705,South,20,2024-01-15,
3706,Customer 3706,South,30,2024-01-15,
3707,Customer 3707,South,30,2024-01-15,
3708,Customer 3708,South,20,2024-01-15,
3709,Customer 3709,South,10,2024-01-15,
3710,Customer 3710,North,30,2024-01-15,
3711,Customer 3711,South,10,2024-01-15,
3712,Customer 3712,North,9999999,2024-01-15,
3713,Customer 3713,South,30,2024-01-15,
3714,Customer 3714,West,30,2024-01-15,
3715,Customer 3715,East,20,2024-01-15,
3716,Customer 3716,South,30,2024-01-15,
3717,Customer 3717,North,9999999,2024-01-15,
3718,Customer 3718,South,10,2024-01-15,
3719,Customer 3719,South,20,2024-01-15,
3720,Customer 3720,West,20,2024-01-15,
3721,Customer 3721,East,30,2024-01-15,
3722,Customer 3722,South,9999999,2024-01-15,
3723,Customer 3723,South,10,2024-01-15,
3724,Customer 3724,South,30,2024-01-15,
3725,Customer 3725,South,30,2024-01-15,
3726,Customer 3726,East,10,2024-01-15,
3727,Customer 3727,West,20,2024-01-15,
3728,Customer 3728,North,20,2024-01-15,
3729,Customer 3729,North,9999999,2024-01-15,
3730,Customer 3730,West,20,2024-01-15,
3731,Customer 3731,West,30,2024-01-15,
3732,Customer 3732,South,9999999,2024-01-15,
3733,Customer 3733,East,30,2024-01-15,
3734,Customer 3734,West,9999999,2024-01-15,
3735,Customer 3735,East,9999999,2024-01-15,
3736,Customer 3736,North,9999999,2024-01-15,
3737,Customer 3737 ,South,20,2024-01-15,
3738,Customer 3738,West,20,2024-01-15,
3739,Customer 3739,West,20,2024-01-15,
3740,Customer 3740,East,20,2024-01-15,
3741,Customer 3741,West,9999999,2024-01-15,
3742,Customer 3742,East,20,2024-01-15,
3743,Customer 3743,North,30,2024-01-15,
3744,Customer 3744,North,20,2024-01-15,
3745,Customer 3745,West,30,2024-01-15,
3746,Customer 3746,South,30,2024-01-15,
3747,Customer 3747,West,10,2024-01-15,
3748,Customer 3748,West,30,2024-01-15,
3749,Customer 3749,West,9999999,2024-01-15,
3750,Customer 3750,West,9999999,2024-01-15,
3751,Customer 3751,West,30,2024-01-15,
3752,Customer 3752,East,30,2024-01-15,
3753,Customer 3753,North,9999999,2024-01-15,
3754,Customer 3754,West,20,2024-01-15,
3755,Customer 3755,East,20,2024-01-15,
3756,Customer 3756,East,10,2024-01-15,
3757,Customer 3757,East,10,2024-01-15,
3758,Customer 3758,East,10,2024-01-15,
3759,Customer 3759,North,20,2024-01-15,
3760,Customer 3760,North,10,2024-01-15,
3761,Customer 3761,North,30,2024-01-15,
3762,Customer 3762,East,20,2024-01-15,
3763,Customer 3763,East,20,2024-01-15,
3764,Customer 3764,East,30,2024-01-15,
3765,Customer 3765,South,30,2024-01-15,
3766,Customer 3766,East,20,2024-01-15,
3767,Customer 3767,East,10,2024-01-15,
3768,Customer 3768,East,30,2024-01-15,
3769,Customer 3769,West,9999999,2024-01-15,
3770,Customer 3770,West,10,2024-01-15,
3771,Customer 3771,West,20,2024-01-15,
3772,Customer 3772,South,20,2024-01-15,
3773,Customer 3773,West,20,2024-01-15,
3774,Customer 3774 ,West,20,2024-01-15,
3775,Customer 3775,East,9999999,2024-01-15,
3776,Customer 3776,East,10,2024-01-15,
3777,Customer 3777,West,20,2024-01-15,
3778,Customer 3778,South,9999999,2024-01-15,
3779,Customer 3779,West,9999999,2024-01-15,
3780,Customer 3780,East,10,2024-01-15,
3781,Customer 3781,South,20,2024-01-15,
3782,Customer 3782,North,30,2024-01-15,
3783,Customer 3783,East,9999999,2024-01-15,
3784,Customer 3784,South,30,2024-01-15,
3785,Customer 3785,West,9999999,2024-01-15,
3786,Customer 3786,East,9999999,2024-01-15,
3787,Customer 3787,North,30,2024-01-15,
3788,Customer 3788,South,10,2024-01-15,
3789,Customer 3789,East,20,2024-01-15,
3790,Customer 3790,West,9999999,2024-01-15,
3791,Customer 3791,West,20,2024-01-15,
3792,Customer 3792,West,10,2024-01-15,
3793,Customer 3793,West,20,2024-01-15,
3794,Customer 3794,East,10,2024-01-15,
3795,Customer 3795,East,9999999,2024-01-15,
3796,Customer 3796,South,10,2024-01-15,
3797,Customer 3797,South,10,2024-01-15,
3798,Customer 3798,West,10,2024-01-15,
3799,Customer 3799,South,10,2024-01-15,
3800,Customer 3800,North,20,2024-01-15,
3801,Customer 3801,East,9999999,2024-01-15,
3802,Customer 3802,South,20,2024-01-15,
3803,Customer 3803,North,30,2024-01-15,
3804,Customer 3804,North,9999999,2024-01-15,
3805,Customer 3805,North,30,2024-01-15,
3806,Customer 3806,East,20,2024-01-15,
3807,Customer 3807,West,9999999,2024-01-15,
3808,Customer 3808,North,20,2024-01-15,
3809,Customer 3809,West,20,2024-01-15,
3810,Customer 3810,North,9999999,2024-01-15,
3811,Customer 3811 ,South,9999999,2024-01-15,
3812,Customer 3812,South,20,2024-01-15,
3813,Customer 3813,West,30,2024-01-15,
3814,Customer 3814,South,9999999,2024-01-15,
3815,Customer 3815,South,30,2024-01-15,
3816,Customer 3816,East,9999999,2024-01-15,
3817,Customer 3817,North,20,2024-01-15,
3818,Customer 3818,West,20,2024-01-15,
3819,Customer 3819,West,10,2024-01-15,
3820,Customer 3820,East,20,2024-01-15,
3821,Customer 3821,West,9999999,2024-01-15,
3822,Customer 3822,North,9999999,2024-01-15,
3823,Customer 3823,East,10,2024-01-15,
3824,Customer 3824,East,9999999,2024-01-15,
3825,Customer 3825,West,30,2024-01-15,
3826,Customer 3826,West,20,2024-01-15,
3827,Customer 3827,South,20,2024-01-15,
3828,Customer 3828,West,9999999,2024-01-15,
3829,Customer 3829,South,9999999,2024-01-15,
3830,Customer 3830,West,10,2024-01-15,
3831,Customer 3831,South,10,2024-01-15,
3832,Customer 3832,East,20,2024-01-15,
3833,Customer 3833,North,30,2024-01-15,
3834,Customer 3834,West,20,2024-01-15,
3835,Customer 3835,North,9999999,2024-01-15,
3836,Customer 3836,North,30,2024-01-15,
3837,Customer 3837,East,10,2024-01-15,
3838,Customer 3838,West,9999999,2024-01-15,
3839,Customer 3839,East,20,2024-01-15,
3840,Customer 3840,North,20,2024-01-15,
3841,Customer 3841,North,9999999,2024-01-15,
3842,Customer 3842,West,10,2024-01-15,
3843,Customer 3843,East,9999999,2024-01-15,
3844,Customer 3844,South,9999999,2024-01-15,
3845,Customer 3845,North,9999999,2024-01-15,
3846,Customer 3846,East,10,2024-01-15,
3847,Customer 3847,South,10,2024-01-15,
3848,Customer 3848 ,West,30,2024-01-15,
3849,Customer 3849,West,9999999,2024-01-15,
3850,Customer 3850,North,10,2024-01-15,
3851,Customer 3851,West,20,2024-01-15,
3852,Customer 3852,West,20,2024-01-15,
3853,Customer 3853,South,30,2024-01-15,
3854,Customer 3854,North,20,2024-01-15,
3855,Customer 3855,South,10,2024-01-15,
3856,Customer 3856,North,30,2024-01-15,
3857,Customer 3857,South,9999999,2024-01-15,
3858,Customer 3858,North,10,2024-01-15,
3859,Customer 3859,South,30,2024-01-15,
3860,Customer 3860,East,9999999,2024-01-15,
3861,Customer 3861,South,20,2024-01-15,
3862,Customer 3862,South,10,2024-01-15,
3863,Customer 3863,North,9999999,2024-01-15,
3864,Customer 3864,West,10,2024-01-15,
3865,Customer 3865,West,30,2024-01-15,
3866,Customer 3866,North,10,2024-01-15,
3867,Customer 3867,West,10,2024-01-15,
3868,Customer 3868,South,20,2024-01-15,
3869,Customer 3869,South,30,2024-01-15,
3870,Customer 3870,North,20,2024-01-15,
3871,Customer 3871,West,10,2024-01-15,
3872,Customer 3872,North,10,2024-01-15,
3873,Customer 3873,South,30,2024-01-15,
3874,Customer 3874,South,10,2024-01-15,
3875,Customer 3875,South,10,2024-01-15,
3876,Customer 3876,North,20,2024-01-15,
3877,Customer 3877,North,9999999,2024-01-15,
3878,Customer 3878,East,30,2024-01-15,
3879,Customer 3879,South,20,2024-01-15,
3880,Customer 3880,West,9999999,2024-01-15,
3881,Customer 3881,South,10,2024-01-15,
3882,Customer 3882,North,20,2024-01-15,
3883,Customer 3883,East,30,2024-01-15,
3884,Customer 3884,North,20,2024-01-15,
3885,Customer 3885 ,East,9999999,2024-01-15,
3886,Customer 3886,West,10,2024-01-15,
3887,Customer 3887,West,20,2024-01-15,
3888,Customer 3888,North,20,2024-01-15,
3889,Customer 3889,East,30,2024-01-15,
3890,Customer 3890,North,10,2024-01-15,
3891,Customer 3891,West,20,2024-01-15,
3892,Customer 3892,West,30,2024-01-15,
3893,Customer 3893,South,10,2024-01-15,
3894,Customer 3894,North,30,2024-01-15,
3895,Customer 3895,West,30,2024-01-15,
3896,Customer 3896,East,20,2024-01-15,
3897,Customer 3897,East,20,2024-01-15,
3898,Customer 3898,North,9999999,2024-01-15,
3899,Customer 3899,North,30,2024-01-15,
3900,Customer 3900,West,9999999,2024-01-15,
3901,Customer 3901,North,20,2024-01-15,
3902,Customer 3902,North,20,2024-01-15,
3903,Customer 3903,East,10,2024-01-15,
3904,Customer 3904,West,20,2024-01-15,
3905,Customer 3905,North,20,2024-01-15,
3906,Customer 3906,South,10,2024-01-15,
3907,Customer 3907,West,30,2024-01-15,
3908,Customer 3908,South,30,2024-01-15,
3909,Customer 3909,West,20,2024-01-15,
3910,Customer 3910,North,20,2024-01-15,
3911,Customer 3911,West,20,2024-01-15,
3912,Customer 3912,South,30,2024-01-15,
3913,Customer 3913,East,30,2024-01-15,
3914,Customer 3914,West,10,2024-01-15,
3915,Customer 3915,North,30,2024-01-15,
3916,Customer 3916,East,20,2024-01-15,
3917,Customer 3917,South,30,2024-01-15,
3918,Customer 3918,North,20,2024-01-15,
3919,Customer 3919,South,20,2024-01-15,
3920,Customer 3920,East,9999999,2024-01-15,
3921,Customer 3921,West,20,2024-01-15,
3922,Customer 3922 ,North,10,2024-01-15,
3923,Customer 3923,North,9999999,2024-01-15,
3924,Customer 3924,North,20,2024-01-15,
3925,Customer 3925,South,20,2024-01-15,
3926,Customer 3926,North,20,2024-01-15,
3927,Customer 3927,South,20,2024-01-15,
3928,Customer 3928,North,20,2024-01-15,
3929,Customer 3929,West,9999999,2024-01-15,
3930,Customer 3930,South,30,2024-01-15,
3931,Customer 3931,South,20,2024-01-15,
3932,Customer 3932,South,9999999,2024-01-15,
3933,Customer 3933,East,20,2024-01-15,
3934,Customer 3934,West,30,2024-01-15,
3935,Customer 3935,East,20,2024-01-15,
3936,Customer 3936,North,9999999,2024-01-15,
3937,Customer 3937,West,30,2024-01-15,
3938,Customer 3938,South,9999999,2024-01-15,
3939,Customer 3939,West,9999999,2024-01-15,
3940,Customer 3940,West,9999999,2024-01-15,
3941,Customer 3941,West,20,2024-01-15,
3942,Customer 3942,West,10,2024-01-15,
3943,Customer 3943,North,9999999,2024-01-15,
3944,Customer 3944,South,30,2024-01-15,
3945,Customer 3945,East,20,2024-01-15,
3946,Customer 3946,West,9999999,2024-01-15,
3947,Customer 3947,West,30,2024-01-15,
3948,Customer 3948,West,30,2024-01-15,
3949,Customer 3949,North,9999999,2024-01-15,
3950,Customer 3950,South,30,2024-01-15,
3951,Customer 3951,South,9999999,2024-01-15,
3952,Customer 3952,South,20,2024-01-15,
3953,Customer 3953,North,10,2024-01-15,
3954,Customer 3954,West,30,2024-01-15,
3955,Customer 3955,West,9999999,2024-01-15,
3956,Customer 3956,East,9999999,2024-01-15,
3957,Customer 3957,West,9999999,2024-01-15,
3958,Customer 3958,North,30,2024-01-15,
3959,Customer 3959 ,North,9999999,2024-01-15,
3960,Customer 3960,West,10,2024-01-15,
3961,Customer 3961,South,20,2024-01-15,
3962,Customer 3962,East,9999999,2024-01-15,
3963,Customer 3963,West,30,2024-01-15,
3964,Customer 3964,North,30,2024-01-15,
3965,Customer 3965,West,9999999,2024-01-15,
3966,Customer 3966,South,20,2024-01-15,
3967,Customer 3967,North,9999999,2024-01-15,
3968,Customer 3968,North,30,2024-01-15,
3969,Customer 3969,East,20,2024-01-15,
3970,Customer 3970,South,9999999,2024-01-15,
3971,Customer 3971,South,30,2024-01-15,
3972,Customer 3972,North,20,2024-01-15,
3973,Customer 3973,North,10,2024-01-15,
3974,Customer 3974,West,9999999,2024-01-15,
3975,Customer 3975,South,10,2024-01-15,
3976,Customer 3976,South,9999999,2024-01-15,
3977,Customer 3977,East,9999999,2024-01-15,
3978,Customer 3978,West,30,2024-01-15,
3979,Customer 3979,West,30,2024-01-15,
3980,Customer 3980,North,10,2024-01-15,
3981,Customer 3981,South,30,2024-01-15,
3982,Customer 3982,South,30,2024-01-15,
3983,Customer 3983,East,9999999,2024-01-15,
3984,Customer 3984,South,10,2024-01-15,
3985,Customer 3985,North,9999999,2024-01-15,
3986,Customer 3986,North,10,2024-01-15,
3987,Customer 3987,West,9999999,2024-01-15,
3988,Customer 3988,West,30,2024-01-15,
3989,Customer 3989,South,20,2024-01-15,
3990,Customer 3990,South,30,2024-01-15,
3991,Customer 3991,South,20,2024-01-15,
3992,Customer 3992,South,9999999,2024-01-15,
3993,Customer 3993,West,10,2024-01-15,
3994,Customer 3994,South,20,2024-01-15,
3995,Customer 3995,North,20,2024-01-15,
3996,Customer 3996 ,South,20,2024-01-15,
3997,Customer 3997,West,30,2024-01-15,
3998,Customer 3998,North,9999999,2024-01-15,
3999,Customer 3999,North,20,2024-01-15,
4000,Customer 4000,East,N/A,2024-01-15,
4001,Customer 4001,West,10,2024-01-15,
4002,Customer 4002,East,10,2024-01-15,
4003,Customer 4003,East,10,2024-01-15,
4004,Customer 4004,South,10,2024-01-15,
4005,Customer 4005,West,9999999,2024-01-15,
4006,Customer 4006,North,10,2024-01-15,
4007,Customer 4007,East,10,2024-01-15,
4008,Customer 4008,North,10,2024-01-15,
4009,Customer 4009,South,10,2024-01-15,
4010,Customer 4010,West,10,2024-01-15,
4011,Customer 4011,West,30,2024-01-15,
4012,Customer 4012,East,9999999,2024-01-15,
4013,Customer 4013,East,9999999,2024-01-15,
4014,Customer 4014,East,30,2024-01-15,
4015,Customer 4015,South,30,2024-01-15,
4016,Customer 4016,West,30,2024-01-15,
4017,Customer 4017,North,9999999,2024-01-15,
4018,Customer 4018,East,30,2024-01-15,
4019,Customer 4019,North,10,2024-01-15,
4020,Customer 4020,West,9999999,2024-01-15,
4021,Customer 4021,North,20,2024-01-15,
4022,Customer 4022,East,10,2024-01-15,
4023,Customer 4023,East,20,2024-01-15,
4024,Customer 4024,West,9999999,2024-01-15,
4025,Customer 4025,South,9999999,2024-01-15,
4026,Customer 4026,East,10,2024-01-15,
4027,Customer 4027,East,10,2024-01-15,
4028,Customer 4028,East,10,2024-01-15,
4029,Customer 4029,South,9999999,2024-01-15,
4030,Customer 4030,West,9999999,2024-01-15,
4031,Customer 4031,East,10,2024-01-15,
4032,Customer 4032,West,9999999,2024-01-15,
4033,Customer 4033 ,West,10,2024-01-15,
4034,Customer 4034,South,30,2024-01-15,
4035,Customer 4035,North,20,2024-01-15,
4036,Customer 4036,West,20,2024-01-15,
4037,Customer 4037,East,10,2024-01-15,
4038,Customer 4038,South,9999999,2024-01-15,
4039,Customer 4039,North,9999999,2024-01-15,
4040,Customer 4040,South,9999999,2024-01-15,
4041,Customer 4041,South,20,2024-01-15,
4042,Customer 4042,North,20,2024-01-15,
4043,Customer 4043,West,10,2024-01-15,
4044,Customer 4044,South,10,2024-01-15,
4045,Customer 4045,West,30,2024-01-15,
4046,Customer 4046,South,30,2024-01-15,
4047,Customer 4047,West,30,2024-01-15,
4048,Customer 4048,South,10,2024-01-15,
4049,Customer 4049,North,9999999,2024-01-15,
4050,Customer 4050,South,30,2024-01-15,
4051,Customer 4051,East,10,2024-01-15,
4052,Customer 4052,West,9999999,2024-01-15,
4053,Customer 4053,South,9999999,2024-01-15,
4054,Customer 4054,East,20,2024-01-15,
4055,Customer 4055,East,10,2024-01-15,
4056,Customer 4056,North,10,2024-01-15,
4057,Customer 4057,East,10,2024-01-15,
4058,Customer 4058,North,20,2024-01-15,
4059,Customer 4059,South,30,2024-01-15,
4060,Customer 4060,West,30,2024-01-15,
4061,Customer 4061,East,10,2024-01-15,
4062,Customer 4062,South,10,2024-01-15,
4063,Customer 4063,West,9999999,2024-01-15,
4064,Customer 4064,East,30,2024-01-15,
4065,Customer 4065,South,20,2024-01-15,
4066,Customer 4066,West,10,2024-01-15,
4067,Customer 4067,West,10,2024-01-15,
4068,Customer 4068,South,30,2024-01-15,
4069,Customer 4069,South,30,2024-01-15,
4070,Customer 4070 ,West,9999999,2024-01-15,
4071,Customer 4071,East,20,2024-01-15,
4072,Customer 4072,North,20,2024-01-15,
4073,Customer 4073,East,30,2024-01-15,
4074,Customer 4074,East,10,2024-01-15,
4075,Customer 4075,South,9999999,2024-01-15,
4076,Customer 4076,East,9999999,2024-01-15,
4077,Customer 4077,North,9999999,2024-01-15,
4078,Customer 4078,South,30,2024-01-15,
4079,Customer 4079,South,20,2024-01-15,
4080,Customer 4080,South,10,2024-01-15,
4081,Customer 4081,West,9999999,2024-01-15,
4082,Customer 4082,South,30,2024-01-15,
4083,Customer 4083,West,10,2024-01-15,
4084,Customer 4084,West,30,2024-01-15,
4085,Customer 4085,East,9999999,2024-01-15,
4086,Customer 4086,West,9999999,2024-01-15,
4087,Customer 4087,East,10,2024-01-15,
4088,Customer 4088,South,30,2024-01-15,
4089,Customer 4089,North,9999999,2024-01-15,
4090,Customer 4090,East,20,2024-01-15,
4091,Customer 4091,East,10,2024-01-15,
4092,Customer 4092,South,9999999,2024-01-15,
4093,Customer 4093,West,20,2024-01-15,
4094,Customer 4094,East,9999999,2024-01-15,
4095,Customer 4095,South,20,2024-01-15,
4096,Customer 4096,South,20,2024-01-15,
4097,Customer 4097,East,10,2024-01-15,
4098,Customer 4098,South,10,2024-01-15,
4099,Customer 4099,West,9999999,2024-01-15,
4100,Customer 4100,North,20,2024-01-15,
4101,Customer 4101,East,10,2024-01-15,
4102,Customer 4102,South,9999999,2024-01-15,
4103,Customer 4103,North,10,2024-01-15,
4104,Customer 4104,West,30,2024-01-15,
4105,Customer 4105,West,20,2024-01-15,
4106,Customer 4106,North,20,2024-01-15,
4107,Customer 4107 ,South,10,2024-01-15,
4108,Customer 4108,West,9999999,2024-01-15,
4109,Customer 4109,South,30,2024-01-15,
4110,Customer 4110,North,9999999,2024-01-15,
4111,Customer 4111,West,9999999,2024-01-15,
4112,Customer 4112,West,30,2024-01-15,
4113,Customer 4113,North,30,2024-01-15,
4114,Customer 4114,North,10,2024-01-15,
4115,Customer 4115,North,10,2024-01-15,
4116,Customer 4116,South,9999999,2024-01-15,
4117,Customer 4117,West,10,2024-01-15,
4118,Customer 4118,North,30,2024-01-15,
4119,Customer 4119,West,20,2024-01-15,
4120,Customer 4120,West,9999999,2024-01-15,
4121,Customer 4121,South,30,2024-01-15,
4122,Customer 4122,East,10,2024-01-15,
4123,Customer 4123,South,10,2024-01-15,
4124,Customer 4124,North,9999999,2024-01-15,
4125,Customer 4125,West,9999999,2024-01-15,
4126,Customer 4126,North,10,2024-01-15,
4127,Customer 4127,North,20,2024-01-15,
4128,Customer 4128,South,20,2024-01-15,
4129,Customer 4129,West,10,2024-01-15,
4130,Customer 4130,North,30,2024-01-15,
4131,Customer 4131,South,10,2024-01-15,
4132,Customer 4132,South,20,2024-01-15,
4133,Customer 4133,East,10,2024-01-15,
4134,Customer 4134,North,10,2024-01-15,
4135,Customer 4135,East,10,2024-01-15,
4136,Customer 4136,South,30,2024-01-15,
4137,Customer 4137,North,9999999,2024-01-15,
4138,Customer 4138,East,20,2024-01-15,
4139,Customer 4139,East,10,2024-01-15,
4140,Customer 4140,South,9999999,2024-01-15,
4141,Customer 4141,East,9999999,2024-01-15,
4142,Customer 4142,South,30,2024-01-15,
4143,Customer 4143,North,10,2024-01-15,
4144,Customer 4144 ,North,20,2024-01-15,
4145,Customer 4145,South,20,2024-01-15,
4146,Customer 4146,South,30,2024-01-15,
4147,Customer 4147,South,20,2024-01-15,
4148,Customer 4148,East,30,2024-01-15,
4149,Customer 4149,West,20,2024-01-15,
4150,Customer 4150,East,10,2024-01-15,
4151,Customer 4151,West,30,2024-01-15,
4152,Customer 4152,West,20,2024-01-15,
4153,Customer 4153,North,9999999,2024-01-15,
4154,Customer 4154,West,30,2024-01-15,
4155,Customer 4155,South,20,2024-01-15,
4156,Customer 4156,East,10,2024-01-15,
4157,Customer 4157,East,20,2024-01-15,
4158,Customer 4158,West,20,2024-01-15,
4159,Customer 4159,East,20,2024-01-15,
4160,Customer 4160,West,9999999,2024-01-15,
4161,Customer 4161,South,10,2024-01-15,
4162,Customer 4162,East,10,2024-01-15,
4163,Customer 4163,North,10,2024-01-15,
4164,Customer 4164,North,9999999,2024-01-15,
4165,Customer 4165,North,30,2024-01-15,
4166,Customer 4166,East,30,2024-01-15,
4167,Customer 4167,South,30,2024-01-15,
4168,Customer 4168,East,20,2024-01-15,
4169,Customer 4169,North,10,2024-01-15,
4170,Customer 4170,South,9999999,2024-01-15,
4171,Customer 4171,North,9999999,2024-01-15,
4172,Customer 4172,South,10,2024-01-15,
4173,Customer 4173,West,30,2024-01-15,
4174,Customer 4174,East,10,2024-01-15,
4175,Customer 4175,East,30,2024-01-15,
4176,Customer 4176,North,10,2024-01-15,
4177,Customer 4177,East,20,2024-01-15,
4178,Customer 4178,South,9999999,2024-01-15,
4179,Customer 4179,West,30,2024-01-15,
4180,Customer 4180,South,9999999,2024-01-15,
4181,Customer 4181 ,North,30,2024-01-15,
4182,Customer 4182,South,20,2024-01-15,
4183,Customer 4183,West,20,2024-01-15,
4184,Customer 4184,North,30,2024-01-15,
4185,Customer 4185,South,30,2024-01-15,
4186,Customer 4186,West,9999999,2024-01-15,
4187,Customer 4187,West,20,2024-01-15,
4188,Customer 4188,West,30,2024-01-15,
4189,Customer 4189,East,30,2024-01-15,
4190,Customer 4190,South,9999999,2024-01-15,
4191,Customer 4191,North,30,2024-01-15,
4192,Customer 4192,West,30,2024-01-15,
4193,Customer 4193,North,30,2024-01-15,
4194,Customer 4194,North,10,2024-01-15,
4195,Customer 4195,North,20,2024-01-15,
4196,Customer 4196,North,20,2024-01-15,
4197,Customer 4197,East,10,2024-01-15,
4198,Customer 4198,North,9999999,2024-01-15,
4199,Customer 4199,South,9999999,2024-01-15,
4200,Customer 4200,West,9999999,2024-01-15,
4201,Customer 4201,West,10,2024-01-15,
4202,Customer 4202,South,10,2024-01-15,
4203,Customer 4203,West,10,2024-01-15,
4204,Customer 4204,South,30,2024-01-15,
4205,Customer 4205,West,10,2024-01-15,
4206,Customer 4206,South,20,2024-01-15,
4207,Customer 4207,North,20,2024-01-15,
4208,Customer 4208,South,30,2024-01-15,
4209,Customer 4209,North,30,2024-01-15,
4210,Customer 4210,West,9999999,2024-01-15,
4211,Customer 4211,South,9999999,2024-01-15,
4212,Customer 4212,North,30,2024-01-15,
4213,Customer 4213,South,30,2024-01-15,
4214,Customer 4214,East,10,2024-01-15,
4215,Customer 4215,West,30,2024-01-15,
4216,Customer 4216,East,30,2024-01-15,
4217,Customer 4217,North,20,2024-01-15,
4218,Customer 4218 ,South,9999999,2024-01-15,
4219,Customer 4219,North,30,2024-01-15,
4220,Customer 4220,West,9999999,2024-01-15,
4221,Customer 4221,East,10,2024-01-15,
4222,Customer 4222,West,10,2024-01-15,
4223,Customer 4223,East,30,2024-01-15,
4224,Customer 4224,North,30,2024-01-15,
4225,Customer 4225,East,10,2024-01-15,
4226,Customer 4226,West,20,2024-01-15,
4227,Customer 4227,North,30,2024-01-15,
4228,Customer 4228,West,10,2024-01-15,
4229,Customer 4229,South,9999999,2024-01-15,
4230,Customer 4230,South,10,2024-01-15,
4231,Customer 4231,North,9999999,2024-01-15,
4232,Customer 4232,North,9999999,2024-01-15,
4233,Customer 4233,East,20,2024-01-15,
4234,Customer 4234,West,20,2024-01-15,
4235,Customer 4235,East,9999999,2024-01-15,
4236,Customer 4236,East,30,2024-01-15,
4237,Customer 4237,South,9999999,2024-01-15,
4238,Customer 4238,North,30,2024-01-15,
4239,Customer 4239,West,9999999,2024-01-15,
4240,Customer 4240,South,20,2024-01-15,
4241,Customer 4241,West,30,2024-01-15,
4242,Customer 4242,East,10,2024-01-15,
4243,Customer 4243,North,20,2024-01-15,
4244,Customer 4244,East,20,2024-01-15,
4245,Customer 4245,South,10,2024-01-15,
4246,Customer 4246,West,9999999,2024-01-15,
4247,Customer 4247,North,30,2024-01-15,
4248,Customer 4248,South,20,2024-01-15,
4249,Customer 4249,East,9999999,2024-01-15,
4250,Customer 4250,West,10,2024-01-15,
4251,Customer 4251,West,9999999,2024-01-15,
4252,Customer 4252,East,20,2024-01-15,
4253,Customer 4253,West,9999999,2024-01-15,
4254,Customer 4254,North,20,2024-01-15,
4255,Customer 4255 ,North,10,2024-01-15,
4256,Customer 4256,South,20,2024-01-15,
4257,Customer 4257,North,30,2024-01-15,
4258,Customer 4258,North,20,2024-01-15,
4259,Customer 4259,West,30,2024-01-15,
4260,Customer 4260,West,10,2024-01-15,
4261,Customer 4261,East,9999999,2024-01-15,
4262,Customer 4262,West,30,2024-01-15,
4263,Customer 4263,West,10,2024-01-15,
4264,Customer 4264,South,20,2024-01-15,
4265,Customer 4265,South,20,2024-01-15,
4266,Customer 4266,North,30,2024-01-15,
4267,Customer 4267,South,30,2024-01-15,
4268,Customer 4268,South,9999999,2024-01-15,
4269,Customer 4269,North,9999999,2024-01-15,
4270,Customer 4270,South,20,2024-01-15,
4271,Customer 4271,South,20,2024-01-15,
4272,Customer 4272,South,10,2024-01-15,
4273,Customer 4273,North,9999999,2024-01-15,
4274,Customer 4274,South,30,2024-01-15,
4275,Customer 4275,West,20,2024-01-15,
4276,Customer 4276,South,10,2024-01-15,
4277,Customer 4277,North,10,2024-01-15,
4278,Customer 4278,West,9999999,2024-01-15,
4279,Customer 4279,South,30,2024-01-15,
4280,Customer 4280,East,20,2024-01-15,
4281,Customer 4281,West,9999999,2024-01-15,
4282,Customer 4282,West,10,2024-01-15,
4283,Customer 4283,East,10,2024-01-15,
4284,Customer 4284,East,10,2024-01-15,
4285,Customer 4285,East,30,2024-01-15,
4286,Customer 4286,West,30,2024-01-15,
4287,Customer 4287,East,20,2024-01-15,
4288,Customer 4288,South,10,2024-01-15,
4289,Customer 4289,North,10,2024-01-15,
4290,Customer 4290,East,10,2024-01-15,
4291,Customer 4291,East,20,2024-01-15,
4292,Customer 4292 ,East,9999999,2024-01-15,
4293,Customer 4293,West,10,2024-01-15,
4294,Customer 4294,East,20,2024-01-15,
4295,Customer 4295,East,9999999,2024-01-15,
4296,Customer 4296,East,30,2024-01-15,
4297,Customer 4297,North,10,2024-01-15,
4298,Customer 4298,South,10,2024-01-15,
4299,Customer 4299,East,30,2024-01-15,
4300,Customer 4300,East,30,2024-01-15,
4301,Customer 4301,East,20,2024-01-15,
4302,Customer 4302,West,20,2024-01-15,
4303,Customer 4303,North,10,2024-01-15,
4304,Customer 4304,North,20,2024-01-15,
4305,Customer 4305,South,10,2024-01-15,
4306,Customer 4306,West,20,2024-01-15,
4307,Customer 4307,North,10,2024-01-15,
4308,Customer 4308,East,30,2024-01-15,
4309,Customer 4309,South,9999999,2024-01-15,
4310,Customer 4310,North,20,2024-01-15,
4311,Customer 4311,South,20,2024-01-15,
4312,Customer 4312,East,9999999,2024-01-15,
4313,Customer 4313,East,30,2024-01-15,
4314,Customer 4314,North,9999999,2024-01-15,
4315,Customer 4315,North,9999999,2024-01-15,
4316,Customer 4316,West,9999999,2024-01-15,
4317,Customer 4317,South,10,2024-01-15,
4318,Customer 4318,South,30,2024-01-15,
4319,Customer 4319,North,30,2024-01-15,
4320,Customer 4320,South,10,2024-01-15,
4321,Customer 4321,West,9999999,2024-01-15,
4322,Customer 4322,South,10,2024-01-15,
4323,Customer 4323,West,9999999,2024-01-15,
4324,Customer 4324,West,9999999,2024-01-15,
4325,Customer 4325,South,30,2024-01-15,
4326,Customer 4326,North,20,2024-01-15,
4327,Customer 4327,South,20,2024-01-15,
4328,Customer 4328,West,10,2024-01-15,
4329,Customer 4329 ,East,30,2024-01-15,
4330,Customer 4330,East,20,2024-01-15,
4331,Customer 4331,North,30,2024-01-15,
4332,Customer 4332,South,20,2024-01-15,
4333,Customer 4333,South,10,2024-01-15,
4334,Customer 4334,North,30,2024-01-15,
4335,Customer 4335,East,20,2024-01-15,
4336,Customer 4336,East,20,2024-01-15,
4337,Customer 4337,South,10,2024-01-15,
4338,Customer 4338,North,20,2024-01-15,
4339,Customer 4339,East,10,2024-01-15,
4340,Customer 4340,East,30,2024-01-15,
4341,Customer 4341,East,10,2024-01-15,
4342,Customer 4342,West,20,2024-01-15,
4343,Customer 4343,East,30,2024-01-15,
4344,Customer 4344,North,10,2024-01-15,
4345,Customer 4345,South,30,2024-01-15,
4346,Customer 4346,South,30,2024-01-15,
4347,Customer 4347,North,30,2024-01-15,
4348,Customer 4348,West,10,2024-01-15,
4349,Customer 4349,South,30,2024-01-15,
4350,Customer 4350,South,9999999,2024-01-15,
4351,Customer 4351,East,30,2024-01-15,
4352,Customer 4352,West,20,2024-01-15,
4353,Customer 4353,West,20,2024-01-15,
4354,Customer 4354,West,20,2024-01-15,
4355,Customer 4355,South,30,2024-01-15,
4356,Customer 4356,North,9999999,2024-01-15,
4357,Customer 4357,South,9999999,2024-01-15,
4358,Customer 4358,South,9999999,2024-01-15,
4359,Customer 4359,South,20,2024-01-15,
4360,Customer 4360,South,9999999,2024-01-15,
4361,Customer 4361,North,30,2024-01-15,
4362,Customer 4362,South,30,2024-01-15,
4363,Customer 4363,West,20,2024-01-15,
4364,Customer 4364,North,20,2024-01-15,
4365,Customer 4365,North,20,2024-01-15,
4366,Customer 4366 ,South,9999999,2024-01-15,
4367,Customer 4367,West,9999999,2024-01-15,
4368,Customer 4368,South,10,2024-01-15,
4369,Customer 4369,North,10,2024-01-15,
4370,Customer 4370,West,9999999,2024-01-15,
4371,Customer 4371,North,10,2024-01-15,
4372,Customer 4372,North,10,2024-01-15,
4373,Customer 4373,South,20,2024-01-15,
4374,Customer 4374,East,10,2024-01-15,
4375,Customer 4375,North,20,2024-01-15,
4376,Customer 4376,North,10,2024-01-15,
4377,Customer 4377,North,30,2024-01-15,
4378,Customer 4378,South,20,2024-01-15,
4379,Customer 4379,West,9999999,2024-01-15,
4380,Customer 4380,East,20,2024-01-15,
4381,Customer 4381,West,30,2024-01-15,
4382,Customer 4382,South,20,2024-01-15,
4383,Customer 4383,East,10,2024-01-15,
4384,Customer 4384,North,10,2024-01-15,
4385,Customer 4385,North,10,2024-01-15,
4386,Customer 4386,North,30,2024-01-15,
4387,Customer 4387,South,9999999,2024-01-15,
4388,Customer 4388,South,10,2024-01-15,
4389,Customer 4389,South,10,2024-01-15,
4390,Customer 4390,West,9999999,2024-01-15,
4391,Customer 4391,East,20,2024-01-15,
4392,Customer 4392,South,30,2024-01-15,
4393,Customer 4393,North,9999999,2024-01-15,
4394,Customer 4394,South,9999999,2024-01-15,
4395,Customer 4395,South,10,2024-01-15,
4396,Customer 4396,East,10,2024-01-15,
4397,Customer 4397,North,30,2024-01-15,
4398,Customer 4398,North,30,2024-01-15,
4399,Customer 4399,North,30,2024-01-15,
4400,Customer 4400,South,10,2024-01-15,
4401,Customer 4401,West,20,2024-01-15,
4402,Customer 4402,South,30,2024-01-15,
4403,Customer 4403 ,South,9999999,2024-01-15,
4404,Customer 4404,East,30,2024-01-15,
4405,Customer 4405,North,30,2024-01-15,
4406,Customer 4406,West,30,2024-01-15,
4407,Customer 4407,East,30,2024-01-15,
4408,Customer 4408,North,10,2024-01-15,
4409,Customer 4409,South,20,2024-01-15,
4410,Customer 4410,South,30,2024-01-15,
4411,Customer 4411,West,9999999,2024-01-15,
4412,Customer 4412,North,9999999,2024-01-15,
4413,Customer 4413,West,10,2024-01-15,
4414,Customer 4414,South,30,2024-01-15,
4415,Customer 4415,East,10,2024-01-15,
4416,Customer 4416,South,20,2024-01-15,
4417,Customer 4417,East,9999999,2024-01-15,
4418,Customer 4418,West,30,2024-01-15,
4419,Customer 4419,West,9999999,2024-01-15,
4420,Customer 4420,East,9999999,2024-01-15,
4421,Customer 4421,South,20,2024-01-15,
4422,Customer 4422,West,9999999,2024-01-15,
4423,Customer 4423,West,9999999,2024-01-15,
4424,Customer 4424,West,20,2024-01-15,
4425,Customer 4425,West,10,2024-01-15,
4426,Customer 4426,North,20,2024-01-15,
4427,Customer 4427,East,20,2024-01-15,
4428,Customer 4428,South,10,2024-01-15,
4429,Customer 4429,East,10,2024-01-15,
4430,Customer 4430,South,9999999,2024-01-15,
4431,Customer 4431,North,10,2024-01-15,
4432,Customer 4432,East,30,2024-01-15,
4433,Customer 4433,East,20,2024-01-15,
4434,Customer 4434,South,9999999,2024-01-15,
4435,Customer 4435,South,9999999,2024-01-15,
4436,Customer 4436,South,20,2024-01-15,
4437,Customer 4437,South,10,2024-01-15,
4438,Customer 4438,South,10,2024-01-15,
4439,Customer 4439,North,9999999,2024-01-15,
4440,Customer 4440 ,East,9999999,2024-01-15,
4441,Customer 4441,North,10,2024-01-15,
4442,Customer 4442,West,10,2024-01-15,
4443,Customer 4443,North,20,2024-01-15,
4444,Customer 4444,East,20,2024-01-15,
4445,Customer 4445,North,20,2024-01-15,
4446,Customer 4446,North,20,2024-01-15,
4447,Customer 4447,West,10,2024-01-15,
4448,Customer 4448,South,20,2024-01-15,
4449,Customer 4449,South,9999999,2024-01-15,
4450,Customer 4450,West,30,2024-01-15,
4451,Customer 4451,East,9999999,2024-01-15,
4452,Customer 4452,North,9999999,2024-01-15,
4453,Customer 4453,North,30,2024-01-15,
4454,Customer 4454,North,20,2024-01-15,
4455,Customer 4455,South,10,2024-01-15,
4456,Customer 4456,North,20,2024-01-15,
4457,Customer 4457,West,9999999,2024-01-15,
4458,Customer 4458,East,9999999,2024-01-15,
4459,Customer 4459,South,30,2024-01-15,
4460,Customer 4460,South,9999999,2024-01-15,
4461,Customer 4461,North,30,2024-01-15,
4462,Customer 4462,South,9999999,2024-01-15,
4463,Customer 4463,West,20,2024-01-15,
4464,Customer 4464,South,10,2024-01-15,
4465,Customer 4465,South,9999999,2024-01-15,
4466,Customer 4466,West,10,2024-01-15,
4467,Customer 4467,East,9999999,2024-01-15,
4468,Customer 4468,West,9999999,2024-01-15,
4469,Customer 4469,North,20,2024-01-15,
4470,Customer 4470,West,30,2024-01-15,
4471,Customer 4471,East,20,2024-01-15,
4472,Customer 4472,North,10,2024-01-15,
4473,Customer 4473,East,10,2024-01-15,
4474,Customer 4474,North,30,2024-01-15,
4475,Customer 4475,East,20,2024-01-15,
4476,Customer 4476,North,20,2024-01-15,
4477,Customer 4477 ,South,10,2024-01-15,
4478,Customer 4478,East,10,2024-01-15,
4479,Customer 4479,South,20,2024-01-15,
4480,Customer 4480,South,10,2024-01-15,
4481,Customer 4481,North,30,2024-01-15,
4482,Customer 4482,West,10,2024-01-15,
4483,Customer 4483,North,10,2024-01-15,
4484,Customer 4484,North,30,2024-01-15,
4485,Customer 4485,North,30,2024-01-15,
4486,Customer 4486,East,30,2024-01-15,
4487,Customer 4487,South,9999999,2024-01-15,
4488,Customer 4488,West,30,2024-01-15,
4489,Customer 4489,South,30,2024-01-15,
4490,Customer 4490,East,10,2024-01-15,
4491,Customer 4491,North,9999999,2024-01-15,
4492,Customer 4492,North,20,2024-01-15,
4493,Customer 4493,West,9999999,2024-01-15,
4494,Customer 4494,East,10,2024-01-15,
4495,Customer 4495,South,20,2024-01-15,
4496,Customer 4496,North,9999999,2024-01-15,
4497,Customer 4497,South,10,2024-01-15,
4498,Customer 4498,South,20,2024-01-15,
4499,Customer 4499,East,20,2024-01-15,
4500,Customer 4500,West,N/A,2024-01-15,
4501,Customer 4501,East,20,2024-01-15,
4502,Customer 4502,East,30,2024-01-15,
4503,Customer 4503,North,9999999,2024-01-15,
4504,Customer 4504,South,9999999,2024-01-15,
4505,Customer 4505,North,20,2024-01-15,
4506,Customer 4506,West,20,2024-01-15,
4507,Customer 4507,North,10,2024-01-15,
4508,Customer 4508,East,20,2024-01-15,
4509,Customer 4509,West,10,2024-01-15,
4510,Customer 4510,West,10,2024-01-15,
4511,Customer 4511,South,30,2024-01-15,
4512,Customer 4512,South,30,2024-01-15,
4513,Customer 4513,East,10,2024-01-15,
4514,Customer 4514 ,East,30,2024-01-15,
4515,Customer 4515,North,10,2024-01-15,
4516,Customer 4516,West,20,2024-01-15,
4517,Customer 4517,West,30,2024-01-15,
4518,Customer 4518,West,30,2024-01-15,
4519,Customer 4519,North,20,2024-01-15,
4520,Customer 4520,North,9999999,2024-01-15,
4521,Customer 4521,East,30,2024-01-15,
4522,Customer 4522,West,9999999,2024-01-15,
4523,Customer 4523,West,20,2024-01-15,
4524,Customer 4524,East,30,2024-01-15,
4525,Customer 4525,North,30,2024-01-15,
4526,Customer 4526,West,9999999,2024-01-15,
4527,Customer 4527,North,30,2024-01-15,
4528,Customer 4528,South,10,2024-01-15,
4529,Customer 4529,South,10,2024-01-15,
4530,Customer 4530,East,10,2024-01-15,
4531,Customer 4531,South,9999999,2024-01-15,
4532,Customer 4532,North,9999999,2024-01-15,
4533,Customer 4533,West,20,2024-01-15,
4534,Customer 4534,North,9999999,2024-01-15,
4535,Customer 4535,West,30,2024-01-15,
4536,Customer 4536,West,9999999,2024-01-15,
4537,Customer 4537,North,10,2024-01-15,
4538,Customer 4538,North,20,2024-01-15,
4539,Customer 4539,West,9999999,2024-01-15,
4540,Customer 4540,West,20,2024-01-15,
4541,Customer 4541,North,30,2024-01-15,
4542,Customer 4542,East,30,2024-01-15,
4543,Customer 4543,South,9999999,2024-01-15,
4544,Customer 4544,North,9999999,2024-01-15,
4545,Customer 4545,West,30,2024-01-15,
4546,Customer 4546,South,10,2024-01-15,
4547,Customer 4547,South,9999999,2024-01-15,
4548,Customer 4548,East,20,2024-01-15,
4549,Customer 4549,West,10,2024-01-15,
4550,Customer 4550,East,10,2024-01-15,
4551,Customer 4551 ,West,9999999,2024-01-15,
4552,Customer 4552,North,20,2024-01-15,
4553,Customer 4553,North,20,2024-01-15,
4554,Customer 4554,East,9999999,2024-01-15,
4555,Customer 4555,South,30,2024-01-15,
4556,Customer 4556,South,10,2024-01-15,
4557,Customer 4557,East,10,2024-01-15,
4558,Customer 4558,North,9999999,2024-01-15,
4559,Customer 4559,West,30,2024-01-15,
4560,Customer 4560,South,9999999,2024-01-15,
4561,Customer 4561,South,30,2024-01-15,
4562,Customer 4562,North,10,2024-01-15,
4563,Customer 4563,East,9999999,2024-01-15,
4564,Customer 4564,South,30,2024-01-15,
4565,Customer 4565,East,20,2024-01-15,
4566,Customer 4566,West,9999999,2024-01-15,
4567,Customer 4567,South,9999999,2024-01-15,
4568,Customer 4568,East,9999999,2024-01-15,
4569,Customer 4569,North,9999999,2024-01-15,
4570,Customer 4570,North,20,2024-01-15,
4571,Customer 4571,East,20,2024-01-15,
4572,Customer 4572,North,30,2024-01-15,
4573,Customer 4573,West,20,2024-01-15,
4574,Customer 4574,West,20,2024-01-15,
4575,Customer 4575,North,30,2024-01-15,
4576,Customer 4576,East,9999999,2024-01-15,
4577,Customer 4577,West,10,2024-01-15,
4578,Customer 4578,West,20,2024-01-15,
4579,Customer 4579,North,10,2024-01-15,
4580,Customer 4580,South,20,2024-01-15,
4581,Customer 4581,South,9999999,2024-01-15,
4582,Customer 4582,South,9999999,2024-01-15,
4583,Customer 4583,South,30,2024-01-15,
4584,Customer 4584,North,20,2024-01-15,
4585,Customer 4585,East,30,2024-01-15,
4586,Customer 4586,East,10,2024-01-15,
4587,Customer 4587,North,30,2024-01-15,
4588,Customer 4588 ,West,9999999,2024-01-15,
4589,Customer 4589,West,9999999,2024-01-15,
4590,Customer 4590,East,30,2024-01-15,
4591,Customer 4591,East,9999999,2024-01-15,
4592,Customer 4592,South,10,2024-01-15,
4593,Customer 4593,West,9999999,2024-01-15,
4594,Customer 4594,South,30,2024-01-15,
4595,Customer 4595,West,20,2024-01-15,
4596,Customer 4596,East,9999999,2024-01-15,
4597,Customer 4597,East,9999999,2024-01-15,
4598,Customer 4598,North,10,2024-01-15,
4599,Customer 4599,North,10,2024-01-15,
4600,Customer 4600,West,10,2024-01-15,
4601,Customer 4601,West,10,2024-01-15,
4602,Customer 4602,West,10,2024-01-15,
4603,Customer 4603,East,10,2024-01-15,
4604,Customer 4604,South,9999999,2024-01-15,
4605,Customer 4605,West,20,2024-01-15,
4606,Customer 4606,North,9999999,2024-01-15,
4607,Customer 4607,West,20,2024-01-15,
4608,Customer 4608,East,10,2024-01-15,
4609,Customer 4609,West,9999999,2024-01-15,
4610,Customer 4610,North,9999999,2024-01-15,
4611,Customer 4611,South,30,2024-01-15,
4612,Customer 4612,East,30,2024-01-15,
4613,Customer 4613,East,30,2024-01-15,
4614,Customer 4614,South,9999999,2024-01-15,
4615,Customer 4615,West,10,2024-01-15,
4616,Customer 4616,North,10,2024-01-15,
4617,Customer 4617,South,10,2024-01-15,
4618,Customer 4618,East,30,2024-01-15,
4619,Customer 4619,South,30,2024-01-15,
4620,Customer 4620,South,9999999,2024-01-15,
4621,Customer 4621,South,9999999,2024-01-15,
4622,Customer 4622,North,9999999,2024-01-15,
4623,Customer 4623,South,9999999,2024-01-15,
4624,Customer 4624,South,9999999,2024-01-15,
4625,Customer 4625 ,East,9999999,2024-01-15,
4626,Customer 4626,West,20,2024-01-15,
4627,Customer 4627,North,20,2024-01-15,
4628,Customer 4628,North,20,2024-01-15,
4629,Customer 4629,East,9999999,2024-01-15,
4630,Customer 4630,East,20,2024-01-15,
4631,Customer 4631,North,20,2024-01-15,
4632,Customer 4632,North,10,2024-01-15,
4633,Customer 4633,North,9999999,2024-01-15,
4634,Customer 4634,North,20,2024-01-15,
4635,Customer 4635,West,10,2024-01-15,
4636,Customer 4636,South,10,2024-01-15,
4637,Customer 4637,East,9999999,2024-01-15,
4638,Customer 4638,South,20,2024-01-15,
4639,Customer 4639,East,20,2024-01-15,
4640,Customer 4640,South,20,2024-01-15,
4641,Customer 4641,East,9999999,2024-01-15,
4642,Customer 4642,East,10,2024-01-15,
4643,Customer 4643,South,10,2024-01-15,
4644,Customer 4644,North,10,2024-01-15,
4645,Customer 4645,West,10,2024-01-15,
4646,Customer 4646,North,10,2024-01-15,
4647,Customer 4647,East,20,2024-01-15,
4648,Customer 4648,South,30,2024-01-15,
4649,Customer 4649,North,10,2024-01-15,
4650,Customer 4650,East,9999999,2024-01-15,
4651,Customer 4651,West,20,2024-01-15,
4652,Customer 4652,West,10,2024-01-15,
4653,Customer 4653,West,10,2024-01-15,
4654,Customer 4654,West,10,2024-01-15,
4655,Customer 4655,South,10,2024-01-15,
4656,Customer 4656,West,9999999,2024-01-15,
4657,Customer 4657,West,30,2024-01-15,
4658,Customer 4658,South,20,2024-01-15,
4659,Customer 4659,North,30,2024-01-15,
4660,Customer 4660,North,20,2024-01-15,
4661,Customer 4661,East,10,2024-01-15,
4662,Customer 4662 ,West,30,2024-01-15,
4663,Customer 4663,South,10,2024-01-15,
4664,Customer 4664,North,30,2024-01-15,
4665,Customer 4665,North,20,2024-01-15,
4666,Customer 4666,South,10,2024-01-15,
4667,Customer 4667,East,20,2024-01-15,
4668,Customer 4668,South,10,2024-01-15,
4669,Customer 4669,East,10,2024-01-15,
4670,Customer 4670,South,20,2024-01-15,
4671,Customer 4671,South,10,2024-01-15,
4672,Customer 4672,East,30,2024-01-15,
4673,Customer 4673,South,9999999,2024-01-15,
4674,Customer 4674,East,10,2024-01-15,
4675,Customer 4675,West,30,2024-01-15,
4676,Customer 4676,West,9999999,2024-01-15,
4677,Customer 4677,South,9999999,2024-01-15,
4678,Customer 4678,South,30,2024-01-15,
4679,Customer 4679,East,20,2024-01-15,
4680,Customer 4680,North,9999999,2024-01-15,
4681,Customer 4681,South,30,2024-01-15,
4682,Customer 4682,West,20,2024-01-15,
4683,Customer 4683,West,9999999,2024-01-15,
4684,Customer 4684,East,9999999,2024-01-15,
4685,Customer 4685,North,30,2024-01-15,
4686,Customer 4686,West,9999999,2024-01-15,
4687,Customer 4687,East,20,2024-01-15,
4688,Customer 4688,North,30,2024-01-15,
4689,Customer 4689,South,9999999,2024-01-15,
4690,Customer 4690,East,10,2024-01-15,
4691,Customer 4691,East,9999999,2024-01-15,
4692,Customer 4692,West,30,2024-01-15,
4693,Customer 4693,North,10,2024-01-15,
4694,Customer 4694,East,20,2024-01-15,
4695,Customer 4695,South,9999999,2024-01-15,
4696,Customer 4696,South,30,2024-01-15,
4697,Customer 4697,South,10,2024-01-15,
4698,Customer 4698,East,30,2024-01-15,
4699,Customer 4699 ,East,20,2024-01-15,
4700,Customer 4700,North,10,2024-01-15,
4701,Customer 4701,North,30,2024-01-15,
4702,Customer 4702,South,30,2024-01-15,
4703,Customer 4703,East,9999999,2024-01-15,
4704,Customer 4704,North,20,2024-01-15,
4705,Customer 4705,East,9999999,2024-01-15,
4706,Customer 4706,South,20,2024-01-15,
4707,Customer 4707,East,10,2024-01-15,
4708,Customer 4708,West,10,2024-01-15,
4709,Customer 4709,East,9999999,2024-01-15,
4710,Customer 4710,South,30,2024-01-15,
4711,Customer 4711,North,20,2024-01-15,
4712,Customer 4712,West,9999999,2024-01-15,
4713,Customer 4713,East,10,2024-01-15,
4714,Customer 4714,North,9999999,2024-01-15,
4715,Customer 4715,West,10,2024-01-15,
4716,Customer 4716,East,20,2024-01-15,
4717,Customer 4717,South,9999999,2024-01-15,
4718,Customer 4718,East,10,2024-01-15,
4719,Customer 4719,North,10,2024-01-15,
4720,Customer 4720,East,9999999,2024-01-15,
4721,Customer 4721,West,20,2024-01-15,
4722,Customer 4722,North,10,2024-01-15,
4723,Customer 4723,North,30,2024-01-15,
4724,Customer 4724,West,10,2024-01-15,
4725,Customer 4725,West,10,2024-01-15,
4726,Customer 4726,East,30,2024-01-15,
4727,Customer 4727,East,30,2024-01-15,
4728,Customer 4728,North,9999999,2024-01-15,
4729,Customer 4729,West,30,2024-01-15,
4730,Customer 4730,West,10,2024-01-15,
4731,Customer 4731,West,30,2024-01-15,
4732,Customer 4732,North,9999999,2024-01-15,
4733,Customer 4733,North,30,2024-01-15,
4734,Customer 4734,South,10,2024-01-15,
4735,Customer 4735,North,10,2024-01-15,
4736,Customer 4736 ,North,20,2024-01-15,
4737,Customer 4737,West,30,2024-01-15,
4738,Customer 4738,South,20,2024-01-15,
4739,Customer 4739,South,10,2024-01-15,
4740,Customer 4740,North,30,2024-01-15,
4741,Customer 4741,East,10,2024-01-15,
4742,Customer 4742,North,10,2024-01-15,
4743,Customer 4743,East,10,2024-01-15,
4744,Customer 4744,East,10,2024-01-15,
4745,Customer 4745,West,30,2024-01-15,
4746,Customer 4746,South,30,2024-01-15,
4747,Customer 4747,West,20,2024-01-15,
4748,Customer 4748,South,10,2024-01-15,
4749,Customer 4749,South,30,2024-01-15,
4750,Customer 4750,West,9999999,2024-01-15,
4751,Customer 4751,South,10,2024-01-15,
4752,Customer 4752,West,9999999,2024-01-15,
4753,Customer 4753,East,30,2024-01-15,
4754,Customer 4754,South,9999999,2024-01-15,
4755,Customer 4755,East,10,2024-01-15,
4756,Customer 4756,North,30,2024-01-15,
4757,Customer 4757,South,30,2024-01-15,
4758,Customer 4758,North,20,2024-01-15,
4759,Customer 4759,West,10,2024-01-15,
4760,Customer 4760,South,10,2024-01-15,
4761,Customer 4761,South,10,2024-01-15,
4762,Customer 4762,West,9999999,2024-01-15,
4763,Customer 4763,West,20,2024-01-15,
4764,Customer 4764,East,10,2024-01-15,
4765,Customer 4765,East,20,2024-01-15,
4766,Customer 4766,West,30,2024-01-15,
4767,Customer 4767,North,20,2024-01-15,
4768,Customer 4768,South,20,2024-01-15,
4769,Customer 4769,West,30,2024-01-15,
4770,Customer 4770,South,9999999,2024-01-15,
4771,Customer 4771,South,9999999,2024-01-15,
4772,Customer 4772,East,10,2024-01-15,
4773,Customer 4773 ,South,9999999,2024-01-15,
4774,Customer 4774,North,30,2024-01-15,
4775,Customer 4775,West,20,2024-01-15,
4776,Customer 4776,North,10,2024-01-15,
4777,Customer 4777,North,20,2024-01-15,
4778,Customer 4778,South,9999999,2024-01-15,
4779,Customer 4779,North,30,2024-01-15,
4780,Customer 4780,West,9999999,2024-01-15,
4781,Customer 4781,East,30,2024-01-15,
4782,Customer 4782,North,10,2024-01-15,
4783,Customer 4783,West,30,2024-01-15,
4784,Customer 4784,South,20,2024-01-15,
4785,Customer 4785,West,9999999,2024-01-15,
4786,Customer 4786,North,30,2024-01-15,
4787,Customer 4787,East,9999999,2024-01-15,
4788,Customer 4788,North,30,2024-01-15,
4789,Customer 4789,West,10,2024-01-15,
4790,Customer 4790,South,9999999,2024-01-15,
4791,Customer 4791,South,30,2024-01-15,
4792,Customer 4792,South,9999999,2024-01-15,
4793,Customer 4793,West,30,2024-01-15,
4794,Customer 4794,North,9999999,2024-01-15,
4795,Customer 4795,South,10,2024-01-15,
4796,Customer 4796,South,10,2024-01-15,
4797,Customer 4797,North,10,2024-01-15,
4798,Customer 4798,East,10,2024-01-15,
4799,Customer 4799,North,20,2024-01-15,
4800,Customer 4800,East,10,2024-01-15,
4801,Customer 4801,West,20,2024-01-15,
4802,Customer 4802,West,9999999,2024-01-15,
4803,Customer 4803,South,10,2024-01-15,
4804,Customer 4804,West,30,2024-01-15,
4805,Customer 4805,South,20,2024-01-15,
4806,Customer 4806,East,20,2024-01-15,
4807,Customer 4807,East,30,2024-01-15,
4808,Customer 4808,North,10,2024-01-15,
4809,Customer 4809,West,20,2024-01-15,
4810,Customer 4810 ,South,30,2024-01-15,
4811,Customer 4811,East,20,2024-01-15,
4812,Customer 4812,South,10,2024-01-15,
4813,Customer 4813,East,20,2024-01-15,
4814,Customer 4814,South,9999999,2024-01-15,
4815,Customer 4815,West,10,2024-01-15,
4816,Customer 4816,East,9999999,2024-01-15,
4817,Customer 4817,South,10,2024-01-15,
4818,Customer 4818,North,30,2024-01-15,
4819,Customer 4819,North,20,2024-01-15,
4820,Customer 4820,West,30,2024-01-15,
4821,Customer 4821,West,10,2024-01-15,
4822,Customer 4822,West,20,2024-01-15,
4823,Customer 4823,North,10,2024-01-15,
4824,Customer 4824,East,10,2024-01-15,
4825,Customer 4825,South,20,2024-01-15,
4826,Customer 4826,North,20,2024-01-15,
4827,Customer 4827,East,10,2024-01-15,
4828,Customer 4828,West,30,2024-01-15,
4829,Customer 4829,East,9999999,2024-01-15,
4830,Customer 4830,West,30,2024-01-15,
4831,Customer 4831,East,30,2024-01-15,
4832,Customer 4832,North,9999999,2024-01-15,
4833,Customer 4833,East,30,2024-01-15,
4834,Customer 4834,West,30,2024-01-15,
4835,Customer 4835,East,10,2024-01-15,
4836,Customer 4836,South,10,2024-01-15,
4837,Customer 4837,South,9999999,2024-01-15,
4838,Customer 4838,East,20,2024-01-15,
4839,Customer 4839,North,9999999,2024-01-15,
4840,Customer 4840,West,20,2024-01-15,
4841,Customer 4841,South,30,2024-01-15,
4842,Customer 4842,South,10,2024-01-15,
4843,Customer 4843,North,9999999,2024-01-15,
4844,Customer 4844,West,30,2024-01-15,
4845,Customer 4845,East,20,2024-01-15,
4846,Customer 4846,East,30,2024-01-15,
4847,Customer 4847 ,West,9999999,2024-01-15,
4848,Customer 4848,East,30,2024-01-15,
4849,Customer 4849,North,20,2024-01-15,
4850,Customer 4850,North,30,2024-01-15,
4851,Customer 4851,West,9999999,2024-01-15,
4852,Customer 4852,East,30,2024-01-15,
4853,Customer 4853,North,10,2024-01-15,
4854,Customer 4854,South,9999999,2024-01-15,
4855,Customer 4855,South,9999999,2024-01-15,
4856,Customer 4856,South,30,2024-01-15,
4857,Customer 4857,West,30,2024-01-15,
4858,Customer 4858,North,30,2024-01-15,
4859,Customer 4859,North,30,2024-01-15,
4860,Customer 4860,North,9999999,2024-01-15,
4861,Customer 4861,East,20,2024-01-15,
4862,Customer 4862,North,10,2024-01-15,
4863,Customer 4863,East,9999999,2024-01-15,
4864,Customer 4864,West,10,2024-01-15,
4865,Customer 4865,North,30,2024-01-15,
4866,Customer 4866,East,10,2024-01-15,
4867,Customer 4867,East,20,2024-01-15,
4868,Customer 4868,South,30,2024-01-15,
4869,Customer 4869,East,10,2024-01-15,
4870,Customer 4870,South,20,2024-01-15,
4871,Customer 4871,North,9999999,2024-01-15,
4872,Customer 4872,South,30,2024-01-15,
4873,Customer 4873,West,10,2024-01-15,
4874,Customer 4874,South,30,2024-01-15,
4875,Customer 4875,West,9999999,2024-01-15,
4876,Customer 4876,North,9999999,2024-01-15,
4877,Customer 4877,East,30,2024-01-15,
4878,Customer 4878,South,30,2024-01-15,
4879,Customer 4879,East,9999999,2024-01-15,
4880,Customer 4880,South,20,2024-01-15,
4881,Customer 4881,South,30,2024-01-15,
4882,Customer 4882,South,9999999,2024-01-15,
4883,Customer 4883,East,30,2024-01-15,
4884,Customer 4884 ,East,10,2024-01-15,
4885,Customer 4885,South,9999999,2024-01-15,
4886,Customer 4886,West,9999999,2024-01-15,
4887,Customer 4887,South,10,2024-01-15,
4888,Customer 4888,East,9999999,2024-01-15,
4889,Customer 4889,West,30,2024-01-15,
4890,Customer 4890,West,30,2024-01-15,
4891,Customer 4891,West,9999999,2024-01-15,
4892,Customer 4892,West,9999999,2024-01-15,
4893,Customer 4893,North,10,2024-01-15,
4894,Customer 4894,North,9999999,2024-01-15,
4895,Customer 4895,East,20,2024-01-15,
4896,Customer 4896,East,20,2024-01-15,
4897,Customer 4897,East,20,2024-01-15,
4898,Customer 4898,West,10,2024-01-15,
4899,Customer 4899,West,20,2024-01-15,
4900,Customer 4900,West,10,2024-01-15,
4901,Customer 4901,North,9999999,2024-01-15,
4902,Customer 4902,North,10,2024-01-15,
4903,Customer 4903,North,30,2024-01-15,
4904,Customer 4904,North,30,2024-01-15,
4905,Customer 4905,West,30,2024-01-15,
4906,Customer 4906,North,30,2024-01-15,
4907,Customer 4907,North,10,2024-01-15,
4908,Customer 4908,South,20,2024-01-15,
4909,Customer 4909,South,9999999,2024-01-15,
4910,Customer 4910,South,20,2024-01-15,
4911,Customer 4911,East,30,2024-01-15,
4912,Customer 4912,West,10,2024-01-15,
4913,Customer 4913,North,20,2024-01-15,
4914,Customer 4914,North,10,2024-01-15,
4915,Customer 4915,North,20,2024-01-15,
4916,Customer 4916,South,10,2024-01-15,
4917,Customer 4917,North,20,2024-01-15,
4918,Customer 4918,North,9999999,2024-01-15,
4919,Customer 4919,West,9999999,2024-01-15,
4920,Customer 4920,North,10,2024-01-15,
4921,Customer 4921 ,West,30,2024-01-15,
4922,Customer 4922,South,9999999,2024-01-15,
4923,Customer 4923,East,20,2024-01-15,
4924,Customer 4924,North,9999999,2024-01-15,
4925,Customer 4925,South,9999999,2024-01-15,
4926,Customer 4926,South,10,2024-01-15,
4927,Customer 4927,South,20,2024-01-15,
4928,Customer 4928,South,20,2024-01-15,
4929,Customer 4929,West,9999999,2024-01-15,
4930,Customer 4930,East,30,2024-01-15,
4931,Customer 4931,West,10,2024-01-15,
4932,Customer 4932,East,30,2024-01-15,
4933,Customer 4933,West,9999999,2024-01-15,
4934,Customer 4934,West,10,2024-01-15,
4935,Customer 4935,West,9999999,2024-01-15,
4936,Customer 4936,North,20,2024-01-15,
4937,Customer 4937,West,30,2024-01-15,
4938,Customer 4938,West,10,2024-01-15,
4939,Customer 4939,East,10,2024-01-15,
4940,Customer 4940,West,10,2024-01-15,
4941,Customer 4941,East,10,2024-01-15,
4942,Customer 4942,West,20,2024-01-15,
4943,Customer 4943,East,9999999,2024-01-15,
4944,Customer 4944,South,10,2024-01-15,
4945,Customer 4945,South,30,2024-01-15,
4946,Customer 4946,West,30,2024-01-15,
4947,Customer 4947,South,10,2024-01-15,
4948,Customer 4948,East,20,2024-01-15,
4949,Customer 4949,West,30,2024-01-15,
4950,Customer 4950,East,20,2024-01-15,
4951,Customer 4951,West,30,2024-01-15,
4952,Customer 4952,West,10,2024-01-15,
4953,Customer 4953,West,9999999,2024-01-15,
4954,Customer 4954,East,20,2024-01-15,
4955,Customer 4955,East,20,2024-01-15,
4956,Customer 4956,West,30,2024-01-15,
4957,Customer 4957,North,10,2024-01-15,
4958,Customer 4958 ,South,10,2024-01-15,
4959,Customer 4959,North,20,2024-01-15,
4960,Customer 4960,West,10,2024-01-15,
4961,Customer 4961,East,9999999,2024-01-15,
4962,Customer 4962,South,20,2024-01-15,
4963,Customer 4963,South,10,2024-01-15,
4964,Customer 4964,West,9999999,2024-01-15,
4965,Customer 4965,North,10,2024-01-15,
4966,Customer 4966,North,30,2024-01-15,
4967,Customer 4967,North,10,2024-01-15,
4968,Customer 4968,East,9999999,2024-01-15,
4969,Customer 4969,South,10,2024-01-15,
4970,Customer 4970,North,30,2024-01-15,
4971,Customer 4971,West,9999999,2024-01-15,
4972,Customer 4972,South,20,2024-01-15,
4973,Customer 4973,East,20,2024-01-15,
4974,Customer 4974,West,9999999,2024-01-15,
4975,Customer 4975,South,30,2024-01-15,
4976,Customer 4976,South,20,2024-01-15,
4977,Customer 4977,South,9999999,2024-01-15,
4978,Customer 4978,North,10,2024-01-15,
4979,Customer 4979,South,10,2024-01-15,
4980,Customer 4980,South,10,2024-01-15,
4981,Customer 4981,East,10,2024-01-15,
4982,Customer 4982,North,9999999,2024-01-15,
4983,Customer 4983,South,30,2024-01-15,
4984,Customer 4984,South,9999999,2024-01-15,
4985,Customer 4985,West,20,2024-01-15,
4986,Customer 4986,East,30,2024-01-15,
4987,Customer 4987,North,20,2024-01-15,
4988,Customer 4988,West,9999999,2024-01-15,
4989,Customer 4989,North,9999999,2024-01-15,
4990,Customer 4990,South,10,2024-01-15,
4991,Customer 4991,North,30,2024-01-15,
4992,Customer 4992,West,10,2024-01-15,
4993,Customer 4993,North,20,2024-01-15,
4994,Customer 4994,North,30,2024-01-15,
4995,Customer 4995 ,East,20,2024-01-15,
4996,Customer 4996,West,30,2024-01-15,
4997,Customer 4997,North,30,2024-01-15,
4998,Customer 4998,East,20,2024-01-15,
4999,Customer 4999,South,10,2024-01-15,
5000,Customer 5000,East,N/A,2024-01-15,
5001,Customer 5001,North,9999999,2024-01-15,
5002,Customer 5002,West,10,2024-01-15,
5003,Customer 5003,North,30,2024-01-15,
5004,Customer 5004,East,10,2024-01-15,
5005,Customer 5005,East,9999999,2024-01-15,
5006,Customer 5006,East,20,2024-01-15,
5007,Customer 5007,South,10,2024-01-15,
5008,Customer 5008,East,20,2024-01-15,
5009,Customer 5009,South,10,2024-01-15,
5010,Customer 5010,North,9999999,2024-01-15,
5011,Customer 5011,East,10,2024-01-15,
5012,Customer 5012,West,10,2024-01-15,
5013,Customer 5013,West,10,2024-01-15,
5014,Customer 5014,East,20,2024-01-15,
5015,Customer 5015,North,10,2024-01-15,
5016,Customer 5016,West,10,2024-01-15,
5017,Customer 5017,East,20,2024-01-15,
5018,Customer 5018,West,9999999,2024-01-15,
5019,Customer 5019,South,30,2024-01-15,
5020,Customer 5020,North,10,2024-01-15,
5021,Customer 5021,South,10,2024-01-15,
5022,Customer 5022,North,9999999,2024-01-15,
5023,Customer 5023,North,9999999,2024-01-15,
5024,Customer 5024,West,9999999,2024-01-15,
5025,Customer 5025,West,20,2024-01-15,
5026,Customer 5026,South,9999999,2024-01-15,
5027,Customer 5027,West,10,2024-01-15,
5028,Customer 5028,East,10,2024-01-15,
5029,Customer 5029,South,30,2024-01-15,
5030,Customer 5030,West,30,2024-01-15,
5031,Customer 5031,South,10,2024-01-15,
5032,Customer 5032 ,North,20,2024-01-15,
5033,Customer 5033,South,10,2024-01-15,
5034,Customer 5034,North,9999999,2024-01-15,
5035,Customer 5035,South,10,2024-01-15,
5036,Customer 5036,North,10,2024-01-15,
5037,Customer 5037,South,10,2024-01-15,
5038,Customer 5038,South,9999999,2024-01-15,
5039,Customer 5039,North,30,2024-01-15,
5040,Customer 5040,East,30,2024-01-15,
5041,Customer 5041,East,20,2024-01-15,
5042,Customer 5042,West,20,2024-01-15,
5043,Customer 5043,North,9999999,2024-01-15,
5044,Customer 5044,North,10,2024-01-15,
5045,Customer 5045,South,30,2024-01-15,
5046,Customer 5046,East,9999999,2024-01-15,
5047,Customer 5047,West,20,2024-01-15,
5048,Customer 5048,East,30,2024-01-15,
5049,Customer 5049,South,30,2024-01-15,
5050,Customer 5050,East,30,2024-01-15,
5051,Customer 5051,North,10,2024-01-15,
5052,Customer 5052,West,30,2024-01-15,
5053,Customer 5053,East,9999999,2024-01-15,
5054,Customer 5054,South,10,2024-01-15,
5055,Customer 5055,South,20,2024-01-15,
5056,Customer 5056,South,30,2024-01-15,
5057,Customer 5057,East,10,2024-01-15,
5058,Customer 5058,North,20,2024-01-15,
5059,Customer 5059,West,20,2024-01-15,
5060,Customer 5060,North,9999999,2024-01-15,
5061,Customer 5061,West,10,2024-01-15,
5062,Customer 5062,East,10,2024-01-15,
5063,Customer 5063,West,30,2024-01-15,
5064,Customer 5064,North,30,2024-01-15,
5065,Customer 5065,East,10,2024-01-15,
5066,Customer 5066,West,9999999,2024-01-15,
5067,Customer 5067,West,10,2024-01-15,
5068,Customer 5068,West,9999999,2024-01-15,
5069,Customer 5069 ,South,10,2024-01-15,
5070,Customer 5070,West,20,2024-01-15,
5071,Customer 5071,West,20,2024-01-15,
5072,Customer 5072,East,10,2024-01-15,
5073,Customer 5073,East,10,2024-01-15,
5074,Customer 5074,East,10,2024-01-15,
5075,Customer 5075,South,30,2024-01-15,
5076,Customer 5076,East,10,2024-01-15,
5077,Customer 5077,West,9999999,2024-01-15,
5078,Customer 5078,North,10,2024-01-15,
5079,Customer 5079,East,9999999,2024-01-15,
5080,Customer 5080,West,9999999,2024-01-15,
5081,Customer 5081,South,30,2024-01-15,
5082,Customer 5082,West,9999999,2024-01-15,
5083,Customer 5083,South,20,2024-01-15,
5084,Customer 5084,East,10,2024-01-15,
5085,Customer 5085,North,30,2024-01-15,
5086,Customer 5086,East,20,2024-01-15,
5087,Customer 5087,West,30,2024-01-15,
5088,Customer 5088,East,10,2024-01-15,
5089,Customer 5089,East,30,2024-01-15,
5090,Customer 5090,North,30,2024-01-15,
5091,Customer 5091,East,10,2024-01-15,
5092,Customer 5092,East,30,2024-01-15,
5093,Customer 5093,West,20,2024-01-15,
5094,Customer 5094,North,9999999,2024-01-15,
5095,Customer 5095,North,9999999,2024-01-15,
5096,Customer 5096,North,9999999,2024-01-15,
5097,Customer 5097,West,30,2024-01-15,
5098,Customer 5098,West,20,2024-01-15,
5099,Customer 5099,North,10,2024-01-15,
5100,Customer 5100,East,30,2024-01-15,
5101,Customer 5101,West,10,2024-01-15,
5102,Customer 5102,East,20,2024-01-15,
5103,Customer 5103,East,30,2024-01-15,
5104,Customer 5104,South,9999999,2024-01-15,
5105,Customer 5105,South,20,2024-01-15,
5106,Customer 5106 ,North,20,2024-01-15,
5107,Customer 5107,North,20,2024-01-15,
5108,Customer 5108,South,10,2024-01-15,
5109,Customer 5109,East,9999999,2024-01-15,
5110,Customer 5110,South,10,2024-01-15,
5111,Customer 5111,East,10,2024-01-15,
5112,Customer 5112,North,30,2024-01-15,
5113,Customer 5113,North,30,2024-01-15,
5114,Customer 5114,East,20,2024-01-15,
5115,Customer 5115,North,10,2024-01-15,
5116,Customer 5116,North,9999999,2024-01-15,
5117,Customer 5117,South,10,2024-01-15,
5118,Customer 5118,East,20,2024-01-15,
5119,Customer 5119,West,30,2024-01-15,
5120,Customer 5120,West,10,2024-01-15,
5121,Customer 5121,South,30,2024-01-15,
5122,Customer 5122,East,10,2024-01-15,
5123,Customer 5123,East,30,2024-01-15,
5124,Customer 5124,East,9999999,2024-01-15,
5125,Customer 5125,East,9999999,2024-01-15,
5126,Customer 5126,South,10,2024-01-15,
5127,Customer 5127,North,30,2024-01-15,
5128,Customer 5128,South,30,2024-01-15,
5129,Customer 5129,North,10,2024-01-15,
5130,Customer 5130,East,20,2024-01-15,
5131,Customer 5131,South,30,2024-01-15,
5132,Customer 5132,North,9999999,2024-01-15,
5133,Customer 5133,West,20,2024-01-15,
5134,Customer 5134,North,10,2024-01-15,
5135,Customer 5135,West,20,2024-01-15,
5136,Customer 5136,North,10,2024-01-15,
5137,Customer 5137,West,9999999,2024-01-15,
5138,Customer 5138,East,30,2024-01-15,
5139,Customer 5139,East,20,2024-01-15,
5140,Customer 5140,East,20,2024-01-15,
5141,Customer 5141,East,20,2024-01-15,
5142,Customer 5142,West,20,2024-01-15,
5143,Customer 5143 ,North,30,2024-01-15,
5144,Customer 5144,West,20,2024-01-15,
5145,Customer 5145,East,9999999,2024-01-15,
5146,Customer 5146,East,10,2024-01-15,
5147,Customer 5147,East,10,2024-01-15,
5148,Customer 5148,South,9999999,2024-01-15,
5149,Customer 5149,West,9999999,2024-01-15,
5150,Customer 5150,South,20,2024-01-15,
5151,Customer 5151,West,20,2024-01-15,
5152,Customer 5152,East,20,2024-01-15,
5153,Customer 5153,East,30,2024-01-15,
5154,Customer 5154,North,30,2024-01-15,
5155,Customer 5155,West,10,2024-01-15,
5156,Customer 5156,South,9999999,2024-01-15,
5157,Customer 5157,South,9999999,2024-01-15,
5158,Customer 5158,West,20,2024-01-15,
5159,Customer 5159,South,10,2024-01-15,
5160,Customer 5160,West,10,2024-01-15,
5161,Customer 5161,West,30,2024-01-15,
5162,Customer 5162,South,10,2024-01-15,
5163,Customer 5163,West,10,2024-01-15,
5164,Customer 5164,South,10,2024-01-15,
5165,Customer 5165,South,10,2024-01-15,
5166,Customer 5166,West,9999999,2024-01-15,
5167,Customer 5167,South,30,2024-01-15,
5168,Customer 5168,South,9999999,2024-01-15,
5169,Customer 5169,North,30,2024-01-15,
5170,Customer 5170,East,30,2024-01-15,
5171,Customer 5171,North,10,2024-01-15,
5172,Customer 5172,East,10,2024-01-15,
5173,Customer 5173,West,9999999,2024-01-15,
5174,Customer 5174,West,9999999,2024-01-15,
5175,Customer 5175,West,30,2024-01-15,
5176,Customer 5176,South,20,2024-01-15,
5177,Customer 5177,South,10,2024-01-15,
5178,Customer 5178,East,10,2024-01-15,
5179,Customer 5179,West,9999999,2024-01-15,
5180,Customer 5180 ,West,30,2024-01-15,
5181,Customer 5181,East,20,2024-01-15,
5182,Customer 5182,South,10,2024-01-15,
5183,Customer 5183,West,30,2024-01-15,
5184,Customer 5184,North,30,2024-01-15,
5185,Customer 5185,East,9999999,2024-01-15,
5186,Customer 5186,West,30,2024-01-15,
5187,Customer 5187,South,30,2024-01-15,
5188,Customer 5188,North,20,2024-01-15,
5189,Customer 5189,West,20,2024-01-15,
5190,Customer 5190,East,30,2024-01-15,
5191,Customer 5191,East,10,2024-01-15,
5192,Customer 5192,South,30,2024-01-15,
5193,Customer 5193,East,10,2024-01-15,
5194,Customer 5194,West,30,2024-01-15,
5195,Customer 5195,South,9999999,2024-01-15,
5196,Customer 5196,East,20,2024-01-15,
5197,Customer 5197,North,30,2024-01-15,
5198,Customer 5198,East,20,2024-01-15,
5199,Customer 5199,North,20,2024-01-15,
5200,Customer 5200,South,20,2024-01-15,
5201,Customer 5201,North,10,2024-01-15,
5202,Customer 5202,North,20,2024-01-15,
5203,Customer 5203,North,9999999,2024-01-15,
5204,Customer 5204,South,30,2024-01-15,
5205,Customer 5205,West,30,2024-01-15,
5206,Customer 5206,South,9999999,2024-01-15,
5207,Customer 5207,East,9999999,2024-01-15,
5208,Customer 5208,North,10,2024-01-15,
5209,Customer 5209,West,9999999,2024-01-15,
5210,Customer 5210,East,9999999,2024-01-15,
5211,Customer 5211,South,10,2024-01-15,
5212,Customer 5212,North,30,2024-01-15,
5213,Customer 5213,North,30,2024-01-15,
5214,Customer 5214,North,20,2024-01-15,
5215,Customer 5215,South,30,2024-01-15,
5216,Customer 5216,East,30,2024-01-15,
5217,Customer 5217 ,North,9999999,2024-01-15,
5218,Customer 5218,North,30,2024-01-15,
5219,Customer 5219,North,9999999,2024-01-15,
5220,Customer 5220,South,30,2024-01-15,
5221,Customer 5221,North,10,2024-01-15,
5222,Customer 5222,South,20,2024-01-15,
5223,Customer 5223,South,9999999,2024-01-15,
5224,Customer 5224,East,20,2024-01-15,
5225,Customer 5225,South,9999999,2024-01-15,
5226,Customer 5226,South,9999999,2024-01-15,
5227,Customer 5227,East,9999999,2024-01-15,
5228,Customer 5228,South,20,2024-01-15,
5229,Customer 5229,South,10,2024-01-15,
5230,Customer 5230,West,10,2024-01-15,
5231,Customer 5231,West,10,2024-01-15,
5232,Customer 5232,South,20,2024-01-15,
5233,Customer 5233,West,10,2024-01-15,
5234,Customer 5234,West,30,2024-01-15,
5235,Customer 5235,East,20,2024-01-15,
5236,Customer 5236,South,9999999,2024-01-15,
5237,Customer 5237,South,30,2024-01-15,
5238,Customer 5238,West,30,2024-01-15,
5239,Customer 5239,West,9999999,2024-01-15,
5240,Customer 5240,West,30,2024-01-15,
5241,Customer 5241,North,30,2024-01-15,
5242,Customer 5242,North,20,2024-01-15,
5243,Customer 5243,West,30,2024-01-15,
5244,Customer 5244,East,9999999,2024-01-15,
5245,Customer 5245,West,20,2024-01-15,
5246,Customer 5246,South,10,2024-01-15,
5247,Customer 5247,East,9999999,2024-01-15,
5248,Customer 5248,East,10,2024-01-15,
5249,Customer 5249,South,9999999,2024-01-15,
5250,Customer 5250,West,9999999,2024-01-15,
5251,Customer 5251,South,9999999,2024-01-15,
5252,Customer 5252,East,10,2024-01-15,
5253,Customer 5253,South,30,2024-01-15,
5254,Customer 5254 ,North,9999999,2024-01-15,
5255,Customer 5255,East,30,2024-01-15,
5256,Customer 5256,West,30,2024-01-15,
5257,Customer 5257,West,9999999,2024-01-15,
5258,Customer 5258,West,9999999,2024-01-15,
5259,Customer 5259,North,30,2024-01-15,
5260,Customer 5260,West,30,2024-01-15,
5261,Customer 5261,East,20,2024-01-15,
5262,Customer 5262,East,10,2024-01-15,
5263,Customer 5263,West,9999999,2024-01-15,
5264,Customer 5264,South,20,2024-01-15,
5265,Customer 5265,North,20,2024-01-15,
5266,Customer 5266,South,30,2024-01-15,
5267,Customer 5267,North,10,2024-01-15,
5268,Customer 5268,North,9999999,2024-01-15,
5269,Customer 5269,East,30,2024-01-15,
5270,Customer 5270,North,10,2024-01-15,
5271,Customer 5271,East,20,2024-01-15,
5272,Customer 5272,South,20,2024-01-15,
5273,Customer 5273,South,9999999,2024-01-15,
5274,Customer 5274,South,30,2024-01-15,
5275,Customer 5275,East,30,2024-01-15,
5276,Customer 5276,South,9999999,2024-01-15,
5277,Customer 5277,North,20,2024-01-15,
5278,Customer 5278,North,10,2024-01-15,
5279,Customer 5279,West,10,2024-01-15,
5280,Customer 5280,North,9999999,2024-01-15,
5281,Customer 5281,East,20,2024-01-15,
5282,Customer 5282,North,30,2024-01-15,
5283,Customer 5283,South,20,2024-01-15,
5284,Customer 5284,East,10,2024-01-15,
5285,Customer 5285,West,10,2024-01-15,
5286,Customer 5286,South,9999999,2024-01-15,
5287,Customer 5287,North,30,2024-01-15,
5288,Customer 5288,North,10,2024-01-15,
5289,Customer 5289,North,9999999,2024-01-15,
5290,Customer 5290,South,10,2024-01-15,
5291,Customer 5291 ,West,10,2024-01-15,
5292,Customer 5292,East,20,2024-01-15,
5293,Customer 5293,West,30,2024-01-15,
5294,Customer 5294,East,10,2024-01-15,
5295,Customer 5295,West,30,2024-01-15,
5296,Customer 5296,North,20,2024-01-15,
5297,Customer 5297,West,30,2024-01-15,
5298,Customer 5298,East,9999999,2024-01-15,
5299,Customer 5299,North,9999999,2024-01-15,
5300,Customer 5300,West,20,2024-01-15,
5301,Customer 5301,West,30,2024-01-15,
5302,Customer 5302,South,30,2024-01-15,
5303,Customer 5303,North,9999999,2024-01-15,
5304,Customer 5304,West,9999999,2024-01-15,
5305,Customer 5305,North,30,2024-01-15,
5306,Customer 5306,South,9999999,2024-01-15,
5307,Customer 5307,West,10,2024-01-15,
5308,Customer 5308,West,20,2024-01-15,
5309,Customer 5309,West,30,2024-01-15,
5310,Customer 5310,East,10,2024-01-15,
5311,Customer 5311,South,30,2024-01-15,
5312,Customer 5312,North,10,2024-01-15,
5313,Customer 5313,South,20,2024-01-15,
5314,Customer 5314,South,9999999,2024-01-15,
5315,Customer 5315,South,10,2024-01-15,
5316,Customer 5316,West,9999999,2024-01-15,
5317,Customer 5317,North,20,2024-01-15,
5318,Customer 5318,East,9999999,2024-01-15,
5319,Customer 5319,East,9999999,2024-01-15,
5320,Customer 5320,South,30,2024-01-15,
5321,Customer 5321,East,10,2024-01-15,
5322,Customer 5322,North,9999999,2024-01-15,
5323,Customer 5323,South,30,2024-01-15,
5324,Customer 5324,West,9999999,2024-01-15,
5325,Customer 5325,South,30,2024-01-15,
5326,Customer 5326,West,30,2024-01-15,
5327,Customer 5327,North,9999999,2024-01-15,
5328,Customer 5328 ,West,10,2024-01-15,
5329,Customer 5329,West,10,2024-01-15,
5330,Customer 5330,North,20,2024-01-15,
5331,Customer 5331,North,20,2024-01-15,
5332,Customer 5332,South,20,2024-01-15,
5333,Customer 5333,North,9999999,2024-01-15,
5334,Customer 5334,West,10,2024-01-15,
5335,Customer 5335,South,9999999,2024-01-15,
5336,Customer 5336,South,9999999,2024-01-15,
5337,Customer 5337,West,9999999,2024-01-15,
5338,Customer 5338,East,10,2024-01-15,
5339,Customer 5339,West,10,2024-01-15,
5340,Customer 5340,East,30,2024-01-15,
5341,Customer 5341,East,30,2024-01-15,
5342,Customer 5342,South,20,2024-01-15,
5343,Customer 5343,South,30,2024-01-15,
5344,Customer 5344,East,30,2024-01-15,
5345,Customer 5345,West,9999999,2024-01-15,
5346,Customer 5346,East,20,2024-01-15,
5347,Customer 5347,South,20,2024-01-15,
5348,Customer 5348,North,9999999,2024-01-15,
5349,Customer 5349,West,30,2024-01-15,
5350,Customer 5350,South,20,2024-01-15,
5351,Customer 5351,North,9999999,2024-01-15,
5352,Customer 5352,East,10,2024-01-15,
5353,Customer 5353,South,20,2024-01-15,
5354,Customer 5354,West,10,2024-01-15,
5355,Customer 5355,North,30,2024-01-15,
5356,Customer 5356,West,10,2024-01-15,
5357,Customer 5357,North,20,2024-01-15,
5358,Customer 5358,South,30,2024-01-15,
5359,Customer 5359,North,30,2024-01-15,
5360,Customer 5360,East,20,2024-01-15,
5361,Customer 5361,West,30,2024-01-15,
5362,Customer 5362,East,30,2024-01-15,
5363,Customer 5363,East,9999999,2024-01-15,
5364,Customer 5364,North,20,2024-01-15,
5365,Customer 5365 ,North,20,2024-01-15,
5366,Customer 5366,East,20,2024-01-15,
5367,Customer 5367,East,20,2024-01-15,
5368,Customer 5368,South,10,2024-01-15,
5369,Customer 5369,East,9999999,2024-01-15,
5370,Customer 5370,West,30,2024-01-15,
5371,Customer 5371,South,20,2024-01-15,
5372,Customer 5372,South,10,2024-01-15,
5373,Customer 5373,North,20,2024-01-15,
5374,Customer 5374,South,20,2024-01-15,
5375,Customer 5375,West,20,2024-01-15,
5376,Customer 5376,East,10,2024-01-15,
5377,Customer 5377,North,10,2024-01-15,
5378,Customer 5378,West,20,2024-01-15,
5379,Customer 5379,West,9999999,2024-01-15,
5380,Customer 5380,East,30,2024-01-15,
5381,Customer 5381,South,10,2024-01-15,
5382,Customer 5382,West,9999999,2024-01-15,
5383,Customer 5383,West,9999999,2024-01-15,
5384,Customer 5384,East,30,2024-01-15,
5385,Customer 5385,North,30,2024-01-15,
5386,Customer 5386,South,20,2024-01-15,
5387,Customer 5387,South,30,2024-01-15,
5388,Customer 5388,West,9999999,2024-01-15,
5389,Customer 5389,East,9999999,2024-01-15,
5390,Customer 5390,West,10,2024-01-15,
5391,Customer 5391,South,30,2024-01-15,
5392,Customer 5392,East,10,2024-01-15,
5393,Customer 5393,East,9999999,2024-01-15,
5394,Customer 5394,South,9999999,2024-01-15,
5395,Customer 5395,West,20,2024-01-15,
5396,Customer 5396,South,30,2024-01-15,
5397,Customer 5397,South,10,2024-01-15,
5398,Customer 5398,East,9999999,2024-01-15,
5399,Customer 5399,North,20,2024-01-15,
5400,Customer 5400,East,30,2024-01-15,
5401,Customer 5401,East,10,2024-01-15,
5402,Customer 5402 ,North,30,2024-01-15,
5403,Customer 5403,North,30,2024-01-15,
5404,Customer 5404,West,30,2024-01-15,
5405,Customer 5405,North,9999999,2024-01-15,
5406,Customer 5406,East,30,2024-01-15,
5407,Customer 5407,North,10,2024-01-15,
5408,Customer 5408,West,9999999,2024-01-15,
5409,Customer 5409,South,9999999,2024-01-15,
5410,Customer 5410,North,9999999,2024-01-15,
5411,Customer 5411,East,10,2024-01-15,
5412,Customer 5412,South,10,2024-01-15,
5413,Customer 5413,South,20,2024-01-15,
5414,Customer 5414,West,10,2024-01-15,
5415,Customer 5415,North,10,2024-01-15,
5416,Customer 5416,North,9999999,2024-01-15,
5417,Customer 5417,North,30,2024-01-15,
5418,Customer 5418,South,30,2024-01-15,
5419,Customer 5419,East,10,2024-01-15,
5420,Customer 5420,South,30,2024-01-15,
5421,Customer 5421,North,30,2024-01-15,
5422,Customer 5422,West,9999999,2024-01-15,
5423,Customer 5423,North,10,2024-01-15,
5424,Customer 5424,South,20,2024-01-15,
5425,Customer 5425,North,30,2024-01-15,
5426,Customer 5426,West,20,2024-01-15,
5427,Customer 5427,East,10,2024-01-15,
5428,Customer 5428,West,20,2024-01-15,
5429,Customer 5429,North,20,2024-01-15,
5430,Customer 5430,East,30,2024-01-15,
5431,Customer 5431,North,30,2024-01-15,
5432,Customer 5432,West,30,2024-01-15,
5433,Customer 5433,West,10,2024-01-15,
5434,Customer 5434,North,10,2024-01-15,
5435,Customer 5435,South,10,2024-01-15,
5436,Customer 5436,South,10,2024-01-15,
5437,Customer 5437,North,30,2024-01-15,
5438,Customer 5438,North,20,2024-01-15,
5439,Customer 5439 ,East,20,2024-01-15,
5440,Customer 5440,North,9999999,2024-01-15,
5441,Customer 5441,East,20,2024-01-15,
5442,Customer 5442,South,20,2024-01-15,
5443,Customer 5443,North,30,2024-01-15,
5444,Customer 5444,East,9999999,2024-01-15,
5445,Customer 5445,East,20,2024-01-15,
5446,Customer 5446,East,20,2024-01-15,
5447,Customer 5447,South,9999999,2024-01-15,
5448,Customer 5448,East,20,2024-01-15,
5449,Customer 5449,South,20,2024-01-15,
5450,Customer 5450,East,30,2024-01-15,
5451,Customer 5451,East,9999999,2024-01-15,
5452,Customer 5452,West,10,2024-01-15,
5453,Customer 5453,East,30,2024-01-15,
5454,Customer 5454,West,30,2024-01-15,
5455,Customer 5455,North,20,2024-01-15,
5456,Customer 5456,South,9999999,2024-01-15,
5457,Customer 5457,West,20,2024-01-15,
5458,Customer 5458,East,30,2024-01-15,
5459,Customer 5459,East,20,2024-01-15,
5460,Customer 5460,North,30,2024-01-15,
5461,Customer 5461,East,20,2024-01-15,
5462,Customer 5462,West,20,2024-01-15,
5463,Customer 5463,North,30,2024-01-15,
5464,Customer 5464,South,10,2024-01-15,
5465,Customer 5465,South,9999999,2024-01-15,
5466,Customer 5466,East,9999999,2024-01-15,
5467,Customer 5467,West,30,2024-01-15,
5468,Customer 5468,East,10,2024-01-15,
5469,Customer 5469,East,10,2024-01-15,
5470,Customer 5470,South,10,2024-01-15,
5471,Customer 5471,West,9999999,2024-01-15,
5472,Customer 5472,East,30,2024-01-15,
5473,Customer 5473,South,10,2024-01-15,
5474,Customer 5474,East,30,2024-01-15,
5475,Customer 5475,West,20,2024-01-15,
5476,Customer 5476 ,North,20,2024-01-15,
5477,Customer 5477,West,9999999,2024-01-15,
5478,Customer 5478,West,9999999,2024-01-15,
5479,Customer 5479,South,9999999,2024-01-15,
5480,Customer 5480,East,30,2024-01-15,
5481,Customer 5481,West,30,2024-01-15,
5482,Customer 5482,East,9999999,2024-01-15,
5483,Customer 5483,South,10,2024-01-15,
5484,Customer 5484,West,10,2024-01-15,
5485,Customer 5485,East,9999999,2024-01-15,
5486,Customer 5486,North,9999999,2024-01-15,
5487,Customer 5487,South,20,2024-01-15,
5488,Customer 5488,South,30,2024-01-15,
5489,Customer 5489,South,20,2024-01-15,
5490,Customer 5490,North,30,2024-01-15,
5491,Customer 5491,East,10,2024-01-15,
5492,Customer 5492,East,20,2024-01-15,
5493,Customer 5493,West,9999999,2024-01-15,
5494,Customer 5494,West,20,2024-01-15,
5495,Customer 5495,South,10,2024-01-15,
5496,Customer 5496,South,20,2024-01-15,
5497,Customer 5497,East,30,2024-01-15,
5498,Customer 5498,South,10,2024-01-15,
5499,Customer 5499,South,20,2024-01-15,
5500,Customer 5500,West,N/A,2024-01-15,
5501,Customer 5501,South,10,2024-01-15,
5502,Customer 5502,East,20,2024-01-15,
5503,Customer 5503,West,10,2024-01-15,
5504,Customer 5504,East,20,2024-01-15,
5505,Customer 5505,West,10,2024-01-15,
5506,Customer 5506,South,9999999,2024-01-15,
5507,Customer 5507,West,9999999,2024-01-15,
5508,Customer 5508,South,9999999,2024-01-15,
5509,Customer 5509,West,10,2024-01-15,
5510,Customer 5510,East,20,2024-01-15,
5511,Customer 5511,West,20,2024-01-15,
5512,Customer 5512,East,30,2024-01-15,
5513,Customer 5513 ,West,9999999,2024-01-15,
5514,Customer 5514,East,10,2024-01-15,
5515,Customer 5515,North,9999999,2024-01-15,
5516,Customer 5516,South,20,2024-01-15,
5517,Customer 5517,East,20,2024-01-15,
5518,Customer 5518,East,30,2024-01-15,
5519,Customer 5519,West,10,2024-01-15,
5520,Customer 5520,South,10,2024-01-15,
5521,Customer 5521,West,20,2024-01-15,
5522,Customer 5522,North,20,2024-01-15,
5523,Customer 5523,East,20,2024-01-15,
5524,Customer 5524,North,9999999,2024-01-15,
5525,Customer 5525,West,30,2024-01-15,
5526,Customer 5526,West,20,2024-01-15,
5527,Customer 5527,East,20,2024-01-15,
5528,Customer 5528,West,30,2024-01-15,
5529,Customer 5529,North,9999999,2024-01-15,
5530,Customer 5530,West,30,2024-01-15,
5531,Customer 5531,South,20,2024-01-15,
5532,Customer 5532,North,9999999,2024-01-15,
5533,Customer 5533,North,9999999,2024-01-15,
5534,Customer 5534,North,30,2024-01-15,
5535,Customer 5535,North,9999999,2024-01-15,
5536,Customer 5536,East,20,2024-01-15,
5537,Customer 5537,West,20,2024-01-15,
5538,Customer 5538,North,9999999,2024-01-15,
5539,Customer 5539,West,9999999,2024-01-15,
5540,Customer 5540,North,9999999,2024-01-15,
5541,Customer 5541,West,30,2024-01-15,
5542,Customer 5542,North,30,2024-01-15,
5543,Customer 5543,East,9999999,2024-01-15,
5544,Customer 5544,East,9999999,2024-01-15,
5545,Customer 5545,North,30,2024-01-15,
5546,Customer 5546,West,20,2024-01-15,
5547,Customer 5547,North,9999999,2024-01-15,
5548,Customer 5548,North,20,2024-01-15,
5549,Customer 5549,East,30,2024-01-15,
5550,Customer 5550 ,West,20,2024-01-15,
5551,Customer 5551,North,9999999,2024-01-15,
5552,Customer 5552,East,9999999,2024-01-15,
5553,Customer 5553,North,10,2024-01-15,
5554,Customer 5554,West,9999999,2024-01-15,
5555,Customer 5555,North,30,2024-01-15,
5556,Customer 5556,East,30,2024-01-15,
5557,Customer 5557,East,9999999,2024-01-15,
5558,Customer 5558,North,30,2024-01-15,
5559,Customer 5559,South,30,2024-01-15,
5560,Customer 5560,East,30,2024-01-15,
5561,Customer 5561,North,9999999,2024-01-15,
5562,Customer 5562,East,9999999,2024-01-15,
5563,Customer 5563,North,30,2024-01-15,
5564,Customer 5564,East,10,2024-01-15,
5565,Customer 5565,West,10,2024-01-15,
5566,Customer 5566,South,20,2024-01-15,
5567,Customer 5567,North,10,2024-01-15,
5568,Customer 5568,South,20,2024-01-15,
5569,Customer 5569,West,9999999,2024-01-15,
5570,Customer 5570,East,30,2024-01-15,
5571,Customer 5571,South,9999999,2024-01-15,
5572,Customer 5572,North,9999999,2024-01-15,
5573,Customer 5573,East,10,2024-01-15,
5574,Customer 5574,North,30,2024-01-15,
5575,Customer 5575,North,20,2024-01-15,
5576,Customer 5576,North,9999999,2024-01-15,
5577,Customer 5577,East,30,2024-01-15,
5578,Customer 5578,West,9999999,2024-01-15,
5579,Customer 5579,South,10,2024-01-15,
5580,Customer 5580,North,30,2024-01-15,
5581,Customer 5581,North,9999999,2024-01-15,
5582,Customer 5582,East,20,2024-01-15,
5583,Customer 5583,South,30,2024-01-15,
5584,Customer 5584,East,10,2024-01-15,
5585,Customer 5585,South,9999999,2024-01-15,
5586,Customer 5586,East,9999999,2024-01-15,
5587,Customer 5587 ,East,20,2024-01-15,
5588,Customer 5588,West,10,2024-01-15,
5589,Customer 5589,East,20,2024-01-15,
5590,Customer 5590,North,30,2024-01-15,
5591,Customer 5591,South,9999999,2024-01-15,
5592,Customer 5592,West,10,2024-01-15,
5593,Customer 5593,East,20,2024-01-15,
5594,Customer 5594,West,30,2024-01-15,
5595,Customer 5595,North,30,2024-01-15,
5596,Customer 5596,South,20,2024-01-15,
5597,Customer 5597,East,10,2024-01-15,
5598,Customer 5598,North,20,2024-01-15,
5599,Customer 5599,West,30,2024-01-15,
5600,Customer 5600,East,9999999,2024-01-15,
5601,Customer 5601,West,9999999,2024-01-15,
5602,Customer 5602,East,10,2024-01-15,
5603,Customer 5603,East,30,2024-01-15,
5604,Customer 5604,West,30,2024-01-15,
5605,Customer 5605,West,20,2024-01-15,
5606,Customer 5606,South,9999999,2024-01-15,
5607,Customer 5607,West,20,2024-01-15,
5608,Customer 5608,West,30,2024-01-15,
5609,Customer 5609,North,10,2024-01-15,
5610,Customer 5610,East,9999999,2024-01-15,
5611,Customer 5611,South,10,2024-01-15,
5612,Customer 5612,East,30,2024-01-15,
5613,Customer 5613,East,30,2024-01-15,
5614,Customer 5614,West,9999999,2024-01-15,
5615,Customer 5615,South,10,2024-01-15,
5616,Customer 5616,East,20,2024-01-15,
5617,Customer 5617,West,9999999,2024-01-15,
5618,Customer 5618,East,10,2024-01-15,
5619,Customer 5619,South,9999999,2024-01-15,
5620,Customer 5620,South,9999999,2024-01-15,
5621,Customer 5621,North,9999999,2024-01-15,
5622,Customer 5622,West,10,2024-01-15,
5623,Customer 5623,South,20,2024-01-15,
5624,Customer 5624 ,East,10,2024-01-15,
5625,Customer 5625,South,20,2024-01-15,
5626,Customer 5626,West,9999999,2024-01-15,
5627,Customer 5627,South,30,2024-01-15,
5628,Customer 5628,East,9999999,2024-01-15,
5629,Customer 5629,East,30,2024-01-15,
5630,Customer 5630,East,10,2024-01-15,
5631,Customer 5631,South,9999999,2024-01-15,
5632,Customer 5632,West,9999999,2024-01-15,
5633,Customer 5633,East,9999999,2024-01-15,
5634,Customer 5634,South,9999999,2024-01-15,
5635,Customer 5635,West,20,2024-01-15,
5636,Customer 5636,North,30,2024-01-15,
5637,Customer 5637,West,30,2024-01-15,
5638,Customer 5638,North,20,2024-01-15,
5639,Customer 5639,West,9999999,2024-01-15,
5640,Customer 5640,West,9999999,2024-01-15,
5641,Customer 5641,North,20,2024-01-15,
5642,Customer 5642,South,20,2024-01-15,
5643,Customer 5643,West,10,2024-01-15,
5644,Customer 5644,East,10,2024-01-15,
5645,Customer 5645,South,20,2024-01-15,
5646,Customer 5646,North,9999999,2024-01-15,
5647,Customer 5647,North,30,2024-01-15,
5648,Customer 5648,South,9999999,2024-01-15,
5649,Customer 5649,West,20,2024-01-15,
5650,Customer 5650,South,30,2024-01-15,
5651,Customer 5651,West,20,2024-01-15,
5652,Customer 5652,East,20,2024-01-15,
5653,Customer 5653,East,20,2024-01-15,
5654,Customer 5654,North,10,2024-01-15,
5655,Customer 5655,West,20,2024-01-15,
5656,Customer 5656,South,9999999,2024-01-15,
5657,Customer 5657,South,9999999,2024-01-15,
5658,Customer 5658,West,20,2024-01-15,
5659,Customer 5659,East,10,2024-01-15,
5660,Customer 5660,South,20,2024-01-15,
5661,Customer 5661 ,North,9999999,2024-01-15,
5662,Customer 5662,North,10,2024-01-15,
5663,Customer 5663,West,9999999,2024-01-15,
5664,Customer 5664,North,9999999,2024-01-15,
5665,Customer 5665,East,9999999,2024-01-15,
5666,Customer 5666,North,10,2024-01-15,
5667,Customer 5667,West,9999999,2024-01-15,
5668,Customer 5668,East,10,2024-01-15,
5669,Customer 5669,North,9999999,2024-01-15,
5670,Customer 5670,West,30,2024-01-15,
5671,Customer 5671,West,9999999,2024-01-15,
5672,Customer 5672,North,10,2024-01-15,
5673,Customer 5673,East,20,2024-01-15,
5674,Customer 5674,South,10,2024-01-15,
5675,Customer 5675,West,30,2024-01-15,
5676,Customer 5676,South,30,2024-01-15,
5677,Customer 5677,West,20,2024-01-15,
5678,Customer 5678,East,20,2024-01-15,
5679,Customer 5679,East,10,2024-01-15,
5680,Customer 5680,West,10,2024-01-15,
5681,Customer 5681,South,9999999,2024-01-15,
5682,Customer 5682,East,30,2024-01-15,
5683,Customer 5683,West,30,2024-01-15,
5684,Customer 5684,West,30,2024-01-15,
5685,Customer 5685,East,30,2024-01-15,
5686,Customer 5686,South,10,2024-01-15,
5687,Customer 5687,East,20,2024-01-15,
5688,Customer 5688,South,10,2024-01-15,
5689,Customer 5689,East,30,2024-01-15,
5690,Customer 5690,East,30,2024-01-15,
5691,Customer 5691,East,20,2024-01-15,
5692,Customer 5692,West,9999999,2024-01-15,
5693,Customer 5693,South,30,2024-01-15,
5694,Customer 5694,South,20,2024-01-15,
5695,Customer 5695,West,30,2024-01-15,
5696,Customer 5696,South,30,2024-01-15,
5697,Customer 5697,South,10,2024-01-15,
5698,Customer 5698 ,South,30,2024-01-15,
5699,Customer 5699,East,10,2024-01-15,
5700,Customer 5700,West,30,2024-01-15,
5701,Customer 5701,South,9999999,2024-01-15,
5702,Customer 5702,South,30,2024-01-15,
5703,Customer 5703,East,30,2024-01-15,
5704,Customer 5704,West,9999999,2024-01-15,
5705,Customer 5705,West,20,2024-01-15,
5706,Customer 5706,West,20,2024-01-15,
5707,Customer 5707,North,9999999,2024-01-15,
5708,Customer 5708,East,10,2024-01-15,
5709,Customer 5709,East,20,2024-01-15,
5710,Customer 5710,South,20,2024-01-15,
5711,Customer 5711,East,20,2024-01-15,
5712,Customer 5712,South,10,2024-01-15,
5713,Customer 5713,West,30,2024-01-15,
5714,Customer 5714,North,9999999,2024-01-15,
5715,Customer 5715,South,20,2024-01-15,
5716,Customer 5716,North,30,2024-01-15,
5717,Customer 5717,North,9999999,2024-01-15,
5718,Customer 5718,North,30,2024-01-15,
5719,Customer 5719,North,30,2024-01-15,
5720,Customer 5720,West,10,2024-01-15,
5721,Customer 5721,South,20,2024-01-15,
5722,Customer 5722,South,30,2024-01-15,
5723,Customer 5723,South,20,2024-01-15,
5724,Customer 5724,South,9999999,2024-01-15,
5725,Customer 5725,East,10,2024-01-15,
5726,Customer 5726,North,30,2024-01-15,
5727,Customer 5727,North,20,2024-01-15,
5728,Customer 5728,East,20,2024-01-15,
5729,Customer 5729,South,10,2024-01-15,
5730,Customer 5730,South,20,2024-01-15,
5731,Customer 5731,West,9999999,2024-01-15,
5732,Customer 5732,North,10,2024-01-15,
5733,Customer 5733,North,30,2024-01-15,
5734,Customer 5734,West,20,2024-01-15,
5735,Customer 5735 ,West,10,2024-01-15,
5736,Customer 5736,West,10,2024-01-15,
5737,Customer 5737,North,20,2024-01-15,
5738,Customer 5738,West,20,2024-01-15,
5739,Customer 5739,North,30,2024-01-15,
5740,Customer 5740,North,9999999,2024-01-15,
5741,Customer 5741,South,9999999,2024-01-15,
5742,Customer 5742,North,9999999,2024-01-15,
5743,Customer 5743,West,30,2024-01-15,
5744,Customer 5744,West,30,2024-01-15,
5745,Customer 5745,East,20,2024-01-15,
5746,Customer 5746,East,9999999,2024-01-15,
5747,Customer 5747,East,30,2024-01-15,
5748,Customer 5748,East,20,2024-01-15,
5749,Customer 5749,East,30,2024-01-15,
5750,Customer 5750,North,9999999,2024-01-15,
5751,Customer 5751,West,20,2024-01-15,
5752,Customer 5752,East,10,2024-01-15,
5753,Customer 5753,West,9999999,2024-01-15,
5754,Customer 5754,South,20,2024-01-15,
5755,Customer 5755,West,10,2024-01-15,
5756,Customer 5756,North,30,2024-01-15,
5757,Customer 5757,East,9999999,2024-01-15,
5758,Customer 5758,South,20,2024-01-15,
5759,Customer 5759,South,10,2024-01-15,
5760,Customer 5760,East,20,2024-01-15,
5761,Customer 5761,East,30,2024-01-15,
5762,Customer 5762,North,9999999,2024-01-15,
5763,Customer 5763,South,30,2024-01-15,
5764,Customer 5764,East,20,2024-01-15,
5765,Customer 5765,South,20,2024-01-15,
5766,Customer 5766,South,9999999,2024-01-15,
5767,Customer 5767,South,20,2024-01-15,
5768,Customer 5768,West,30,2024-01-15,
5769,Customer 5769,East,9999999,2024-01-15,
5770,Customer 5770,East,20,2024-01-15,
5771,Customer 5771,East,9999999,2024-01-15,
5772,Customer 5772 ,South,30,2024-01-15,
5773,Customer 5773,East,30,2024-01-15,
5774,Customer 5774,East,30,2024-01-15,
5775,Customer 5775,East,9999999,2024-01-15,
5776,Customer 5776,West,9999999,2024-01-15,
5777,Customer 5777,North,9999999,2024-01-15,
5778,Customer 5778,North,9999999,2024-01-15,
5779,Customer 5779,East,9999999,2024-01-15,
5780,Customer 5780,West,20,2024-01-15,
5781,Customer 5781,North,30,2024-01-15,
5782,Customer 5782,South,20,2024-01-15,
5783,Customer 5783,East,30,2024-01-15,
5784,Customer 5784,North,30,2024-01-15,
5785,Customer 5785,West,30,2024-01-15,
5786,Customer 5786,East,9999999,2024-01-15,
5787,Customer 5787,South,20,2024-01-15,
5788,Customer 5788,East,9999999,2024-01-15,
5789,Customer 5789,North,10,2024-01-15,
5790,Customer 5790,South,20,2024-01-15,
5791,Customer 5791,West,30,2024-01-15,
5792,Customer 5792,North,9999999,2024-01-15,
5793,Customer 5793,West,9999999,2024-01-15,
5794,Customer 5794,East,20,2024-01-15,
5795,Customer 5795,North,9999999,2024-01-15,
5796,Customer 5796,North,10,2024-01-15,
5797,Customer 5797,East,30,2024-01-15,
5798,Customer 5798,West,30,2024-01-15,
5799,Customer 5799,North,30,2024-01-15,
5800,Customer 5800,South,9999999,2024-01-15,
5801,Customer 5801,East,10,2024-01-15,
5802,Customer 5802,South,9999999,2024-01-15,
5803,Customer 5803,East,20,2024-01-15,
5804,Customer 5804,North,20,2024-01-15,
5805,Customer 5805,South,9999999,2024-01-15,
5806,Customer 5806,East,30,2024-01-15,
5807,Customer 5807,North,30,2024-01-15,
5808,Customer 5808,North,20,2024-01-15,
5809,Customer 5809 ,East,30,2024-01-15,
5810,Customer 5810,South,9999999,2024-01-15,
5811,Customer 5811,East,20,2024-01-15,
5812,Customer 5812,South,9999999,2024-01-15,
5813,Customer 5813,East,9999999,2024-01-15,
5814,Customer 5814,South,30,2024-01-15,
5815,Customer 5815,East,30,2024-01-15,
5816,Customer 5816,South,10,2024-01-15,
5817,Customer 5817,West,10,2024-01-15,
5818,Customer 5818,West,9999999,2024-01-15,
5819,Customer 5819,North,9999999,2024-01-15,
5820,Customer 5820,East,10,2024-01-15,
5821,Customer 5821,West,10,2024-01-15,
5822,Customer 5822,East,10,2024-01-15,
5823,Customer 5823,East,9999999,2024-01-15,
5824,Customer 5824,North,30,2024-01-15,
5825,Customer 5825,North,10,2024-01-15,
5826,Customer 5826,South,10,2024-01-15,
5827,Customer 5827,West,10,2024-01-15,
5828,Customer 5828,North,20,2024-01-15,
5829,Customer 5829,East,9999999,2024-01-15,
5830,Customer 5830,West,9999999,2024-01-15,
5831,Customer 5831,East,20,2024-01-15,
5832,Customer 5832,South,10,2024-01-15,
5833,Customer 5833,West,30,2024-01-15,
5834,Customer 5834,North,9999999,2024-01-15,
5835,Customer 5835,East,9999999,2024-01-15,
5836,Customer 5836,West,10,2024-01-15,
5837,Customer 5837,North,10,2024-01-15,
5838,Customer 5838,East,20,2024-01-15,
5839,Customer 5839,South,9999999,2024-01-15,
5840,Customer 5840,South,30,2024-01-15,
5841,Customer 5841,West,30,2024-01-15,
5842,Customer 5842,East,20,2024-01-15,
5843,Customer 5843,South,20,2024-01-15,
5844,Customer 5844,South,20,2024-01-15,
5845,Customer 5845,South,30,2024-01-15,
5846,Customer 5846 ,North,10,2024-01-15,
5847,Customer 5847,South,10,2024-01-15,
5848,Customer 5848,North,30,2024-01-15,
5849,Customer 5849,East,30,2024-01-15,
5850,Customer 5850,South,20,2024-01-15,
5851,Customer 5851,East,20,2024-01-15,
5852,Customer 5852,West,20,2024-01-15,
5853,Customer 5853,South,30,2024-01-15,
5854,Customer 5854,East,20,2024-01-15,
5855,Customer 5855,South,10,2024-01-15,
5856,Customer 5856,North,9999999,2024-01-15,
5857,Customer 5857,North,9999999,2024-01-15,
5858,Customer 5858,South,9999999,2024-01-15,
5859,Customer 5859,North,9999999,2024-01-15,
5860,Customer 5860,West,9999999,2024-01-15,
5861,Customer 5861,South,9999999,2024-01-15,
5862,Customer 5862,West,20,2024-01-15,
5863,Customer 5863,North,10,2024-01-15,
5864,Customer 5864,North,20,2024-01-15,
5865,Customer 5865,South,20,2024-01-15,
5866,Customer 5866,West,10,2024-01-15,
5867,Customer 5867,East,30,2024-01-15,
5868,Customer 5868,South,9999999,2024-01-15,
5869,Customer 5869,North,20,2024-01-15,
5870,Customer 5870,West,30,2024-01-15,
5871,Customer 5871,North,30,2024-01-15,
5872,Customer 5872,North,9999999,2024-01-15,
5873,Customer 5873,West,10,2024-01-15,
5874,Customer 5874,West,9999999,2024-01-15,
5875,Customer 5875,East,10,2024-01-15,
5876,Customer 5876,East,30,2024-01-15,
5877,Customer 5877,West,10,2024-01-15,
5878,Customer 5878,South,30,2024-01-15,
5879,Customer 5879,West,10,2024-01-15,
5880,Customer 5880,North,9999999,2024-01-15,
5881,Customer 5881,East,30,2024-01-15,
5882,Customer 5882,South,10,2024-01-15,
5883,Customer 5883 ,South,20,2024-01-15,
5884,Customer 5884,South,10,2024-01-15,
5885,Customer 5885,South,20,2024-01-15,
5886,Customer 5886,North,9999999,2024-01-15,
5887,Customer 5887,South,10,2024-01-15,
5888,Customer 5888,East,30,2024-01-15,
5889,Customer 5889,South,9999999,2024-01-15,
5890,Customer 5890,South,9999999,2024-01-15,
5891,Customer 5891,South,20,2024-01-15,
5892,Customer 5892,East,20,2024-01-15,
5893,Customer 5893,South,10,2024-01-15,
5894,Customer 5894,West,10,2024-01-15,
5895,Customer 5895,East,20,2024-01-15,
5896,Customer 5896,East,9999999,2024-01-15,
5897,Customer 5897,East,30,2024-01-15,
5898,Customer 5898,North,10,2024-01-15,
5899,Customer 5899,North,30,2024-01-15,
5900,Customer 5900,North,9999999,2024-01-15,
5901,Customer 5901,West,20,2024-01-15,
5902,Customer 5902,West,10,2024-01-15,
5903,Customer 5903,South,20,2024-01-15,
5904,Customer 5904,North,10,2024-01-15,
5905,Customer 5905,South,30,2024-01-15,
5906,Customer 5906,West,10,2024-01-15,
5907,Customer 5907,North,10,2024-01-15,
5908,Customer 5908,West,9999999,2024-01-15,
5909,Customer 5909,West,9999999,2024-01-15,
5910,Customer 5910,North,20,2024-01-15,
5911,Customer 5911,West,30,2024-01-15,
5912,Customer 5912,East,9999999,2024-01-15,
5913,Customer 5913,East,20,2024-01-15,
5914,Customer 5914,North,30,2024-01-15,
5915,Customer 5915,West,9999999,2024-01-15,
5916,Customer 5916,South,20,2024-01-15,
5917,Customer 5917,South,20,2024-01-15,
5918,Customer 5918,South,20,2024-01-15,
5919,Customer 5919,North,10,2024-01-15,
5920,Customer 5920 ,East,9999999,2024-01-15,
5921,Customer 5921,South,10,2024-01-15,
5922,Customer 5922,East,20,2024-01-15,
5923,Customer 5923,East,20,2024-01-15,
5924,Customer 5924,West,30,2024-01-15,
5925,Customer 5925,South,30,2024-01-15,
5926,Customer 5926,West,30,2024-01-15,
5927,Customer 5927,South,30,2024-01-15,
5928,Customer 5928,West,10,2024-01-15,
5929,Customer 5929,South,10,2024-01-15,
5930,Customer 5930,North,20,2024-01-15,
5931,Customer 5931,North,20,2024-01-15,
5932,Customer 5932,South,20,2024-01-15,
5933,Customer 5933,East,9999999,2024-01-15,
5934,Customer 5934,West,10,2024-01-15,
5935,Customer 5935,East,9999999,2024-01-15,
5936,Customer 5936,West,20,2024-01-15,
5937,Customer 5937,South,9999999,2024-01-15,
5938,Customer 5938,East,9999999,2024-01-15,
5939,Customer 5939,North,9999999,2024-01-15,
5940,Customer 5940,East,30,2024-01-15,
5941,Customer 5941,South,30,2024-01-15,
5942,Customer 5942,East,30,2024-01-15,
5943,Customer 5943,West,9999999,2024-01-15,
5944,Customer 5944,East,10,2024-01-15,
5945,Customer 5945,North,30,2024-01-15,
5946,Customer 5946,West,30,2024-01-15,
5947,Customer 5947,South,10,2024-01-15,
5948,Customer 5948,South,10,2024-01-15,
5949,Customer 5949,North,9999999,2024-01-15,
5950,Customer 5950,East,10,2024-01-15,
5951,Customer 5951,East,20,2024-01-15,
5952,Customer 5952,West,30,2024-01-15,
5953,Customer 5953,North,9999999,2024-01-15,
5954,Customer 5954,West,20,2024-01-15,
5955,Customer 5955,South,20,2024-01-15,
5956,Customer 5956,North,20,2024-01-15,
5957,Customer 5957 ,East,20,2024-01-15,
5958,Customer 5958,North,20,2024-01-15,
5959,Customer 5959,South,30,2024-01-15,
5960,Customer 5960,East,20,2024-01-15,
5961,Customer 5961,North,20,2024-01-15,
5962,Customer 5962,South,20,2024-01-15,
5963,Customer 5963,West,20,2024-01-15,
5964,Customer 5964,East,20,2024-01-15,
5965,Customer 5965,West,10,2024-01-15,
5966,Customer 5966,West,30,2024-01-15,
5967,Customer 5967,West,9999999,2024-01-15,
5968,Customer 5968,East,9999999,2024-01-15,
5969,Customer 5969,East,20,2024-01-15,
5970,Customer 5970,North,10,2024-01-15,
5971,Customer 5971,East,30,2024-01-15,
5972,Customer 5972,North,20,2024-01-15,
5973,Customer 5973,West,10,2024-01-15,
5974,Customer 5974,South,20,2024-01-15,
5975,Customer 5975,South,9999999,2024-01-15,
5976,Customer 5976,West,20,2024-01-15,
5977,Customer 5977,West,20,2024-01-15,
5978,Customer 5978,South,9999999,2024-01-15,
5979,Customer 5979,East,20,2024-01-15,
5980,Customer 5980,South,10,2024-01-15,
5981,Customer 5981,South,30,2024-01-15,
5982,Customer 5982,North,9999999,2024-01-15,
5983,Customer 5983,South,20,2024-01-15,
5984,Customer 5984,South,9999999,2024-01-15,
5985,Customer 5985,East,30,2024-01-15,
5986,Customer 5986,North,10,2024-01-15,
5987,Customer 5987,North,30,2024-01-15,
5988,Customer 5988,South,9999999,2024-01-15,
5989,Customer 5989,East,9999999,2024-01-15,
5990,Customer 5990,West,10,2024-01-15,
5991,Customer 5991,North,20,2024-01-15,
5992,Customer 5992,East,30,2024-01-15,
5993,Customer 5993,West,10,2024-01-15,
5994,Customer 5994 ,North,30,2024-01-15,
5995,Customer 5995,West,9999999,2024-01-15,
5996,Customer 5996,West,20,2024-01-15,
5997,Customer 5997,South,30,2024-01-15,
5998,Customer 5998,North,10,2024-01-15,
5999,Customer 5999,South,30,2024-01-15,
6000,Customer 6000,West,N/A,2024-01-15,
6001,Customer 6001,West,9999999,2024-01-15,
6002,Customer 6002,North,10,2024-01-15,
6003,Customer 6003,East,30,2024-01-15,
6004,Customer 6004,East,30,2024-01-15,
6005,Customer 6005,East,9999999,2024-01-15,
6006,Customer 6006,North,30,2024-01-15,
6007,Customer 6007,North,10,2024-01-15,
6008,Customer 6008,South,9999999,2024-01-15,
6009,Customer 6009,South,9999999,2024-01-15,
6010,Customer 6010,East,9999999,2024-01-15,
6011,Customer 6011,West,10,2024-01-15,
6012,Customer 6012,West,9999999,2024-01-15,
6013,Customer 6013,North,10,2024-01-15,
6014,Customer 6014,North,10,2024-01-15,
6015,Customer 6015,South,10,2024-01-15,
6016,Customer 6016,West,30,2024-01-15,
6017,Customer 6017,North,9999999,2024-01-15,
6018,Customer 6018,West,30,2024-01-15,
6019,Customer 6019,North,9999999,2024-01-15,
6020,Customer 6020,West,9999999,2024-01-15,
6021,Customer 6021,South,10,2024-01-15,
6022,Customer 6022,North,20,2024-01-15,
6023,Customer 6023,North,30,2024-01-15,
6024,Customer 6024,West,30,2024-01-15,
6025,Customer 6025,West,10,2024-01-15,
6026,Customer 6026,East,30,2024-01-15,
6027,Customer 6027,East,30,2024-01-15,
6028,Customer 6028,East,20,2024-01-15,
6029,Customer 6029,North,9999999,2024-01-15,
6030,Customer 6030,West,30,2024-01-15,
6031,Customer 6031 ,South,30,2024-01-15,
6032,Customer 6032,East,20,2024-01-15,
6033,Customer 6033,East,9999999,2024-01-15,
6034,Customer 6034,West,20,2024-01-15,
6035,Customer 6035,East,10,2024-01-15,
6036,Customer 6036,South,30,2024-01-15,
6037,Customer 6037,East,30,2024-01-15,
6038,Customer 6038,North,10,2024-01-15,
6039,Customer 6039,East,9999999,2024-01-15,
6040,Customer 6040,South,9999999,2024-01-15,
6041,Customer 6041,South,9999999,2024-01-15,
6042,Customer 6042,West,30,2024-01-15,
6043,Customer 6043,East,30,2024-01-15,
6044,Customer 6044,East,9999999,2024-01-15,
6045,Customer 6045,South,20,2024-01-15,
6046,Customer 6046,North,30,2024-01-15,
6047,Customer 6047,South,10,2024-01-15,
6048,Customer 6048,East,30,2024-01-15,
6049,Customer 6049,West,20,2024-01-15,
6050,Customer 6050,South,10,2024-01-15,
6051,Customer 6051,North,10,2024-01-15,
6052,Customer 6052,East,9999999,2024-01-15,
6053,Customer 6053,East,20,2024-01-15,
6054,Customer 6054,West,30,2024-01-15,
6055,Customer 6055,West,20,2024-01-15,
6056,Customer 6056,East,10,2024-01-15,
6057,Customer 6057,East,10,2024-01-15,
6058,Customer 6058,West,20,2024-01-15,
6059,Customer 6059,South,10,2024-01-15,
6060,Customer 6060,East,20,2024-01-15,
6061,Customer 6061,West,10,2024-01-15,
6062,Customer 6062,South,20,2024-01-15,
6063,Customer 6063,South,20,2024-01-15,
6064,Customer 6064,South,9999999,2024-01-15,
6065,Customer 6065,North,20,2024-01-15,
6066,Customer 6066,South,30,2024-01-15,
6067,Customer 6067,West,10,2024-01-15,
6068,Customer 6068 ,West,9999999,2024-01-15,
6069,Customer 6069,West,20,2024-01-15,
6070,Customer 6070,West,20,2024-01-15,
6071,Customer 6071,East,9999999,2024-01-15,
6072,Customer 6072,East,30,2024-01-15,
6073,Customer 6073,East,9999999,2024-01-15,
6074,Customer 6074,South,30,2024-01-15,
6075,Customer 6075,East,30,2024-01-15,
6076,Customer 6076,South,10,2024-01-15,
6077,Customer 6077,South,30,2024-01-15,
6078,Customer 6078,North,20,2024-01-15,
6079,Customer 6079,East,9999999,2024-01-15,
6080,Customer 6080,South,10,2024-01-15,
6081,Customer 6081,South,30,2024-01-15,
6082,Customer 6082,East,9999999,2024-01-15,
6083,Customer 6083,West,10,2024-01-15,
6084,Customer 6084,West,9999999,2024-01-15,
6085,Customer 6085,North,9999999,2024-01-15,
6086,Customer 6086,North,20,2024-01-15,
6087,Customer 6087,North,9999999,2024-01-15,
6088,Customer 6088,West,30,2024-01-15,
6089,Customer 6089,North,20,2024-01-15,
6090,Customer 6090,North,30,2024-01-15,
6091,Customer 6091,East,30,2024-01-15,
6092,Customer 6092,West,10,2024-01-15,
6093,Customer 6093,South,9999999,2024-01-15,
6094,Customer 6094,South,9999999,2024-01-15,
6095,Customer 6095,East,9999999,2024-01-15,
6096,Customer 6096,East,30,2024-01-15,
6097,Customer 6097,West,20,2024-01-15,
6098,Customer 6098,East,20,2024-01-15,
6099,Customer 6099,North,10,2024-01-15,
6100,Customer 6100,North,30,2024-01-15,
6101,Customer 6101,North,10,2024-01-15,
6102,Customer 6102,South,9999999,2024-01-15,
6103,Customer 6103,South,20,2024-01-15,
6104,Customer 6104,South,20,2024-01-15,
6105,Customer 6105 ,West,10,2024-01-15,
6106,Customer 6106,East,10,2024-01-15,
6107,Customer 6107,North,10,2024-01-15,
6108,Customer 6108,West,9999999,2024-01-15,
6109,Customer 6109,West,9999999,2024-01-15,
6110,Customer 6110,South,9999999,2024-01-15,
6111,Customer 6111,South,30,2024-01-15,
6112,Customer 6112,East,10,2024-01-15,
6113,Customer 6113,South,30,2024-01-15,
6114,Customer 6114,East,9999999,2024-01-15,
6115,Customer 6115,North,9999999,2024-01-15,
6116,Customer 6116,East,20,2024-01-15,
6117,Customer 6117,South,9999999,2024-01-15,
6118,Customer 6118,East,20,2024-01-15,
6119,Customer 6119,East,10,2024-01-15,
6120,Customer 6120,North,9999999,2024-01-15,
6121,Customer 6121,North,30,2024-01-15,
6122,Customer 6122,North,10,2024-01-15,
6123,Customer 6123,North,30,2024-01-15,
6124,Customer 6124,North,20,2024-01-15,
6125,Customer 6125,North,10,2024-01-15,
6126,Customer 6126,West,30,2024-01-15,
6127,Customer 6127,North,30,2024-01-15,
6128,Customer 6128,North,30,2024-01-15,
6129,Customer 6129,South,20,2024-01-15,
6130,Customer 6130,South,9999999,2024-01-15,
6131,Customer 6131,East,20,2024-01-15,
6132,Customer 6132,South,10,2024-01-15,
6133,Customer 6133,South,30,2024-01-15,
6134,Customer 6134,South,9999999,2024-01-15,
6135,Customer 6135,West,20,2024-01-15,
6136,Customer 6136,North,10,2024-01-15,
6137,Customer 6137,East,10,2024-01-15,
6138,Customer 6138,North,30,2024-01-15,
6139,Customer 6139,South,30,2024-01-15,
6140,Customer 6140,North,20,2024-01-15,
6141,Customer 6141,South,9999999,2024-01-15,
6142,Customer 6142 ,East,20,2024-01-15,
6143,Customer 6143,West,9999999,2024-01-15,
6144,Customer 6144,North,9999999,2024-01-15,
6145,Customer 6145,East,10,2024-01-15,
6146,Customer 6146,East,20,2024-01-15,
6147,Customer 6147,South,20,2024-01-15,
6148,Customer 6148,South,9999999,2024-01-15,
6149,Customer 6149,North,9999999,2024-01-15,
6150,Customer 6150,North,30,2024-01-15,
6151,Customer 6151,North,9999999,2024-01-15,
6152,Customer 6152,East,10,2024-01-15,
6153,Customer 6153,South,9999999,2024-01-15,
6154,Customer 6154,East,30,2024-01-15,
6155,Customer 6155,West,20,2024-01-15,
6156,Customer 6156,East,20,2024-01-15,
6157,Customer 6157,West,9999999,2024-01-15,
6158,Customer 6158,West,9999999,2024-01-15,
6159,Customer 6159,West,10,2024-01-15,
6160,Customer 6160,West,10,2024-01-15,
6161,Customer 6161,East,10,2024-01-15,
6162,Customer 6162,West,9999999,2024-01-15,
6163,Customer 6163,West,30,2024-01-15,
6164,Customer 6164,North,30,2024-01-15,
6165,Customer 6165,South,10,2024-01-15,
6166,Customer 6166,East,10,2024-01-15,
6167,Customer 6167,East,20,2024-01-15,
6168,Customer 6168,North,10,2024-01-15,
6169,Customer 6169,East,10,2024-01-15,
6170,Customer 6170,South,9999999,2024-01-15,
6171,Customer 6171,North,30,2024-01-15,
6172,Customer 6172,South,9999999,2024-01-15,
6173,Customer 6173,North,30,2024-01-15,
6174,Customer 6174,North,20,2024-01-15,
6175,Customer 6175,South,9999999,2024-01-15,
6176,Customer 6176,East,20,2024-01-15,
6177,Customer 6177,South,10,2024-01-15,
6178,Customer 6178,South,9999999,2024-01-15,
6179,Customer 6179 ,North,10,2024-01-15,
6180,Customer 6180,South,9999999,2024-01-15,
6181,Customer 6181,East,10,2024-01-15,
6182,Customer 6182,South,10,2024-01-15,
6183,Customer 6183,South,30,2024-01-15,
6184,Customer 6184,South,9999999,2024-01-15,
6185,Customer 6185,West,30,2024-01-15,
6186,Customer 6186,South,10,2024-01-15,
6187,Customer 6187,South,20,2024-01-15,
6188,Customer 6188,West,30,2024-01-15,
6189,Customer 6189,South,30,2024-01-15,
6190,Customer 6190,West,30,2024-01-15,
6191,Customer 6191,West,10,2024-01-15,
6192,Customer 6192,West,9999999,2024-01-15,
6193,Customer 6193,South,30,2024-01-15,
6194,Customer 6194,East,9999999,2024-01-15,
6195,Customer 6195,West,10,2024-01-15,
6196,Customer 6196,West,10,2024-01-15,
6197,Customer 6197,South,20,2024-01-15,
6198,Customer 6198,North,10,2024-01-15,
6199,Customer 6199,South,10,2024-01-15,
6200,Customer 6200,North,9999999,2024-01-15,
6201,Customer 6201,East,20,2024-01-15,
6202,Customer 6202,East,20,2024-01-15,
6203,Customer 6203,East,9999999,2024-01-15,
6204,Customer 6204,East,30,2024-01-15,
6205,Customer 6205,North,30,2024-01-15,
6206,Customer 6206,West,10,2024-01-15,
6207,Customer 6207,North,20,2024-01-15,
6208,Customer 6208,South,9999999,2024-01-15,
6209,Customer 6209,North,20,2024-01-15,
6210,Customer 6210,West,9999999,2024-01-15,
6211,Customer 6211,North,10,2024-01-15,
6212,Customer 6212,North,20,2024-01-15,
6213,Customer 6213,South,9999999,2024-01-15,
6214,Customer 6214,North,10,2024-01-15,
6215,Customer 6215,West,20,2024-01-15,
6216,Customer 6216 ,West,30,2024-01-15,
6217,Customer 6217,West,20,2024-01-15,
6218,Customer 6218,South,10,2024-01-15,
6219,Customer 6219,East,20,2024-01-15,
6220,Customer 6220,North,10,2024-01-15,
6221,Customer 6221,East,20,2024-01-15,
6222,Customer 6222,South,30,2024-01-15,
6223,Customer 6223,West,30,2024-01-15,
6224,Customer 6224,North,20,2024-01-15,
6225,Customer 6225,West,9999999,2024-01-15,
6226,Customer 6226,East,20,2024-01-15,
6227,Customer 6227,South,10,2024-01-15,
6228,Customer 6228,South,20,2024-01-15,
6229,Customer 6229,West,30,2024-01-15,
6230,Customer 6230,West,10,2024-01-15,
6231,Customer 6231,South,10,2024-01-15,
6232,Customer 6232,South,30,2024-01-15,
6233,Customer 6233,East,20,2024-01-15,
6234,Customer 6234,North,10,2024-01-15,
6235,Customer 6235,West,10,2024-01-15,
6236,Customer 6236,South,10,2024-01-15,
6237,Customer 6237,East,30,2024-01-15,
6238,Customer 6238,South,10,2024-01-15,
6239,Customer 6239,South,10,2024-01-15,
6240,Customer 6240,West,10,2024-01-15,
6241,Customer 6241,North,10,2024-01-15,
6242,Customer 6242,North,9999999,2024-01-15,
6243,Customer 6243,North,20,2024-01-15,
6244,Customer 6244,North,10,2024-01-15,
6245,Customer 6245,West,9999999,2024-01-15,
6246,Customer 6246,West,30,2024-01-15,
6247,Customer 6247,South,9999999,2024-01-15,
6248,Customer 6248,East,9999999,2024-01-15,
6249,Customer 6249,West,30,2024-01-15,
6250,Customer 6250,South,9999999,2024-01-15,
6251,Customer 6251,East,9999999,2024-01-15,
6252,Customer 6252,South,20,2024-01-15,
6253,Customer 6253 ,South,30,2024-01-15,
6254,Customer 6254,East,9999999,2024-01-15,
6255,Customer 6255,East,20,2024-01-15,
6256,Customer 6256,West,10,2024-01-15,
6257,Customer 6257,South,30,2024-01-15,
6258,Customer 6258,West,10,2024-01-15,
6259,Customer 6259,South,9999999,2024-01-15,
6260,Customer 6260,South,9999999,2024-01-15,
6261,Customer 6261,South,30,2024-01-15,
6262,Customer 6262,West,9999999,2024-01-15,
6263,Customer 6263,West,9999999,2024-01-15,
6264,Customer 6264,West,9999999,2024-01-15,
6265,Customer 6265,West,9999999,2024-01-15,
6266,Customer 6266,East,30,2024-01-15,
6267,Customer 6267,West,30,2024-01-15,
6268,Customer 6268,South,20,2024-01-15,
6269,Customer 6269,South,20,2024-01-15,
6270,Customer 6270,South,20,2024-01-15,
6271,Customer 6271,West,30,2024-01-15,
6272,Customer 6272,East,9999999,2024-01-15,
6273,Customer 6273,South,30,2024-01-15,
6274,Customer 6274,South,9999999,2024-01-15,
6275,Customer 6275,North,9999999,2024-01-15,
6276,Customer 6276,East,9999999,2024-01-15,
6277,Customer 6277,North,9999999,2024-01-15,
6278,Customer 6278,South,20,2024-01-15,
6279,Customer 6279,South,30,2024-01-15,
6280,Customer 6280,West,9999999,2024-01-15,
6281,Customer 6281,West,20,2024-01-15,
6282,Customer 6282,South,10,2024-01-15,
6283,Customer 6283,South,9999999,2024-01-15,
6284,Customer 6284,South,30,2024-01-15,
6285,Customer 6285,South,9999999,2024-01-15,
6286,Customer 6286,West,20,2024-01-15,
6287,Customer 6287,West,30,2024-01-15,
6288,Customer 6288,South,20,2024-01-15,
6289,Customer 6289,East,9999999,2024-01-15,
6290,Customer 6290 ,North,10,2024-01-15,
6291,Customer 6291,North,10,2024-01-15,
6292,Customer 6292,North,10,2024-01-15,
6293,Customer 6293,East,10,2024-01-15,
6294,Customer 6294,East,10,2024-01-15,
6295,Customer 6295,South,30,2024-01-15,
6296,Customer 6296,South,20,2024-01-15,
6297,Customer 6297,North,30,2024-01-15,
6298,Customer 6298,East,30,2024-01-15,
6299,Customer 6299,West,9999999,2024-01-15,
6300,Customer 6300,South,30,2024-01-15,
6301,Customer 6301,East,30,2024-01-15,
6302,Customer 6302,South,10,2024-01-15,
6303,Customer 6303,South,20,2024-01-15,
6304,Customer 6304,North,9999999,2024-01-15,
6305,Customer 6305,South,9999999,2024-01-15,
6306,Customer 6306,East,9999999,2024-01-15,
6307,Customer 6307,North,20,2024-01-15,
6308,Customer 6308,West,20,2024-01-15,
6309,Customer 6309,North,10,2024-01-15,
6310,Customer 6310,West,20,2024-01-15,
6311,Customer 6311,West,9999999,2024-01-15,
6312,Customer 6312,South,9999999,2024-01-15,
6313,Customer 6313,East,10,2024-01-15,
6314,Customer 6314,South,9999999,2024-01-15,
6315,Customer 6315,North,9999999,2024-01-15,
6316,Customer 6316,East,9999999,2024-01-15,
6317,Customer 6317,North,30,2024-01-15,
6318,Customer 6318,North,30,2024-01-15,
6319,Customer 6319,South,20,2024-01-15,
6320,Customer 6320,West,30,2024-01-15,
6321,Customer 6321,North,20,2024-01-15,
6322,Customer 6322,East,20,2024-01-15,
6323,Customer 6323,North,30,2024-01-15,
6324,Customer 6324,West,30,2024-01-15,
6325,Customer 6325,West,10,2024-01-15,
6326,Customer 6326,East,20,2024-01-15,
6327,Customer 6327 ,South,30,2024-01-15,
6328,Customer 6328,North,30,2024-01-15,
6329,Customer 6329,East,9999999,2024-01-15,
6330,Customer 6330,North,20,2024-01-15,
6331,Customer 6331,East,20,2024-01-15,
6332,Customer 6332,West,30,2024-01-15,
6333,Customer 6333,East,9999999,2024-01-15,
6334,Customer 6334,East,10,2024-01-15,
6335,Customer 6335,North,9999999,2024-01-15,
6336,Customer 6336,North,30,2024-01-15,
6337,Customer 6337,North,20,2024-01-15,
6338,Customer 6338,East,10,2024-01-15,
6339,Customer 6339,South,9999999,2024-01-15,
6340,Customer 6340,West,9999999,2024-01-15,
6341,Customer 6341,North,9999999,2024-01-15,
6342,Customer 6342,West,30,2024-01-15,
6343,Customer 6343,East,30,2024-01-15,
6344,Customer 6344,West,9999999,2024-01-15,
6345,Customer 6345,South,30,2024-01-15,
6346,Customer 6346,East,30,2024-01-15,
6347,Customer 6347,West,20,2024-01-15,
6348,Customer 6348,East,30,2024-01-15,
6349,Customer 6349,West,10,2024-01-15,
6350,Customer 6350,East,10,2024-01-15,
6351,Customer 6351,North,10,2024-01-15,
6352,Customer 6352,North,20,2024-01-15,
6353,Customer 6353,North,20,2024-01-15,
6354,Customer 6354,East,20,2024-01-15,
6355,Customer 6355,South,10,2024-01-15,
6356,Customer 6356,North,20,2024-01-15,
6357,Customer 6357,North,10,2024-01-15,
6358,Customer 6358,East,10,2024-01-15,
6359,Customer 6359,South,10,2024-01-15,
6360,Customer 6360,East,9999999,2024-01-15,
6361,Customer 6361,North,10,2024-01-15,
6362,Customer 6362,South,10,2024-01-15,
6363,Customer 6363,North,20,2024-01-15,
6364,Customer 6364 ,North,20,2024-01-15,
6365,Customer 6365,North,10,2024-01-15,
6366,Customer 6366,South,9999999,2024-01-15,
6367,Customer 6367,North,20,2024-01-15,
6368,Customer 6368,West,10,2024-01-15,
6369,Customer 6369,South,30,2024-01-15,
6370,Customer 6370,South,9999999,2024-01-15,
6371,Customer 6371,South,9999999,2024-01-15,
6372,Customer 6372,East,9999999,2024-01-15,
6373,Customer 6373,West,10,2024-01-15,
6374,Customer 6374,North,20,2024-01-15,
6375,Customer 6375,South,10,2024-01-15,
6376,Customer 6376,East,20,2024-01-15,
6377,Customer 6377,South,20,2024-01-15,
6378,Customer 6378,North,10,2024-01-15,
6379,Customer 6379,South,20,2024-01-15,
6380,Customer 6380,South,30,2024-01-15,
6381,Customer 6381,West,20,2024-01-15,
6382,Customer 6382,West,30,2024-01-15,
6383,Customer 6383,South,30,2024-01-15,
6384,Customer 6384,East,9999999,2024-01-15,
6385,Customer 6385,South,30,2024-01-15,
6386,Customer 6386,East,10,2024-01-15,
6387,Customer 6387,South,30,2024-01-15,
6388,Customer 6388,North,10,2024-01-15,
6389,Customer 6389,West,10,2024-01-15,
6390,Customer 6390,North,30,2024-01-15,
6391,Customer 6391,North,9999999,2024-01-15,
6392,Customer 6392,North,9999999,2024-01-15,
6393,Customer 6393,East,10,2024-01-15,
6394,Customer 6394,North,30,2024-01-15,
6395,Customer 6395,East,30,2024-01-15,
6396,Customer 6396,East,9999999,2024-01-15,
6397,Customer 6397,East,9999999,2024-01-15,
6398,Customer 6398,East,9999999,2024-01-15,
6399,Customer 6399,East,9999999,2024-01-15,
6400,Customer 6400,South,20,2024-01-15,
6401,Customer 6401 ,North,20,2024-01-15,
6402,Customer 6402,West,30,2024-01-15,
6403,Customer 6403,West,9999999,2024-01-15,
6404,Customer 6404,West,30,2024-01-15,
6405,Customer 6405,West,9999999,2024-01-15,
6406,Customer 6406,South,9999999,2024-01-15,
6407,Customer 6407,West,20,2024-01-15,
6408,Customer 6408,North,9999999,2024-01-15,
6409,Customer 6409,East,20,2024-01-15,
6410,Customer 6410,South,9999999,2024-01-15,
6411,Customer 6411,East,9999999,2024-01-15,
6412,Customer 6412,West,10,2024-01-15,
6413,Customer 6413,South,20,2024-01-15,
6414,Customer 6414,South,20,2024-01-15,
6415,Customer 6415,North,10,2024-01-15,
6416,Customer 6416,West,9999999,2024-01-15,
6417,Customer 6417,East,20,2024-01-15,
6418,Customer 6418,South,30,2024-01-15,
6419,Customer 6419,West,10,2024-01-15,
6420,Customer 6420,South,9999999,2024-01-15,
6421,Customer 6421,East,30,2024-01-15,
6422,Customer 6422,South,20,2024-01-15,
6423,Customer 6423,West,9999999,2024-01-15,
6424,Customer 6424,West,9999999,2024-01-15,
6425,Customer 6425,West,20,2024-01-15,
6426,Customer 6426,East,10,2024-01-15,
6427,Customer 6427,North,10,2024-01-15,
6428,Customer 6428,West,30,2024-01-15,
6429,Customer 6429,South,30,2024-01-15,
6430,Customer 6430,West,20,2024-01-15,
6431,Customer 6431,West,20,2024-01-15,
6432,Customer 6432,North,9999999,2024-01-15,
6433,Customer 6433,South,30,2024-01-15,
6434,Customer 6434,East,30,2024-01-15,
6435,Customer 6435,North,9999999,2024-01-15,
6436,Customer 6436,East,20,2024-01-15,
6437,Customer 6437,East,30,2024-01-15,
6438,Customer 6438 ,East,20,2024-01-15,
6439,Customer 6439,North,9999999,2024-01-15,
6440,Customer 6440,West,10,2024-01-15,
6441,Customer 6441,West,30,2024-01-15,
6442,Customer 6442,South,20,2024-01-15,
6443,Customer 6443,South,30,2024-01-15,
6444,Customer 6444,West,30,2024-01-15,
6445,Customer 6445,East,30,2024-01-15,
6446,Customer 6446,South,30,2024-01-15,
6447,Customer 6447,East,20,2024-01-15,
6448,Customer 6448,South,20,2024-01-15,
6449,Customer 6449,West,20,2024-01-15,
6450,Customer 6450,North,9999999,2024-01-15,
6451,Customer 6451,North,30,2024-01-15,
6452,Customer 6452,South,9999999,2024-01-15,
6453,Customer 6453,North,30,2024-01-15,
6454,Customer 6454,West,9999999,2024-01-15,
6455,Customer 6455,North,30,2024-01-15,
6456,Customer 6456,West,9999999,2024-01-15,
6457,Customer 6457,East,20,2024-01-15,
6458,Customer 6458,East,20,2024-01-15,
6459,Customer 6459,West,10,2024-01-15,
6460,Customer 6460,South,20,2024-01-15,
6461,Customer 6461,East,10,2024-01-15,
6462,Customer 6462,West,30,2024-01-15,
6463,Customer 6463,East,20,2024-01-15,
6464,Customer 6464,West,30,2024-01-15,
6465,Customer 6465,South,30,2024-01-15,
6466,Customer 6466,North,20,2024-01-15,
6467,Customer 6467,North,30,2024-01-15,
6468,Customer 6468,East,20,2024-01-15,
6469,Customer 6469,West,20,2024-01-15,
6470,Customer 6470,North,9999999,2024-01-15,
6471,Customer 6471,East,30,2024-01-15,
6472,Customer 6472,South,20,2024-01-15,
6473,Customer 6473,North,30,2024-01-15,
6474,Customer 6474,West,10,2024-01-15,
6475,Customer 6475 ,East,10,2024-01-15,
6476,Customer 6476,South,9999999,2024-01-15,
6477,Customer 6477,West,9999999,2024-01-15,
6478,Customer 6478,West,20,2024-01-15,
6479,Customer 6479,North,30,2024-01-15,
6480,Customer 6480,West,30,2024-01-15,
6481,Customer 6481,South,30,2024-01-15,
6482,Customer 6482,East,9999999,2024-01-15,
6483,Customer 6483,South,20,2024-01-15,
6484,Customer 6484,North,30,2024-01-15,
6485,Customer 6485,North,10,2024-01-15,
6486,Customer 6486,West,30,2024-01-15,
6487,Customer 6487,South,30,2024-01-15,
6488,Customer 6488,West,30,2024-01-15,
6489,Customer 6489,West,10,2024-01-15,
6490,Customer 6490,West,30,2024-01-15,
6491,Customer 6491,East,20,2024-01-15,
6492,Customer 6492,East,10,2024-01-15,
6493,Customer 6493,North,30,2024-01-15,
6494,Customer 6494,South,10,2024-01-15,
6495,Customer 6495,North,9999999,2024-01-15,
6496,Customer 6496,South,10,2024-01-15,
6497,Customer 6497,North,20,2024-01-15,
6498,Customer 6498,South,20,2024-01-15,
6499,Customer 6499,East,10,2024-01-15,
6500,Customer 6500,East,N/A,2024-01-15,
6501,Customer 6501,North,30,2024-01-15,
6502,Customer 6502,East,9999999,2024-01-15,
6503,Customer 6503,West,10,2024-01-15,
6504,Customer 6504,North,9999999,2024-01-15,
6505,Customer 6505,West,9999999,2024-01-15,
6506,Customer 6506,North,20,2024-01-15,
6507,Customer 6507,West,20,2024-01-15,
6508,Customer 6508,North,20,2024-01-15,
6509,Customer 6509,South,30,2024-01-15,
6510,Customer 6510,North,20,2024-01-15,
6511,Customer 6511,North,10,2024-01-15,
6512,Customer 6512 ,West,20,2024-01-15,
6513,Customer 6513,North,10,2024-01-15,
6514,Customer 6514,South,20,2024-01-15,
6515,Customer 6515,South,20,2024-01-15,
6516,Customer 6516,East,30,2024-01-15,
6517,Customer 6517,West,9999999,2024-01-15,
6518,Customer 6518,East,10,2024-01-15,
6519,Customer 6519,North,9999999,2024-01-15,
6520,Customer 6520,North,9999999,2024-01-15,
6521,Customer 6521,South,10,2024-01-15,
6522,Customer 6522,South,10,2024-01-15,
6523,Customer 6523,West,20,2024-01-15,
6524,Customer 6524,East,10,2024-01-15,
6525,Customer 6525,East,10,2024-01-15,
6526,Customer 6526,West,20,2024-01-15,
6527,Customer 6527,South,20,2024-01-15,
6528,Customer 6528,East,10,2024-01-15,
6529,Customer 6529,East,30,2024-01-15,
6530,Customer 6530,South,9999999,2024-01-15,
6531,Customer 6531,East,20,2024-01-15,
6532,Customer 6532,South,30,2024-01-15,
6533,Customer 6533,East,30,2024-01-15,
6534,Customer 6534,North,9999999,2024-01-15,
6535,Customer 6535,West,30,2024-01-15,
6536,Customer 6536,West,10,2024-01-15,
6537,Customer 6537,South,9999999,2024-01-15,
6538,Customer 6538,North,20,2024-01-15,
6539,Customer 6539,West,10,2024-01-15,
6540,Customer 6540,South,10,2024-01-15,
6541,Customer 6541,East,20,2024-01-15,
6542,Customer 6542,East,20,2024-01-15,
6543,Customer 6543,West,30,2024-01-15,
6544,Customer 6544,South,10,2024-01-15,
6545,Customer 6545,South,30,2024-01-15,
6546,Customer 6546,East,10,2024-01-15,
6547,Customer 6547,South,10,2024-01-15,
6548,Customer 6548,East,20,2024-01-15,
6549,Customer 6549 ,West,20,2024-01-15,
6550,Customer 6550,East,9999999,2024-01-15,
6551,Customer 6551,West,9999999,2024-01-15,
6552,Customer 6552,West,20,2024-01-15,
6553,Customer 6553,East,9999999,2024-01-15,
6554,Customer 6554,North,20,2024-01-15,
6555,Customer 6555,North,10,2024-01-15,
6556,Customer 6556,North,10,2024-01-15,
6557,Customer 6557,East,10,2024-01-15,
6558,Customer 6558,East,10,2024-01-15,
6559,Customer 6559,West,9999999,2024-01-15,
6560,Customer 6560,North,20,2024-01-15,
6561,Customer 6561,East,10,2024-01-15,
6562,Customer 6562,South,20,2024-01-15,
6563,Customer 6563,East,9999999,2024-01-15,
6564,Customer 6564,East,10,2024-01-15,
6565,Customer 6565,North,9999999,2024-01-15,
6566,Customer 6566,North,30,2024-01-15,
6567,Customer 6567,East,10,2024-01-15,
6568,Customer 6568,East,20,2024-01-15,
6569,Customer 6569,South,9999999,2024-01-15,
6570,Customer 6570,North,10,2024-01-15,
6571,Customer 6571,South,9999999,2024-01-15,
6572,Customer 6572,North,10,2024-01-15,
6573,Customer 6573,South,10,2024-01-15,
6574,Customer 6574,East,9999999,2024-01-15,
6575,Customer 6575,North,30,2024-01-15,
6576,Customer 6576,North,9999999,2024-01-15,
6577,Customer 6577,South,20,2024-01-15,
6578,Customer 6578,West,10,2024-01-15,
6579,Customer 6579,North,9999999,2024-01-15,
6580,Customer 6580,West,10,2024-01-15,
6581,Customer 6581,West,9999999,2024-01-15,
6582,Customer 6582,South,9999999,2024-01-15,
6583,Customer 6583,North,10,2024-01-15,
6584,Customer 6584,East,10,2024-01-15,
6585,Customer 6585,West,30,2024-01-15,
6586,Customer 6586 ,East,20,2024-01-15,
6587,Customer 6587,East,10,2024-01-15,
6588,Customer 6588,South,20,2024-01-15,
6589,Customer 6589,North,9999999,2024-01-15,
6590,Customer 6590,West,10,2024-01-15,
6591,Customer 6591,South,9999999,2024-01-15,
6592,Customer 6592,East,10,2024-01-15,
6593,Customer 6593,North,30,2024-01-15,
6594,Customer 6594,West,30,2024-01-15,
6595,Customer 6595,South,9999999,2024-01-15,
6596,Customer 6596,East,30,2024-01-15,
6597,Customer 6597,East,20,2024-01-15,
6598,Customer 6598,West,30,2024-01-15,
6599,Customer 6599,West,20,2024-01-15,
6600,Customer 6600,West,30,2024-01-15,
6601,Customer 6601,East,30,2024-01-15,
6602,Customer 6602,West,20,2024-01-15,
6603,Customer 6603,East,9999999,2024-01-15,
6604,Customer 6604,North,9999999,2024-01-15,
6605,Customer 6605,South,30,2024-01-15,
6606,Customer 6606,East,30,2024-01-15,
6607,Customer 6607,West,9999999,2024-01-15,
6608,Customer 6608,North,20,2024-01-15,
6609,Customer 6609,South,30,2024-01-15,
6610,Customer 6610,South,30,2024-01-15,
6611,Customer 6611,South,20,2024-01-15,
6612,Customer 6612,North,9999999,2024-01-15,
6613,Customer 6613,North,9999999,2024-01-15,
6614,Customer 6614,North,10,2024-01-15,
6615,Customer 6615,East,10,2024-01-15,
6616,Customer 6616,South,20,2024-01-15,
6617,Customer 6617,West,30,2024-01-15,
6618,Customer 6618,East,10,2024-01-15,
6619,Customer 6619,West,30,2024-01-15,
6620,Customer 6620,South,9999999,2024-01-15,
6621,Customer 6621,West,30,2024-01-15,
6622,Customer 6622,South,10,2024-01-15,
6623,Customer 6623 ,South,9999999,2024-01-15,
6624,Customer 6624,North,20,2024-01-15,
6625,Customer 6625,West,10,2024-01-15,
6626,Customer 6626,North,20,2024-01-15,
6627,Customer 6627,South,30,2024-01-15,
6628,Customer 6628,East,9999999,2024-01-15,
6629,Customer 6629,North,20,2024-01-15,
6630,Customer 6630,North,20,2024-01-15,
6631,Customer 6631,North,10,2024-01-15,
6632,Customer 6632,North,30,2024-01-15,
6633,Customer 6633,South,20,2024-01-15,
6634,Customer 6634,North,10,2024-01-15,
6635,Customer 6635,West,30,2024-01-15,
6636,Customer 6636,West,10,2024-01-15,
6637,Customer 6637,West,30,2024-01-15,
6638,Customer 6638,East,10,2024-01-15,
6639,Customer 6639,West,30,2024-01-15,
6640,Customer 6640,South,30,2024-01-15,
6641,Customer 6641,West,30,2024-01-15,
6642,Customer 6642,North,9999999,2024-01-15,
6643,Customer 6643,North,9999999,2024-01-15,
6644,Customer 6644,East,9999999,2024-01-15,
6645,Customer 6645,North,30,2024-01-15,
6646,Customer 6646,West,30,2024-01-15,
6647,Customer 6647,North,9999999,2024-01-15,
6648,Customer 6648,East,9999999,2024-01-15,
6649,Customer 6649,North,9999999,2024-01-15,
6650,Customer 6650,North,9999999,2024-01-15,
6651,Customer 6651,North,9999999,2024-01-15,
6652,Customer 6652,East,9999999,2024-01-15,
6653,Customer 6653,North,10,2024-01-15,
6654,Customer 6654,North,20,2024-01-15,
6655,Customer 6655,West,9999999,2024-01-15,
6656,Customer 6656,South,30,2024-01-15,
6657,Customer 6657,North,9999999,2024-01-15,
6658,Customer 6658,East,30,2024-01-15,
6659,Customer 6659,South,9999999,2024-01-15,
6660,Customer 6660 ,North,9999999,2024-01-15,
6661,Customer 6661,South,10,2024-01-15,
6662,Customer 6662,West,10,2024-01-15,
6663,Customer 6663,South,10,2024-01-15,
6664,Customer 6664,East,9999999,2024-01-15,
6665,Customer 6665,North,9999999,2024-01-15,
6666,Customer 6666,North,30,2024-01-15,
6667,Customer 6667,South,9999999,2024-01-15,
6668,Customer 6668,East,9999999,2024-01-15,
6669,Customer 6669,North,20,2024-01-15,
6670,Customer 6670,East,30,2024-01-15,
6671,Customer 6671,North,9999999,2024-01-15,
6672,Customer 6672,North,20,2024-01-15,
6673,Customer 6673,West,20,2024-01-15,
6674,Customer 6674,South,9999999,2024-01-15,
6675,Customer 6675,West,10,2024-01-15,
6676,Customer 6676,West,20,2024-01-15,
6677,Customer 6677,East,10,2024-01-15,
6678,Customer 6678,South,20,2024-01-15,
6679,Customer 6679,West,30,2024-01-15,
6680,Customer 6680,West,20,2024-01-15,
6681,Customer 6681,North,10,2024-01-15,
6682,Customer 6682,South,20,2024-01-15,
6683,Customer 6683,North,20,2024-01-15,
6684,Customer 6684,West,9999999,2024-01-15,
6685,Customer 6685,West,30,2024-01-15,
6686,Customer 6686,East,10,2024-01-15,
6687,Customer 6687,West,10,2024-01-15,
6688,Customer 6688,North,9999999,2024-01-15,
6689,Customer 6689,West,30,2024-01-15,
6690,Customer 6690,North,9999999,2024-01-15,
6691,Customer 6691,North,10,2024-01-15,
6692,Customer 6692,East,30,2024-01-15,
6693,Customer 6693,West,9999999,2024-01-15,
6694,Customer 6694,South,20,2024-01-15,
6695,Customer 6695,North,10,2024-01-15,
6696,Customer 6696,North,20,2024-01-15,
6697,Customer 6697 ,South,20,2024-01-15,
6698,Customer 6698,East,9999999,2024-01-15,
6699,Customer 6699,West,30,2024-01-15,
6700,Customer 6700,South,10,2024-01-15,
6701,Customer 6701,North,9999999,2024-01-15,
6702,Customer 6702,South,10,2024-01-15,
6703,Customer 6703,South,20,2024-01-15,
6704,Customer 6704,South,30,2024-01-15,
6705,Customer 6705,North,9999999,2024-01-15,
6706,Customer 6706,North,30,2024-01-15,
6707,Customer 6707,North,10,2024-01-15,
6708,Customer 6708,North,30,2024-01-15,
6709,Customer 6709,South,30,2024-01-15,
6710,Customer 6710,South,30,2024-01-15,
6711,Customer 6711,South,9999999,2024-01-15,
6712,Customer 6712,West,20,2024-01-15,
6713,Customer 6713,West,9999999,2024-01-15,
6714,Customer 6714,North,20,2024-01-15,
6715,Customer 6715,West,20,2024-01-15,
6716,Customer 6716,South,10,2024-01-15,
6717,Customer 6717,South,20,2024-01-15,
6718,Customer 6718,West,10,2024-01-15,
6719,Customer 6719,South,10,2024-01-15,
6720,Customer 6720,West,20,2024-01-15,
6721,Customer 6721,South,30,2024-01-15,
6722,Customer 6722,West,30,2024-01-15,
6723,Customer 6723,West,10,2024-01-15,
6724,Customer 6724,East,10,2024-01-15,
6725,Customer 6725,North,9999999,2024-01-15,
6726,Customer 6726,East,20,2024-01-15,
6727,Customer 6727,West,9999999,2024-01-15,
6728,Customer 6728,South,20,2024-01-15,
6729,Customer 6729,West,9999999,2024-01-15,
6730,Customer 6730,South,20,2024-01-15,
6731,Customer 6731,West,30,2024-01-15,
6732,Customer 6732,West,10,2024-01-15,
6733,Customer 6733,West,10,2024-01-15,
6734,Customer 6734 ,North,10,2024-01-15,
6735,Customer 6735,North,20,2024-01-15,
6736,Customer 6736,East,30,2024-01-15,
6737,Customer 6737,East,9999999,2024-01-15,
6738,Customer 6738,East,9999999,2024-01-15,
6739,Customer 6739,East,30,2024-01-15,
6740,Customer 6740,West,30,2024-01-15,
6741,Customer 6741,West,9999999,2024-01-15,
6742,Customer 6742,West,20,2024-01-15,
6743,Customer 6743,North,30,2024-01-15,
6744,Customer 6744,East,9999999,2024-01-15,
6745,Customer 6745,East,10,2024-01-15,
6746,Customer 6746,East,30,2024-01-15,
6747,Customer 6747,South,30,2024-01-15,
6748,Customer 6748,East,30,2024-01-15,
6749,Customer 6749,South,20,2024-01-15,
6750,Customer 6750,East,30,2024-01-15,
6751,Customer 6751,East,20,2024-01-15,
6752,Customer 6752,East,9999999,2024-01-15,
6753,Customer 6753,West,30,2024-01-15,
6754,Customer 6754,South,20,2024-01-15,
6755,Customer 6755,South,30,2024-01-15,
6756,Customer 6756,East,30,2024-01-15,
6757,Customer 6757,West,20,2024-01-15,
6758,Customer 6758,North,20,2024-01-15,
6759,Customer 6759,South,30,2024-01-15,
6760,Customer 6760,East,20,2024-01-15,
6761,Customer 6761,West,20,2024-01-15,
6762,Customer 6762,South,30,2024-01-15,
6763,Customer 6763,West,9999999,2024-01-15,
6764,Customer 6764,West,30,2024-01-15,
6765,Customer 6765,South,30,2024-01-15,
6766,Customer 6766,North,30,2024-01-15,
6767,Customer 6767,North,30,2024-01-15,
6768,Customer 6768,West,9999999,2024-01-15,
6769,Customer 6769,North,10,2024-01-15,
6770,Customer 6770,East,20,2024-01-15,
6771,Customer 6771 ,West,9999999,2024-01-15,
6772,Customer 6772,West,30,2024-01-15,
6773,Customer 6773,East,20,2024-01-15,
6774,Customer 6774,West,10,2024-01-15,
6775,Customer 6775,North,9999999,2024-01-15,
6776,Customer 6776,West,9999999,2024-01-15,
6777,Customer 6777,East,9999999,2024-01-15,
6778,Customer 6778,South,10,2024-01-15,
6779,Customer 6779,North,20,2024-01-15,
6780,Customer 6780,North,30,2024-01-15,
6781,Customer 6781,North,10,2024-01-15,
6782,Customer 6782,North,30,2024-01-15,
6783,Customer 6783,South,30,2024-01-15,
6784,Customer 6784,West,10,2024-01-15,
6785,Customer 6785,North,20,2024-01-15,
6786,Customer 6786,North,10,2024-01-15,
6787,Customer 6787,East,10,2024-01-15,
6788,Customer 6788,East,30,2024-01-15,
6789,Customer 6789,South,9999999,2024-01-15,
6790,Customer 6790,South,20,2024-01-15,
6791,Customer 6791,East,30,2024-01-15,
6792,Customer 6792,South,20,2024-01-15,
6793,Customer 6793,East,10,2024-01-15,
6794,Customer 6794,South,20,2024-01-15,
6795,Customer 6795,South,9999999,2024-01-15,
6796,Customer 6796,South,10,2024-01-15,
6797,Customer 6797,East,10,2024-01-15,
6798,Customer 6798,North,9999999,2024-01-15,
6799,Customer 6799,South,10,2024-01-15,
6800,Customer 6800,South,9999999,2024-01-15,
6801,Customer 6801,West,20,2024-01-15,
6802,Customer 6802,South,20,2024-01-15,
6803,Customer 6803,East,20,2024-01-15,
6804,Customer 6804,North,10,2024-01-15,
6805,Customer 6805,East,20,2024-01-15,
6806,Customer 6806,West,9999999,2024-01-15,
6807,Customer 6807,South,9999999,2024-01-15,
6808,Customer 6808 ,North,20,2024-01-15,
6809,Customer 6809,West,10,2024-01-15,
6810,Customer 6810,West,9999999,2024-01-15,
6811,Customer 6811,West,20,2024-01-15,
6812,Customer 6812,North,9999999,2024-01-15,
6813,Customer 6813,South,30,2024-01-15,
6814,Customer 6814,West,9999999,2024-01-15,
6815,Customer 6815,East,30,2024-01-15,
6816,Customer 6816,West,10,2024-01-15,
6817,Customer 6817,West,9999999,2024-01-15,
6818,Customer 6818,East,20,2024-01-15,
6819,Customer 6819,North,20,2024-01-15,
6820,Customer 6820,South,9999999,2024-01-15,
6821,Customer 6821,South,9999999,2024-01-15,
6822,Customer 6822,East,20,2024-01-15,
6823,Customer 6823,West,30,2024-01-15,
6824,Customer 6824,South,30,2024-01-15,
6825,Customer 6825,South,30,2024-01-15,
6826,Customer 6826,West,9999999,2024-01-15,
6827,Customer 6827,South,10,2024-01-15,
6828,Customer 6828,West,10,2024-01-15,
6829,Customer 6829,West,10,2024-01-15,
6830,Customer 6830,East,30,2024-01-15,
6831,Customer 6831,North,9999999,2024-01-15,
6832,Customer 6832,West,9999999,2024-01-15,
6833,Customer 6833,West,9999999,2024-01-15,
6834,Customer 6834,West,10,2024-01-15,
6835,Customer 6835,East,30,2024-01-15,
6836,Customer 6836,East,20,2024-01-15,
6837,Customer 6837,East,30,2024-01-15,
6838,Customer 6838,South,9999999,2024-01-15,
6839,Customer 6839,South,20,2024-01-15,
6840,Customer 6840,North,20,2024-01-15,
6841,Customer 6841,East,9999999,2024-01-15,
6842,Customer 6842,South,10,2024-01-15,
6843,Customer 6843,South,10,2024-01-15,
6844,Customer 6844,North,10,2024-01-15,
6845,Customer 6845 ,North,30,2024-01-15,
6846,Customer 6846,West,30,2024-01-15,
6847,Customer 6847,East,20,2024-01-15,
6848,Customer 6848,West,20,2024-01-15,
6849,Customer 6849,South,30,2024-01-15,
6850,Customer 6850,West,20,2024-01-15,
6851,Customer 6851,South,30,2024-01-15,
6852,Customer 6852,South,10,2024-01-15,
6853,Customer 6853,North,10,2024-01-15,
6854,Customer 6854,East,20,2024-01-15,
6855,Customer 6855,West,9999999,2024-01-15,
6856,Customer 6856,South,20,2024-01-15,
6857,Customer 6857,South,10,2024-01-15,
6858,Customer 6858,North,10,2024-01-15,
6859,Customer 6859,East,10,2024-01-15,
6860,Customer 6860,North,20,2024-01-15,
6861,Customer 6861,East,9999999,2024-01-15,
6862,Customer 6862,South,20,2024-01-15,
6863,Customer 6863,South,20,2024-01-15,
6864,Customer 6864,East,10,2024-01-15,
6865,Customer 6865,East,20,2024-01-15,
6866,Customer 6866,North,10,2024-01-15,
6867,Customer 6867,South,9999999,2024-01-15,
6868,Customer 6868,North,20,2024-01-15,
6869,Customer 6869,South,9999999,2024-01-15,
6870,Customer 6870,South,20,2024-01-15,
6871,Customer 6871,East,30,2024-01-15,
6872,Customer 6872,South,9999999,2024-01-15,
6873,Customer 6873,South,9999999,2024-01-15,
6874,Customer 6874,South,10,2024-01-15,
6875,Customer 6875,North,20,2024-01-15,
6876,Customer 6876,West,10,2024-01-15,
6877,Customer 6877,North,20,2024-01-15,
6878,Customer 6878,West,30,2024-01-15,
6879,Customer 6879,West,9999999,2024-01-15,
6880,Customer 6880,West,9999999,2024-01-15,
6881,Customer 6881,West,30,2024-01-15,
6882,Customer 6882 ,West,30,2024-01-15,
6883,Customer 6883,West,20,2024-01-15,
6884,Customer 6884,North,20,2024-01-15,
6885,Customer 6885,North,20,2024-01-15,
6886,Customer 6886,East,30,2024-01-15,
6887,Customer 6887,West,10,2024-01-15,
6888,Customer 6888,West,9999999,2024-01-15,
6889,Customer 6889,East,30,2024-01-15,
6890,Customer 6890,East,10,2024-01-15,
6891,Customer 6891,South,9999999,2024-01-15,
6892,Customer 6892,South,10,2024-01-15,
6893,Customer 6893,South,9999999,2024-01-15,
6894,Customer 6894,South,9999999,2024-01-15,
6895,Customer 6895,West,30,2024-01-15,
6896,Customer 6896,South,20,2024-01-15,
6897,Customer 6897,South,10,2024-01-15,
6898,Customer 6898,East,9999999,2024-01-15,
6899,Customer 6899,West,9999999,2024-01-15,
6900,Customer 6900,West,9999999,2024-01-15,
6901,Customer 6901,South,30,2024-01-15,
6902,Customer 6902,South,9999999,2024-01-15,
6903,Customer 6903,North,9999999,2024-01-15,
6904,Customer 6904,South,20,2024-01-15,
6905,Customer 6905,East,10,2024-01-15,
6906,Customer 6906,North,30,2024-01-15,
6907,Customer 6907,West,30,2024-01-15,
6908,Customer 6908,West,9999999,2024-01-15,
6909,Customer 6909,East,10,2024-01-15,
6910,Customer 6910,West,30,2024-01-15,
6911,Customer 6911,West,10,2024-01-15,
6912,Customer 6912,East,10,2024-01-15,
6913,Customer 6913,South,30,2024-01-15,
6914,Customer 6914,South,30,2024-01-15,
6915,Customer 6915,North,10,2024-01-15,
6916,Customer 6916,East,20,2024-01-15,
6917,Customer 6917,North,10,2024-01-15,
6918,Customer 6918,East,20,2024-01-15,
6919,Customer 6919 ,West,10,2024-01-15,
6920,Customer 6920,East,9999999,2024-01-15,
6921,Customer 6921,East,9999999,2024-01-15,
6922,Customer 6922,East,30,2024-01-15,
6923,Customer 6923,North,30,2024-01-15,
6924,Customer 6924,West,10,2024-01-15,
6925,Customer 6925,West,9999999,2024-01-15,
6926,Customer 6926,North,10,2024-01-15,
6927,Customer 6927,West,20,2024-01-15,
6928,Customer 6928,West,30,2024-01-15,
6929,Customer 6929,South,30,2024-01-15,
6930,Customer 6930,South,20,2024-01-15,
6931,Customer 6931,West,10,2024-01-15,
6932,Customer 6932,West,30,2024-01-15,
6933,Customer 6933,North,20,2024-01-15,
6934,Customer 6934,East,10,2024-01-15,
6935,Customer 6935,South,10,2024-01-15,
6936,Customer 6936,West,20,2024-01-15,
6937,Customer 6937,West,20,2024-01-15,
6938,Customer 6938,West,20,2024-01-15,
6939,Customer 6939,South,30,2024-01-15,
6940,Customer 6940,North,10,2024-01-15,
6941,Customer 6941,North,20,2024-01-15,
6942,Customer 6942,West,30,2024-01-15,
6943,Customer 6943,South,10,2024-01-15,
6944,Customer 6944,South,9999999,2024-01-15,
6945,Customer 6945,North,9999999,2024-01-15,
6946,Customer 6946,West,10,2024-01-15,
6947,Customer 6947,East,30,2024-01-15,
6948,Customer 6948,East,9999999,2024-01-15,
6949,Customer 6949,East,30,2024-01-15,
6950,Customer 6950,East,20,2024-01-15,
6951,Customer 6951,South,20,2024-01-15,
6952,Customer 6952,West,10,2024-01-15,
6953,Customer 6953,East,9999999,2024-01-15,
6954,Customer 6954,East,30,2024-01-15,
6955,Customer 6955,West,9999999,2024-01-15,
6956,Customer 6956 ,East,10,2024-01-15,
6957,Customer 6957,North,30,2024-01-15,
6958,Customer 6958,South,20,2024-01-15,
6959,Customer 6959,South,20,2024-01-15,
6960,Customer 6960,South,9999999,2024-01-15,
6961,Customer 6961,East,10,2024-01-15,
6962,Customer 6962,West,9999999,2024-01-15,
6963,Customer 6963,East,9999999,2024-01-15,
6964,Customer 6964,North,30,2024-01-15,
6965,Customer 6965,South,20,2024-01-15,
6966,Customer 6966,North,9999999,2024-01-15,
6967,Customer 6967,North,30,2024-01-15,
6968,Customer 6968,West,9999999,2024-01-15,
6969,Customer 6969,South,9999999,2024-01-15,
6970,Customer 6970,West,9999999,2024-01-15,
6971,Customer 6971,East,10,2024-01-15,
6972,Customer 6972,North,30,2024-01-15,
6973,Customer 6973,South,30,2024-01-15,
6974,Customer 6974,West,9999999,2024-01-15,
6975,Customer 6975,South,9999999,2024-01-15,
6976,Customer 6976,West,9999999,2024-01-15,
6977,Customer 6977,East,20,2024-01-15,
6978,Customer 6978,South,20,2024-01-15,
6979,Customer 6979,South,30,2024-01-15,
6980,Customer 6980,West,30,2024-01-15,
6981,Customer 6981,North,10,2024-01-15,
6982,Customer 6982,North,10,2024-01-15,
6983,Customer 6983,South,10,2024-01-15,
6984,Customer 6984,West,9999999,2024-01-15,
6985,Customer 6985,South,10,2024-01-15,
6986,Customer 6986,North,10,2024-01-15,
6987,Customer 6987,South,9999999,2024-01-15,
6988,Customer 6988,South,10,2024-01-15,
6989,Customer 6989,East,30,2024-01-15,
6990,Customer 6990,North,30,2024-01-15,
6991,Customer 6991,South,10,2024-01-15,
6992,Customer 6992,East,30,2024-01-15,
6993,Customer 6993 ,North,10,2024-01-15,
6994,Customer 6994,North,10,2024-01-15,
6995,Customer 6995,South,10,2024-01-15,
6996,Customer 6996,West,20,2024-01-15,
6997,Customer 6997,North,9999999,2024-01-15,
6998,Customer 6998,East,30,2024-01-15,
6999,Customer 6999,East,10,2024-01-15,
7000,Customer 7000,South,N/A,2024-01-15,
7001,Customer 7001,West,10,2024-01-15,
7002,Customer 7002,South,30,2024-01-15,
7003,Customer 7003,West,10,2024-01-15,
7004,Customer 7004,East,20,2024-01-15,
7005,Customer 7005,West,10,2024-01-15,
7006,Customer 7006,South,30,2024-01-15,
7007,Customer 7007,West,9999999,2024-01-15,
7008,Customer 7008,East,30,2024-01-15,
7009,Customer 7009,West,30,2024-01-15,
7010,Customer 7010,South,9999999,2024-01-15,
7011,Customer 7011,East,30,2024-01-15,
7012,Customer 7012,South,20,2024-01-15,
7013,Customer 7013,South,9999999,2024-01-15,
7014,Customer 7014,North,20,2024-01-15,
7015,Customer 7015,North,10,2024-01-15,
7016,Customer 7016,South,10,2024-01-15,
7017,Customer 7017,West,10,2024-01-15,
7018,Customer 7018,South,20,2024-01-15,
7019,Customer 7019,East,10,2024-01-15,
7020,Customer 7020,East,30,2024-01-15,
7021,Customer 7021,West,20,2024-01-15,
7022,Customer 7022,West,9999999,2024-01-15,
7023,Customer 7023,East,10,2024-01-15,
7024,Customer 7024,West,20,2024-01-15,
7025,Customer 7025,East,10,2024-01-15,
7026,Customer 7026,West,20,2024-01-15,
7027,Customer 7027,East,20,2024-01-15,
7028,Customer 7028,North,10,2024-01-15,
7029,Customer 7029,East,10,2024-01-15,
7030,Customer 7030 ,South,9999999,2024-01-15,
7031,Customer 7031,West,9999999,2024-01-15,
7032,Customer 7032,East,9999999,2024-01-15,
7033,Customer 7033,South,9999999,2024-01-15,
7034,Customer 7034,West,30,2024-01-15,
7035,Customer 7035,South,30,2024-01-15,
7036,Customer 7036,South,10,2024-01-15,
7037,Customer 7037,West,30,2024-01-15,
7038,Customer 7038,West,10,2024-01-15,
7039,Customer 7039,South,30,2024-01-15,
7040,Customer 7040,South,10,2024-01-15,
7041,Customer 7041,West,20,2024-01-15,
7042,Customer 7042,South,30,2024-01-15,
7043,Customer 7043,West,20,2024-01-15,
7044,Customer 7044,North,10,2024-01-15,
7045,Customer 7045,East,30,2024-01-15,
7046,Customer 7046,East,30,2024-01-15,
7047,Customer 7047,North,10,2024-01-15,
7048,Customer 7048,South,9999999,2024-01-15,
7049,Customer 7049,South,20,2024-01-15,
7050,Customer 7050,East,30,2024-01-15,
7051,Customer 7051,South,9999999,2024-01-15,
7052,Customer 7052,North,9999999,2024-01-15,
7053,Customer 7053,East,9999999,2024-01-15,
7054,Customer 7054,North,9999999,2024-01-15,
7055,Customer 7055,East,30,2024-01-15,
7056,Customer 7056,West,10,2024-01-15,
7057,Customer 7057,West,10,2024-01-15,
7058,Customer 7058,West,9999999,2024-01-15,
7059,Customer 7059,East,20,2024-01-15,
7060,Customer 7060,West,20,2024-01-15,
7061,Customer 7061,East,30,2024-01-15,
7062,Customer 7062,South,10,2024-01-15,
7063,Customer 7063,West,30,2024-01-15,
7064,Customer 7064,North,30,2024-01-15,
7065,Customer 7065,North,20,2024-01-15,
7066,Customer 7066,West,20,2024-01-15,
7067,Customer 7067 ,West,20,2024-01-15,
7068,Customer 7068,West,10,2024-01-15,
7069,Customer 7069,North,10,2024-01-15,
7070,Customer 7070,West,30,2024-01-15,
7071,Customer 7071,East,10,2024-01-15,
7072,Customer 7072,West,10,2024-01-15,
7073,Customer 7073,East,20,2024-01-15,
7074,Customer 7074,South,10,2024-01-15,
7075,Customer 7075,East,9999999,2024-01-15,
7076,Customer 7076,South,20,2024-01-15,
7077,Customer 7077,West,10,2024-01-15,
7078,Customer 7078,East,10,2024-01-15,
7079,Customer 7079,West,20,2024-01-15,
7080,Customer 7080,North,10,2024-01-15,
7081,Customer 7081,East,20,2024-01-15,
7082,Customer 7082,East,20,2024-01-15,
7083,Customer 7083,West,30,2024-01-15,
7084,Customer 7084,West,20,2024-01-15,
7085,Customer 7085,South,20,2024-01-15,
7086,Customer 7086,North,30,2024-01-15,
7087,Customer 7087,East,30,2024-01-15,
7088,Customer 7088,North,10,2024-01-15,
7089,Customer 7089,North,20,2024-01-15,
7090,Customer 7090,South,10,2024-01-15,
7091,Customer 7091,East,10,2024-01-15,
7092,Customer 7092,North,20,2024-01-15,
7093,Customer 7093,East,9999999,2024-01-15,
7094,Customer 7094,West,10,2024-01-15,
7095,Customer 7095,West,10,2024-01-15,
7096,Customer 7096,North,30,2024-01-15,
7097,Customer 7097,North,30,2024-01-15,
7098,Customer 7098,South,30,2024-01-15,
7099,Customer 7099,South,9999999,2024-01-15,
7100,Customer 7100,North,30,2024-01-15,
7101,Customer 7101,North,10,2024-01-15,
7102,Customer 7102,South,20,2024-01-15,
7103,Customer 7103,South,30,2024-01-15,
7104,Customer 7104 ,West,20,2024-01-15,
7105,Customer 7105,North,30,2024-01-15,
7106,Customer 7106,West,30,2024-01-15,
7107,Customer 7107,North,9999999,2024-01-15,
7108,Customer 7108,South,9999999,2024-01-15,
7109,Customer 7109,South,20,2024-01-15,
7110,Customer 7110,North,9999999,2024-01-15,
7111,Customer 7111,West,20,2024-01-15,
7112,Customer 7112,West,9999999,2024-01-15,
7113,Customer 7113,East,30,2024-01-15,
7114,Customer 7114,North,20,2024-01-15,
7115,Customer 7115,West,10,2024-01-15,
7116,Customer 7116,North,20,2024-01-15,
7117,Customer 7117,North,30,2024-01-15,
7118,Customer 7118,East,30,2024-01-15,
7119,Customer 7119,North,9999999,2024-01-15,
7120,Customer 7120,West,30,2024-01-15,
7121,Customer 7121,South,10,2024-01-15,
7122,Customer 7122,North,10,2024-01-15,
7123,Customer 7123,West,20,2024-01-15,
7124,Customer 7124,East,9999999,2024-01-15,
7125,Customer 7125,North,10,2024-01-15,
7126,Customer 7126,South,30,2024-01-15,
7127,Customer 7127,West,30,2024-01-15,
7128,Customer 7128,North,30,2024-01-15,
7129,Customer 7129,North,10,2024-01-15,
7130,Customer 7130,South,30,2024-01-15,
7131,Customer 7131,West,30,2024-01-15,
7132,Customer 7132,East,20,2024-01-15,
7133,Customer 7133,West,30,2024-01-15,
7134,Customer 7134,East,10,2024-01-15,
7135,Customer 7135,West,10,2024-01-15,
7136,Customer 7136,East,30,2024-01-15,
7137,Customer 7137,North,9999999,2024-01-15,
7138,Customer 7138,East,10,2024-01-15,
7139,Customer 7139,South,30,2024-01-15,
7140,Customer 7140,South,10,2024-01-15,
7141,Customer 7141 ,East,10,2024-01-15,
7142,Customer 7142,North,10,2024-01-15,
7143,Customer 7143,East,30,2024-01-15,
7144,Customer 7144,North,30,2024-01-15,
7145,Customer 7145,South,20,2024-01-15,
7146,Customer 7146,South,10,2024-01-15,
7147,Customer 7147,East,10,2024-01-15,
7148,Customer 7148,North,30,2024-01-15,
7149,Customer 7149,East,30,2024-01-15,
7150,Customer 7150,West,10,2024-01-15,
7151,Customer 7151,East,10,2024-01-15,
7152,Customer 7152,North,9999999,2024-01-15,
7153,Customer 7153,East,30,2024-01-15,
7154,Customer 7154,South,10,2024-01-15,
7155,Customer 7155,North,10,2024-01-15,
7156,Customer 7156,North,10,2024-01-15,
7157,Customer 7157,North,9999999,2024-01-15,
7158,Customer 7158,East,9999999,2024-01-15,
7159,Customer 7159,North,9999999,2024-01-15,
7160,Customer 7160,South,30,2024-01-15,
7161,Customer 7161,North,20,2024-01-15,
7162,Customer 7162,South,30,2024-01-15,
7163,Customer 7163,North,20,2024-01-15,
7164,Customer 7164,West,10,2024-01-15,
7165,Customer 7165,South,20,2024-01-15,
7166,Customer 7166,South,20,2024-01-15,
7167,Customer 7167,North,9999999,2024-01-15,
7168,Customer 7168,South,30,2024-01-15,
7169,Customer 7169,South,9999999,2024-01-15,
7170,Customer 7170,West,10,2024-01-15,
7171,Customer 7171,West,20,2024-01-15,
7172,Customer 7172,East,20,2024-01-15,
7173,Customer 7173,South,30,2024-01-15,
7174,Customer 7174,West,9999999,2024-01-15,
7175,Customer 7175,East,30,2024-01-15,
7176,Customer 7176,North,20,2024-01-15,
7177,Customer 7177,East,9999999,2024-01-15,
7178,Customer 7178 ,North,9999999,2024-01-15,
7179,Customer 7179,West,10,2024-01-15,
7180,Customer 7180,East,20,2024-01-15,
7181,Customer 7181,South,20,2024-01-15,
7182,Customer 7182,South,10,2024-01-15,
7183,Customer 7183,North,20,2024-01-15,
7184,Customer 7184,South,20,2024-01-15,
7185,Customer 7185,North,10,2024-01-15,
7186,Customer 7186,South,9999999,2024-01-15,
7187,Customer 7187,East,20,2024-01-15,
7188,Customer 7188,North,10,2024-01-15,
7189,Customer 7189,North,20,2024-01-15,
7190,Customer 7190,West,10,2024-01-15,
7191,Customer 7191,East,10,2024-01-15,
7192,Customer 7192,West,20,2024-01-15,
7193,Customer 7193,South,20,2024-01-15,
7194,Customer 7194,East,10,2024-01-15,
7195,Customer 7195,West,30,2024-01-15,
7196,Customer 7196,East,9999999,2024-01-15,
7197,Customer 7197,South,9999999,2024-01-15,
7198,Customer 7198,South,20,2024-01-15,
7199,Customer 7199,East,9999999,2024-01-15,
7200,Customer 7200,South,20,2024-01-15,
7201,Customer 7201,West,9999999,2024-01-15,
7202,Customer 7202,West,30,2024-01-15,
7203,Customer 7203,East,10,2024-01-15,
7204,Customer 7204,West,10,2024-01-15,
7205,Customer 7205,South,9999999,2024-01-15,
7206,Customer 7206,North,10,2024-01-15,
7207,Customer 7207,East,9999999,2024-01-15,
7208,Customer 7208,West,20,2024-01-15,
7209,Customer 7209,East,10,2024-01-15,
7210,Customer 7210,East,20,2024-01-15,
7211,Customer 7211,South,30,2024-01-15,
7212,Customer 7212,North,9999999,2024-01-15,
7213,Customer 7213,North,9999999,2024-01-15,
7214,Customer 7214,East,9999999,2024-01-15,
7215,Customer 7215 ,South,30,2024-01-15,
7216,Customer 7216,South,9999999,2024-01-15,
7217,Customer 7217,West,30,2024-01-15,
7218,Customer 7218,East,9999999,2024-01-15,
7219,Customer 7219,West,20,2024-01-15,
7220,Customer 7220,West,20,2024-01-15,
7221,Customer 7221,North,20,2024-01-15,
7222,Customer 7222,West,20,2024-01-15,
7223,Customer 7223,South,9999999,2024-01-15,
7224,Customer 7224,North,20,2024-01-15,
7225,Customer 7225,East,30,2024-01-15,
7226,Customer 7226,North,30,2024-01-15,
7227,Customer 7227,East,30,2024-01-15,
7228,Customer 7228,North,9999999,2024-01-15,
7229,Customer 7229,North,10,2024-01-15,
7230,Customer 7230,East,20,2024-01-15,
7231,Customer 7231,South,30,2024-01-15,
7232,Customer 7232,West,20,2024-01-15,
7233,Customer 7233,South,10,2024-01-15,
7234,Customer 7234,East,10,2024-01-15,
7235,Customer 7235,East,9999999,2024-01-15,
7236,Customer 7236,West,10,2024-01-15,
7237,Customer 7237,South,20,2024-01-15,
7238,Customer 7238,East,10,2024-01-15,
7239,Customer 7239,East,9999999,2024-01-15,
7240,Customer 7240,South,30,2024-01-15,
7241,Customer 7241,East,9999999,2024-01-15,
7242,Customer 7242,West,10,2024-01-15,
7243,Customer 7243,South,9999999,2024-01-15,
7244,Customer 7244,East,20,2024-01-15,
7245,Customer 7245,East,10,2024-01-15,
7246,Customer 7246,West,30,2024-01-15,
7247,Customer 7247,East,20,2024-01-15,
7248,Customer 7248,South,9999999,2024-01-15,
7249,Customer 7249,North,9999999,2024-01-15,
7250,Customer 7250,North,10,2024-01-15,
7251,Customer 7251,South,20,2024-01-15,
7252,Customer 7252 ,North,9999999,2024-01-15,
7253,Customer 7253,West,20,2024-01-15,
7254,Customer 7254,North,9999999,2024-01-15,
7255,Customer 7255,West,10,2024-01-15,
7256,Customer 7256,South,20,2024-01-15,
7257,Customer 7257,South,20,2024-01-15,
7258,Customer 7258,North,30,2024-01-15,
7259,Customer 7259,East,10,2024-01-15,
7260,Customer 7260,West,10,2024-01-15,
7261,Customer 7261,East,10,2024-01-15,
7262,Customer 7262,South,9999999,2024-01-15,
7263,Customer 7263,East,10,2024-01-15,
7264,Customer 7264,North,20,2024-01-15,
7265,Customer 7265,East,10,2024-01-15,
7266,Customer 7266,North,20,2024-01-15,
7267,Customer 7267,East,9999999,2024-01-15,
7268,Customer 7268,North,20,2024-01-15,
7269,Customer 7269,South,9999999,2024-01-15,
7270,Customer 7270,East,9999999,2024-01-15,
7271,Customer 7271,North,10,2024-01-15,
7272,Customer 7272,East,20,2024-01-15,
7273,Customer 7273,West,10,2024-01-15,
7274,Customer 7274,East,30,2024-01-15,
7275,Customer 7275,South,9999999,2024-01-15,
7276,Customer 7276,North,10,2024-01-15,
7277,Customer 7277,East,10,2024-01-15,
7278,Customer 7278,South,20,2024-01-15,
7279,Customer 7279,South,20,2024-01-15,
7280,Customer 7280,South,10,2024-01-15,
7281,Customer 7281,South,20,2024-01-15,
7282,Customer 7282,South,20,2024-01-15,
7283,Customer 7283,West,30,2024-01-15,
7284,Customer 7284,West,10,2024-01-15,
7285,Customer 7285,South,20,2024-01-15,
7286,Customer 7286,North,10,2024-01-15,
7287,Customer 7287,East,20,2024-01-15,
7288,Customer 7288,West,30,2024-01-15,
7289,Customer 7289 ,North,20,2024-01-15,
7290,Customer 7290,West,20,2024-01-15,
7291,Customer 7291,North,9999999,2024-01-15,
7292,Customer 7292,East,20,2024-01-15,
7293,Customer 7293,South,10,2024-01-15,
7294,Customer 7294,North,9999999,2024-01-15,
7295,Customer 7295,South,10,2024-01-15,
7296,Customer 7296,North,20,2024-01-15,
7297,Customer 7297,West,20,2024-01-15,
7298,Customer 7298,West,10,2024-01-15,
7299,Customer 7299,South,20,2024-01-15,
7300,Customer 7300,East,30,2024-01-15,
7301,Customer 7301,South,9999999,2024-01-15,
7302,Customer 7302,West,20,2024-01-15,
7303,Customer 7303,South,9999999,2024-01-15,
7304,Customer 7304,East,9999999,2024-01-15,
7305,Customer 7305,East,30,2024-01-15,
7306,Customer 7306,North,20,2024-01-15,
7307,Customer 7307,West,20,2024-01-15,
7308,Customer 7308,West,30,2024-01-15,
7309,Customer 7309,North,9999999,2024-01-15,
7310,Customer 7310,South,10,2024-01-15,
7311,Customer 7311,South,10,2024-01-15,
7312,Customer 7312,West,10,2024-01-15,
7313,Customer 7313,South,9999999,2024-01-15,
7314,Customer 7314,South,10,2024-01-15,
7315,Customer 7315,South,20,2024-01-15,
7316,Customer 7316,North,20,2024-01-15,
7317,Customer 7317,South,10,2024-01-15,
7318,Customer 7318,East,10,2024-01-15,
7319,Customer 7319,East,10,2024-01-15,
7320,Customer 7320,East,30,2024-01-15,
7321,Customer 7321,South,20,2024-01-15,
7322,Customer 7322,West,10,2024-01-15,
7323,Customer 7323,South,9999999,2024-01-15,
7324,Customer 7324,South,20,2024-01-15,
7325,Customer 7325,South,10,2024-01-15,
7326,Customer 7326 ,North,9999999,2024-01-15,
7327,Customer 7327,North,9999999,2024-01-15,
7328,Customer 7328,West,30,2024-01-15,
7329,Customer 7329,East,20,2024-01-15,
7330,Customer 7330,North,30,2024-01-15,
7331,Customer 7331,North,10,2024-01-15,
7332,Customer 7332,North,10,2024-01-15,
7333,Customer 7333,North,10,2024-01-15,
7334,Customer 7334,South,30,2024-01-15,
7335,Customer 7335,North,10,2024-01-15,
7336,Customer 7336,West,20,2024-01-15,
7337,Customer 7337,West,10,2024-01-15,
7338,Customer 7338,North,30,2024-01-15,
7339,Customer 7339,South,10,2024-01-15,
7340,Customer 7340,East,30,2024-01-15,
7341,Customer 7341,North,9999999,2024-01-15,
7342,Customer 7342,East,30,2024-01-15,
7343,Customer 7343,South,30,2024-01-15,
7344,Customer 7344,South,10,2024-01-15,
7345,Customer 7345,East,9999999,2024-01-15,
7346,Customer 7346,North,9999999,2024-01-15,
7347,Customer 7347,South,20,2024-01-15,
7348,Customer 7348,North,30,2024-01-15,
7349,Customer 7349,West,30,2024-01-15,
7350,Customer 7350,North,9999999,2024-01-15,
7351,Customer 7351,West,9999999,2024-01-15,
7352,Customer 7352,North,10,2024-01-15,
7353,Customer 7353,North,10,2024-01-15,
7354,Customer 7354,South,30,2024-01-15,
7355,Customer 7355,East,9999999,2024-01-15,
7356,Customer 7356,North,30,2024-01-15,
7357,Customer 7357,East,30,2024-01-15,
7358,Customer 7358,West,20,2024-01-15,
7359,Customer 7359,North,9999999,2024-01-15,
7360,Customer 7360,West,20,2024-01-15,
7361,Customer 7361,East,20,2024-01-15,
7362,Customer 7362,East,20,2024-01-15,
7363,Customer 7363 ,North,30,2024-01-15,
7364,Customer 7364,East,30,2024-01-15,
7365,Customer 7365,West,20,2024-01-15,
7366,Customer 7366,North,10,2024-01-15,
7367,Customer 7367,North,9999999,2024-01-15,
7368,Customer 7368,South,9999999,2024-01-15,
7369,Customer 7369,West,20,2024-01-15,
7370,Customer 7370,East,9999999,2024-01-15,
7371,Customer 7371,South,10,2024-01-15,
7372,Customer 7372,North,20,2024-01-15,
7373,Customer 7373,East,10,2024-01-15,
7374,Customer 7374,North,10,2024-01-15,
7375,Customer 7375,East,9999999,2024-01-15,
7376,Customer 7376,North,10,2024-01-15,
7377,Customer 7377,East,30,2024-01-15,
7378,Customer 7378,West,20,2024-01-15,
7379,Customer 7379,South,9999999,2024-01-15,
7380,Customer 7380,West,20,2024-01-15,
7381,Customer 7381,North,20,2024-01-15,
7382,Customer 7382,East,9999999,2024-01-15,
7383,Customer 7383,South,20,2024-01-15,
7384,Customer 7384,South,10,2024-01-15,
7385,Customer 7385,East,9999999,2024-01-15,
7386,Customer 7386,East,20,2024-01-15,
7387,Customer 7387,East,9999999,2024-01-15,
7388,Customer 7388,North,20,2024-01-15,
7389,Customer 7389,West,20,2024-01-15,
7390,Customer 7390,East,20,2024-01-15,
7391,Customer 7391,South,9999999,2024-01-15,
7392,Customer 7392,East,10,2024-01-15,
7393,Customer 7393,North,30,2024-01-15,
7394,Customer 7394,North,9999999,2024-01-15,
7395,Customer 7395,East,9999999,2024-01-15,
7396,Customer 7396,South,9999999,2024-01-15,
7397,Customer 7397,East,30,2024-01-15,
7398,Customer 7398,North,30,2024-01-15,
7399,Customer 7399,West,20,2024-01-15,
7400,Customer 7400 ,East,20,2024-01-15,
7401,Customer 7401,South,30,2024-01-15,
7402,Customer 7402,South,30,2024-01-15,
7403,Customer 7403,North,10,2024-01-15,
7404,Customer 7404,West,9999999,2024-01-15,
7405,Customer 7405,West,30,2024-01-15,
7406,Customer 7406,East,30,2024-01-15,
7407,Customer 7407,South,10,2024-01-15,
7408,Customer 7408,East,10,2024-01-15,
7409,Customer 7409,South,20,2024-01-15,
7410,Customer 7410,East,30,2024-01-15,
7411,Customer 7411,West,20,2024-01-15,
7412,Customer 7412,East,10,2024-01-15,
7413,Customer 7413,East,10,2024-01-15,
7414,Customer 7414,East,10,2024-01-15,
7415,Customer 7415,South,20,2024-01-15,
7416,Customer 7416,South,20,2024-01-15,
7417,Customer 7417,South,30,2024-01-15,
7418,Customer 7418,East,30,2024-01-15,
7419,Customer 7419,West,10,2024-01-15,
7420,Customer 7420,South,20,2024-01-15,
7421,Customer 7421,North,10,2024-01-15,
7422,Customer 7422,West,10,2024-01-15,
7423,Customer 7423,North,9999999,2024-01-15,
7424,Customer 7424,South,10,2024-01-15,
7425,Customer 7425,North,20,2024-01-15,
7426,Customer 7426,West,20,2024-01-15,
7427,Customer 7427,South,20,2024-01-15,
7428,Customer 7428,East,9999999,2024-01-15,
7429,Customer 7429,North,20,2024-01-15,
7430,Customer 7430,North,9999999,2024-01-15,
7431,Customer 7431,North,10,2024-01-15,
7432,Customer 7432,East,9999999,2024-01-15,
7433,Customer 7433,North,9999999,2024-01-15,
7434,Customer 7434,West,9999999,2024-01-15,
7435,Customer 7435,North,10,2024-01-15,
7436,Customer 7436,South,20,2024-01-15,
7437,Customer 7437 ,North,10,2024-01-15,
7438,Customer 7438,East,10,2024-01-15,
7439,Customer 7439,North,9999999,2024-01-15,
7440,Customer 7440,North,20,2024-01-15,
7441,Customer 7441,West,20,2024-01-15,
7442,Customer 7442,West,30,2024-01-15,
7443,Customer 7443,East,9999999,2024-01-15,
7444,Customer 7444,North,30,2024-01-15,
7445,Customer 7445,North,9999999,2024-01-15,
7446,Customer 7446,West,20,2024-01-15,
7447,Customer 7447,East,30,2024-01-15,
7448,Customer 7448,North,20,2024-01-15,
7449,Customer 7449,East,10,2024-01-15,
7450,Customer 7450,North,10,2024-01-15,
7451,Customer 7451,North,30,2024-01-15,
7452,Customer 7452,South,30,2024-01-15,
7453,Customer 7453,West,20,2024-01-15,
7454,Customer 7454,East,9999999,2024-01-15,
7455,Customer 7455,South,10,2024-01-15,
7456,Customer 7456,South,9999999,2024-01-15,
7457,Customer 7457,South,20,2024-01-15,
7458,Customer 7458,South,20,2024-01-15,
7459,Customer 7459,South,10,2024-01-15,
7460,Customer 7460,East,9999999,2024-01-15,
7461,Customer 7461,East,30,2024-01-15,
7462,Customer 7462,North,9999999,2024-01-15,
7463,Customer 7463,East,10,2024-01-15,
7464,Customer 7464,East,10,2024-01-15,
7465,Customer 7465,West,20,2024-01-15,
7466,Customer 7466,East,10,2024-01-15,
7467,Customer 7467,East,10,2024-01-15,
7468,Customer 7468,West,20,2024-01-15,
7469,Customer 7469,West,9999999,2024-01-15,
7470,Customer 7470,North,9999999,2024-01-15,
7471,Customer 7471,North,10,2024-01-15,
7472,Customer 7472,West,20,2024-01-15,
7473,Customer 7473,North,10,2024-01-15,
7474,Customer 7474 ,North,20,2024-01-15,
7475,Customer 7475,East,20,2024-01-15,
7476,Customer 7476,West,9999999,2024-01-15,
7477,Customer 7477,North,10,2024-01-15,
7478,Customer 7478,South,9999999,2024-01-15,
7479,Customer 7479,North,9999999,2024-01-15,
7480,Customer 7480,South,30,2024-01-15,
7481,Customer 7481,South,10,2024-01-15,
7482,Customer 7482,East,20,2024-01-15,
7483,Customer 7483,East,30,2024-01-15,
7484,Customer 7484,West,10,2024-01-15,
7485,Customer 7485,West,20,2024-01-15,
7486,Customer 7486,West,10,2024-01-15,
7487,Customer 7487,West,9999999,2024-01-15,
7488,Customer 7488,South,20,2024-01-15,
7489,Customer 7489,East,30,2024-01-15,
7490,Customer 7490,North,10,2024-01-15,
7491,Customer 7491,East,20,2024-01-15,
7492,Customer 7492,West,10,2024-01-15,
7493,Customer 7493,East,20,2024-01-15,
7494,Customer 7494,South,30,2024-01-15,
7495,Customer 7495,South,9999999,2024-01-15,
7496,Customer 7496,North,9999999,2024-01-15,
7497,Customer 7497,South,20,2024-01-15,
7498,Customer 7498,North,30,2024-01-15,
7499,Customer 7499,North,10,2024-01-15,
7500,Customer 7500,East,N/A,2024-01-15,
7501,Customer 7501,North,9999999,2024-01-15,
7502,Customer 7502,East,10,2024-01-15,
7503,Customer 7503,East,10,2024-01-15,
7504,Customer 7504,South,30,2024-01-15,
7505,Customer 7505,West,10,2024-01-15,
7506,Customer 7506,South,30,2024-01-15,
7507,Customer 7507,West,9999999,2024-01-15,
7508,Customer 7508,East,9999999,2024-01-15,
7509,Customer 7509,North,9999999,2024-01-15,
7510,Customer 7510,South,30,2024-01-15,
7511,Customer 7511 ,West,30,2024-01-15,
7512,Customer 7512,South,20,2024-01-15,
7513,Customer 7513,North,30,2024-01-15,
7514,Customer 7514,North,30,2024-01-15,
7515,Customer 7515,South,30,2024-01-15,
7516,Customer 7516,South,20,2024-01-15,
7517,Customer 7517,South,10,2024-01-15,
7518,Customer 7518,East,20,2024-01-15,
7519,Customer 7519,West,20,2024-01-15,
7520,Customer 7520,North,9999999,2024-01-15,
7521,Customer 7521,North,9999999,2024-01-15,
7522,Customer 7522,South,9999999,2024-01-15,
7523,Customer 7523,North,9999999,2024-01-15,
7524,Customer 7524,West,9999999,2024-01-15,
7525,Customer 7525,West,10,2024-01-15,
7526,Customer 7526,South,20,2024-01-15,
7527,Customer 7527,South,30,2024-01-15,
7528,Customer 7528,East,20,2024-01-15,
7529,Customer 7529,South,30,2024-01-15,
7530,Customer 7530,North,20,2024-01-15,
7531,Customer 7531,North,30,2024-01-15,
7532,Customer 7532,West,30,2024-01-15,
7533,Customer 7533,South,10,2024-01-15,
7534,Customer 7534,East,9999999,2024-01-15,
7535,Customer 7535,South,10,2024-01-15,
7536,Customer 7536,East,9999999,2024-01-15,
7537,Customer 7537,West,20,2024-01-15,
7538,Customer 7538,North,30,2024-01-15,
7539,Customer 7539,West,9999999,2024-01-15,
7540,Customer 7540,West,30,2024-01-15,
7541,Customer 7541,South,10,2024-01-15,
7542,Customer 7542,West,10,2024-01-15,
7543,Customer 7543,North,9999999,2024-01-15,
7544,Customer 7544,South,20,2024-01-15,
7545,Customer 7545,East,30,2024-01-15,
7546,Customer 7546,East,10,2024-01-15,
7547,Customer 7547,East,20,2024-01-15,
7548,Customer 7548 ,South,9999999,2024-01-15,
7549,Customer 7549,East,20,2024-01-15,
7550,Customer 7550,North,30,2024-01-15,
7551,Customer 7551,South,10,2024-01-15,
7552,Customer 7552,South,9999999,2024-01-15,
7553,Customer 7553,North,10,2024-01-15,
7554,Customer 7554,West,9999999,2024-01-15,
7555,Customer 7555,North,9999999,2024-01-15,
7556,Customer 7556,North,10,2024-01-15,
7557,Customer 7557,South,9999999,2024-01-15,
7558,Customer 7558,North,10,2024-01-15,
7559,Customer 7559,East,20,2024-01-15,
7560,Customer 7560,North,10,2024-01-15,
7561,Customer 7561,West,10,2024-01-15,
7562,Customer 7562,East,10,2024-01-15,
7563,Customer 7563,East,10,2024-01-15,
7564,Customer 7564,East,10,2024-01-15,
7565,Customer 7565,West,10,2024-01-15,
7566,Customer 7566,South,9999999,2024-01-15,
7567,Customer 7567,West,20,2024-01-15,
7568,Customer 7568,South,9999999,2024-01-15,
7569,Customer 7569,East,10,2024-01-15,
7570,Customer 7570,East,20,2024-01-15,
7571,Customer 7571,North,30,2024-01-15,
7572,Customer 7572,West,9999999,2024-01-15,
7573,Customer 7573,East,9999999,2024-01-15,
7574,Customer 7574,South,9999999,2024-01-15,
7575,Customer 7575,West,10,2024-01-15,
7576,Customer 7576,West,20,2024-01-15,
7577,Customer 7577,South,9999999,2024-01-15,
7578,Customer 7578,East,20,2024-01-15,
7579,Customer 7579,North,10,2024-01-15,
7580,Customer 7580,West,9999999,2024-01-15,
7581,Customer 7581,North,9999999,2024-01-15,
7582,Customer 7582,North,20,2024-01-15,
7583,Customer 7583,North,30,2024-01-15,
7584,Customer 7584,East,9999999,2024-01-15,
7585,Customer 7585 ,South,10,2024-01-15,
7586,Customer 7586,South,20,2024-01-15,
7587,Customer 7587,South,9999999,2024-01-15,
7588,Customer 7588,South,10,2024-01-15,
7589,Customer 7589,East,30,2024-01-15,
7590,Customer 7590,South,20,2024-01-15,
7591,Customer 7591,West,30,2024-01-15,
7592,Customer 7592,West,10,2024-01-15,
7593,Customer 7593,West,10,2024-01-15,
7594,Customer 7594,South,10,2024-01-15,
7595,Customer 7595,North,20,2024-01-15,
7596,Customer 7596,South,10,2024-01-15,
7597,Customer 7597,West,10,2024-01-15,
7598,Customer 7598,South,10,2024-01-15,
7599,Customer 7599,South,9999999,2024-01-15,
7600,Customer 7600,South,30,2024-01-15,
7601,Customer 7601,West,9999999,2024-01-15,
7602,Customer 7602,West,30,2024-01-15,
7603,Customer 7603,South,10,2024-01-15,
7604,Customer 7604,West,20,2024-01-15,
7605,Customer 7605,East,10,2024-01-15,
7606,Customer 7606,East,30,2024-01-15,
7607,Customer 7607,South,10,2024-01-15,
7608,Customer 7608,North,30,2024-01-15,
7609,Customer 7609,West,20,2024-01-15,
7610,Customer 7610,North,30,2024-01-15,
7611,Customer 7611,West,10,2024-01-15,
7612,Customer 7612,East,30,2024-01-15,
7613,Customer 7613,South,10,2024-01-15,
7614,Customer 7614,South,9999999,2024-01-15,
7615,Customer 7615,North,30,2024-01-15,
7616,Customer 7616,West,9999999,2024-01-15,
7617,Customer 7617,South,10,2024-01-15,
7618,Customer 7618,West,9999999,2024-01-15,
7619,Customer 7619,South,20,2024-01-15,
7620,Customer 7620,North,10,2024-01-15,
7621,Customer 7621,North,20,2024-01-15,
7622,Customer 7622 ,South,9999999,2024-01-15,
7623,Customer 7623,South,10,2024-01-15,
7624,Customer 7624,West,30,2024-01-15,
7625,Customer 7625,East,20,2024-01-15,
7626,Customer 7626,West,9999999,2024-01-15,
7627,Customer 7627,West,20,2024-01-15,
7628,Customer 7628,South,20,2024-01-15,
7629,Customer 7629,South,10,2024-01-15,
7630,Customer 7630,West,30,2024-01-15,
7631,Customer 7631,East,10,2024-01-15,
7632,Customer 7632,West,20,2024-01-15,
7633,Customer 7633,West,10,2024-01-15,
7634,Customer 7634,West,9999999,2024-01-15,
7635,Customer 7635,West,10,2024-01-15,
7636,Customer 7636,North,9999999,2024-01-15,
7637,Customer 7637,West,9999999,2024-01-15,
7638,Customer 7638,West,20,2024-01-15,
7639,Customer 7639,North,20,2024-01-15,
7640,Customer 7640,North,30,2024-01-15,
7641,Customer 7641,South,9999999,2024-01-15,
7642,Customer 7642,South,10,2024-01-15,
7643,Customer 7643,South,20,2024-01-15,
7644,Customer 7644,East,30,2024-01-15,
7645,Customer 7645,North,20,2024-01-15,
7646,Customer 7646,East,9999999,2024-01-15,
7647,Customer 7647,East,10,2024-01-15,
7648,Customer 7648,North,9999999,2024-01-15,
7649,Customer 7649,West,30,2024-01-15,
7650,Customer 7650,North,20,2024-01-15,
7651,Customer 7651,North,20,2024-01-15,
7652,Customer 7652,East,20,2024-01-15,
7653,Customer 7653,West,9999999,2024-01-15,
7654,Customer 7654,East,10,2024-01-15,
7655,Customer 7655,West,20,2024-01-15,
7656,Customer 7656,North,30,2024-01-15,
7657,Customer 7657,South,20,2024-01-15,
7658,Customer 7658,East,10,2024-01-15,
7659,Customer 7659 ,South,10,2024-01-15,
7660,Customer 7660,East,9999999,2024-01-15,
7661,Customer 7661,South,30,2024-01-15,
7662,Customer 7662,East,30,2024-01-15,
7663,Customer 7663,North,10,2024-01-15,
7664,Customer 7664,East,30,2024-01-15,
7665,Customer 7665,West,9999999,2024-01-15,
7666,Customer 7666,West,10,2024-01-15,
7667,Customer 7667,East,10,2024-01-15,
7668,Customer 7668,South,20,2024-01-15,
7669,Customer 7669,West,9999999,2024-01-15,
7670,Customer 7670,West,9999999,2024-01-15,
7671,Customer 7671,South,20,2024-01-15,
7672,Customer 7672,West,10,2024-01-15,
7673,Customer 7673,West,30,2024-01-15,
7674,Customer 7674,North,10,2024-01-15,
7675,Customer 7675,West,9999999,2024-01-15,
7676,Customer 7676,West,9999999,2024-01-15,
7677,Customer 7677,West,20,2024-01-15,
7678,Customer 7678,South,9999999,2024-01-15,
7679,Customer 7679,East,20,2024-01-15,
7680,Customer 7680,West,20,2024-01-15,
7681,Customer 7681,East,10,2024-01-15,
7682,Customer 7682,West,10,2024-01-15,
7683,Customer 7683,South,20,2024-01-15,
7684,Customer 7684,North,30,2024-01-15,
7685,Customer 7685,North,30,2024-01-15,
7686,Customer 7686,West,30,2024-01-15,
7687,Customer 7687,East,9999999,2024-01-15,
7688,Customer 7688,North,9999999,2024-01-15,
7689,Customer 7689,North,10,2024-01-15,
7690,Customer 7690,East,20,2024-01-15,
7691,Customer 7691,East,20,2024-01-15,
7692,Customer 7692,East,30,2024-01-15,
7693,Customer 7693,South,30,2024-01-15,
7694,Customer 7694,West,9999999,2024-01-15,
7695,Customer 7695,South,9999999,2024-01-15,
7696,Customer 7696 ,East,20,2024-01-15,
7697,Customer 7697,South,30,2024-01-15,
7698,Customer 7698,South,20,2024-01-15,
7699,Customer 7699,West,30,2024-01-15,
7700,Customer 7700,South,20,2024-01-15,
7701,Customer 7701,East,10,2024-01-15,
7702,Customer 7702,South,9999999,2024-01-15,
7703,Customer 7703,North,30,2024-01-15,
7704,Customer 7704,South,30,2024-01-15,
7705,Customer 7705,West,30,2024-01-15,
7706,Customer 7706,East,20,2024-01-15,
7707,Customer 7707,South,9999999,2024-01-15,
7708,Customer 7708,West,20,2024-01-15,
7709,Customer 7709,South,20,2024-01-15,
7710,Customer 7710,East,30,2024-01-15,
7711,Customer 7711,South,10,2024-01-15,
7712,Customer 7712,West,10,2024-01-15,
7713,Customer 7713,East,30,2024-01-15,
7714,Customer 7714,West,10,2024-01-15,
7715,Customer 7715,West,30,2024-01-15,
7716,Customer 7716,North,30,2024-01-15,
7717,Customer 7717,West,30,2024-01-15,
7718,Customer 7718,East,30,2024-01-15,
7719,Customer 7719,North,20,2024-01-15,
7720,Customer 7720,East,20,2024-01-15,
7721,Customer 7721,North,10,2024-01-15,
7722,Customer 7722,West,10,2024-01-15,
7723,Customer 7723,South,9999999,2024-01-15,
7724,Customer 7724,South,10,2024-01-15,
7725,Customer 7725,South,30,2024-01-15,
7726,Customer 7726,North,30,2024-01-15,
7727,Customer 7727,East,10,2024-01-15,
7728,Customer 7728,West,20,2024-01-15,
7729,Customer 7729,North,30,2024-01-15,
7730,Customer 7730,East,30,2024-01-15,
7731,Customer 7731,North,9999999,2024-01-15,
7732,Customer 7732,East,30,2024-01-15,
7733,Customer 7733 ,North,20,2024-01-15,
7734,Customer 7734,South,20,2024-01-15,
7735,Customer 7735,South,30,2024-01-15,
7736,Customer 7736,West,9999999,2024-01-15,
7737,Customer 7737,South,10,2024-01-15,
7738,Customer 7738,West,9999999,2024-01-15,
7739,Customer 7739,North,30,2024-01-15,
7740,Customer 7740,East,10,2024-01-15,
7741,Customer 7741,North,20,2024-01-15,
7742,Customer 7742,North,30,2024-01-15,
7743,Customer 7743,East,10,2024-01-15,
7744,Customer 7744,West,20,2024-01-15,
7745,Customer 7745,North,9999999,2024-01-15,
7746,Customer 7746,North,9999999,2024-01-15,
7747,Customer 7747,West,20,2024-01-15,
7748,Customer 7748,East,10,2024-01-15,
7749,Customer 7749,South,30,2024-01-15,
7750,Customer 7750,East,20,2024-01-15,
7751,Customer 7751,South,9999999,2024-01-15,
7752,Customer 7752,East,20,2024-01-15,
7753,Customer 7753,West,9999999,2024-01-15,
7754,Customer 7754,East,10,2024-01-15,
7755,Customer 7755,West,9999999,2024-01-15,
7756,Customer 7756,East,9999999,2024-01-15,
7757,Customer 7757,South,30,2024-01-15,
7758,Customer 7758,West,20,2024-01-15,
7759,Customer 7759,East,30,2024-01-15,
7760,Customer 7760,East,30,2024-01-15,
7761,Customer 7761,East,9999999,2024-01-15,
7762,Customer 7762,East,30,2024-01-15,
7763,Customer 7763,South,20,2024-01-15,
7764,Customer 7764,North,30,2024-01-15,
7765,Customer 7765,West,10,2024-01-15,
7766,Customer 7766,North,30,2024-01-15,
7767,Customer 7767,North,20,2024-01-15,
7768,Customer 7768,North,10,2024-01-15,
7769,Customer 7769,East,20,2024-01-15,
7770,Customer 7770 ,South,30,2024-01-15,
7771,Customer 7771,North,20,2024-01-15,
7772,Customer 7772,South,20,2024-01-15,
7773,Customer 7773,East,10,2024-01-15,
7774,Customer 7774,North,30,2024-01-15,
7775,Customer 7775,North,20,2024-01-15,
7776,Customer 7776,East,30,2024-01-15,
7777,Customer 7777,North,9999999,2024-01-15,
7778,Customer 7778,West,20,2024-01-15,
7779,Customer 7779,North,20,2024-01-15,
7780,Customer 7780,East,30,2024-01-15,
7781,Customer 7781,West,30,2024-01-15,
7782,Customer 7782,West,9999999,2024-01-15,
7783,Customer 7783,West,20,2024-01-15,
7784,Customer 7784,West,20,2024-01-15,
7785,Customer 7785,West,9999999,2024-01-15,
7786,Customer 7786,West,30,2024-01-15,
7787,Customer 7787,North,20,2024-01-15,
7788,Customer 7788,East,20,2024-01-15,
7789,Customer 7789,East,20,2024-01-15,
7790,Customer 7790,South,30,2024-01-15,
7791,Customer 7791,South,10,2024-01-15,
7792,Customer 7792,North,20,2024-01-15,
7793,Customer 7793,South,20,2024-01-15,
7794,Customer 7794,South,10,2024-01-15,
7795,Customer 7795,South,20,2024-01-15,
7796,Customer 7796,East,10,2024-01-15,
7797,Customer 7797,North,10,2024-01-15,
7798,Customer 7798,North,9999999,2024-01-15,
7799,Customer 7799,South,10,2024-01-15,
7800,Customer 7800,East,9999999,2024-01-15,
7801,Customer 7801,South,9999999,2024-01-15,
7802,Customer 7802,West,20,2024-01-15,
7803,Customer 7803,North,30,2024-01-15,
7804,Customer 7804,West,20,2024-01-15,
7805,Customer 7805,North,9999999,2024-01-15,
7806,Customer 7806,South,9999999,2024-01-15,
7807,Customer 7807 ,East,20,2024-01-15,
7808,Customer 7808,West,9999999,2024-01-15,
7809,Customer 7809,East,30,2024-01-15,
7810,Customer 7810,East,30,2024-01-15,
7811,Customer 7811,South,9999999,2024-01-15,
7812,Customer 7812,South,9999999,2024-01-15,
7813,Customer 7813,East,10,2024-01-15,
7814,Customer 7814,North,20,2024-01-15,
7815,Customer 7815,West,9999999,2024-01-15,
7816,Customer 7816,North,20,2024-01-15,
7817,Customer 7817,North,9999999,2024-01-15,
7818,Customer 7818,West,20,2024-01-15,
7819,Customer 7819,West,10,2024-01-15,
7820,Customer 7820,North,20,2024-01-15,
7821,Customer 7821,South,9999999,2024-01-15,
7822,Customer 7822,West,20,2024-01-15,
7823,Customer 7823,South,20,2024-01-15,
7824,Customer 7824,East,10,2024-01-15,
7825,Customer 7825,South,20,2024-01-15,
7826,Customer 7826,South,20,2024-01-15,
7827,Customer 7827,South,9999999,2024-01-15,
7828,Customer 7828,West,10,2024-01-15,
7829,Customer 7829,North,30,2024-01-15,
7830,Customer 7830,South,30,2024-01-15,
7831,Customer 7831,South,20,2024-01-15,
7832,Customer 7832,East,20,2024-01-15,
7833,Customer 7833,South,30,2024-01-15,
7834,Customer 7834,East,20,2024-01-15,
7835,Customer 7835,East,30,2024-01-15,
7836,Customer 7836,North,9999999,2024-01-15,
7837,Customer 7837,West,9999999,2024-01-15,
7838,Customer 7838,South,9999999,2024-01-15,
7839,Customer 7839,West,20,2024-01-15,
7840,Customer 7840,South,30,2024-01-15,
7841,Customer 7841,East,10,2024-01-15,
7842,Customer 7842,East,30,2024-01-15,
7843,Customer 7843,North,9999999,2024-01-15,
7844,Customer 7844 ,West,20,2024-01-15,
7845,Customer 7845,North,9999999,2024-01-15,
7846,Customer 7846,South,20,2024-01-15,
7847,Customer 7847,North,9999999,2024-01-15,
7848,Customer 7848,North,20,2024-01-15,
7849,Customer 7849,South,30,2024-01-15,
7850,Customer 7850,West,9999999,2024-01-15,
7851,Customer 7851,South,10,2024-01-15,
7852,Customer 7852,East,9999999,2024-01-15,
7853,Customer 7853,South,20,2024-01-15,
7854,Customer 7854,South,20,2024-01-15,
7855,Customer 7855,North,10,2024-01-15,
7856,Customer 7856,East,20,2024-01-15,
7857,Customer 7857,North,9999999,2024-01-15,
7858,Customer 7858,South,20,2024-01-15,
7859,Customer 7859,North,10,2024-01-15,
7860,Customer 7860,West,30,2024-01-15,
7861,Customer 7861,West,9999999,2024-01-15,
7862,Customer 7862,South,30,2024-01-15,
7863,Customer 7863,East,30,2024-01-15,
7864,Customer 7864,South,20,2024-01-15,
7865,Customer 7865,North,9999999,2024-01-15,
7866,Customer 7866,South,10,2024-01-15,
7867,Customer 7867,East,10,2024-01-15,
7868,Customer 7868,South,30,2024-01-15,
7869,Customer 7869,North,9999999,2024-01-15,
7870,Customer 7870,North,30,2024-01-15,
7871,Customer 7871,North,9999999,2024-01-15,
7872,Customer 7872,South,30,2024-01-15,
7873,Customer 7873,North,20,2024-01-15,
7874,Customer 7874,South,10,2024-01-15,
7875,Customer 7875,East,20,2024-01-15,
7876,Customer 7876,North,10,2024-01-15,
7877,Customer 7877,South,30,2024-01-15,
7878,Customer 7878,East,9999999,2024-01-15,
7879,Customer 7879,North,20,2024-01-15,
7880,Customer 7880,North,20,2024-01-15,
7881,Customer 7881 ,West,9999999,2024-01-15,
7882,Customer 7882,South,10,2024-01-15,
7883,Customer 7883,North,9999999,2024-01-15,
7884,Customer 7884,South,10,2024-01-15,
7885,Customer 7885,North,9999999,2024-01-15,
7886,Customer 7886,South,20,2024-01-15,
7887,Customer 7887,South,10,2024-01-15,
7888,Customer 7888,North,20,2024-01-15,
7889,Customer 7889,West,9999999,2024-01-15,
7890,Customer 7890,South,9999999,2024-01-15,
7891,Customer 7891,North,10,2024-01-15,
7892,Customer 7892,North,10,2024-01-15,
7893,Customer 7893,West,10,2024-01-15,
7894,Customer 7894,North,9999999,2024-01-15,
7895,Customer 7895,South,20,2024-01-15,
7896,Customer 7896,North,10,2024-01-15,
7897,Customer 7897,West,10,2024-01-15,
7898,Customer 7898,East,20,2024-01-15,
7899,Customer 7899,South,9999999,2024-01-15,
7900,Customer 7900,South,20,2024-01-15,
7901,Customer 7901,East,10,2024-01-15,
7902,Customer 7902,West,20,2024-01-15,
7903,Customer 7903,East,9999999,2024-01-15,
7904,Customer 7904,North,20,2024-01-15,
7905,Customer 7905,West,20,2024-01-15,
7906,Customer 7906,North,30,2024-01-15,
7907,Customer 7907,East,20,2024-01-15,
7908,Customer 7908,North,20,2024-01-15,
7909,Customer 7909,East,10,2024-01-15,
7910,Customer 7910,West,10,2024-01-15,
7911,Customer 7911,East,20,2024-01-15,
7912,Customer 7912,East,10,2024-01-15,
7913,Customer 7913,South,20,2024-01-15,
7914,Customer 7914,West,30,2024-01-15,
7915,Customer 7915,North,20,2024-01-15,
7916,Customer 7916,East,20,2024-01-15,
7917,Customer 7917,West,30,2024-01-15,
7918,Customer 7918 ,North,10,2024-01-15,
7919,Customer 7919,East,20,2024-01-15,
7920,Customer 7920,West,20,2024-01-15,
7921,Customer 7921,North,10,2024-01-15,
7922,Customer 7922,West,20,2024-01-15,
7923,Customer 7923,South,10,2024-01-15,
7924,Customer 7924,South,30,2024-01-15,
7925,Customer 7925,East,9999999,2024-01-15,
7926,Customer 7926,East,30,2024-01-15,
7927,Customer 7927,East,9999999,2024-01-15,
7928,Customer 7928,South,20,2024-01-15,
7929,Customer 7929,East,10,2024-01-15,
7930,Customer 7930,South,10,2024-01-15,
7931,Customer 7931,South,10,2024-01-15,
7932,Customer 7932,North,9999999,2024-01-15,
7933,Customer 7933,North,9999999,2024-01-15,
7934,Customer 7934,South,30,2024-01-15,
7935,Customer 7935,South,9999999,2024-01-15,
7936,Customer 7936,East,9999999,2024-01-15,
7937,Customer 7937,South,10,2024-01-15,
7938,Customer 7938,West,10,2024-01-15,
7939,Customer 7939,West,10,2024-01-15,
7940,Customer 7940,North,9999999,2024-01-15,
7941,Customer 7941,South,9999999,2024-01-15,
7942,Customer 7942,South,20,2024-01-15,
7943,Customer 7943,North,30,2024-01-15,
7944,Customer 7944,East,30,2024-01-15,
7945,Customer 7945,South,30,2024-01-15,
7946,Customer 7946,South,10,2024-01-15,
7947,Customer 7947,North,30,2024-01-15,
7948,Customer 7948,North,20,2024-01-15,
7949,Customer 7949,North,10,2024-01-15,
7950,Customer 7950,West,30,2024-01-15,
7951,Customer 7951,West,9999999,2024-01-15,
7952,Customer 7952,West,30,2024-01-15,
7953,Customer 7953,North,30,2024-01-15,
7954,Customer 7954,West,30,2024-01-15,
7955,Customer 7955 ,East,30,2024-01-15,
7956,Customer 7956,West,30,2024-01-15,
7957,Customer 7957,South,20,2024-01-15,
7958,Customer 7958,West,30,2024-01-15,
7959,Customer 7959,South,10,2024-01-15,
7960,Customer 7960,West,30,2024-01-15,
7961,Customer 7961,North,9999999,2024-01-15,
7962,Customer 7962,North,10,2024-01-15,
7963,Customer 7963,North,10,2024-01-15,
7964,Customer 7964,North,10,2024-01-15,
7965,Customer 7965,North,20,2024-01-15,
7966,Customer 7966,South,9999999,2024-01-15,
7967,Customer 7967,West,10,2024-01-15,
7968,Customer 7968,East,9999999,2024-01-15,
7969,Customer 7969,West,10,2024-01-15,
7970,Customer 7970,West,20,2024-01-15,
7971,Customer 7971,North,10,2024-01-15,
7972,Customer 7972,East,10,2024-01-15,
7973,Customer 7973,North,9999999,2024-01-15,
7974,Customer 7974,North,20,2024-01-15,
7975,Customer 7975,East,10,2024-01-15,
7976,Customer 7976,West,10,2024-01-15,
7977,Customer 7977,South,10,2024-01-15,
7978,Customer 7978,West,10,2024-01-15,
7979,Customer 7979,North,9999999,2024-01-15,
7980,Customer 7980,North,20,2024-01-15,
7981,Customer 7981,South,9999999,2024-01-15,
7982,Customer 7982,North,30,2024-01-15,
7983,Customer 7983,East,10,2024-01-15,
7984,Customer 7984,East,30,2024-01-15,
7985,Customer 7985,East,9999999,2024-01-15,
7986,Customer 7986,West,20,2024-01-15,
7987,Customer 7987,North,20,2024-01-15,
7988,Customer 7988,North,20,2024-01-15,
7989,Customer 7989,West,10,2024-01-15,
7990,Customer 7990,East,20,2024-01-15,
7991,Customer 7991,West,30,2024-01-15,
7992,Customer 7992 ,West,9999999,2024-01-15,
7993,Customer 7993,West,30,2024-01-15,
7994,Customer 7994,South,10,2024-01-15,
7995,Customer 7995,North,10,2024-01-15,
7996,Customer 7996,South,30,2024-01-15,
7997,Customer 7997,West,20,2024-01-15,
7998,Customer 7998,West,20,2024-01-15,
7999,Customer 7999,West,30,2024-01-15,
8000,Customer 8000,West,N/A,2024-01-15,
8001,Customer 8001,South,9999999,2024-01-15,
8002,Customer 8002,East,10,2024-01-15,
8003,Customer 8003,South,10,2024-01-15,
8004,Customer 8004,West,20,2024-01-15,
8005,Customer 8005,North,10,2024-01-15,
8006,Customer 8006,East,10,2024-01-15,
8007,Customer 8007,West,9999999,2024-01-15,
8008,Customer 8008,North,9999999,2024-01-15,
8009,Customer 8009,East,30,2024-01-15,
8010,Customer 8010,North,10,2024-01-15,
8011,Customer 8011,North,10,2024-01-15,
8012,Customer 8012,West,9999999,2024-01-15,
8013,Customer 8013,North,9999999,2024-01-15,
8014,Customer 8014,North,30,2024-01-15,
8015,Customer 8015,East,10,2024-01-15,
8016,Customer 8016,North,20,2024-01-15,
8017,Customer 8017,North,30,2024-01-15,
8018,Customer 8018,South,30,2024-01-15,
8019,Customer 8019,East,10,2024-01-15,
8020,Customer 8020,North,20,2024-01-15,
8021,Customer 8021,North,30,2024-01-15,
8022,Customer 8022,West,30,2024-01-15,
8023,Customer 8023,West,9999999,2024-01-15,
8024,Customer 8024,North,20,2024-01-15,
8025,Customer 8025,West,20,2024-01-15,
8026,Customer 8026,North,9999999,2024-01-15,
8027,Customer 8027,West,9999999,2024-01-15,
8028,Customer 8028,North,30,2024-01-15,
8029,Customer 8029 ,West,9999999,2024-01-15,
8030,Customer 8030,South,10,2024-01-15,
8031,Customer 8031,West,20,2024-01-15,
8032,Customer 8032,North,30,2024-01-15,
8033,Customer 8033,West,9999999,2024-01-15,
8034,Customer 8034,South,30,2024-01-15,
8035,Customer 8035,South,20,2024-01-15,
8036,Customer 8036,West,30,2024-01-15,
8037,Customer 8037,South,20,2024-01-15,
8038,Customer 8038,North,30,2024-01-15,
8039,Customer 8039,North,9999999,2024-01-15,
8040,Customer 8040,East,10,2024-01-15,
8041,Customer 8041,West,20,2024-01-15,
8042,Customer 8042,North,20,2024-01-15,
8043,Customer 8043,West,20,2024-01-15,
8044,Customer 8044,West,10,2024-01-15,
8045,Customer 8045,North,20,2024-01-15,
8046,Customer 8046,West,10,2024-01-15,
8047,Customer 8047,South,10,2024-01-15,
8048,Customer 8048,East,10,2024-01-15,
8049,Customer 8049,North,10,2024-01-15,
8050,Customer 8050,East,20,2024-01-15,
8051,Customer 8051,South,9999999,2024-01-15,
8052,Customer 8052,North,10,2024-01-15,
8053,Customer 8053,North,9999999,2024-01-15,
8054,Customer 8054,North,30,2024-01-15,
8055,Customer 8055,West,10,2024-01-15,
8056,Customer 8056,East,30,2024-01-15,
8057,Customer 8057,South,20,2024-01-15,
8058,Customer 8058,West,10,2024-01-15,
8059,Customer 8059,South,30,2024-01-15,
8060,Customer 8060,East,9999999,2024-01-15,
8061,Customer 8061,North,9999999,2024-01-15,
8062,Customer 8062,North,20,2024-01-15,
8063,Customer 8063,East,10,2024-01-15,
8064,Customer 8064,West,10,2024-01-15,
8065,Customer 8065,East,9999999,2024-01-15,
8066,Customer 8066 ,North,9999999,2024-01-15,
8067,Customer 8067,South,20,2024-01-15,
8068,Customer 8068,North,9999999,2024-01-15,
8069,Customer 8069,West,30,2024-01-15,
8070,Customer 8070,North,10,2024-01-15,
8071,Customer 8071,West,20,2024-01-15,
8072,Customer 8072,South,30,2024-01-15,
8073,Customer 8073,South,9999999,2024-01-15,
8074,Customer 8074,West,9999999,2024-01-15,
8075,Customer 8075,North,9999999,2024-01-15,
8076,Customer 8076,North,30,2024-01-15,
8077,Customer 8077,South,30,2024-01-15,
8078,Customer 8078,East,10,2024-01-15,
8079,Customer 8079,West,10,2024-01-15,
8080,Customer 8080,East,10,2024-01-15,
8081,Customer 8081,North,9999999,2024-01-15,
8082,Customer 8082,South,9999999,2024-01-15,
8083,Customer 8083,West,20,2024-01-15,
8084,Customer 8084,South,30,2024-01-15,
8085,Customer 8085,West,30,2024-01-15,
8086,Customer 8086,North,30,2024-01-15,
8087,Customer 8087,West,9999999,2024-01-15,
8088,Customer 8088,East,20,2024-01-15,
8089,Customer 8089,West,10,2024-01-15,
8090,Customer 8090,West,30,2024-01-15,
8091,Customer 8091,South,9999999,2024-01-15,
8092,Customer 8092,West,30,2024-01-15,
8093,Customer 8093,East,10,2024-01-15,
8094,Customer 8094,East,9999999,2024-01-15,
8095,Customer 8095,North,20,2024-01-15,
8096,Customer 8096,North,9999999,2024-01-15,
8097,Customer 8097,East,20,2024-01-15,
8098,Customer 8098,West,10,2024-01-15,
8099,Customer 8099,South,20,2024-01-15,
8100,Customer 8100,South,30,2024-01-15,
8101,Customer 8101,East,9999999,2024-01-15,
8102,Customer 8102,North,20,2024-01-15,
8103,Customer 8103 ,East,20,2024-01-15,
8104,Customer 8104,South,9999999,2024-01-15,
8105,Customer 8105,West,10,2024-01-15,
8106,Customer 8106,East,20,2024-01-15,
8107,Customer 8107,West,9999999,2024-01-15,
8108,Customer 8108,West,20,2024-01-15,
8109,Customer 8109,West,10,2024-01-15,
8110,Customer 8110,North,10,2024-01-15,
8111,Customer 8111,East,10,2024-01-15,
8112,Customer 8112,South,10,2024-01-15,
8113,Customer 8113,South,10,2024-01-15,
8114,Customer 8114,South,30,2024-01-15,
8115,Customer 8115,West,20,2024-01-15,
8116,Customer 8116,South,10,2024-01-15,
8117,Customer 8117,West,20,2024-01-15,
8118,Customer 8118,North,9999999,2024-01-15,
8119,Customer 8119,South,30,2024-01-15,
8120,Customer 8120,North,20,2024-01-15,
8121,Customer 8121,East,30,2024-01-15,
8122,Customer 8122,West,10,2024-01-15,
8123,Customer 8123,North,30,2024-01-15,
8124,Customer 8124,East,20,2024-01-15,
8125,Customer 8125,East,30,2024-01-15,
8126,Customer 8126,South,9999999,2024-01-15,
8127,Customer 8127,North,30,2024-01-15,
8128,Customer 8128,West,10,2024-01-15,
8129,Customer 8129,North,30,2024-01-15,
8130,Customer 8130,East,20,2024-01-15,
8131,Customer 8131,North,30,2024-01-15,
8132,Customer 8132,West,9999999,2024-01-15,
8133,Customer 8133,West,10,2024-01-15,
8134,Customer 8134,North,9999999,2024-01-15,
8135,Customer 8135,East,20,2024-01-15,
8136,Customer 8136,North,10,2024-01-15,
8137,Customer 8137,West,9999999,2024-01-15,
8138,Customer 8138,North,20,2024-01-15,
8139,Customer 8139,North,30,2024-01-15,
8140,Customer 8140 ,East,9999999,2024-01-15,
8141,Customer 8141,North,9999999,2024-01-15,
8142,Customer 8142,East,20,2024-01-15,
8143,Customer 8143,West,20,2024-01-15,
8144,Customer 8144,East,9999999,2024-01-15,
8145,Customer 8145,South,9999999,2024-01-15,
8146,Customer 8146,West,9999999,2024-01-15,
8147,Customer 8147,West,30,2024-01-15,
8148,Customer 8148,North,30,2024-01-15,
8149,Customer 8149,East,30,2024-01-15,
8150,Customer 8150,East,30,2024-01-15,
8151,Customer 8151,North,10,2024-01-15,
8152,Customer 8152,South,10,2024-01-15,
8153,Customer 8153,North,20,2024-01-15,
8154,Customer 8154,East,9999999,2024-01-15,
8155,Customer 8155,West,20,2024-01-15,
8156,Customer 8156,East,10,2024-01-15,
8157,Customer 8157,North,10,2024-01-15,
8158,Customer 8158,North,9999999,2024-01-15,
8159,Customer 8159,North,9999999,2024-01-15,
8160,Customer 8160,West,20,2024-01-15,
8161,Customer 8161,West,20,2024-01-15,
8162,Customer 8162,South,30,2024-01-15,
8163,Customer 8163,South,9999999,2024-01-15,
8164,Customer 8164,East,10,2024-01-15,
8165,Customer 8165,East,30,2024-01-15,
8166,Customer 8166,West,10,2024-01-15,
8167,Customer 8167,North,9999999,2024-01-15,
8168,Customer 8168,North,10,2024-01-15,
8169,Customer 8169,South,30,2024-01-15,
8170,Customer 8170,East,30,2024-01-15,
8171,Customer 8171,North,20,2024-01-15,
8172,Customer 8172,West,30,2024-01-15,
8173,Customer 8173,East,9999999,2024-01-15,
8174,Customer 8174,West,9999999,2024-01-15,
8175,Customer 8175,West,9999999,2024-01-15,
8176,Customer 8176,East,10,2024-01-15,
8177,Customer 8177 ,East,9999999,2024-01-15,
8178,Customer 8178,North,20,2024-01-15,
8179,Customer 8179,East,30,2024-01-15,
8180,Customer 8180,East,9999999,2024-01-15,
8181,Customer 8181,West,9999999,2024-01-15,
8182,Customer 8182,North,30,2024-01-15,
8183,Customer 8183,East,9999999,2024-01-15,
8184,Customer 8184,South,30,2024-01-15,
8185,Customer 8185,North,20,2024-01-15,
8186,Customer 8186,South,9999999,2024-01-15,
8187,Customer 8187,East,20,2024-01-15,
8188,Customer 8188,West,30,2024-01-15,
8189,Customer 8189,South,9999999,2024-01-15,
8190,Customer 8190,West,20,2024-01-15,
8191,Customer 8191,East,30,2024-01-15,
8192,Customer 8192,North,10,2024-01-15,
8193,Customer 8193,East,9999999,2024-01-15,
8194,Customer 8194,South,30,2024-01-15,
8195,Customer 8195,North,10,2024-01-15,
8196,Customer 8196,South,9999999,2024-01-15,
8197,Customer 8197,North,20,2024-01-15,
8198,Customer 8198,South,20,2024-01-15,
8199,Customer 8199,South,30,2024-01-15,
8200,Customer 8200,West,9999999,2024-01-15,
8201,Customer 8201,West,9999999,2024-01-15,
8202,Customer 8202,West,30,2024-01-15,
8203,Customer 8203,East,20,2024-01-15,
8204,Customer 8204,West,10,2024-01-15,
8205,Customer 8205,North,10,2024-01-15,
8206,Customer 8206,South,10,2024-01-15,
8207,Customer 8207,North,30,2024-01-15,
8208,Customer 8208,East,10,2024-01-15,
8209,Customer 8209,West,30,2024-01-15,
8210,Customer 8210,North,10,2024-01-15,
8211,Customer 8211,North,10,2024-01-15,
8212,Customer 8212,West,9999999,2024-01-15,
8213,Customer 8213,West,9999999,2024-01-15,
8214,Customer 8214 ,South,20,2024-01-15,
8215,Customer 8215,South,10,2024-01-15,
8216,Customer 8216,West,30,2024-01-15,
8217,Customer 8217,East,10,2024-01-15,
8218,Customer 8218,South,9999999,2024-01-15,
8219,Customer 8219,East,9999999,2024-01-15,
8220,Customer 8220,West,20,2024-01-15,
8221,Customer 8221,South,10,2024-01-15,
8222,Customer 8222,South,10,2024-01-15,
8223,Customer 8223,South,10,2024-01-15,
8224,Customer 8224,South,30,2024-01-15,
8225,Customer 8225,East,9999999,2024-01-15,
8226,Customer 8226,West,20,2024-01-15,
8227,Customer 8227,West,30,2024-01-15,
8228,Customer 8228,West,10,2024-01-15,
8229,Customer 8229,South,30,2024-01-15,
8230,Customer 8230,East,30,2024-01-15,
8231,Customer 8231,East,20,2024-01-15,
8232,Customer 8232,North,20,2024-01-15,
8233,Customer 8233,East,20,2024-01-15,
8234,Customer 8234,East,30,2024-01-15,
8235,Customer 8235,North,30,2024-01-15,
8236,Customer 8236,West,10,2024-01-15,
8237,Customer 8237,East,30,2024-01-15,
8238,Customer 8238,East,30,2024-01-15,
8239,Customer 8239,East,9999999,2024-01-15,
8240,Customer 8240,South,20,2024-01-15,
8241,Customer 8241,North,10,2024-01-15,
8242,Customer 8242,South,20,2024-01-15,
8243,Customer 8243,West,20,2024-01-15,
8244,Customer 8244,West,30,2024-01-15,
8245,Customer 8245,West,10,2024-01-15,
8246,Customer 8246,West,9999999,2024-01-15,
8247,Customer 8247,South,20,2024-01-15,
8248,Customer 8248,South,30,2024-01-15,
8249,Customer 8249,South,9999999,2024-01-15,
8250,Customer 8250,South,10,2024-01-15,
8251,Customer 8251 ,South,9999999,2024-01-15,
8252,Customer 8252,West,10,2024-01-15,
8253,Customer 8253,North,30,2024-01-15,
8254,Customer 8254,North,10,2024-01-15,
8255,Customer 8255,South,9999999,2024-01-15,
8256,Customer 8256,East,10,2024-01-15,
8257,Customer 8257,South,30,2024-01-15,
8258,Customer 8258,West,10,2024-01-15,
8259,Customer 8259,East,20,2024-01-15,
8260,Customer 8260,East,20,2024-01-15,
8261,Customer 8261,East,20,2024-01-15,
8262,Customer 8262,East,20,2024-01-15,
8263,Customer 8263,North,10,2024-01-15,
8264,Customer 8264,North,10,2024-01-15,
8265,Customer 8265,West,9999999,2024-01-15,
8266,Customer 8266,East,9999999,2024-01-15,
8267,Customer 8267,West,10,2024-01-15,
8268,Customer 8268,South,30,2024-01-15,
8269,Customer 8269,East,30,2024-01-15,
8270,Customer 8270,East,30,2024-01-15,
8271,Customer 8271,East,30,2024-01-15,
8272,Customer 8272,North,9999999,2024-01-15,
8273,Customer 8273,East,20,2024-01-15,
8274,Customer 8274,West,10,2024-01-15,
8275,Customer 8275,West,20,2024-01-15,
8276,Customer 8276,North,10,2024-01-15,
8277,Customer 8277,South,30,2024-01-15,
8278,Customer 8278,South,10,2024-01-15,
8279,Customer 8279,East,9999999,2024-01-15,
8280,Customer 8280,West,9999999,2024-01-15,
8281,Customer 8281,North,20,2024-01-15,
8282,Customer 8282,East,30,2024-01-15,
8283,Customer 8283,South,9999999,2024-01-15,
8284,Customer 8284,North,9999999,2024-01-15,
8285,Customer 8285,West,30,2024-01-15,
8286,Customer 8286,East,20,2024-01-15,
8287,Customer 8287,South,9999999,2024-01-15,
8288,Customer 8288 ,North,10,2024-01-15,
8289,Customer 8289,East,9999999,2024-01-15,
8290,Customer 8290,East,20,2024-01-15,
8291,Customer 8291,South,20,2024-01-15,
8292,Customer 8292,West,20,2024-01-15,
8293,Customer 8293,South,20,2024-01-15,
8294,Customer 8294,North,20,2024-01-15,
8295,Customer 8295,North,20,2024-01-15,
8296,Customer 8296,North,9999999,2024-01-15,
8297,Customer 8297,South,9999999,2024-01-15,
8298,Customer 8298,South,20,2024-01-15,
8299,Customer 8299,South,10,2024-01-15,
8300,Customer 8300,South,20,2024-01-15,
8301,Customer 8301,North,10,2024-01-15,
8302,Customer 8302,North,10,2024-01-15,
8303,Customer 8303,South,20,2024-01-15,
8304,Customer 8304,North,20,2024-01-15,
8305,Customer 8305,North,10,2024-01-15,
8306,Customer 8306,West,9999999,2024-01-15,
8307,Customer 8307,West,9999999,2024-01-15,
8308,Customer 8308,North,10,2024-01-15,
8309,Customer 8309,West,10,2024-01-15,
8310,Customer 8310,North,9999999,2024-01-15,
8311,Customer 8311,North,10,2024-01-15,
8312,Customer 8312,South,30,2024-01-15,
8313,Customer 8313,West,30,2024-01-15,
8314,Customer 8314,East,10,2024-01-15,
8315,Customer 8315,South,10,2024-01-15,
8316,Customer 8316,East,30,2024-01-15,
8317,Customer 8317,North,20,2024-01-15,
8318,Customer 8318,West,10,2024-01-15,
8319,Customer 8319,West,30,2024-01-15,
8320,Customer 8320,South,20,2024-01-15,
8321,Customer 8321,East,30,2024-01-15,
8322,Customer 8322,East,9999999,2024-01-15,
8323,Customer 8323,North,10,2024-01-15,
8324,Customer 8324,South,10,2024-01-15,
8325,Customer 8325 ,West,10,2024-01-15,
8326,Customer 8326,South,9999999,2024-01-15,
8327,Customer 8327,East,10,2024-01-15,
8328,Customer 8328,East,30,2024-01-15,
8329,Customer 8329,West,9999999,2024-01-15,
8330,Customer 8330,East,10,2024-01-15,
8331,Customer 8331,North,10,2024-01-15,
8332,Customer 8332,West,9999999,2024-01-15,
8333,Customer 8333,West,9999999,2024-01-15,
8334,Customer 8334,North,30,2024-01-15,
8335,Customer 8335,North,10,2024-01-15,
8336,Customer 8336,East,9999999,2024-01-15,
8337,Customer 8337,North,30,2024-01-15,
8338,Customer 8338,South,10,2024-01-15,
8339,Customer 8339,North,30,2024-01-15,
8340,Customer 8340,East,9999999,2024-01-15,
8341,Customer 8341,West,10,2024-01-15,
8342,Customer 8342,West,30,2024-01-15,
8343,Customer 8343,North,10,2024-01-15,
8344,Customer 8344,South,30,2024-01-15,
8345,Customer 8345,West,9999999,2024-01-15,
8346,Customer 8346,East,20,2024-01-15,
8347,Customer 8347,West,20,2024-01-15,
8348,Customer 8348,South,9999999,2024-01-15,
8349,Customer 8349,West,9999999,2024-01-15,
8350,Customer 8350,South,10,2024-01-15,
8351,Customer 8351,North,9999999,2024-01-15,
8352,Customer 8352,West,9999999,2024-01-15,
8353,Customer 8353,East,10,2024-01-15,
8354,Customer 8354,East,10,2024-01-15,
8355,Customer 8355,South,9999999,2024-01-15,
8356,Customer 8356,West,30,2024-01-15,
8357,Customer 8357,West,10,2024-01-15,
8358,Customer 8358,North,9999999,2024-01-15,
8359,Customer 8359,South,20,2024-01-15,
8360,Customer 8360,North,10,2024-01-15,
8361,Customer 8361,West,20,2024-01-15,
8362,Customer 8362 ,West,30,2024-01-15,
8363,Customer 8363,West,20,2024-01-15,
8364,Customer 8364,East,10,2024-01-15,
8365,Customer 8365,North,10,2024-01-15,
8366,Customer 8366,South,30,2024-01-15,
8367,Customer 8367,West,10,2024-01-15,
8368,Customer 8368,East,30,2024-01-15,
8369,Customer 8369,North,30,2024-01-15,
8370,Customer 8370,West,9999999,2024-01-15,
8371,Customer 8371,East,9999999,2024-01-15,
8372,Customer 8372,South,10,2024-01-15,
8373,Customer 8373,East,9999999,2024-01-15,
8374,Customer 8374,South,9999999,2024-01-15,
8375,Customer 8375,North,10,2024-01-15,
8376,Customer 8376,East,20,2024-01-15,
8377,Customer 8377,West,10,2024-01-15,
8378,Customer 8378,West,20,2024-01-15,
8379,Customer 8379,South,30,2024-01-15,
8380,Customer 8380,South,20,2024-01-15,
8381,Customer 8381,East,9999999,2024-01-15,
8382,Customer 8382,West,10,2024-01-15,
8383,Customer 8383,East,10,2024-01-15,
8384,Customer 8384,East,30,2024-01-15,
8385,Customer 8385,North,20,2024-01-15,
8386,Customer 8386,East,30,2024-01-15,
8387,Customer 8387,West,30,2024-01-15,
8388,Customer 8388,East,10,2024-01-15,
8389,Customer 8389,South,9999999,2024-01-15,
8390,Customer 8390,South,10,2024-01-15,
8391,Customer 8391,East,20,2024-01-15,
8392,Customer 8392,North,9999999,2024-01-15,
8393,Customer 8393,North,10,2024-01-15,
8394,Customer 8394,West,10,2024-01-15,
8395,Customer 8395,East,20,2024-01-15,
8396,Customer 8396,East,9999999,2024-01-15,
8397,Customer 8397,West,10,2024-01-15,
8398,Customer 8398,South,20,2024-01-15,
8399,Customer 8399 ,East,20,2024-01-15,
8400,Customer 8400,South,9999999,2024-01-15,
8401,Customer 8401,East,20,2024-01-15,
8402,Customer 8402,North,30,2024-01-15,
8403,Customer 8403,North,10,2024-01-15,
8404,Customer 8404,South,9999999,2024-01-15,
8405,Customer 8405,East,20,2024-01-15,
8406,Customer 8406,South,9999999,2024-01-15,
8407,Customer 8407,South,10,2024-01-15,
8408,Customer 8408,North,9999999,2024-01-15,
8409,Customer 8409,East,9999999,2024-01-15,
8410,Customer 8410,West,10,2024-01-15,
8411,Customer 8411,North,10,2024-01-15,
8412,Customer 8412,North,30,2024-01-15,
8413,Customer 8413,North,10,2024-01-15,
8414,Customer 8414,North,30,2024-01-15,
8415,Customer 8415,West,20,2024-01-15,
8416,Customer 8416,North,10,2024-01-15,
8417,Customer 8417,South,30,2024-01-15,
8418,Customer 8418,North,9999999,2024-01-15,
8419,Customer 8419,East,10,2024-01-15,
8420,Customer 8420,West,20,2024-01-15,
8421,Customer 8421,South,10,2024-01-15,
8422,Customer 8422,North,20,2024-01-15,
8423,Customer 8423,West,10,2024-01-15,
8424,Customer 8424,West,10,2024-01-15,
8425,Customer 8425,North,30,2024-01-15,
8426,Customer 8426,West,10,2024-01-15,
8427,Customer 8427,North,30,2024-01-15,
8428,Customer 8428,East,30,2024-01-15,
8429,Customer 8429,South,30,2024-01-15,
8430,Customer 8430,West,20,2024-01-15,
8431,Customer 8431,South,9999999,2024-01-15,
8432,Customer 8432,East,9999999,2024-01-15,
8433,Customer 8433,East,20,2024-01-15,
8434,Customer 8434,West,30,2024-01-15,
8435,Customer 8435,West,10,2024-01-15,
8436,Customer 8436 ,South,10,2024-01-15,
8437,Customer 8437,South,9999999,2024-01-15,
8438,Customer 8438,North,30,2024-01-15,
8439,Customer 8439,North,20,2024-01-15,
8440,Customer 8440,East,10,2024-01-15,
8441,Customer 8441,North,30,2024-01-15,
8442,Customer 8442,East,20,2024-01-15,
8443,Customer 8443,South,9999999,2024-01-15,
8444,Customer 8444,North,20,2024-01-15,
8445,Customer 8445,East,9999999,2024-01-15,
8446,Customer 8446,East,20,2024-01-15,
8447,Customer 8447,East,9999999,2024-01-15,
8448,Customer 8448,East,20,2024-01-15,
8449,Customer 8449,West,20,2024-01-15,
8450,Customer 8450,West,10,2024-01-15,
8451,Customer 8451,West,30,2024-01-15,
8452,Customer 8452,West,10,2024-01-15,
8453,Customer 8453,South,9999999,2024-01-15,
8454,Customer 8454,East,20,2024-01-15,
8455,Customer 8455,South,30,2024-01-15,
8456,Customer 8456,South,30,2024-01-15,
8457,Customer 8457,South,30,2024-01-15,
8458,Customer 8458,East,9999999,2024-01-15,
8459,Customer 8459,South,9999999,2024-01-15,
8460,Customer 8460,East,10,2024-01-15,
8461,Customer 8461,North,30,2024-01-15,
8462,Customer 8462,West,9999999,2024-01-15,
8463,Customer 8463,North,30,2024-01-15,
8464,Customer 8464,East,9999999,2024-01-15,
8465,Customer 8465,East,9999999,2024-01-15,
8466,Customer 8466,North,30,2024-01-15,
8467,Customer 8467,West,30,2024-01-15,
8468,Customer 8468,South,20,2024-01-15,
8469,Customer 8469,North,20,2024-01-15,
8470,Customer 8470,East,10,2024-01-15,
8471,Customer 8471,North,30,2024-01-15,
8472,Customer 8472,West,10,2024-01-15,
8473,Customer 8473 ,North,30,2024-01-15,
8474,Customer 8474,South,10,2024-01-15,
8475,Customer 8475,North,10,2024-01-15,
8476,Customer 8476,West,10,2024-01-15,
8477,Customer 8477,North,9999999,2024-01-15,
8478,Customer 8478,South,10,2024-01-15,
8479,Customer 8479,East,30,2024-01-15,
8480,Customer 8480,West,9999999,2024-01-15,
8481,Customer 8481,South,10,2024-01-15,
8482,Customer 8482,North,20,2024-01-15,
8483,Customer 8483,East,9999999,2024-01-15,
8484,Customer 8484,East,20,2024-01-15,
8485,Customer 8485,North,30,2024-01-15,
8486,Customer 8486,North,20,2024-01-15,
8487,Customer 8487,South,10,2024-01-15,
8488,Customer 8488,West,20,2024-01-15,
8489,Customer 8489,East,30,2024-01-15,
8490,Customer 8490,North,10,2024-01-15,
8491,Customer 8491,West,20,2024-01-15,
8492,Customer 8492,North,10,2024-01-15,
8493,Customer 8493,North,30,2024-01-15,
8494,Customer 8494,South,30,2024-01-15,
8495,Customer 8495,East,20,2024-01-15,
8496,Customer 8496,West,30,2024-01-15,
8497,Customer 8497,North,30,2024-01-15,
8498,Customer 8498,East,9999999,2024-01-15,
8499,Customer 8499,West,10,2024-01-15,
8500,Customer 8500,North,N/A,2024-01-15,
8501,Customer 8501,South,9999999,2024-01-15,
8502,Customer 8502,West,20,2024-01-15,
8503,Customer 8503,East,10,2024-01-15,
8504,Customer 8504,North,30,2024-01-15,
8505,Customer 8505,North,20,2024-01-15,
8506,Customer 8506,North,10,2024-01-15,
8507,Customer 8507,East,9999999,2024-01-15,
8508,Customer 8508,East,20,2024-01-15,
8509,Customer 8509,South,10,2024-01-15,
8510,Customer 8510 ,North,10,2024-01-15,
8511,Customer 8511,East,30,2024-01-15,
8512,Customer 8512,North,20,2024-01-15,
8513,Customer 8513,West,20,2024-01-15,
8514,Customer 8514,East,10,2024-01-15,
8515,Customer 8515,North,10,2024-01-15,
8516,Customer 8516,North,30,2024-01-15,
8517,Customer 8517,East,20,2024-01-15,
8518,Customer 8518,East,20,2024-01-15,
8519,Customer 8519,South,30,2024-01-15,
8520,Customer 8520,East,30,2024-01-15,
8521,Customer 8521,North,20,2024-01-15,
8522,Customer 8522,West,30,2024-01-15,
8523,Customer 8523,North,10,2024-01-15,
8524,Customer 8524,West,10,2024-01-15,
8525,Customer 8525,North,9999999,2024-01-15,
8526,Customer 8526,West,10,2024-01-15,
8527,Customer 8527,North,9999999,2024-01-15,
8528,Customer 8528,West,10,2024-01-15,
8529,Customer 8529,West,9999999,2024-01-15,
8530,Customer 8530,North,30,2024-01-15,
8531,Customer 8531,West,20,2024-01-15,
8532,Customer 8532,South,30,2024-01-15,
8533,Customer 8533,South,20,2024-01-15,
8534,Customer 8534,East,30,2024-01-15,
8535,Customer 8535,South,30,2024-01-15,
8536,Customer 8536,North,10,2024-01-15,
8537,Customer 8537,West,9999999,2024-01-15,
8538,Customer 8538,West,9999999,2024-01-15,
8539,Customer 8539,East,20,2024-01-15,
8540,Customer 8540,North,30,2024-01-15,
8541,Customer 8541,South,20,2024-01-15,
8542,Customer 8542,North,30,2024-01-15,
8543,Customer 8543,West,10,2024-01-15,
8544,Customer 8544,West,20,2024-01-15,
8545,Customer 8545,East,30,2024-01-15,
8546,Customer 8546,West,20,2024-01-15,
8547,Customer 8547 ,East,20,2024-01-15,
8548,Customer 8548,West,10,2024-01-15,
8549,Customer 8549,South,30,2024-01-15,
8550,Customer 8550,South,10,2024-01-15,
8551,Customer 8551,South,20,2024-01-15,
8552,Customer 8552,East,20,2024-01-15,
8553,Customer 8553,North,30,2024-01-15,
8554,Customer 8554,North,10,2024-01-15,
8555,Customer 8555,North,10,2024-01-15,
8556,Customer 8556,North,9999999,2024-01-15,
8557,Customer 8557,South,30,2024-01-15,
8558,Customer 8558,West,10,2024-01-15,
8559,Customer 8559,South,30,2024-01-15,
8560,Customer 8560,South,10,2024-01-15,
8561,Customer 8561,North,10,2024-01-15,
8562,Customer 8562,West,9999999,2024-01-15,
8563,Customer 8563,South,9999999,2024-01-15,
8564,Customer 8564,North,20,2024-01-15,
8565,Customer 8565,East,30,2024-01-15,
8566,Customer 8566,East,9999999,2024-01-15,
8567,Customer 8567,East,9999999,2024-01-15,
8568,Customer 8568,North,20,2024-01-15,
8569,Customer 8569,West,20,2024-01-15,
8570,Customer 8570,South,30,2024-01-15,
8571,Customer 8571,North,9999999,2024-01-15,
8572,Customer 8572,South,20,2024-01-15,
8573,Customer 8573,South,9999999,2024-01-15,
8574,Customer 8574,South,10,2024-01-15,
8575,Customer 8575,East,9999999,2024-01-15,
8576,Customer 8576,South,30,2024-01-15,
8577,Customer 8577,East,10,2024-01-15,
8578,Customer 8578,West,9999999,2024-01-15,
8579,Customer 8579,South,10,2024-01-15,
8580,Customer 8580,West,10,2024-01-15,
8581,Customer 8581,North,10,2024-01-15,
8582,Customer 8582,South,30,2024-01-15,
8583,Customer 8583,North,20,2024-01-15,
8584,Customer 8584 ,South,20,2024-01-15,
8585,Customer 8585,South,9999999,2024-01-15,
8586,Customer 8586,South,10,2024-01-15,
8587,Customer 8587,East,10,2024-01-15,
8588,Customer 8588,West,10,2024-01-15,
8589,Customer 8589,East,10,2024-01-15,
8590,Customer 8590,West,10,2024-01-15,
8591,Customer 8591,North,10,2024-01-15,
8592,Customer 8592,South,9999999,2024-01-15,
8593,Customer 8593,East,30,2024-01-15,
8594,Customer 8594,East,10,2024-01-15,
8595,Customer 8595,West,9999999,2024-01-15,
8596,Customer 8596,North,20,2024-01-15,
8597,Customer 8597,North,9999999,2024-01-15,
8598,Customer 8598,East,10,2024-01-15,
8599,Customer 8599,West,20,2024-01-15,
8600,Customer 8600,North,20,2024-01-15,
8601,Customer 8601,South,9999999,2024-01-15,
8602,Customer 8602,South,9999999,2024-01-15,
8603,Customer 8603,East,30,2024-01-15,
8604,Customer 8604,North,30,2024-01-15,
8605,Customer 8605,South,10,2024-01-15,
8606,Customer 8606,West,20,2024-01-15,
8607,Customer 8607,North,20,2024-01-15,
8608,Customer 8608,South,10,2024-01-15,
8609,Customer 8609,East,20,2024-01-15,
8610,Customer 8610,South,20,2024-01-15,
8611,Customer 8611,South,20,2024-01-15,
8612,Customer 8612,East,10,2024-01-15,
8613,Customer 8613,East,10,2024-01-15,
8614,Customer 8614,West,30,2024-01-15,
8615,Customer 8615,South,30,2024-01-15,
8616,Customer 8616,North,20,2024-01-15,
8617,Customer 8617,West,10,2024-01-15,
8618,Customer 8618,South,30,2024-01-15,
8619,Customer 8619,South,10,2024-01-15,
8620,Customer 8620,South,10,2024-01-15,
8621,Customer 8621 ,South,10,2024-01-15,
8622,Customer 8622,East,10,2024-01-15,
8623,Customer 8623,South,20,2024-01-15,
8624,Customer 8624,South,20,2024-01-15,
8625,Customer 8625,West,9999999,2024-01-15,
8626,Customer 8626,South,30,2024-01-15,
8627,Customer 8627,South,10,2024-01-15,
8628,Customer 8628,South,30,2024-01-15,
8629,Customer 8629,South,10,2024-01-15,
8630,Customer 8630,West,10,2024-01-15,
8631,Customer 8631,North,30,2024-01-15,
8632,Customer 8632,East,9999999,2024-01-15,
8633,Customer 8633,South,9999999,2024-01-15,
8634,Customer 8634,North,10,2024-01-15,
8635,Customer 8635,South,30,2024-01-15,
8636,Customer 8636,West,9999999,2024-01-15,
8637,Customer 8637,East,9999999,2024-01-15,
8638,Customer 8638,North,9999999,2024-01-15,
8639,Customer 8639,South,20,2024-01-15,
8640,Customer 8640,North,10,2024-01-15,
8641,Customer 8641,North,20,2024-01-15,
8642,Customer 8642,North,9999999,2024-01-15,
8643,Customer 8643,East,9999999,2024-01-15,
8644,Customer 8644,North,9999999,2024-01-15,
8645,Customer 8645,South,20,2024-01-15,
8646,Customer 8646,North,10,2024-01-15,
8647,Customer 8647,South,30,2024-01-15,
8648,Customer 8648,North,30,2024-01-15,
8649,Customer 8649,West,9999999,2024-01-15,
8650,Customer 8650,South,20,2024-01-15,
8651,Customer 8651,South,10,2024-01-15,
8652,Customer 8652,West,10,2024-01-15,
8653,Customer 8653,North,9999999,2024-01-15,
8654,Customer 8654,East,10,2024-01-15,
8655,Customer 8655,East,9999999,2024-01-15,
8656,Customer 8656,West,9999999,2024-01-15,
8657,Customer 8657,North,9999999,2024-01-15,
8658,Customer 8658 ,South,9999999,2024-01-15,
8659,Customer 8659,South,9999999,2024-01-15,
8660,Customer 8660,West,10,2024-01-15,
8661,Customer 8661,East,30,2024-01-15,
8662,Customer 8662,East,10,2024-01-15,
8663,Customer 8663,East,30,2024-01-15,
8664,Customer 8664,North,30,2024-01-15,
8665,Customer 8665,West,9999999,2024-01-15,
8666,Customer 8666,South,9999999,2024-01-15,
8667,Customer 8667,South,30,2024-01-15,
8668,Customer 8668,West,20,2024-01-15,
8669,Customer 8669,North,30,2024-01-15,
8670,Customer 8670,West,30,2024-01-15,
8671,Customer 8671,West,20,2024-01-15,
8672,Customer 8672,South,20,2024-01-15,
8673,Customer 8673,West,20,2024-01-15,
8674,Customer 8674,West,20,2024-01-15,
8675,Customer 8675,North,10,2024-01-15,
8676,Customer 8676,South,30,2024-01-15,
8677,Customer 8677,South,30,2024-01-15,
8678,Customer 8678,South,9999999,2024-01-15,
8679,Customer 8679,East,30,2024-01-15,
8680,Customer 8680,South,30,2024-01-15,
8681,Customer 8681,North,10,2024-01-15,
8682,Customer 8682,North,9999999,2024-01-15,
8683,Customer 8683,South,9999999,2024-01-15,
8684,Customer 8684,East,20,2024-01-15,
8685,Customer 8685,West,10,2024-01-15,
8686,Customer 8686,South,30,2024-01-15,
8687,Customer 8687,East,20,2024-01-15,
8688,Customer 8688,South,20,2024-01-15,
8689,Customer 8689,West,30,2024-01-15,
8690,Customer 8690,East,20,2024-01-15,
8691,Customer 8691,East,10,2024-01-15,
8692,Customer 8692,South,20,2024-01-15,
8693,Customer 8693,East,20,2024-01-15,
8694,Customer 8694,North,20,2024-01-15,
8695,Customer 8695 ,North,20,2024-01-15,
8696,Customer 8696,East,10,2024-01-15,
8697,Customer 8697,West,9999999,2024-01-15,
8698,Customer 8698,East,10,2024-01-15,
8699,Customer 8699,East,30,2024-01-15,
8700,Customer 8700,West,9999999,2024-01-15,
8701,Customer 8701,West,30,2024-01-15,
8702,Customer 8702,West,30,2024-01-15,
8703,Customer 8703,East,9999999,2024-01-15,
8704,Customer 8704,South,30,2024-01-15,
8705,Customer 8705,South,30,2024-01-15,
8706,Customer 8706,East,9999999,2024-01-15,
8707,Customer 8707,East,9999999,2024-01-15,
8708,Customer 8708,West,9999999,2024-01-15,
8709,Customer 8709,North,9999999,2024-01-15,
8710,Customer 8710,South,9999999,2024-01-15,
8711,Customer 8711,South,30,2024-01-15,
8712,Customer 8712,South,10,2024-01-15,
8713,Customer 8713,East,30,2024-01-15,
8714,Customer 8714,North,30,2024-01-15,
8715,Customer 8715,East,10,2024-01-15,
8716,Customer 8716,North,30,2024-01-15,
8717,Customer 8717,South,30,2024-01-15,
8718,Customer 8718,South,9999999,2024-01-15,
8719,Customer 8719,East,30,2024-01-15,
8720,Customer 8720,West,9999999,2024-01-15,
8721,Customer 8721,West,30,2024-01-15,
8722,Customer 8722,North,20,2024-01-15,
8723,Customer 8723,North,20,2024-01-15,
8724,Customer 8724,East,9999999,2024-01-15,
8725,Customer 8725,South,20,2024-01-15,
8726,Customer 8726,North,30,2024-01-15,
8727,Customer 8727,South,30,2024-01-15,
8728,Customer 8728,North,9999999,2024-01-15,
8729,Customer 8729,North,30,2024-01-15,
8730,Customer 8730,South,30,2024-01-15,
8731,Customer 8731,South,20,2024-01-15,
8732,Customer 8732 ,North,9999999,2024-01-15,
8733,Customer 8733,East,30,2024-01-15,
8734,Customer 8734,South,30,2024-01-15,
8735,Customer 8735,West,10,2024-01-15,
8736,Customer 8736,South,9999999,2024-01-15,
8737,Customer 8737,South,9999999,2024-01-15,
8738,Customer 8738,North,10,2024-01-15,
8739,Customer 8739,North,10,2024-01-15,
8740,Customer 8740,East,9999999,2024-01-15,
8741,Customer 8741,South,20,2024-01-15,
8742,Customer 8742,North,10,2024-01-15,
8743,Customer 8743,West,30,2024-01-15,
8744,Customer 8744,East,10,2024-01-15,
8745,Customer 8745,South,30,2024-01-15,
8746,Customer 8746,East,20,2024-01-15,
8747,Customer 8747,South,30,2024-01-15,
8748,Customer 8748,West,9999999,2024-01-15,
8749,Customer 8749,East,30,2024-01-15,
8750,Customer 8750,North,9999999,2024-01-15,
8751,Customer 8751,West,10,2024-01-15,
8752,Customer 8752,South,20,2024-01-15,
8753,Customer 8753,West,10,2024-01-15,
8754,Customer 8754,South,30,2024-01-15,
8755,Customer 8755,West,20,2024-01-15,
8756,Customer 8756,West,9999999,2024-01-15,
8757,Customer 8757,West,20,2024-01-15,
8758,Customer 8758,East,9999999,2024-01-15,
8759,Customer 8759,South,9999999,2024-01-15,
8760,Customer 8760,West,20,2024-01-15,
8761,Customer 8761,North,10,2024-01-15,
8762,Customer 8762,North,30,2024-01-15,
8763,Customer 8763,East,10,2024-01-15,
8764,Customer 8764,West,20,2024-01-15,
8765,Customer 8765,North,10,2024-01-15,
8766,Customer 8766,East,30,2024-01-15,
8767,Customer 8767,North,10,2024-01-15,
8768,Customer 8768,South,10,2024-01-15,
8769,Customer 8769 ,South,9999999,2024-01-15,
8770,Customer 8770,North,20,2024-01-15,
8771,Customer 8771,South,30,2024-01-15,
8772,Customer 8772,West,30,2024-01-15,
8773,Customer 8773,North,20,2024-01-15,
8774,Customer 8774,North,9999999,2024-01-15,
8775,Customer 8775,South,30,2024-01-15,
8776,Customer 8776,South,10,2024-01-15,
8777,Customer 8777,North,9999999,2024-01-15,
8778,Customer 8778,South,9999999,2024-01-15,
8779,Customer 8779,South,10,2024-01-15,
8780,Customer 8780,South,10,2024-01-15,
8781,Customer 8781,East,9999999,2024-01-15,
8782,Customer 8782,South,30,2024-01-15,
8783,Customer 8783,South,9999999,2024-01-15,
8784,Customer 8784,South,10,2024-01-15,
8785,Customer 8785,South,9999999,2024-01-15,
8786,Customer 8786,South,30,2024-01-15,
8787,Customer 8787,East,30,2024-01-15,
8788,Customer 8788,South,20,2024-01-15,
8789,Customer 8789,South,20,2024-01-15,
8790,Customer 8790,West,20,2024-01-15,
8791,Customer 8791,South,20,2024-01-15,
8792,Customer 8792,North,20,2024-01-15,
8793,Customer 8793,East,30,2024-01-15,
8794,Customer 8794,South,9999999,2024-01-15,
8795,Customer 8795,South,30,2024-01-15,
8796,Customer 8796,South,20,2024-01-15,
8797,Customer 8797,West,9999999,2024-01-15,
8798,Customer 8798,East,10,2024-01-15,
8799,Customer 8799,West,10,2024-01-15,
8800,Customer 8800,North,9999999,2024-01-15,
8801,Customer 8801,West,10,2024-01-15,
8802,Customer 8802,South,10,2024-01-15,
8803,Customer 8803,West,9999999,2024-01-15,
8804,Customer 8804,South,10,2024-01-15,
8805,Customer 8805,West,20,2024-01-15,
8806,Customer 8806 ,North,10,2024-01-15,
8807,Customer 8807,West,10,2024-01-15,
8808,Customer 8808,South,10,2024-01-15,
8809,Customer 8809,North,9999999,2024-01-15,
8810,Customer 8810,South,30,2024-01-15,
8811,Customer 8811,North,20,2024-01-15,
8812,Customer 8812,West,9999999,2024-01-15,
8813,Customer 8813,East,30,2024-01-15,
8814,Customer 8814,West,9999999,2024-01-15,
8815,Customer 8815,East,20,2024-01-15,
8816,Customer 8816,East,9999999,2024-01-15,
8817,Customer 8817,South,20,2024-01-15,
8818,Customer 8818,South,20,2024-01-15,
8819,Customer 8819,South,20,2024-01-15,
8820,Customer 8820,North,20,2024-01-15,
8821,Customer 8821,East,10,2024-01-15,
8822,Customer 8822,South,30,2024-01-15,
8823,Customer 8823,South,30,2024-01-15,
8824,Customer 8824,South,20,2024-01-15,
8825,Customer 8825,West,30,2024-01-15,
8826,Customer 8826,West,10,2024-01-15,
8827,Customer 8827,East,20,2024-01-15,
8828,Customer 8828,East,20,2024-01-15,
8829,Customer 8829,West,10,2024-01-15,
8830,Customer 8830,West,20,2024-01-15,
8831,Customer 8831,North,20,2024-01-15,
8832,Customer 8832,North,10,2024-01-15,
8833,Customer 8833,West,30,2024-01-15,
8834,Customer 8834,East,9999999,2024-01-15,
8835,Customer 8835,South,10,2024-01-15,
8836,Customer 8836,West,10,2024-01-15,
8837,Customer 8837,South,30,2024-01-15,
8838,Customer 8838,North,30,2024-01-15,
8839,Customer 8839,South,30,2024-01-15,
8840,Customer 8840,North,10,2024-01-15,
8841,Customer 8841,West,20,2024-01-15,
8842,Customer 8842,West,20,2024-01-15,
8843,Customer 8843 ,East,10,2024-01-15,
8844,Customer 8844,South,9999999,2024-01-15,
8845,Customer 8845,East,9999999,2024-01-15,
8846,Customer 8846,North,9999999,2024-01-15,
8847,Customer 8847,East,30,2024-01-15,
8848,Customer 8848,North,9999999,2024-01-15,
8849,Customer 8849,East,30,2024-01-15,
8850,Customer 8850,North,30,2024-01-15,
8851,Customer 8851,North,20,2024-01-15,
8852,Customer 8852,North,30,2024-01-15,
8853,Customer 8853,East,9999999,2024-01-15,
8854,Customer 8854,North,10,2024-01-15,
8855,Customer 8855,East,30,2024-01-15,
8856,Customer 8856,East,9999999,2024-01-15,
8857,Customer 8857,North,10,2024-01-15,
8858,Customer 8858,South,9999999,2024-01-15,
8859,Customer 8859,West,30,2024-01-15,
8860,Customer 8860,East,9999999,2024-01-15,
8861,Customer 8861,North,20,2024-01-15,
8862,Customer 8862,North,9999999,2024-01-15,
8863,Customer 8863,North,20,2024-01-15,
8864,Customer 8864,South,30,2024-01-15,
8865,Customer 8865,South,9999999,2024-01-15,
8866,Customer 8866,North,10,2024-01-15,
8867,Customer 8867,North,9999999,2024-01-15,
8868,Customer 8868,North,20,2024-01-15,
8869,Customer 8869,East,20,2024-01-15,
8870,Customer 8870,South,10,2024-01-15,
8871,Customer 8871,West,20,2024-01-15,
8872,Customer 8872,West,9999999,2024-01-15,
8873,Customer 8873,West,9999999,2024-01-15,
8874,Customer 8874,West,10,2024-01-15,
8875,Customer 8875,North,20,2024-01-15,
8876,Customer 8876,West,20,2024-01-15,
8877,Customer 8877,West,9999999,2024-01-15,
8878,Customer 8878,North,20,2024-01-15,
8879,Customer 8879,South,20,2024-01-15,
8880,Customer 8880 ,West,9999999,2024-01-15,
8881,Customer 8881,West,10,2024-01-15,
8882,Customer 8882,West,30,2024-01-15,
8883,Customer 8883,East,9999999,2024-01-15,
8884,Customer 8884,South,20,2024-01-15,
8885,Customer 8885,South,30,2024-01-15,
8886,Customer 8886,North,10,2024-01-15,
8887,Customer 8887,East,9999999,2024-01-15,
8888,Customer 8888,South,30,2024-01-15,
8889,Customer 8889,East,10,2024-01-15,
8890,Customer 8890,South,20,2024-01-15,
8891,Customer 8891,South,10,2024-01-15,
8892,Customer 8892,South,10,2024-01-15,
8893,Customer 8893,North,10,2024-01-15,
8894,Customer 8894,North,30,2024-01-15,
8895,Customer 8895,West,30,2024-01-15,
8896,Customer 8896,East,9999999,2024-01-15,
8897,Customer 8897,West,30,2024-01-15,
8898,Customer 8898,West,30,2024-01-15,
8899,Customer 8899,North,10,2024-01-15,
8900,Customer 8900,South,10,2024-01-15,
8901,Customer 8901,West,9999999,2024-01-15,
8902,Customer 8902,East,9999999,2024-01-15,
8903,Customer 8903,West,30,2024-01-15,
8904,Customer 8904,West,9999999,2024-01-15,
8905,Customer 8905,West,30,2024-01-15,
8906,Customer 8906,East,9999999,2024-01-15,
8907,Customer 8907,West,10,2024-01-15,
8908,Customer 8908,West,20,2024-01-15,
8909,Customer 8909,West,30,2024-01-15,
8910,Customer 8910,East,10,2024-01-15,
8911,Customer 8911,North,30,2024-01-15,
8912,Customer 8912,West,10,2024-01-15,
8913,Customer 8913,East,20,2024-01-15,
8914,Customer 8914,South,30,2024-01-15,
8915,Customer 8915,South,9999999,2024-01-15,
8916,Customer 8916,West,10,2024-01-15,
8917,Customer 8917 ,West,30,2024-01-15,
8918,Customer 8918,West,20,2024-01-15,
8919,Customer 8919,North,9999999,2024-01-15,
8920,Customer 8920,East,10,2024-01-15,
8921,Customer 8921,West,20,2024-01-15,
8922,Customer 8922,East,20,2024-01-15,
8923,Customer 8923,North,20,2024-01-15,
8924,Customer 8924,West,30,2024-01-15,
8925,Customer 8925,South,10,2024-01-15,
8926,Customer 8926,East,30,2024-01-15,
8927,Customer 8927,South,10,2024-01-15,
8928,Customer 8928,West,20,2024-01-15,
8929,Customer 8929,South,9999999,2024-01-15,
8930,Customer 8930,East,9999999,2024-01-15,
8931,Customer 8931,North,20,2024-01-15,
8932,Customer 8932,East,30,2024-01-15,
8933,Customer 8933,West,30,2024-01-15,
8934,Customer 8934,East,30,2024-01-15,
8935,Customer 8935,West,9999999,2024-01-15,
8936,Customer 8936,East,20,2024-01-15,
8937,Customer 8937,East,30,2024-01-15,
8938,Customer 8938,South,30,2024-01-15,
8939,Customer 8939,East,30,2024-01-15,
8940,Customer 8940,East,10,2024-01-15,
8941,Customer 8941,West,10,2024-01-15,
8942,Customer 8942,South,20,2024-01-15,
8943,Customer 8943,East,30,2024-01-15,
8944,Customer 8944,East,9999999,2024-01-15,
8945,Customer 8945,East,20,2024-01-15,
8946,Customer 8946,East,9999999,2024-01-15,
8947,Customer 8947,South,10,2024-01-15,
8948,Customer 8948,South,20,2024-01-15,
8949,Customer 8949,East,10,2024-01-15,
8950,Customer 8950,South,9999999,2024-01-15,
8951,Customer 8951,South,9999999,2024-01-15,
8952,Customer 8952,North,30,2024-01-15,
8953,Customer 8953,South,20,2024-01-15,
8954,Customer 8954 ,North,10,2024-01-15,
8955,Customer 8955,South,9999999,2024-01-15,
8956,Customer 8956,South,10,2024-01-15,
8957,Customer 8957,West,10,2024-01-15,
8958,Customer 8958,West,10,2024-01-15,
8959,Customer 8959,East,30,2024-01-15,
8960,Customer 8960,South,30,2024-01-15,
8961,Customer 8961,West,30,2024-01-15,
8962,Customer 8962,East,30,2024-01-15,
8963,Customer 8963,South,9999999,2024-01-15,
8964,Customer 8964,North,20,2024-01-15,
8965,Customer 8965,North,20,2024-01-15,
8966,Customer 8966,East,10,2024-01-15,
8967,Customer 8967,West,30,2024-01-15,
8968,Customer 8968,West,30,2024-01-15,
8969,Customer 8969,South,10,2024-01-15,
8970,Customer 8970,North,20,2024-01-15,
8971,Customer 8971,South,10,2024-01-15,
8972,Customer 8972,North,30,2024-01-15,
8973,Customer 8973,North,20,2024-01-15,
8974,Customer 8974,West,20,2024-01-15,
8975,Customer 8975,West,30,2024-01-15,
8976,Customer 8976,West,30,2024-01-15,
8977,Customer 8977,East,20,2024-01-15,
8978,Customer 8978,West,30,2024-01-15,
8979,Customer 8979,West,10,2024-01-15,
8980,Customer 8980,South,10,2024-01-15,
8981,Customer 8981,East,10,2024-01-15,
8982,Customer 8982,East,30,2024-01-15,
8983,Customer 8983,East,20,2024-01-15,
8984,Customer 8984,West,30,2024-01-15,
8985,Customer 8985,South,9999999,2024-01-15,
8986,Customer 8986,North,10,2024-01-15,
8987,Customer 8987,East,20,2024-01-15,
8988,Customer 8988,South,10,2024-01-15,
8989,Customer 8989,South,30,2024-01-15,
8990,Customer 8990,West,20,2024-01-15,
8991,Customer 8991 ,South,20,2024-01-15,
8992,Customer 8992,South,10,2024-01-15,
8993,Customer 8993,East,20,2024-01-15,
8994,Customer 8994,East,9999999,2024-01-15,
8995,Customer 8995,East,20,2024-01-15,
8996,Customer 8996,South,9999999,2024-01-15,
8997,Customer 8997,North,10,2024-01-15,
8998,Customer 8998,South,30,2024-01-15,
8999,Customer 8999,West,9999999,2024-01-15,
9000,Customer 9000,West,N/A,2024-01-15,
9001,Customer 9001,North,10,2024-01-15,
9002,Customer 9002,South,30,2024-01-15,
9003,Customer 9003,West,30,2024-01-15,
9004,Customer 9004,South,10,2024-01-15,
9005,Customer 9005,West,10,2024-01-15,
9006,Customer 9006,East,9999999,2024-01-15,
9007,Customer 9007,West,10,2024-01-15,
9008,Customer 9008,South,30,2024-01-15,
9009,Customer 9009,East,10,2024-01-15,
9010,Customer 9010,East,20,2024-01-15,
9011,Customer 9011,South,10,2024-01-15,
9012,Customer 9012,East,20,2024-01-15,
9013,Customer 9013,South,10,2024-01-15,
9014,Customer 9014,East,20,2024-01-15,
9015,Customer 9015,West,9999999,2024-01-15,
9016,Customer 9016,South,30,2024-01-15,
9017,Customer 9017,East,9999999,2024-01-15,
9018,Customer 9018,South,20,2024-01-15,
9019,Customer 9019,South,20,2024-01-15,
9020,Customer 9020,South,20,2024-01-15,
9021,Customer 9021,South,10,2024-01-15,
9022,Customer 9022,South,10,2024-01-15,
9023,Customer 9023,West,30,2024-01-15,
9024,Customer 9024,South,10,2024-01-15,
9025,Customer 9025,North,20,2024-01-15,
9026,Customer 9026,North,20,2024-01-15,
9027,Customer 9027,South,20,2024-01-15,
9028,Customer 9028 ,West,30,2024-01-15,
9029,Customer 9029,West,9999999,2024-01-15,
9030,Customer 9030,North,10,2024-01-15,
9031,Customer 9031,West,9999999,2024-01-15,
9032,Customer 9032,North,30,2024-01-15,
9033,Customer 9033,West,9999999,2024-01-15,
9034,Customer 9034,West,20,2024-01-15,
9035,Customer 9035,East,30,2024-01-15,
9036,Customer 9036,North,20,2024-01-15,
9037,Customer 9037,East,20,2024-01-15,
9038,Customer 9038,South,30,2024-01-15,
9039,Customer 9039,North,10,2024-01-15,
9040,Customer 9040,South,20,2024-01-15,
9041,Customer 9041,West,30,2024-01-15,
9042,Customer 9042,South,20,2024-01-15,
9043,Customer 9043,South,10,2024-01-15,
9044,Customer 9044,South,30,2024-01-15,
9045,Customer 9045,South,10,2024-01-15,
9046,Customer 9046,West,30,2024-01-15,
9047,Customer 9047,North,10,2024-01-15,
9048,Customer 9048,West,10,2024-01-15,
9049,Customer 9049,South,20,2024-01-15,
9050,Customer 9050,East,20,2024-01-15,
9051,Customer 9051,East,10,2024-01-15,
9052,Customer 9052,West,10,2024-01-15,
9053,Customer 9053,East,9999999,2024-01-15,
9054,Customer 9054,North,9999999,2024-01-15,
9055,Customer 9055,West,9999999,2024-01-15,
9056,Customer 9056,East,30,2024-01-15,
9057,Customer 9057,North,9999999,2024-01-15,
9058,Customer 9058,East,20,2024-01-15,
9059,Customer 9059,West,10,2024-01-15,
9060,Customer 9060,South,30,2024-01-15,
9061,Customer 9061,South,9999999,2024-01-15,
9062,Customer 9062,South,9999999,2024-01-15,
9063,Customer 9063,North,30,2024-01-15,
9064,Customer 9064,South,20,2024-01-15,
9065,Customer 9065 ,North,30,2024-01-15,
9066,Customer 9066,West,30,2024-01-15,
9067,Customer 9067,East,9999999,2024-01-15,
9068,Customer 9068,South,30,2024-01-15,
9069,Customer 9069,West,20,2024-01-15,
9070,Customer 9070,South,20,2024-01-15,
9071,Customer 9071,North,9999999,2024-01-15,
9072,Customer 9072,North,20,2024-01-15,
9073,Customer 9073,North,20,2024-01-15,
9074,Customer 9074,North,10,2024-01-15,
9075,Customer 9075,West,10,2024-01-15,
9076,Customer 9076,South,10,2024-01-15,
9077,Customer 9077,West,30,2024-01-15,
9078,Customer 9078,North,10,2024-01-15,
9079,Customer 9079,North,9999999,2024-01-15,
9080,Customer 9080,East,9999999,2024-01-15,
9081,Customer 9081,South,10,2024-01-15,
9082,Customer 9082,East,20,2024-01-15,
9083,Customer 9083,East,10,2024-01-15,
9084,Customer 9084,South,30,2024-01-15,
9085,Customer 9085,North,30,2024-01-15,
9086,Customer 9086,North,9999999,2024-01-15,
9087,Customer 9087,South,20,2024-01-15,
9088,Customer 9088,West,20,2024-01-15,
9089,Customer 9089,East,9999999,2024-01-15,
9090,Customer 9090,South,20,2024-01-15,
9091,Customer 9091,South,9999999,2024-01-15,
9092,Customer 9092,North,20,2024-01-15,
9093,Customer 9093,East,30,2024-01-15,
9094,Customer 9094,South,20,2024-01-15,
9095,Customer 9095,West,10,2024-01-15,
9096,Customer 9096,West,20,2024-01-15,
9097,Customer 9097,East,30,2024-01-15,
9098,Customer 9098,South,9999999,2024-01-15,
9099,Customer 9099,North,20,2024-01-15,
9100,Customer 9100,South,20,2024-01-15,
9101,Customer 9101,East,30,2024-01-15,
9102,Customer 9102 ,West,30,2024-01-15,
9103,Customer 9103,East,10,2024-01-15,
9104,Customer 9104,East,9999999,2024-01-15,
9105,Customer 9105,East,10,2024-01-15,
9106,Customer 9106,North,9999999,2024-01-15,
9107,Customer 9107,North,20,2024-01-15,
9108,Customer 9108,West,30,2024-01-15,
9109,Customer 9109,North,30,2024-01-15,
9110,Customer 9110,South,30,2024-01-15,
9111,Customer 9111,West,9999999,2024-01-15,
9112,Customer 9112,South,30,2024-01-15,
9113,Customer 9113,West,9999999,2024-01-15,
9114,Customer 9114,South,20,2024-01-15,
9115,Customer 9115,West,30,2024-01-15,
9116,Customer 9116,East,20,2024-01-15,
9117,Customer 9117,West,20,2024-01-15,
9118,Customer 9118,West,9999999,2024-01-15,
9119,Customer 9119,South,30,2024-01-15,
9120,Customer 9120,East,20,2024-01-15,
9121,Customer 9121,North,20,2024-01-15,
9122,Customer 9122,North,9999999,2024-01-15,
9123,Customer 9123,East,9999999,2024-01-15,
9124,Customer 9124,South,10,2024-01-15,
9125,Customer 9125,North,20,2024-01-15,
9126,Customer 9126,South,30,2024-01-15,
9127,Customer 9127,East,20,2024-01-15,
9128,Customer 9128,North,10,2024-01-15,
9129,Customer 9129,West,30,2024-01-15,
9130,Customer 9130,North,20,2024-01-15,
9131,Customer 9131,East,20,2024-01-15,
9132,Customer 9132,West,30,2024-01-15,
9133,Customer 9133,West,20,2024-01-15,
9134,Customer 9134,West,20,2024-01-15,
9135,Customer 9135,West,20,2024-01-15,
9136,Customer 9136,East,20,2024-01-15,
9137,Customer 9137,North,20,2024-01-15,
9138,Customer 9138,West,9999999,2024-01-15,
9139,Customer 9139 ,East,10,2024-01-15,
9140,Customer 9140,North,30,2024-01-15,
9141,Customer 9141,North,30,2024-01-15,
9142,Customer 9142,South,20,2024-01-15,
9143,Customer 9143,South,10,2024-01-15,
9144,Customer 9144,North,10,2024-01-15,
9145,Customer 9145,South,30,2024-01-15,
9146,Customer 9146,North,20,2024-01-15,
9147,Customer 9147,South,10,2024-01-15,
9148,Customer 9148,North,20,2024-01-15,
9149,Customer 9149,North,20,2024-01-15,
9150,Customer 9150,East,30,2024-01-15,
9151,Customer 9151,East,10,2024-01-15,
9152,Customer 9152,West,20,2024-01-15,
9153,Customer 9153,West,9999999,2024-01-15,
9154,Customer 9154,East,9999999,2024-01-15,
9155,Customer 9155,North,10,2024-01-15,
9156,Customer 9156,East,10,2024-01-15,
9157,Customer 9157,North,30,2024-01-15,
9158,Customer 9158,East,9999999,2024-01-15,
9159,Customer 9159,South,30,2024-01-15,
9160,Customer 9160,North,10,2024-01-15,
9161,Customer 9161,South,9999999,2024-01-15,
9162,Customer 9162,West,9999999,2024-01-15,
9163,Customer 9163,South,9999999,2024-01-15,
9164,Customer 9164,East,30,2024-01-15,
9165,Customer 9165,West,9999999,2024-01-15,
9166,Customer 9166,West,30,2024-01-15,
9167,Customer 9167,North,30,2024-01-15,
9168,Customer 9168,South,9999999,2024-01-15,
9169,Customer 9169,East,20,2024-01-15,
9170,Customer 9170,North,20,2024-01-15,
9171,Customer 9171,West,20,2024-01-15,
9172,Customer 9172,South,20,2024-01-15,
9173,Customer 9173,South,10,2024-01-15,
9174,Customer 9174,North,20,2024-01-15,
9175,Customer 9175,North,30,2024-01-15,
9176,Customer 9176 ,East,10,2024-01-15,
9177,Customer 9177,East,20,2024-01-15,
9178,Customer 9178,North,20,2024-01-15,
9179,Customer 9179,West,30,2024-01-15,
9180,Customer 9180,North,10,2024-01-15,
9181,Customer 9181,West,9999999,2024-01-15,
9182,Customer 9182,West,20,2024-01-15,
9183,Customer 9183,North,30,2024-01-15,
9184,Customer 9184,South,20,2024-01-15,
9185,Customer 9185,North,10,2024-01-15,
9186,Customer 9186,South,10,2024-01-15,
9187,Customer 9187,West,9999999,2024-01-15,
9188,Customer 9188,North,9999999,2024-01-15,
9189,Customer 9189,North,20,2024-01-15,
9190,Customer 9190,North,10,2024-01-15,
9191,Customer 9191,South,30,2024-01-15,
9192,Customer 9192,East,20,2024-01-15,
9193,Customer 9193,West,20,2024-01-15,
9194,Customer 9194,North,20,2024-01-15,
9195,Customer 9195,East,10,2024-01-15,
9196,Customer 9196,East,10,2024-01-15,
9197,Customer 9197,East,20,2024-01-15,
9198,Customer 9198,South,20,2024-01-15,
9199,Customer 9199,East,10,2024-01-15,
9200,Customer 9200,West,20,2024-01-15,
9201,Customer 9201,North,20,2024-01-15,
9202,Customer 9202,West,10,2024-01-15,
9203,Customer 9203,West,9999999,2024-01-15,
9204,Customer 9204,West,20,2024-01-15,
9205,Customer 9205,South,9999999,2024-01-15,
9206,Customer 9206,South,20,2024-01-15,
9207,Customer 9207,West,20,2024-01-15,
9208,Customer 9208,South,20,2024-01-15,
9209,Customer 9209,West,9999999,2024-01-15,
9210,Customer 9210,East,10,2024-01-15,
9211,Customer 9211,West,10,2024-01-15,
9212,Customer 9212,West,20,2024-01-15,
9213,Customer 9213 ,North,9999999,2024-01-15,
9214,Customer 9214,West,20,2024-01-15,
9215,Customer 9215,North,30,2024-01-15,
9216,Customer 9216,North,10,2024-01-15,
9217,Customer 9217,South,20,2024-01-15,
9218,Customer 9218,South,20,2024-01-15,
9219,Customer 9219,South,20,2024-01-15,
9220,Customer 9220,South,10,2024-01-15,
9221,Customer 9221,South,30,2024-01-15,
9222,Customer 9222,North,9999999,2024-01-15,
9223,Customer 9223,East,9999999,2024-01-15,
9224,Customer 9224,West,10,2024-01-15,
9225,Customer 9225,West,9999999,2024-01-15,
9226,Customer 9226,North,9999999,2024-01-15,
9227,Customer 9227,West,10,2024-01-15,
9228,Customer 9228,South,30,2024-01-15,
9229,Customer 9229,North,10,2024-01-15,
9230,Customer 9230,South,30,2024-01-15,
9231,Customer 9231,South,10,2024-01-15,
9232,Customer 9232,West,9999999,2024-01-15,
9233,Customer 9233,North,9999999,2024-01-15,
9234,Customer 9234,North,9999999,2024-01-15,
9235,Customer 9235,West,30,2024-01-15,
9236,Customer 9236,East,20,2024-01-15,
9237,Customer 9237,West,30,2024-01-15,
9238,Customer 9238,North,20,2024-01-15,
9239,Customer 9239,West,20,2024-01-15,
9240,Customer 9240,East,9999999,2024-01-15,
9241,Customer 9241,West,9999999,2024-01-15,
9242,Customer 9242,East,20,2024-01-15,
9243,Customer 9243,South,10,2024-01-15,
9244,Customer 9244,West,30,2024-01-15,
9245,Customer 9245,East,20,2024-01-15,
9246,Customer 9246,East,20,2024-01-15,
9247,Customer 9247,South,30,2024-01-15,
9248,Customer 9248,West,30,2024-01-15,
9249,Customer 9249,West,10,2024-01-15,
9250,Customer 9250 ,South,30,2024-01-15,
9251,Customer 9251,West,10,2024-01-15,
9252,Customer 9252,West,30,2024-01-15,
9253,Customer 9253,West,20,2024-01-15,
9254,Customer 9254,East,9999999,2024-01-15,
9255,Customer 9255,West,10,2024-01-15,
9256,Customer 9256,West,9999999,2024-01-15,
9257,Customer 9257,North,10,2024-01-15,
9258,Customer 9258,East,9999999,2024-01-15,
9259,Customer 9259,East,9999999,2024-01-15,
9260,Customer 9260,East,30,2024-01-15,
9261,Customer 9261,East,9999999,2024-01-15,
9262,Customer 9262,South,10,2024-01-15,
9263,Customer 9263,North,30,2024-01-15,
9264,Customer 9264,West,9999999,2024-01-15,
9265,Customer 9265,East,20,2024-01-15,
9266,Customer 9266,East,9999999,2024-01-15,
9267,Customer 9267,West,20,2024-01-15,
9268,Customer 9268,West,10,2024-01-15,
9269,Customer 9269,North,30,2024-01-15,
9270,Customer 9270,East,30,2024-01-15,
9271,Customer 9271,North,30,2024-01-15,
9272,Customer 9272,West,20,2024-01-15,
9273,Customer 9273,East,10,2024-01-15,
9274,Customer 9274,North,20,2024-01-15,
9275,Customer 9275,South,10,2024-01-15,
9276,Customer 9276,South,9999999,2024-01-15,
9277,Customer 9277,North,9999999,2024-01-15,
9278,Customer 9278,West,9999999,2024-01-15,
9279,Customer 9279,North,30,2024-01-15,
9280,Customer 9280,South,10,2024-01-15,
9281,Customer 9281,East,30,2024-01-15,
9282,Customer 9282,North,30,2024-01-15,
9283,Customer 9283,North,20,2024-01-15,
9284,Customer 9284,North,20,2024-01-15,
9285,Customer 9285,West,30,2024-01-15,
9286,Customer 9286,South,30,2024-01-15,
9287,Customer 9287 ,East,9999999,2024-01-15,
9288,Customer 9288,East,10,2024-01-15,
9289,Customer 9289,South,9999999,2024-01-15,
9290,Customer 9290,South,10,2024-01-15,
9291,Customer 9291,East,9999999,2024-01-15,
9292,Customer 9292,North,10,2024-01-15,
9293,Customer 9293,South,10,2024-01-15,
9294,Customer 9294,East,10,2024-01-15,
9295,Customer 9295,West,9999999,2024-01-15,
9296,Customer 9296,East,10,2024-01-15,
9297,Customer 9297,North,20,2024-01-15,
9298,Customer 9298,West,30,2024-01-15,
9299,Customer 9299,North,30,2024-01-15,
9300,Customer 9300,South,30,2024-01-15,
9301,Customer 9301,East,9999999,2024-01-15,
9302,Customer 9302,West,9999999,2024-01-15,
9303,Customer 9303,West,10,2024-01-15,
9304,Customer 9304,North,10,2024-01-15,
9305,Customer 9305,South,9999999,2024-01-15,
9306,Customer 9306,North,9999999,2024-01-15,
9307,Customer 9307,North,10,2024-01-15,
9308,Customer 9308,West,20,2024-01-15,
9309,Customer 9309,North,30,2024-01-15,
9310,Customer 9310,South,10,2024-01-15,
9311,Customer 9311,East,30,2024-01-15,
9312,Customer 9312,East,30,2024-01-15,
9313,Customer 9313,North,20,2024-01-15,
9314,Customer 9314,West,9999999,2024-01-15,
9315,Customer 9315,East,30,2024-01-15,
9316,Customer 9316,West,9999999,2024-01-15,
9317,Customer 9317,South,30,2024-01-15,
9318,Customer 9318,North,30,2024-01-15,
9319,Customer 9319,South,9999999,2024-01-15,
9320,Customer 9320,North,20,2024-01-15,
9321,Customer 9321,East,30,2024-01-15,
9322,Customer 9322,West,9999999,2024-01-15,
9323,Customer 9323,East,20,2024-01-15,
9324,Customer 9324 ,South,9999999,2024-01-15,
9325,Customer 9325,South,20,2024-01-15,
9326,Customer 9326,North,10,2024-01-15,
9327,Customer 9327,South,30,2024-01-15,
9328,Customer 9328,East,20,2024-01-15,
9329,Customer 9329,North,9999999,2024-01-15,
9330,Customer 9330,West,30,2024-01-15,
9331,Customer 9331,West,30,2024-01-15,
9332,Customer 9332,East,9999999,2024-01-15,
9333,Customer 9333,East,30,2024-01-15,
9334,Customer 9334,South,30,2024-01-15,
9335,Customer 9335,East,9999999,2024-01-15,
9336,Customer 9336,North,20,2024-01-15,
9337,Customer 9337,South,20,2024-01-15,
9338,Customer 9338,North,30,2024-01-15,
9339,Customer 9339,North,9999999,2024-01-15,
9340,Customer 9340,East,20,2024-01-15,
9341,Customer 9341,East,30,2024-01-15,
9342,Customer 9342,North,20,2024-01-15,
9343,Customer 9343,North,20,2024-01-15,
9344,Customer 9344,South,10,2024-01-15,
9345,Customer 9345,South,9999999,2024-01-15,
9346,Customer 9346,North,20,2024-01-15,
9347,Customer 9347,West,10,2024-01-15,
9348,Customer 9348,South,20,2024-01-15,
9349,Customer 9349,West,9999999,2024-01-15,
9350,Customer 9350,West,20,2024-01-15,
9351,Customer 9351,South,30,2024-01-15,
9352,Customer 9352,East,30,2024-01-15,
9353,Customer 9353,East,30,2024-01-15,
9354,Customer 9354,South,20,2024-01-15,
9355,Customer 9355,South,30,2024-01-15,
9356,Customer 9356,South,30,2024-01-15,
9357,Customer 9357,North,30,2024-01-15,
9358,Customer 9358,North,9999999,2024-01-15,
9359,Customer 9359,West,30,2024-01-15,
9360,Customer 9360,North,30,2024-01-15,
9361,Customer 9361 ,North,9999999,2024-01-15,
9362,Customer 9362,East,10,2024-01-15,
9363,Customer 9363,North,10,2024-01-15,
9364,Customer 9364,East,30,2024-01-15,
9365,Customer 9365,East,10,2024-01-15,
9366,Customer 9366,West,9999999,2024-01-15,
9367,Customer 9367,East,30,2024-01-15,
9368,Customer 9368,South,9999999,2024-01-15,
9369,Customer 9369,South,30,2024-01-15,
9370,Customer 9370,South,30,2024-01-15,
9371,Customer 9371,West,30,2024-01-15,
9372,Customer 9372,North,30,2024-01-15,
9373,Customer 9373,North,9999999,2024-01-15,
9374,Customer 9374,East,30,2024-01-15,
9375,Customer 9375,South,9999999,2024-01-15,
9376,Customer 9376,East,30,2024-01-15,
9377,Customer 9377,North,20,2024-01-15,
9378,Customer 9378,South,30,2024-01-15,
9379,Customer 9379,North,9999999,2024-01-15,
9380,Customer 9380,South,20,2024-01-15,
9381,Customer 9381,South,10,2024-01-15,
9382,Customer 9382,North,9999999,2024-01-15,
9383,Customer 9383,South,10,2024-01-15,
9384,Customer 9384,South,20,2024-01-15,
9385,Customer 9385,North,9999999,2024-01-15,
9386,Customer 9386,South,9999999,2024-01-15,
9387,Customer 9387,East,10,2024-01-15,
9388,Customer 9388,West,20,2024-01-15,
9389,Customer 9389,South,9999999,2024-01-15,
9390,Customer 9390,East,10,2024-01-15,
9391,Customer 9391,South,9999999,2024-01-15,
9392,Customer 9392,North,30,2024-01-15,
9393,Customer 9393,South,30,2024-01-15,
9394,Customer 9394,West,10,2024-01-15,
9395,Customer 9395,West,30,2024-01-15,
9396,Customer 9396,South,30,2024-01-15,
9397,Customer 9397,South,30,2024-01-15,
9398,Customer 9398 ,North,9999999,2024-01-15,
9399,Customer 9399,North,10,2024-01-15,
9400,Customer 9400,West,30,2024-01-15,
9401,Customer 9401,South,9999999,2024-01-15,
9402,Customer 9402,East,30,2024-01-15,
9403,Customer 9403,West,9999999,2024-01-15,
9404,Customer 9404,West,10,2024-01-15,
9405,Customer 9405,West,9999999,2024-01-15,
9406,Customer 9406,West,20,2024-01-15,
9407,Customer 9407,East,10,2024-01-15,
9408,Customer 9408,South,20,2024-01-15,
9409,Customer 9409,South,9999999,2024-01-15,
9410,Customer 9410,West,30,2024-01-15,
9411,Customer 9411,East,9999999,2024-01-15,
9412,Customer 9412,North,30,2024-01-15,
9413,Customer 9413,North,10,2024-01-15,
9414,Customer 9414,North,10,2024-01-15,
9415,Customer 9415,West,30,2024-01-15,
9416,Customer 9416,North,20,2024-01-15,
9417,Customer 9417,East,20,2024-01-15,
9418,Customer 9418,North,20,2024-01-15,
9419,Customer 9419,West,10,2024-01-15,
9420,Customer 9420,East,30,2024-01-15,
9421,Customer 9421,East,20,2024-01-15,
9422,Customer 9422,East,9999999,2024-01-15,
9423,Customer 9423,West,30,2024-01-15,
9424,Customer 9424,West,30,2024-01-15,
9425,Customer 9425,East,20,2024-01-15,
9426,Customer 9426,East,9999999,2024-01-15,
9427,Customer 9427,South,30,2024-01-15,
9428,Customer 9428,North,10,2024-01-15,
9429,Customer 9429,South,20,2024-01-15,
9430,Customer 9430,West,10,2024-01-15,
9431,Customer 9431,North,9999999,2024-01-15,
9432,Customer 9432,East,20,2024-01-15,
9433,Customer 9433,West,20,2024-01-15,
9434,Customer 9434,West,10,2024-01-15,
9435,Customer 9435 ,East,10,2024-01-15,
9436,Customer 9436,East,30,2024-01-15,
9437,Customer 9437,North,30,2024-01-15,
9438,Customer 9438,South,30,2024-01-15,
9439,Customer 9439,West,9999999,2024-01-15,
9440,Customer 9440,West,20,2024-01-15,
9441,Customer 9441,North,10,2024-01-15,
9442,Customer 9442,South,20,2024-01-15,
9443,Customer 9443,South,10,2024-01-15,
9444,Customer 9444,West,30,2024-01-15,
9445,Customer 9445,North,10,2024-01-15,
9446,Customer 9446,West,20,2024-01-15,
9447,Customer 9447,East,10,2024-01-15,
9448,Customer 9448,North,30,2024-01-15,
9449,Customer 9449,South,10,2024-01-15,
9450,Customer 9450,West,10,2024-01-15,
9451,Customer 9451,North,9999999,2024-01-15,
9452,Customer 9452,East,30,2024-01-15,
9453,Customer 9453,West,20,2024-01-15,
9454,Customer 9454,South,9999999,2024-01-15,
9455,Customer 9455,East,20,2024-01-15,
9456,Customer 9456,East,10,2024-01-15,
9457,Customer 9457,West,10,2024-01-15,
9458,Customer 9458,East,10,2024-01-15,
9459,Customer 9459,South,20,2024-01-15,
9460,Customer 9460,North,9999999,2024-01-15,
9461,Customer 9461,North,10,2024-01-15,
9462,Customer 9462,North,20,2024-01-15,
9463,Customer 9463,South,10,2024-01-15,
9464,Customer 9464,West,20,2024-01-15,
9465,Customer 9465,South,30,2024-01-15,
9466,Customer 9466,East,30,2024-01-15,
9467,Customer 9467,South,10,2024-01-15,
9468,Customer 9468,North,9999999,2024-01-15,
9469,Customer 9469,East,10,2024-01-15,
9470,Customer 9470,North,10,2024-01-15,
9471,Customer 9471,East,10,2024-01-15,
9472,Customer 9472 ,North,30,2024-01-15,
9473,Customer 9473,East,20,2024-01-15,
9474,Customer 9474,West,20,2024-01-15,
9475,Customer 9475,West,20,2024-01-15,
9476,Customer 9476,East,10,2024-01-15,
9477,Customer 9477,South,9999999,2024-01-15,
9478,Customer 9478,West,9999999,2024-01-15,
9479,Customer 9479,West,20,2024-01-15,
9480,Customer 9480,South,10,2024-01-15,
9481,Customer 9481,West,30,2024-01-15,
9482,Customer 9482,South,20,2024-01-15,
9483,Customer 9483,South,30,2024-01-15,
9484,Customer 9484,North,10,2024-01-15,
9485,Customer 9485,East,30,2024-01-15,
9486,Customer 9486,North,9999999,2024-01-15,
9487,Customer 9487,East,30,2024-01-15,
9488,Customer 9488,South,9999999,2024-01-15,
9489,Customer 9489,East,10,2024-01-15,
9490,Customer 9490,West,9999999,2024-01-15,
9491,Customer 9491,West,20,2024-01-15,
9492,Customer 9492,East,20,2024-01-15,
9493,Customer 9493,North,30,2024-01-15,
9494,Customer 9494,West,10,2024-01-15,
9495,Customer 9495,South,30,2024-01-15,
9496,Customer 9496,North,9999999,2024-01-15,
9497,Customer 9497,South,20,2024-01-15,
9498,Customer 9498,West,9999999,2024-01-15,
9499,Customer 9499,West,20,2024-01-15,
9500,Customer 9500,North,N/A,2024-01-15,
9501,Customer 9501,West,20,2024-01-15,
9502,Customer 9502,West,9999999,2024-01-15,
9503,Customer 9503,East,10,2024-01-15,
9504,Customer 9504,East,20,2024-01-15,
9505,Customer 9505,North,20,2024-01-15,
9506,Customer 9506,East,9999999,2024-01-15,
9507,Customer 9507,North,30,2024-01-15,
9508,Customer 9508,North,9999999,2024-01-15,
9509,Customer 9509 ,North,10,2024-01-15,
9510,Customer 9510,East,9999999,2024-01-15,
9511,Customer 9511,East,20,2024-01-15,
9512,Customer 9512,West,30,2024-01-15,
9513,Customer 9513,North,30,2024-01-15,
9514,Customer 9514,North,30,2024-01-15,
9515,Customer 9515,South,10,2024-01-15,
9516,Customer 9516,South,10,2024-01-15,
9517,Customer 9517,South,9999999,2024-01-15,
9518,Customer 9518,East,10,2024-01-15,
9519,Customer 9519,West,20,2024-01-15,
9520,Customer 9520,South,9999999,2024-01-15,
9521,Customer 9521,South,9999999,2024-01-15,
9522,Customer 9522,East,10,2024-01-15,
9523,Customer 9523,East,30,2024-01-15,
9524,Customer 9524,North,9999999,2024-01-15,
9525,Customer 9525,East,20,2024-01-15,
9526,Customer 9526,North,20,2024-01-15,
9527,Customer 9527,North,9999999,2024-01-15,
9528,Customer 9528,West,9999999,2024-01-15,
9529,Customer 9529,East,9999999,2024-01-15,
9530,Customer 9530,South,10,2024-01-15,
9531,Customer 9531,East,20,2024-01-15,
9532,Customer 9532,East,9999999,2024-01-15,
9533,Customer 9533,East,30,2024-01-15,
9534,Customer 9534,South,10,2024-01-15,
9535,Customer 9535,West,30,2024-01-15,
9536,Customer 9536,West,20,2024-01-15,
9537,Customer 9537,West,10,2024-01-15,
9538,Customer 9538,South,30,2024-01-15,
9539,Customer 9539,West,10,2024-01-15,
9540,Customer 9540,North,10,2024-01-15,
9541,Customer 9541,East,9999999,2024-01-15,
9542,Customer 9542,South,10,2024-01-15,
9543,Customer 9543,South,30,2024-01-15,
9544,Customer 9544,West,10,2024-01-15,
9545,Customer 9545,West,20,2024-01-15,
9546,Customer 9546 ,East,9999999,2024-01-15,
9547,Customer 9547,South,20,2024-01-15,
9548,Customer 9548,West,20,2024-01-15,
9549,Customer 9549,West,30,2024-01-15,
9550,Customer 9550,North,9999999,2024-01-15,
9551,Customer 9551,North,30,2024-01-15,
9552,Customer 9552,North,20,2024-01-15,
9553,Customer 9553,North,10,2024-01-15,
9554,Customer 9554,South,30,2024-01-15,
9555,Customer 9555,North,9999999,2024-01-15,
9556,Customer 9556,South,20,2024-01-15,
9557,Customer 9557,South,9999999,2024-01-15,
9558,Customer 9558,East,30,2024-01-15,
9559,Customer 9559,North,20,2024-01-15,
9560,Customer 9560,North,30,2024-01-15,
9561,Customer 9561,South,20,2024-01-15,
9562,Customer 9562,North,10,2024-01-15,
9563,Customer 9563,West,30,2024-01-15,
9564,Customer 9564,South,9999999,2024-01-15,
9565,Customer 9565,East,10,2024-01-15,
9566,Customer 9566,North,30,2024-01-15,
9567,Customer 9567,North,10,2024-01-15,
9568,Customer 9568,East,9999999,2024-01-15,
9569,Customer 9569,South,10,2024-01-15,
9570,Customer 9570,East,20,2024-01-15,
9571,Customer 9571,South,30,2024-01-15,
9572,Customer 9572,North,10,2024-01-15,
9573,Customer 9573,East,9999999,2024-01-15,
9574,Customer 9574,South,10,2024-01-15,
9575,Customer 9575,East,20,2024-01-15,
9576,Customer 9576,North,9999999,2024-01-15,
9577,Customer 9577,South,9999999,2024-01-15,
9578,Customer 9578,East,9999999,2024-01-15,
9579,Customer 9579,South,9999999,2024-01-15,
9580,Customer 9580,South,20,2024-01-15,
9581,Customer 9581,North,30,2024-01-15,
9582,Customer 9582,East,9999999,2024-01-15,
9583,Customer 9583 ,South,20,2024-01-15,
9584,Customer 9584,North,30,2024-01-15,
9585,Customer 9585,South,30,2024-01-15,
9586,Customer 9586,West,20,2024-01-15,
9587,Customer 9587,North,10,2024-01-15,
9588,Customer 9588,North,10,2024-01-15,
9589,Customer 9589,East,20,2024-01-15,
9590,Customer 9590,West,9999999,2024-01-15,
9591,Customer 9591,West,10,2024-01-15,
9592,Customer 9592,North,20,2024-01-15,
9593,Customer 9593,North,9999999,2024-01-15,
9594,Customer 9594,West,20,2024-01-15,
9595,Customer 9595,South,9999999,2024-01-15,
9596,Customer 9596,South,10,2024-01-15,
9597,Customer 9597,North,10,2024-01-15,
9598,Customer 9598,South,30,2024-01-15,
9599,Customer 9599,West,9999999,2024-01-15,
9600,Customer 9600,North,20,2024-01-15,
9601,Customer 9601,South,30,2024-01-15,
9602,Customer 9602,North,9999999,2024-01-15,
9603,Customer 9603,East,10,2024-01-15,
9604,Customer 9604,West,9999999,2024-01-15,
9605,Customer 9605,North,30,2024-01-15,
9606,Customer 9606,North,10,2024-01-15,
9607,Customer 9607,South,9999999,2024-01-15,
9608,Customer 9608,East,20,2024-01-15,
9609,Customer 9609,North,10,2024-01-15,
9610,Customer 9610,South,9999999,2024-01-15,
9611,Customer 9611,North,9999999,2024-01-15,
9612,Customer 9612,North,20,2024-01-15,
9613,Customer 9613,South,9999999,2024-01-15,
9614,Customer 9614,North,20,2024-01-15,
9615,Customer 9615,South,10,2024-01-15,
9616,Customer 9616,North,9999999,2024-01-15,
9617,Customer 9617,North,9999999,2024-01-15,
9618,Customer 9618,West,9999999,2024-01-15,
9619,Customer 9619,South,20,2024-01-15,
9620,Customer 9620 ,North,10,2024-01-15,
9621,Customer 9621,East,30,2024-01-15,
9622,Customer 9622,West,30,2024-01-15,
9623,Customer 9623,West,10,2024-01-15,
9624,Customer 9624,South,10,2024-01-15,
9625,Customer 9625,West,10,2024-01-15,
9626,Customer 9626,West,10,2024-01-15,
9627,Customer 9627,East,30,2024-01-15,
9628,Customer 9628,West,20,2024-01-15,
9629,Customer 9629,South,10,2024-01-15,
9630,Customer 9630,East,20,2024-01-15,
9631,Customer 9631,South,30,2024-01-15,
9632,Customer 9632,East,20,2024-01-15,
9633,Customer 9633,North,20,2024-01-15,
9634,Customer 9634,North,9999999,2024-01-15,
9635,Customer 9635,East,20,2024-01-15,
9636,Customer 9636,South,20,2024-01-15,
9637,Customer 9637,North,30,2024-01-15,
9638,Customer 9638,North,20,2024-01-15,
9639,Customer 9639,East,30,2024-01-15,
9640,Customer 9640,West,9999999,2024-01-15,
9641,Customer 9641,West,20,2024-01-15,
9642,Customer 9642,South,10,2024-01-15,
9643,Customer 9643,West,20,2024-01-15,
9644,Customer 9644,East,30,2024-01-15,
9645,Customer 9645,South,10,2024-01-15,
9646,Customer 9646,West,20,2024-01-15,
9647,Customer 9647,North,9999999,2024-01-15,
9648,Customer 9648,East,9999999,2024-01-15,
9649,Customer 9649,South,10,2024-01-15,
9650,Customer 9650,East,30,2024-01-15,
9651,Customer 9651,East,30,2024-01-15,
9652,Customer 9652,West,10,2024-01-15,
9653,Customer 9653,South,10,2024-01-15,
9654,Customer 9654,North,10,2024-01-15,
9655,Customer 9655,East,10,2024-01-15,
9656,Customer 9656,South,10,2024-01-15,
9657,Customer 9657 ,West,9999999,2024-01-15,
9658,Customer 9658,West,30,2024-01-15,
9659,Customer 9659,West,30,2024-01-15,
9660,Customer 9660,West,9999999,2024-01-15,
9661,Customer 9661,South,20,2024-01-15,
9662,Customer 9662,West,9999999,2024-01-15,
9663,Customer 9663,North,10,2024-01-15,
9664,Customer 9664,East,30,2024-01-15,
9665,Customer 9665,East,9999999,2024-01-15,
9666,Customer 9666,South,10,2024-01-15,
9667,Customer 9667,North,9999999,2024-01-15,
9668,Customer 9668,North,10,2024-01-15,
9669,Customer 9669,East,9999999,2024-01-15,
9670,Customer 9670,North,20,2024-01-15,
9671,Customer 9671,East,9999999,2024-01-15,
9672,Customer 9672,North,10,2024-01-15,
9673,Customer 9673,South,9999999,2024-01-15,
9674,Customer 9674,South,9999999,2024-01-15,
9675,Customer 9675,East,20,2024-01-15,
9676,Customer 9676,East,20,2024-01-15,
9677,Customer 9677,West,30,2024-01-15,
9678,Customer 9678,West,30,2024-01-15,
9679,Customer 9679,South,10,2024-01-15,
9680,Customer 9680,South,10,2024-01-15,
9681,Customer 9681,East,9999999,2024-01-15,
9682,Customer 9682,West,30,2024-01-15,
9683,Customer 9683,South,20,2024-01-15,
9684,Customer 9684,South,10,2024-01-15,
9685,Customer 9685,South,10,2024-01-15,
9686,Customer 9686,West,20,2024-01-15,
9687,Customer 9687,North,20,2024-01-15,
9688,Customer 9688,East,30,2024-01-15,
9689,Customer 9689,South,10,2024-01-15,
9690,Customer 9690,North,20,2024-01-15,
9691,Customer 9691,North,10,2024-01-15,
9692,Customer 9692,West,10,2024-01-15,
9693,Customer 9693,East,20,2024-01-15,
9694,Customer 9694 ,West,9999999,2024-01-15,
9695,Customer 9695,North,20,2024-01-15,
9696,Customer 9696,North,10,2024-01-15,
9697,Customer 9697,North,10,2024-01-15,
9698,Customer 9698,North,30,2024-01-15,
9699,Customer 9699,North,9999999,2024-01-15,
9700,Customer 9700,North,10,2024-01-15,
9701,Customer 9701,South,9999999,2024-01-15,
9702,Customer 9702,South,20,2024-01-15,
9703,Customer 9703,South,9999999,2024-01-15,
9704,Customer 9704,West,9999999,2024-01-15,
9705,Customer 9705,West,10,2024-01-15,
9706,Customer 9706,East,10,2024-01-15,
9707,Customer 9707,North,30,2024-01-15,
9708,Customer 9708,West,9999999,2024-01-15,
9709,Customer 9709,West,30,2024-01-15,
9710,Customer 9710,North,20,2024-01-15,
9711,Customer 9711,North,10,2024-01-15,
9712,Customer 9712,South,30,2024-01-15,
9713,Customer 9713,West,20,2024-01-15,
9714,Customer 9714,North,10,2024-01-15,
9715,Customer 9715,West,20,2024-01-15,
9716,Customer 9716,North,10,2024-01-15,
9717,Customer 9717,East,10,2024-01-15,
9718,Customer 9718,East,10,2024-01-15,
9719,Customer 9719,East,30,2024-01-15,
9720,Customer 9720,East,20,2024-01-15,
9721,Customer 9721,North,20,2024-01-15,
9722,Customer 9722,East,20,2024-01-15,
9723,Customer 9723,North,10,2024-01-15,
9724,Customer 9724,South,30,2024-01-15,
9725,Customer 9725,South,30,2024-01-15,
9726,Customer 9726,West,30,2024-01-15,
9727,Customer 9727,North,9999999,2024-01-15,
9728,Customer 9728,East,9999999,2024-01-15,
9729,Customer 9729,East,9999999,2024-01-15,
9730,Customer 9730,East,30,2024-01-15,
9731,Customer 9731 ,West,9999999,2024-01-15,
9732,Customer 9732,South,9999999,2024-01-15,
9733,Customer 9733,North,10,2024-01-15,
9734,Customer 9734,South,10,2024-01-15,
9735,Customer 9735,North,30,2024-01-15,
9736,Customer 9736,North,20,2024-01-15,
9737,Customer 9737,South,20,2024-01-15,
9738,Customer 9738,West,20,2024-01-15,
9739,Customer 9739,North,30,2024-01-15,
9740,Customer 9740,West,20,2024-01-15,
9741,Customer 9741,North,20,2024-01-15,
9742,Customer 9742,North,30,2024-01-15,
9743,Customer 9743,East,9999999,2024-01-15,
9744,Customer 9744,South,30,2024-01-15,
9745,Customer 9745,South,9999999,2024-01-15,
9746,Customer 9746,South,30,2024-01-15,
9747,Customer 9747,East,9999999,2024-01-15,
9748,Customer 9748,South,20,2024-01-15,
9749,Customer 9749,West,30,2024-01-15,
9750,Customer 9750,North,10,2024-01-15,
9751,Customer 9751,North,30,2024-01-15,
9752,Customer 9752,North,20,2024-01-15,
9753,Customer 9753,East,20,2024-01-15,
9754,Customer 9754,North,10,2024-01-15,
9755,Customer 9755,North,9999999,2024-01-15,
9756,Customer 9756,East,20,2024-01-15,
9757,Customer 9757,North,30,2024-01-15,
9758,Customer 9758,West,30,2024-01-15,
9759,Customer 9759,North,10,2024-01-15,
9760,Customer 9760,West,10,2024-01-15,
9761,Customer 9761,South,20,2024-01-15,
9762,Customer 9762,East,10,2024-01-15,
9763,Customer 9763,West,9999999,2024-01-15,
9764,Customer 9764,North,10,2024-01-15,
9765,Customer 9765,South,10,2024-01-15,
9766,Customer 9766,South,20,2024-01-15,
9767,Customer 9767,North,9999999,2024-01-15,
9768,Customer 9768 ,North,10,2024-01-15,
9769,Customer 9769,South,20,2024-01-15,
9770,Customer 9770,West,20,2024-01-15,
9771,Customer 9771,East,10,2024-01-15,
9772,Customer 9772,South,10,2024-01-15,
9773,Customer 9773,East,10,2024-01-15,
9774,Customer 9774,North,30,2024-01-15,
9775,Customer 9775,West,9999999,2024-01-15,
9776,Customer 9776,East,9999999,2024-01-15,
9777,Customer 9777,East,20,2024-01-15,
9778,Customer 9778,West,30,2024-01-15,
9779,Customer 9779,East,10,2024-01-15,
9780,Customer 9780,South,20,2024-01-15,
9781,Customer 9781,West,9999999,2024-01-15,
9782,Customer 9782,East,20,2024-01-15,
9783,Customer 9783,North,9999999,2024-01-15,
9784,Customer 9784,North,10,2024-01-15,
9785,Customer 9785,South,30,2024-01-15,
9786,Customer 9786,East,10,2024-01-15,
9787,Customer 9787,South,9999999,2024-01-15,
9788,Customer 9788,West,30,2024-01-15,
9789,Customer 9789,East,20,2024-01-15,
9790,Customer 9790,East,20,2024-01-15,
9791,Customer 9791,North,9999999,2024-01-15,
9792,Customer 9792,West,9999999,2024-01-15,
9793,Customer 9793,South,20,2024-01-15,
9794,Customer 9794,North,30,2024-01-15,
9795,Customer 9795,West,20,2024-01-15,
9796,Customer 9796,West,20,2024-01-15,
9797,Customer 9797,North,9999999,2024-01-15,
9798,Customer 9798,West,9999999,2024-01-15,
9799,Customer 9799,East,9999999,2024-01-15,
9800,Customer 9800,South,9999999,2024-01-15,
9801,Customer 9801,East,20,2024-01-15,
9802,Customer 9802,West,10,2024-01-15,
9803,Customer 9803,West,9999999,2024-01-15,
9804,Customer 9804,East,30,2024-01-15,
9805,Customer 9805 ,West,9999999,2024-01-15,
9806,Customer 9806,South,10,2024-01-15,
9807,Customer 9807,South,10,2024-01-15,
9808,Customer 9808,North,30,2024-01-15,
9809,Customer 9809,West,10,2024-01-15,
9810,Customer 9810,East,10,2024-01-15,
9811,Customer 9811,East,9999999,2024-01-15,
9812,Customer 9812,South,20,2024-01-15,
9813,Customer 9813,East,20,2024-01-15,
9814,Customer 9814,South,30,2024-01-15,
9815,Customer 9815,North,30,2024-01-15,
9816,Customer 9816,West,30,2024-01-15,
9817,Customer 9817,South,9999999,2024-01-15,
9818,Customer 9818,South,10,2024-01-15,
9819,Customer 9819,East,10,2024-01-15,
9820,Customer 9820,East,9999999,2024-01-15,
9821,Customer 9821,South,30,2024-01-15,
9822,Customer 9822,East,30,2024-01-15,
9823,Customer 9823,North,20,2024-01-15,
9824,Customer 9824,East,9999999,2024-01-15,
9825,Customer 9825,North,30,2024-01-15,
9826,Customer 9826,North,10,2024-01-15,
9827,Customer 9827,South,9999999,2024-01-15,
9828,Customer 9828,South,10,2024-01-15,
9829,Customer 9829,South,9999999,2024-01-15,
9830,Customer 9830,West,10,2024-01-15,
9831,Customer 9831,East,20,2024-01-15,
9832,Customer 9832,East,20,2024-01-15,
9833,Customer 9833,South,30,2024-01-15,
9834,Customer 9834,East,10,2024-01-15,
9835,Customer 9835,North,9999999,2024-01-15,
9836,Customer 9836,West,9999999,2024-01-15,
9837,Customer 9837,North,30,2024-01-15,
9838,Customer 9838,North,30,2024-01-15,
9839,Customer 9839,North,10,2024-01-15,
9840,Customer 9840,North,20,2024-01-15,
9841,Customer 9841,East,20,2024-01-15,
9842,Customer 9842 ,South,30,2024-01-15,
9843,Customer 9843,North,30,2024-01-15,
9844,Customer 9844,South,20,2024-01-15,
9845,Customer 9845,North,10,2024-01-15,
9846,Customer 9846,North,9999999,2024-01-15,
9847,Customer 9847,West,30,2024-01-15,
9848,Customer 9848,South,10,2024-01-15,
9849,Customer 9849,South,9999999,2024-01-15,
9850,Customer 9850,West,10,2024-01-15,
9851,Customer 9851,North,10,2024-01-15,
9852,Customer 9852,South,20,2024-01-15,
9853,Customer 9853,South,10,2024-01-15,
9854,Customer 9854,West,10,2024-01-15,
9855,Customer 9855,North,10,2024-01-15,
9856,Customer 9856,East,10,2024-01-15,
9857,Customer 9857,North,10,2024-01-15,
9858,Customer 9858,East,20,2024-01-15,
9859,Customer 9859,North,9999999,2024-01-15,
9860,Customer 9860,North,20,2024-01-15,
9861,Customer 9861,North,9999999,2024-01-15,
9862,Customer 9862,West,9999999,2024-01-15,
9863,Customer 9863,North,10,2024-01-15,
9864,Customer 9864,South,9999999,2024-01-15,
9865,Customer 9865,North,30,2024-01-15,
9866,Customer 9866,North,30,2024-01-15,
9867,Customer 9867,West,30,2024-01-15,
9868,Customer 9868,East,30,2024-01-15,
9869,Customer 9869,North,10,2024-01-15,
9870,Customer 9870,South,10,2024-01-15,
9871,Customer 9871,East,9999999,2024-01-15,
9872,Customer 9872,East,20,2024-01-15,
9873,Customer 9873,North,20,2024-01-15,
9874,Customer 9874,West,10,2024-01-15,
9875,Customer 9875,West,20,2024-01-15,
9876,Customer 9876,West,10,2024-01-15,
9877,Customer 9877,West,20,2024-01-15,
9878,Customer 9878,South,10,2024-01-15,
9879,Customer 9879 ,North,9999999,2024-01-15,
9880,Customer 9880,North,9999999,2024-01-15,
9881,Customer 9881,North,9999999,2024-01-15,
9882,Customer 9882,West,10,2024-01-15,
9883,Customer 9883,South,20,2024-01-15,
9884,Customer 9884,West,20,2024-01-15,
9885,Customer 9885,West,30,2024-01-15,
9886,Customer 9886,North,9999999,2024-01-15,
9887,Customer 9887,West,20,2024-01-15,
9888,Customer 9888,South,30,2024-01-15,
9889,Customer 9889,West,10,2024-01-15,
9890,Customer 9890,North,9999999,2024-01-15,
9891,Customer 9891,South,10,2024-01-15,
9892,Customer 9892,North,30,2024-01-15,
9893,Customer 9893,East,30,2024-01-15,
9894,Customer 9894,North,9999999,2024-01-15,
9895,Customer 9895,South,10,2024-01-15,
9896,Customer 9896,East,30,2024-01-15,
9897,Customer 9897,South,20,2024-01-15,
9898,Customer 9898,West,20,2024-01-15,
9899,Customer 9899,South,20,2024-01-15,
9900,Customer 9900,West,10,2024-01-15,
9901,Customer 9901,West,10,2024-01-15,
9902,Customer 9902,East,9999999,2024-01-15,
9903,Customer 9903,East,9999999,2024-01-15,
9904,Customer 9904,West,9999999,2024-01-15,
9905,Customer 9905,West,10,2024-01-15,
9906,Customer 9906,East,9999999,2024-01-15,
9907,Customer 9907,West,10,2024-01-15,
9908,Customer 9908,South,10,2024-01-15,
9909,Customer 9909,South,30,2024-01-15,
9910,Customer 9910,East,10,2024-01-15,
9911,Customer 9911,North,10,2024-01-15,
9912,Customer 9912,East,9999999,2024-01-15,
9913,Customer 9913,West,20,2024-01-15,
9914,Customer 9914,North,10,2024-01-15,
9915,Customer 9915,North,9999999,2024-01-15,
9916,Customer 9916 ,South,20,2024-01-15,
9917,Customer 9917,North,30,2024-01-15,
9918,Customer 9918,South,30,2024-01-15,
9919,Customer 9919,South,30,2024-01-15,
9920,Customer 9920,South,10,2024-01-15,
9921,Customer 9921,East,20,2024-01-15,
9922,Customer 9922,North,30,2024-01-15,
9923,Customer 9923,North,20,2024-01-15,
9924,Customer 9924,East,10,2024-01-15,
9925,Customer 9925,West,10,2024-01-15,
9926,Customer 9926,North,10,2024-01-15,
9927,Customer 9927,South,30,2024-01-15,
9928,Customer 9928,South,10,2024-01-15,
9929,Customer 9929,East,10,2024-01-15,
9930,Customer 9930,West,10,2024-01-15,
9931,Customer 9931,East,9999999,2024-01-15,
9932,Customer 9932,East,9999999,2024-01-15,
9933,Customer 9933,South,9999999,2024-01-15,
9934,Customer 9934,East,20,2024-01-15,
9935,Customer 9935,East,20,2024-01-15,
9936,Customer 9936,North,10,2024-01-15,
9937,Customer 9937,East,10,2024-01-15,
9938,Customer 9938,North,10,2024-01-15,
9939,Customer 9939,West,30,2024-01-15,
9940,Customer 9940,East,9999999,2024-01-15,
9941,Customer 9941,West,20,2024-01-15,
9942,Customer 9942,North,9999999,2024-01-15,
9943,Customer 9943,West,30,2024-01-15,
9944,Customer 9944,East,20,2024-01-15,
9945,Customer 9945,North,30,2024-01-15,
9946,Customer 9946,North,20,2024-01-15,
9947,Customer 9947,West,9999999,2024-01-15,
9948,Customer 9948,North,30,2024-01-15,
9949,Customer 9949,South,20,2024-01-15,
9950,Customer 9950,West,30,2024-01-15,
9951,Customer 9951,East,10,2024-01-15,
9952,Customer 9952,East,30,2024-01-15,
9953,Customer 9953 ,West,20,2024-01-15,
9954,Customer 9954,West,10,2024-01-15,
9955,Customer 9955,South,20,2024-01-15,
9956,Customer 9956,North,9999999,2024-01-15,
9957,Customer 9957,East,20,2024-01-15,
9958,Customer 9958,West,30,2024-01-15,
9959,Customer 9959,East,30,2024-01-15,
9960,Customer 9960,West,9999999,2024-01-15,
9961,Customer 9961,South,9999999,2024-01-15,
9962,Customer 9962,East,10,2024-01-15,
9963,Customer 9963,West,10,2024-01-15,
9964,Customer 9964,North,10,2024-01-15,
9965,Customer 9965,South,9999999,2024-01-15,
9966,Customer 9966,West,10,2024-01-15,
9967,Customer 9967,East,10,2024-01-15,
9968,Customer 9968,East,9999999,2024-01-15,
9969,Customer 9969,South,9999999,2024-01-15,
9970,Customer 9970,North,9999999,2024-01-15,
9971,Customer 9971,North,20,2024-01-15,
9972,Customer 9972,East,9999999,2024-01-15,
9973,Customer 9973,South,30,2024-01-15,
9974,Customer 9974,South,10,2024-01-15,
9975,Customer 9975,East,9999999,2024-01-15,
9976,Customer 9976,East,10,2024-01-15,
9977,Customer 9977,West,30,2024-01-15,
9978,Customer 9978,West,20,2024-01-15,
9979,Customer 9979,South,10,2024-01-15,
9980,Customer 9980,East,20,2024-01-15,
9981,Customer 9981,West,30,2024-01-15,
9982,Customer 9982,South,9999999,2024-01-15,
9983,Customer 9983,South,9999999,2024-01-15,
9984,Customer 9984,North,30,2024-01-15,
9985,Customer 9985,West,9999999,2024-01-15,
9986,Customer 9986,East,9999999,2024-01-15,
9987,Customer 9987,North,20,2024-01-15,
9988,Customer 9988,West,9999999,2024-01-15,
9989,Customer 9989,South,20,2024-01-15,
9990,Customer 9990 ,North,9999999,2024-01-15,
9991,Customer 9991,East,20,2024-01-15,
9992,Customer 9992,West,20,2024-01-15,
9993,Customer 9993,West,9999999,2024-01-15,
9994,Customer 9994,East,20,2024-01-15,
9995,Customer 9995,South,20,2024-01-15,
9996,Customer 9996,West,9999999,2024-01-15,
9997,Customer 9997,West,10,2024-01-15,
9998,Customer 9998,East,10,2024-01-15,
9999,Customer 9999,South,9999999,2024-01-15,
10000,Customer 10000,South,N/A,2024-01-15,
10001,Customer 10001,East,10,2024-01-15,
10002,Customer 10002,South,30,2024-01-15,
10003,Customer 10003,North,30,2024-01-15,
10004,Customer 10004,North,30,2024-01-15,
10005,Customer 10005,West,20,2024-01-15,
10006,Customer 10006,West,20,2024-01-15,
10007,Customer 10007,East,10,2024-01-15,
10008,Customer 10008,West,9999999,2024-01-15,
10009,Customer 10009,North,30,2024-01-15,
10010,Customer 10010,South,30,2024-01-15,
10011,Customer 10011,West,30,2024-01-15,
10012,Customer 10012,North,9999999,2024-01-15,
10013,Customer 10013,West,9999999,2024-01-15,
10014,Customer 10014,East,9999999,2024-01-15,
10015,Customer 10015,East,30,2024-01-15,
10016,Customer 10016,West,20,2024-01-15,
10017,Customer 10017,North,10,2024-01-15,
10018,Customer 10018,East,20,2024-01-15,
10019,Customer 10019,South,20,2024-01-15,
10020,Customer 10020,South,9999999,2024-01-15,
10021,Customer 10021,South,9999999,2024-01-15,
10022,Customer 10022,South,9999999,2024-01-15,
10023,Customer 10023,North,20,2024-01-15,
10024,Customer 10024,South,20,2024-01-15,
10025,Customer 10025,West,20,2024-01-15,
10026,Customer 10026,North,10,2024-01-15,
10027,Customer 10027 ,West,10,2024-01-15,
10028,Customer 10028,West,30,2024-01-15,
10029,Customer 10029,North,9999999,2024-01-15,
10030,Customer 10030,North,9999999,2024-01-15,
10031,Customer 10031,South,9999999,2024-01-15,
10032,Customer 10032,East,10,2024-01-15,
10033,Customer 10033,East,20,2024-01-15,
10034,Customer 10034,East,10,2024-01-15,
10035,Customer 10035,West,30,2024-01-15,
10036,Customer 10036,North,20,2024-01-15,
10037,Customer 10037,South,30,2024-01-15,
10038,Customer 10038,West,10,2024-01-15,
10039,Customer 10039,South,10,2024-01-15,
10040,Customer 10040,South,20,2024-01-15,
10041,Customer 10041,South,10,2024-01-15,
10042,Customer 10042,North,9999999,2024-01-15,
10043,Customer 10043,East,10,2024-01-15,
10044,Customer 10044,West,20,2024-01-15,
10045,Customer 10045,West,30,2024-01-15,
10046,Customer 10046,North,10,2024-01-15,
10047,Customer 10047,North,9999999,2024-01-15,
10048,Customer 10048,West,10,2024-01-15,
10049,Customer 10049,North,9999999,2024-01-15,
10050,Customer 10050,North,20,2024-01-15,
10051,Customer 10051,South,9999999,2024-01-15,
10052,Customer 10052,North,9999999,2024-01-15,
10053,Customer 10053,North,30,2024-01-15,
10054,Customer 10054,East,10,2024-01-15,
10055,Customer 10055,South,20,2024-01-15,
10056,Customer 10056,West,20,2024-01-15,
10057,Customer 10057,South,9999999,2024-01-15,
10058,Customer 10058,East,30,2024-01-15,
10059,Customer 10059,South,9999999,2024-01-15,
10060,Customer 10060,West,10,2024-01-15,
10061,Customer 10061,East,20,2024-01-15,
10062,Customer 10062,West,9999999,2024-01-15,
10063,Customer 10063,North,20,2024-01-15,
10064,Customer 10064 ,North,20,2024-01-15,
10065,Customer 10065,East,9999999,2024-01-15,
10066,Customer 10066,North,30,2024-01-15,
10067,Customer 10067,East,20,2024-01-15,
10068,Customer 10068,North,30,2024-01-15,
10069,Customer 10069,South,20,2024-01-15,
10070,Customer 10070,West,20,2024-01-15,
10071,Customer 10071,West,20,2024-01-15,
10072,Customer 10072,North,20,2024-01-15,
10073,Customer 10073,North,20,2024-01-15,
10074,Customer 10074,South,9999999,2024-01-15,
10075,Customer 10075,North,30,2024-01-15,
10076,Customer 10076,West,30,2024-01-15,
10077,Customer 10077,South,10,2024-01-15,
10078,Customer 10078,West,9999999,2024-01-15,
10079,Customer 10079,West,9999999,2024-01-15,
10080,Customer 10080,South,30,2024-01-15,
10081,Customer 10081,South,9999999,2024-01-15,
10082,Customer 10082,East,30,2024-01-15,
10083,Customer 10083,West,20,2024-01-15,
10084,Customer 10084,East,30,2024-01-15,
10085,Customer 10085,West,10,2024-01-15,
10086,Customer 10086,West,10,2024-01-15,
10087,Customer 10087,North,30,2024-01-15,
10088,Customer 10088,West,9999999,2024-01-15,
10089,Customer 10089,West,30,2024-01-15,
10090,Customer 10090,South,10,2024-01-15,
10091,Customer 10091,North,10,2024-01-15,
10092,Customer 10092,South,10,2024-01-15,
10093,Customer 10093,South,10,2024-01-15,
10094,Customer 10094,North,20,2024-01-15,
10095,Customer 10095,East,30,2024-01-15,
10096,Customer 10096,North,20,2024-01-15,
10097,Customer 10097,East,30,2024-01-15,
10098,Customer 10098,South,10,2024-01-15,
10099,Customer 10099,South,20,2024-01-15,
10100,Customer 10100,South,30,2024-01-15,
10101,Customer 10101 ,South,20,2024-01-15,
10102,Customer 10102,North,20,2024-01-15,
10103,Customer 10103,South,20,2024-01-15,
10104,Customer 10104,North,30,2024-01-15,
10105,Customer 10105,South,10,2024-01-15,
10106,Customer 10106,East,30,2024-01-15,
10107,Customer 10107,North,30,2024-01-15,
10108,Customer 10108,South,10,2024-01-15,
10109,Customer 10109,East,30,2024-01-15,
10110,Customer 10110,North,30,2024-01-15,
10111,Customer 10111,West,20,2024-01-15,
10112,Customer 10112,South,30,2024-01-15,
10113,Customer 10113,South,20,2024-01-15,
10114,Customer 10114,South,20,2024-01-15,
10115,Customer 10115,South,30,2024-01-15,
10116,Customer 10116,South,9999999,2024-01-15,
10117,Customer 10117,South,9999999,2024-01-15,
10118,Customer 10118,North,10,2024-01-15,
10119,Customer 10119,South,30,2024-01-15,
10120,Customer 10120,South,10,2024-01-15,
10121,Customer 10121,East,30,2024-01-15,
10122,Customer 10122,South,10,2024-01-15,
10123,Customer 10123,West,10,2024-01-15,
10124,Customer 10124,West,30,2024-01-15,
10125,Customer 10125,South,30,2024-01-15,
10126,Customer 10126,North,10,2024-01-15,
10127,Customer 10127,South,20,2024-01-15,
10128,Customer 10128,West,9999999,2024-01-15,
10129,Customer 10129,North,20,2024-01-15,
10130,Customer 10130,West,9999999,2024-01-15,
10131,Customer 10131,East,30,2024-01-15,
10132,Customer 10132,South,30,2024-01-15,
10133,Customer 10133,North,10,2024-01-15,
10134,Customer 10134,South,9999999,2024-01-15,
10135,Customer 10135,North,30,2024-01-15,
10136,Customer 10136,West,20,2024-01-15,
10137,Customer 10137,North,30,2024-01-15,
10138,Customer 10138 ,South,20,2024-01-15,
10139,Customer 10139,West,9999999,2024-01-15,
10140,Customer 10140,South,10,2024-01-15,
10141,Customer 10141,West,10,2024-01-15,
10142,Customer 10142,South,30,2024-01-15,
10143,Customer 10143,South,9999999,2024-01-15,
10144,Customer 10144,East,9999999,2024-01-15,
10145,Customer 10145,East,9999999,2024-01-15,
10146,Customer 10146,West,20,2024-01-15,
10147,Customer 10147,West,30,2024-01-15,
10148,Customer 10148,South,10,2024-01-15,
10149,Customer 10149,West,10,2024-01-15,
10150,Customer 10150,West,10,2024-01-15,
10151,Customer 10151,North,20,2024-01-15,
10152,Customer 10152,South,10,2024-01-15,
10153,Customer 10153,East,30,2024-01-15,
10154,Customer 10154,East,20,2024-01-15,
10155,Customer 10155,South,10,2024-01-15,
10156,Customer 10156,North,20,2024-01-15,
10157,Customer 10157,East,10,2024-01-15,
10158,Customer 10158,East,20,2024-01-15,
10159,Customer 10159,North,30,2024-01-15,
10160,Customer 10160,North,30,2024-01-15,
10161,Customer 10161,South,30,2024-01-15,
10162,Customer 10162,North,20,2024-01-15,
10163,Customer 10163,East,10,2024-01-15,
10164,Customer 10164,North,20,2024-01-15,
10165,Customer 10165,West,9999999,2024-01-15,
10166,Customer 10166,South,9999999,2024-01-15,
10167,Customer 10167,West,30,2024-01-15,
10168,Customer 10168,East,20,2024-01-15,
10169,Customer 10169,South,30,2024-01-15,
10170,Customer 10170,North,20,2024-01-15,
10171,Customer 10171,East,20,2024-01-15,
10172,Customer 10172,North,30,2024-01-15,
10173,Customer 10173,North,20,2024-01-15,
10174,Customer 10174,West,30,2024-01-15,
10175,Customer 10175 ,North,9999999,2024-01-15,
10176,Customer 10176,West,9999999,2024-01-15,
10177,Customer 10177,South,9999999,2024-01-15,
10178,Customer 10178,South,20,2024-01-15,
10179,Customer 10179,West,20,2024-01-15,
10180,Customer 10180,North,30,2024-01-15,
10181,Customer 10181,North,30,2024-01-15,
10182,Customer 10182,East,20,2024-01-15,
10183,Customer 10183,East,9999999,2024-01-15,
10184,Customer 10184,East,9999999,2024-01-15,
10185,Customer 10185,East,10,2024-01-15,
10186,Customer 10186,South,30,2024-01-15,
10187,Customer 10187,East,20,2024-01-15,
10188,Customer 10188,West,9999999,2024-01-15,
10189,Customer 10189,West,20,2024-01-15,
10190,Customer 10190,North,20,2024-01-15,
10191,Customer 10191,West,30,2024-01-15,
10192,Customer 10192,South,9999999,2024-01-15,
10193,Customer 10193,East,20,2024-01-15,
10194,Customer 10194,South,30,2024-01-15,
10195,Customer 10195,East,30,2024-01-15,
10196,Customer 10196,West,10,2024-01-15,
10197,Customer 10197,South,20,2024-01-15,
10198,Customer 10198,South,20,2024-01-15,
10199,Customer 10199,North,30,2024-01-15,
10200,Customer 10200,South,10,2024-01-15,
10201,Customer 10201,West,30,2024-01-15,
10202,Customer 10202,East,20,2024-01-15,
10203,Customer 10203,South,9999999,2024-01-15,
10204,Customer 10204,South,9999999,2024-01-15,
10205,Customer 10205,South,30,2024-01-15,
10206,Customer 10206,North,10,2024-01-15,
10207,Customer 10207,South,20,2024-01-15,
10208,Customer 10208,East,20,2024-01-15,
10209,Customer 10209,East,10,2024-01-15,
10210,Customer 10210,North,20,2024-01-15,
10211,Customer 10211,West,10,2024-01-15,
10212,Customer 10212 ,South,9999999,2024-01-15,
10213,Customer 10213,North,9999999,2024-01-15,
10214,Customer 10214,West,20,2024-01-15,
10215,Customer 10215,North,9999999,2024-01-15,
10216,Customer 10216,East,30,2024-01-15,
10217,Customer 10217,East,10,2024-01-15,
10218,Customer 10218,South,9999999,2024-01-15,
10219,Customer 10219,North,20,2024-01-15,
10220,Customer 10220,East,9999999,2024-01-15,
10221,Customer 10221,North,10,2024-01-15,
10222,Customer 10222,North,20,2024-01-15,
10223,Customer 10223,North,10,2024-01-15,
10224,Customer 10224,South,20,2024-01-15,
10225,Customer 10225,South,30,2024-01-15,
10226,Customer 10226,South,20,2024-01-15,
10227,Customer 10227,East,20,2024-01-15,
10228,Customer 10228,North,9999999,2024-01-15,
10229,Customer 10229,South,10,2024-01-15,
10230,Customer 10230,North,9999999,2024-01-15,
10231,Customer 10231,West,10,2024-01-15,
10232,Customer 10232,South,10,2024-01-15,
10233,Customer 10233,West,9999999,2024-01-15,
10234,Customer 10234,East,10,2024-01-15,
10235,Customer 10235,East,9999999,2024-01-15,
10236,Customer 10236,North,9999999,2024-01-15,
10237,Customer 10237,North,9999999,2024-01-15,
10238,Customer 10238,West,9999999,2024-01-15,
10239,Customer 10239,West,20,2024-01-15,
10240,Customer 10240,South,30,2024-01-15,
10241,Customer 10241,North,30,2024-01-15,
10242,Customer 10242,East,10,2024-01-15,
10243,Customer 10243,West,20,2024-01-15,
10244,Customer 10244,South,20,2024-01-15,
10245,Customer 10245,West,30,2024-01-15,
10246,Customer 10246,West,10,2024-01-15,
10247,Customer 10247,South,9999999,2024-01-15,
10248,Customer 10248,North,20,2024-01-15,
10249,Customer 10249 ,South,20,2024-01-15,
10250,Customer 10250,North,9999999,2024-01-15,
10251,Customer 10251,East,10,2024-01-15,
10252,Customer 10252,North,30,2024-01-15,
10253,Customer 10253,East,9999999,2024-01-15,
10254,Customer 10254,South,20,2024-01-15,
10255,Customer 10255,West,10,2024-01-15,
10256,Customer 10256,East,30,2024-01-15,
10257,Customer 10257,North,30,2024-01-15,
10258,Customer 10258,West,20,2024-01-15,
10259,Customer 10259,West,20,2024-01-15,
10260,Customer 10260,West,9999999,2024-01-15,
10261,Customer 10261,West,30,2024-01-15,
10262,Customer 10262,North,9999999,2024-01-15,
10263,Customer 10263,South,9999999,2024-01-15,
10264,Customer 10264,East,30,2024-01-15,
10265,Customer 10265,North,20,2024-01-15,
10266,Customer 10266,West,30,2024-01-15,
10267,Customer 10267,West,10,2024-01-15,
10268,Customer 10268,East,30,2024-01-15,
10269,Customer 10269,West,10,2024-01-15,
10270,Customer 10270,North,10,2024-01-15,
10271,Customer 10271,South,9999999,2024-01-15,
10272,Customer 10272,East,20,2024-01-15,
10273,Customer 10273,North,20,2024-01-15,
10274,Customer 10274,East,20,2024-01-15,
10275,Customer 10275,West,20,2024-01-15,
10276,Customer 10276,East,30,2024-01-15,
10277,Customer 10277,North,30,2024-01-15,
10278,Customer 10278,South,9999999,2024-01-15,
10279,Customer 10279,East,20,2024-01-15,
10280,Customer 10280,West,30,2024-01-15,
10281,Customer 10281,South,30,2024-01-15,
10282,Customer 10282,East,9999999,2024-01-15,
10283,Customer 10283,North,9999999,2024-01-15,
10284,Customer 10284,East,20,2024-01-15,
10285,Customer 10285,East,30,2024-01-15,
10286,Customer 10286 ,West,20,2024-01-15,
10287,Customer 10287,West,20,2024-01-15,
10288,Customer 10288,East,10,2024-01-15,
10289,Customer 10289,South,9999999,2024-01-15,
10290,Customer 10290,West,20,2024-01-15,
10291,Customer 10291,North,30,2024-01-15,
10292,Customer 10292,North,10,2024-01-15,
10293,Customer 10293,South,30,2024-01-15,
10294,Customer 10294,East,30,2024-01-15,
10295,Customer 10295,East,9999999,2024-01-15,
10296,Customer 10296,North,20,2024-01-15,
10297,Customer 10297,East,9999999,2024-01-15,
10298,Customer 10298,East,20,2024-01-15,
10299,Customer 10299,North,10,2024-01-15,
10300,Customer 10300,West,20,2024-01-15,
10301,Customer 10301,East,10,2024-01-15,
10302,Customer 10302,North,9999999,2024-01-15,
10303,Customer 10303,West,30,2024-01-15,
10304,Customer 10304,North,9999999,2024-01-15,
10305,Customer 10305,South,30,2024-01-15,
10306,Customer 10306,East,9999999,2024-01-15,
10307,Customer 10307,South,30,2024-01-15,
10308,Customer 10308,North,9999999,2024-01-15,
10309,Customer 10309,West,9999999,2024-01-15,
10310,Customer 10310,West,10,2024-01-15,
10311,Customer 10311,West,30,2024-01-15,
10312,Customer 10312,West,30,2024-01-15,
10313,Customer 10313,South,9999999,2024-01-15,
10314,Customer 10314,South,9999999,2024-01-15,
10315,Customer 10315,North,9999999,2024-01-15,
10316,Customer 10316,East,30,2024-01-15,
10317,Customer 10317,East,10,2024-01-15,
10318,Customer 10318,North,10,2024-01-15,
10319,Customer 10319,West,20,2024-01-15,
10320,Customer 10320,South,9999999,2024-01-15,
10321,Customer 10321,North,10,2024-01-15,
10322,Customer 10322,East,30,2024-01-15,
10323,Customer 10323 ,West,10,2024-01-15,
10324,Customer 10324,North,9999999,2024-01-15,
10325,Customer 10325,South,30,2024-01-15,
10326,Customer 10326,West,30,2024-01-15,
10327,Customer 10327,North,9999999,2024-01-15,
10328,Customer 10328,North,30,2024-01-15,
10329,Customer 10329,South,20,2024-01-15,
10330,Customer 10330,East,9999999,2024-01-15,
10331,Customer 10331,South,9999999,2024-01-15,
10332,Customer 10332,North,20,2024-01-15,
10333,Customer 10333,West,9999999,2024-01-15,
10334,Customer 10334,South,9999999,2024-01-15,
10335,Customer 10335,West,10,2024-01-15,
10336,Customer 10336,North,9999999,2024-01-15,
10337,Customer 10337,South,20,2024-01-15,
10338,Customer 10338,West,20,2024-01-15,
10339,Customer 10339,West,9999999,2024-01-15,
10340,Customer 10340,North,30,2024-01-15,
10341,Customer 10341,West,10,2024-01-15,
10342,Customer 10342,East,9999999,2024-01-15,
10343,Customer 10343,East,20,2024-01-15,
10344,Customer 10344,West,10,2024-01-15,
10345,Customer 10345,South,9999999,2024-01-15,
10346,Customer 10346,South,9999999,2024-01-15,
10347,Customer 10347,South,30,2024-01-15,
10348,Customer 10348,West,9999999,2024-01-15,
10349,Customer 10349,East,10,2024-01-15,
10350,Customer 10350,North,30,2024-01-15,
10351,Customer 10351,South,30,2024-01-15,
10352,Customer 10352,North,20,2024-01-15,
10353,Customer 10353,North,9999999,2024-01-15,
10354,Customer 10354,West,30,2024-01-15,
10355,Customer 10355,West,10,2024-01-15,
10356,Customer 10356,North,9999999,2024-01-15,
10357,Customer 10357,West,9999999,2024-01-15,
10358,Customer 10358,South,20,2024-01-15,
10359,Customer 10359,North,10,2024-01-15,
10360,Customer 10360 ,South,9999999,2024-01-15,
10361,Customer 10361,West,10,2024-01-15,
10362,Customer 10362,South,20,2024-01-15,
10363,Customer 10363,South,10,2024-01-15,
10364,Customer 10364,North,9999999,2024-01-15,
10365,Customer 10365,West,20,2024-01-15,
10366,Customer 10366,South,30,2024-01-15,
10367,Customer 10367,West,20,2024-01-15,
10368,Customer 10368,West,10,2024-01-15,
10369,Customer 10369,West,10,2024-01-15,
10370,Customer 10370,East,30,2024-01-15,
10371,Customer 10371,West,20,2024-01-15,
10372,Customer 10372,South,30,2024-01-15,
10373,Customer 10373,South,10,2024-01-15,
10374,Customer 10374,North,20,2024-01-15,
10375,Customer 10375,East,20,2024-01-15,
10376,Customer 10376,North,30,2024-01-15,
10377,Customer 10377,East,10,2024-01-15,
10378,Customer 10378,West,30,2024-01-15,
10379,Customer 10379,North,9999999,2024-01-15,
10380,Customer 10380,South,9999999,2024-01-15,
10381,Customer 10381,East,10,2024-01-15,
10382,Customer 10382,South,9999999,2024-01-15,
10383,Customer 10383,East,10,2024-01-15,
10384,Customer 10384,South,30,2024-01-15,
10385,Customer 10385,South,30,2024-01-15,
10386,Customer 10386,South,30,2024-01-15,
10387,Customer 10387,South,10,2024-01-15,
10388,Customer 10388,West,10,2024-01-15,
10389,Customer 10389,West,10,2024-01-15,
10390,Customer 10390,North,9999999,2024-01-15,
10391,Customer 10391,West,9999999,2024-01-15,
10392,Customer 10392,South,30,2024-01-15,
10393,Customer 10393,East,10,2024-01-15,
10394,Customer 10394,North,10,2024-01-15,
10395,Customer 10395,East,9999999,2024-01-15,
10396,Customer 10396,North,20,2024-01-15,
10397,Customer 10397 ,North,30,2024-01-15,
10398,Customer 10398,West,20,2024-01-15,
10399,Customer 10399,North,10,2024-01-15,
10400,Customer 10400,North,9999999,2024-01-15,
10401,Customer 10401,West,20,2024-01-15,
10402,Customer 10402,North,30,2024-01-15,
10403,Customer 10403,North,9999999,2024-01-15,
10404,Customer 10404,North,20,2024-01-15,
10405,Customer 10405,North,10,2024-01-15,
10406,Customer 10406,South,9999999,2024-01-15,
10407,Customer 10407,South,9999999,2024-01-15,
10408,Customer 10408,West,20,2024-01-15,
10409,Customer 10409,East,20,2024-01-15,
10410,Customer 10410,East,30,2024-01-15,
10411,Customer 10411,North,10,2024-01-15,
10412,Customer 10412,South,9999999,2024-01-15,
10413,Customer 10413,South,30,2024-01-15,
10414,Customer 10414,East,9999999,2024-01-15,
10415,Customer 10415,North,10,2024-01-15,
10416,Customer 10416,North,9999999,2024-01-15,
10417,Customer 10417,North,9999999,2024-01-15,
10418,Customer 10418,North,9999999,2024-01-15,
10419,Customer 10419,West,20,2024-01-15,
10420,Customer 10420,West,9999999,2024-01-15,
10421,Customer 10421,North,20,2024-01-15,
10422,Customer 10422,South,10,2024-01-15,
10423,Customer 10423,South,10,2024-01-15,
10424,Customer 10424,West,10,2024-01-15,
10425,Customer 10425,South,10,2024-01-15,
10426,Customer 10426,South,9999999,2024-01-15,
10427,Customer 10427,East,30,2024-01-15,
10428,Customer 10428,South,30,2024-01-15,
10429,Customer 10429,West,30,2024-01-15,
10430,Customer 10430,East,20,2024-01-15,
10431,Customer 10431,West,30,2024-01-15,
10432,Customer 10432,North,10,2024-01-15,
10433,Customer 10433,North,20,2024-01-15,
10434,Customer 10434 ,South,30,2024-01-15,
10435,Customer 10435,South,30,2024-01-15,
10436,Customer 10436,South,30,2024-01-15,
10437,Customer 10437,North,9999999,2024-01-15,
10438,Customer 10438,South,10,2024-01-15,
10439,Customer 10439,West,20,2024-01-15,
10440,Customer 10440,South,30,2024-01-15,
10441,Customer 10441,South,10,2024-01-15,
10442,Customer 10442,West,30,2024-01-15,
10443,Customer 10443,North,9999999,2024-01-15,
10444,Customer 10444,West,20,2024-01-15,
10445,Customer 10445,North,9999999,2024-01-15,
10446,Customer 10446,East,20,2024-01-15,
10447,Customer 10447,West,20,2024-01-15,
10448,Customer 10448,South,30,2024-01-15,
10449,Customer 10449,North,30,2024-01-15,
10450,Customer 10450,East,30,2024-01-15,
10451,Customer 10451,West,20,2024-01-15,
10452,Customer 10452,North,30,2024-01-15,
10453,Customer 10453,East,9999999,2024-01-15,
10454,Customer 10454,North,30,2024-01-15,
10455,Customer 10455,West,20,2024-01-15,
10456,Customer 10456,South,30,2024-01-15,
10457,Customer 10457,East,10,2024-01-15,
10458,Customer 10458,West,9999999,2024-01-15,
10459,Customer 10459,East,20,2024-01-15,
10460,Customer 10460,West,30,2024-01-15,
10461,Customer 10461,South,9999999,2024-01-15,
10462,Customer 10462,South,20,2024-01-15,
10463,Customer 10463,West,20,2024-01-15,
10464,Customer 10464,West,10,2024-01-15,
10465,Customer 10465,West,9999999,2024-01-15,
10466,Customer 10466,East,9999999,2024-01-15,
10467,Customer 10467,South,10,2024-01-15,
10468,Customer 10468,East,30,2024-01-15,
10469,Customer 10469,South,9999999,2024-01-15,
10470,Customer 10470,North,20,2024-01-15,
10471,Customer 10471 ,South,30,2024-01-15,
10472,Customer 10472,South,9999999,2024-01-15,
10473,Customer 10473,West,20,2024-01-15,
10474,Customer 10474,North,20,2024-01-15,
10475,Customer 10475,West,9999999,2024-01-15,
10476,Customer 10476,North,9999999,2024-01-15,
10477,Customer 10477,West,9999999,2024-01-15,
10478,Customer 10478,South,20,2024-01-15,
10479,Customer 10479,West,30,2024-01-15,
10480,Customer 10480,South,20,2024-01-15,
10481,Customer 10481,East,20,2024-01-15,
10482,Customer 10482,West,9999999,2024-01-15,
10483,Customer 10483,West,9999999,2024-01-15,
10484,Customer 10484,South,9999999,2024-01-15,
10485,Customer 10485,West,30,2024-01-15,
10486,Customer 10486,East,10,2024-01-15,
10487,Customer 10487,South,10,2024-01-15,
10488,Customer 10488,South,30,2024-01-15,
10489,Customer 10489,East,10,2024-01-15,
10490,Customer 10490,North,20,2024-01-15,
10491,Customer 10491,South,30,2024-01-15,
10492,Customer 10492,North,20,2024-01-15,
10493,Customer 10493,South,20,2024-01-15,
10494,Customer 10494,North,9999999,2024-01-15,
10495,Customer 10495,North,10,2024-01-15,
10496,Customer 10496,East,10,2024-01-15,
10497,Customer 10497,North,30,2024-01-15,
10498,Customer 10498,West,9999999,2024-01-15,
10499,Customer 10499,North,20,2024-01-15,
10500,Customer 10500,East,N/A,2024-01-15,
10501,Customer 10501,North,20,2024-01-15,
10502,Customer 10502,North,30,2024-01-15,
10503,Customer 10503,East,20,2024-01-15,
10504,Customer 10504,North,10,2024-01-15,
10505,Customer 10505,West,20,2024-01-15,
10506,Customer 10506,South,30,2024-01-15,
10507,Customer 10507,South,9999999,2024-01-15,
10508,Customer 10508 ,West,10,2024-01-15,
10509,Customer 10509,West,30,2024-01-15,
10510,Customer 10510,South,30,2024-01-15,
10511,Customer 10511,East,20,2024-01-15,
10512,Customer 10512,East,10,2024-01-15,
10513,Customer 10513,North,20,2024-01-15,
10514,Customer 10514,South,20,2024-01-15,
10515,Customer 10515,South,30,2024-01-15,
10516,Customer 10516,West,10,2024-01-15,
10517,Customer 10517,West,9999999,2024-01-15,
10518,Customer 10518,East,10,2024-01-15,
10519,Customer 10519,South,9999999,2024-01-15,
10520,Customer 10520,East,10,2024-01-15,
10521,Customer 10521,South,9999999,2024-01-15,
10522,Customer 10522,North,10,2024-01-15,
10523,Customer 10523,East,9999999,2024-01-15,
10524,Customer 10524,North,20,2024-01-15,
10525,Customer 10525,West,9999999,2024-01-15,
10526,Customer 10526,North,9999999,2024-01-15,
10527,Customer 10527,East,9999999,2024-01-15,
10528,Customer 10528,South,9999999,2024-01-15,
10529,Customer 10529,North,30,2024-01-15,
10530,Customer 10530,South,30,2024-01-15,
10531,Customer 10531,West,30,2024-01-15,
10532,Customer 10532,North,30,2024-01-15,
10533,Customer 10533,East,20,2024-01-15,
10534,Customer 10534,North,20,2024-01-15,
10535,Customer 10535,West,20,2024-01-15,
10536,Customer 10536,West,30,2024-01-15,
10537,Customer 10537,North,10,2024-01-15,
10538,Customer 10538,West,10,2024-01-15,
10539,Customer 10539,West,9999999,2024-01-15,
10540,Customer 10540,South,20,2024-01-15,
10541,Customer 10541,West,10,2024-01-15,
10542,Customer 10542,North,30,2024-01-15,
10543,Customer 10543,West,20,2024-01-15,
10544,Customer 10544,South,10,2024-01-15,
10545,Customer 10545 ,South,10,2024-01-15,
10546,Customer 10546,North,30,2024-01-15,
10547,Customer 10547,West,20,2024-01-15,
10548,Customer 10548,South,20,2024-01-15,
10549,Customer 10549,North,9999999,2024-01-15,
10550,Customer 10550,East,20,2024-01-15,
10551,Customer 10551,East,20,2024-01-15,
10552,Customer 10552,East,30,2024-01-15,
10553,Customer 10553,East,9999999,2024-01-15,
10554,Customer 10554,East,10,2024-01-15,
10555,Customer 10555,West,9999999,2024-01-15,
10556,Customer 10556,West,10,2024-01-15,
10557,Customer 10557,South,9999999,2024-01-15,
10558,Customer 10558,East,20,2024-01-15,
10559,Customer 10559,North,10,2024-01-15,
10560,Customer 10560,West,9999999,2024-01-15,
10561,Customer 10561,North,30,2024-01-15,
10562,Customer 10562,West,10,2024-01-15,
10563,Customer 10563,East,10,2024-01-15,
10564,Customer 10564,West,10,2024-01-15,
10565,Customer 10565,South,20,2024-01-15,
10566,Customer 10566,North,30,2024-01-15,
10567,Customer 10567,East,30,2024-01-15,
10568,Customer 10568,South,9999999,2024-01-15,
10569,Customer 10569,North,30,2024-01-15,
10570,Customer 10570,East,10,2024-01-15,
10571,Customer 10571,East,10,2024-01-15,
10572,Customer 10572,North,30,2024-01-15,
10573,Customer 10573,East,10,2024-01-15,
10574,Customer 10574,East,9999999,2024-01-15,
10575,Customer 10575,West,30,2024-01-15,
10576,Customer 10576,South,30,2024-01-15,
10577,Customer 10577,West,10,2024-01-15,
10578,Customer 10578,West,10,2024-01-15,
10579,Customer 10579,North,9999999,2024-01-15,
10580,Customer 10580,East,10,2024-01-15,
10581,Customer 10581,South,10,2024-01-15,
10582,Customer 10582 ,East,10,2024-01-15,
10583,Customer 10583,East,30,2024-01-15,
10584,Customer 10584,East,10,2024-01-15,
10585,Customer 10585,South,10,2024-01-15,
10586,Customer 10586,South,20,2024-01-15,
10587,Customer 10587,North,10,2024-01-15,
10588,Customer 10588,West,20,2024-01-15,
10589,Customer 10589,South,9999999,2024-01-15,
10590,Customer 10590,South,10,2024-01-15,
10591,Customer 10591,West,30,2024-01-15,
10592,Customer 10592,North,30,2024-01-15,
10593,Customer 10593,North,9999999,2024-01-15,
10594,Customer 10594,West,20,2024-01-15,
10595,Customer 10595,South,30,2024-01-15,
10596,Customer 10596,North,30,2024-01-15,
10597,Customer 10597,East,9999999,2024-01-15,
10598,Customer 10598,South,9999999,2024-01-15,
10599,Customer 10599,South,20,2024-01-15,
10600,Customer 10600,West,30,2024-01-15,
10601,Customer 10601,South,20,2024-01-15,
10602,Customer 10602,South,10,2024-01-15,
10603,Customer 10603,East,9999999,2024-01-15,
10604,Customer 10604,North,30,2024-01-15,
10605,Customer 10605,West,10,2024-01-15,
10606,Customer 10606,North,9999999,2024-01-15,
10607,Customer 10607,North,9999999,2024-01-15,
10608,Customer 10608,North,20,2024-01-15,
10609,Customer 10609,North,10,2024-01-15,
10610,Customer 10610,South,30,2024-01-15,
10611,Customer 10611,North,10,2024-01-15,
10612,Customer 10612,South,20,2024-01-15,
10613,Customer 10613,West,9999999,2024-01-15,
10614,Customer 10614,North,10,2024-01-15,
10615,Customer 10615,East,30,2024-01-15,
10616,Customer 10616,North,30,2024-01-15,
10617,Customer 10617,South,30,2024-01-15,
10618,Customer 10618,South,9999999,2024-01-15,
10619,Customer 10619 ,North,20,2024-01-15,
10620,Customer 10620,West,10,2024-01-15,
10621,Customer 10621,East,10,2024-01-15,
10622,Customer 10622,South,9999999,2024-01-15,
10623,Customer 10623,North,20,2024-01-15,
10624,Customer 10624,South,30,2024-01-15,
10625,Customer 10625,North,9999999,2024-01-15,
10626,Customer 10626,West,9999999,2024-01-15,
10627,Customer 10627,East,30,2024-01-15,
10628,Customer 10628,East,30,2024-01-15,
10629,Customer 10629,North,9999999,2024-01-15,
10630,Customer 10630,South,20,2024-01-15,
10631,Customer 10631,West,10,2024-01-15,
10632,Customer 10632,East,10,2024-01-15,
10633,Customer 10633,North,9999999,2024-01-15,
10634,Customer 10634,South,30,2024-01-15,
10635,Customer 10635,West,30,2024-01-15,
10636,Customer 10636,West,9999999,2024-01-15,
10637,Customer 10637,South,9999999,2024-01-15,
10638,Customer 10638,South,9999999,2024-01-15,
10639,Customer 10639,East,20,2024-01-15,
10640,Customer 10640,North,9999999,2024-01-15,
10641,Customer 10641,South,30,2024-01-15,
10642,Customer 10642,South,10,2024-01-15,
10643,Customer 10643,North,9999999,2024-01-15,
10644,Customer 10644,North,30,2024-01-15,
10645,Customer 10645,East,20,2024-01-15,
10646,Customer 10646,West,9999999,2024-01-15,
10647,Customer 10647,South,10,2024-01-15,
10648,Customer 10648,West,9999999,2024-01-15,
10649,Customer 10649,East,10,2024-01-15,
10650,Customer 10650,West,10,2024-01-15,
10651,Customer 10651,North,20,2024-01-15,
10652,Customer 10652,West,9999999,2024-01-15,
10653,Customer 10653,West,20,2024-01-15,
10654,Customer 10654,East,10,2024-01-15,
10655,Customer 10655,South,10,2024-01-15,
10656,Customer 10656 ,West,10,2024-01-15,
10657,Customer 10657,North,30,2024-01-15,
10658,Customer 10658,North,10,2024-01-15,
10659,Customer 10659,North,20,2024-01-15,
10660,Customer 10660,South,10,2024-01-15,
10661,Customer 10661,South,10,2024-01-15,
10662,Customer 10662,South,10,2024-01-15,
10663,Customer 10663,South,30,2024-01-15,
10664,Customer 10664,East,10,2024-01-15,
10665,Customer 10665,South,30,2024-01-15,
10666,Customer 10666,West,20,2024-01-15,
10667,Customer 10667,West,30,2024-01-15,
10668,Customer 10668,South,30,2024-01-15,
10669,Customer 10669,South,10,2024-01-15,
10670,Customer 10670,North,9999999,2024-01-15,
10671,Customer 10671,West,10,2024-01-15,
10672,Customer 10672,South,10,2024-01-15,
10673,Customer 10673,East,9999999,2024-01-15,
10674,Customer 10674,East,9999999,2024-01-15,
10675,Customer 10675,East,30,2024-01-15,
10676,Customer 10676,South,30,2024-01-15,
10677,Customer 10677,East,10,2024-01-15,
10678,Customer 10678,East,30,2024-01-15,
10679,Customer 10679,East,30,2024-01-15,
10680,Customer 10680,North,20,2024-01-15,
10681,Customer 10681,North,10,2024-01-15,
10682,Customer 10682,West,10,2024-01-15,
10683,Customer 10683,East,30,2024-01-15,
10684,Customer 10684,East,20,2024-01-15,
10685,Customer 10685,East,30,2024-01-15,
10686,Customer 10686,West,9999999,2024-01-15,
10687,Customer 10687,South,20,2024-01-15,
10688,Customer 10688,South,30,2024-01-15,
10689,Customer 10689,West,10,2024-01-15,
10690,Customer 10690,North,9999999,2024-01-15,
10691,Customer 10691,West,30,2024-01-15,
10692,Customer 10692,North,9999999,2024-01-15,
10693,Customer 10693 ,West,20,2024-01-15,
10694,Customer 10694,West,10,2024-01-15,
10695,Customer 10695,East,20,2024-01-15,
10696,Customer 10696,North,9999999,2024-01-15,
10697,Customer 10697,North,9999999,2024-01-15,
10698,Customer 10698,West,30,2024-01-15,
10699,Customer 10699,West,20,2024-01-15,
10700,Customer 10700,North,9999999,2024-01-15,
10701,Customer 10701,South,20,2024-01-15,
10702,Customer 10702,North,30,2024-01-15,
10703,Customer 10703,East,30,2024-01-15,
10704,Customer 10704,North,10,2024-01-15,
10705,Customer 10705,South,30,2024-01-15,
10706,Customer 10706,North,10,2024-01-15,
10707,Customer 10707,South,9999999,2024-01-15,
10708,Customer 10708,West,10,2024-01-15,
10709,Customer 10709,North,9999999,2024-01-15,
10710,Customer 10710,West,30,2024-01-15,
10711,Customer 10711,East,10,2024-01-15,
10712,Customer 10712,North,9999999,2024-01-15,
10713,Customer 10713,South,30,2024-01-15,
10714,Customer 10714,East,20,2024-01-15,
10715,Customer 10715,North,30,2024-01-15,
10716,Customer 10716,South,20,2024-01-15,
10717,Customer 10717,East,30,2024-01-15,
10718,Customer 10718,East,9999999,2024-01-15,
10719,Customer 10719,West,10,2024-01-15,
10720,Customer 10720,East,30,2024-01-15,
10721,Customer 10721,North,20,2024-01-15,
10722,Customer 10722,West,30,2024-01-15,
10723,Customer 10723,East,10,2024-01-15,
10724,Customer 10724,North,9999999,2024-01-15,
10725,Customer 10725,West,10,2024-01-15,
10726,Customer 10726,East,9999999,2024-01-15,
10727,Customer 10727,South,9999999,2024-01-15,
10728,Customer 10728,East,9999999,2024-01-15,
10729,Customer 10729,North,9999999,2024-01-15,
10730,Customer 10730 ,South,20,2024-01-15,
10731,Customer 10731,West,30,2024-01-15,
10732,Customer 10732,West,30,2024-01-15,
10733,Customer 10733,North,9999999,2024-01-15,
10734,Customer 10734,West,30,2024-01-15,
10735,Customer 10735,South,10,2024-01-15,
10736,Customer 10736,West,20,2024-01-15,
10737,Customer 10737,North,9999999,2024-01-15,
10738,Customer 10738,South,30,2024-01-15,
10739,Customer 10739,North,10,2024-01-15,
10740,Customer 10740,South,20,2024-01-15,
10741,Customer 10741,East,10,2024-01-15,
10742,Customer 10742,West,9999999,2024-01-15,
10743,Customer 10743,South,20,2024-01-15,
10744,Customer 10744,South,20,2024-01-15,
10745,Customer 10745,South,9999999,2024-01-15,
10746,Customer 10746,South,20,2024-01-15,
10747,Customer 10747,East,9999999,2024-01-15,
10748,Customer 10748,North,30,2024-01-15,
10749,Customer 10749,South,20,2024-01-15,
10750,Customer 10750,South,30,2024-01-15,
10751,Customer 10751,West,20,2024-01-15,
10752,Customer 10752,West,9999999,2024-01-15,
10753,Customer 10753,East,20,2024-01-15,
10754,Customer 10754,West,20,2024-01-15,
10755,Customer 10755,South,9999999,2024-01-15,
10756,Customer 10756,South,20,2024-01-15,
10757,Customer 10757,South,30,2024-01-15,
10758,Customer 10758,South,10,2024-01-15,
10759,Customer 10759,South,20,2024-01-15,
10760,Customer 10760,North,10,2024-01-15,
10761,Customer 10761,North,30,2024-01-15,
10762,Customer 10762,West,10,2024-01-15,
10763,Customer 10763,South,20,2024-01-15,
10764,Customer 10764,East,20,2024-01-15,
10765,Customer 10765,South,30,2024-01-15,
10766,Customer 10766,East,20,2024-01-15,
10767,Customer 10767 ,North,9999999,2024-01-15,
10768,Customer 10768,North,20,2024-01-15,
10769,Customer 10769,East,9999999,2024-01-15,
10770,Customer 10770,North,30,2024-01-15,
10771,Customer 10771,East,30,2024-01-15,
10772,Customer 10772,South,30,2024-01-15,
10773,Customer 10773,North,9999999,2024-01-15,
10774,Customer 10774,East,9999999,2024-01-15,
10775,Customer 10775,North,9999999,2024-01-15,
10776,Customer 10776,South,20,2024-01-15,
10777,Customer 10777,North,10,2024-01-15,
10778,Customer 10778,West,10,2024-01-15,
10779,Customer 10779,South,30,2024-01-15,
10780,Customer 10780,South,20,2024-01-15,
10781,Customer 10781,West,20,2024-01-15,
10782,Customer 10782,South,20,2024-01-15,
10783,Customer 10783,West,9999999,2024-01-15,
10784,Customer 10784,West,9999999,2024-01-15,
10785,Customer 10785,South,20,2024-01-15,
10786,Customer 10786,West,10,2024-01-15,
10787,Customer 10787,West,10,2024-01-15,
10788,Customer 10788,East,9999999,2024-01-15,
10789,Customer 10789,North,9999999,2024-01-15,
10790,Customer 10790,North,9999999,2024-01-15,
10791,Customer 10791,East,20,2024-01-15,
10792,Customer 10792,South,10,2024-01-15,
10793,Customer 10793,North,9999999,2024-01-15,
10794,Customer 10794,East,30,2024-01-15,
10795,Customer 10795,East,20,2024-01-15,
10796,Customer 10796,East,20,2024-01-15,
10797,Customer 10797,North,10,2024-01-15,
10798,Customer 10798,East,9999999,2024-01-15,
10799,Customer 10799,South,10,2024-01-15,
10800,Customer 10800,East,9999999,2024-01-15,
10801,Customer 10801,West,10,2024-01-15,
10802,Customer 10802,East,9999999,2024-01-15,
10803,Customer 10803,West,20,2024-01-15,
10804,Customer 10804 ,West,9999999,2024-01-15,
10805,Customer 10805,East,20,2024-01-15,
10806,Customer 10806,West,10,2024-01-15,
10807,Customer 10807,North,20,2024-01-15,
10808,Customer 10808,South,10,2024-01-15,
10809,Customer 10809,South,9999999,2024-01-15,
10810,Customer 10810,West,30,2024-01-15,
10811,Customer 10811,West,30,2024-01-15,
10812,Customer 10812,East,10,2024-01-15,
10813,Customer 10813,East,9999999,2024-01-15,
10814,Customer 10814,West,30,2024-01-15,
10815,Customer 10815,North,20,2024-01-15,
10816,Customer 10816,West,20,2024-01-15,
10817,Customer 10817,North,30,2024-01-15,
10818,Customer 10818,West,30,2024-01-15,
10819,Customer 10819,East,10,2024-01-15,
10820,Customer 10820,North,30,2024-01-15,
10821,Customer 10821,South,30,2024-01-15,
10822,Customer 10822,West,20,2024-01-15,
10823,Customer 10823,East,9999999,2024-01-15,
10824,Customer 10824,South,20,2024-01-15,
10825,Customer 10825,South,20,2024-01-15,
10826,Customer 10826,West,30,2024-01-15,
10827,Customer 10827,South,10,2024-01-15,
10828,Customer 10828,South,10,2024-01-15,
10829,Customer 10829,North,10,2024-01-15,
10830,Customer 10830,East,30,2024-01-15,
10831,Customer 10831,South,30,2024-01-15,
10832,Customer 10832,North,30,2024-01-15,
10833,Customer 10833,North,10,2024-01-15,
10834,Customer 10834,West,20,2024-01-15,
10835,Customer 10835,South,9999999,2024-01-15,
10836,Customer 10836,South,20,2024-01-15,
10837,Customer 10837,West,30,2024-01-15,
10838,Customer 10838,South,30,2024-01-15,
10839,Customer 10839,East,20,2024-01-15,
10840,Customer 10840,West,9999999,2024-01-15,
10841,Customer 10841 ,North,9999999,2024-01-15,
10842,Customer 10842,South,20,2024-01-15,
10843,Customer 10843,West,20,2024-01-15,
10844,Customer 10844,North,9999999,2024-01-15,
10845,Customer 10845,East,30,2024-01-15,
10846,Customer 10846,West,10,2024-01-15,
10847,Customer 10847,West,10,2024-01-15,
10848,Customer 10848,South,10,2024-01-15,
10849,Customer 10849,East,30,2024-01-15,
10850,Customer 10850,East,9999999,2024-01-15,
10851,Customer 10851,East,9999999,2024-01-15,
10852,Customer 10852,North,9999999,2024-01-15,
10853,Customer 10853,West,30,2024-01-15,
10854,Customer 10854,East,9999999,2024-01-15,
10855,Customer 10855,South,9999999,2024-01-15,
10856,Customer 10856,North,20,2024-01-15,
10857,Customer 10857,South,9999999,2024-01-15,
10858,Customer 10858,West,20,2024-01-15,
10859,Customer 10859,North,10,2024-01-15,
10860,Customer 10860,South,10,2024-01-15,
10861,Customer 10861,North,9999999,2024-01-15,
10862,Customer 10862,West,9999999,2024-01-15,
10863,Customer 10863,North,20,2024-01-15,
10864,Customer 10864,West,10,2024-01-15,
10865,Customer 10865,East,30,2024-01-15,
10866,Customer 10866,West,30,2024-01-15,
10867,Customer 10867,East,9999999,2024-01-15,
10868,Customer 10868,West,30,2024-01-15,
10869,Customer 10869,East,9999999,2024-01-15,
10870,Customer 10870,East,30,2024-01-15,
10871,Customer 10871,East,9999999,2024-01-15,
10872,Customer 10872,South,10,2024-01-15,
10873,Customer 10873,West,30,2024-01-15,
10874,Customer 10874,East,9999999,2024-01-15,
10875,Customer 10875,North,10,2024-01-15,
10876,Customer 10876,West,10,2024-01-15,
10877,Customer 10877,East,9999999,2024-01-15,
10878,Customer 10878 ,South,9999999,2024-01-15,
10879,Customer 10879,North,30,2024-01-15,
10880,Customer 10880,North,30,2024-01-15,
10881,Customer 10881,West,9999999,2024-01-15,
10882,Customer 10882,East,30,2024-01-15,
10883,Customer 10883,North,30,2024-01-15,
10884,Customer 10884,South,20,2024-01-15,
10885,Customer 10885,East,30,2024-01-15,
10886,Customer 10886,North,30,2024-01-15,
10887,Customer 10887,East,9999999,2024-01-15,
10888,Customer 10888,South,10,2024-01-15,
10889,Customer 10889,South,20,2024-01-15,
10890,Customer 10890,West,9999999,2024-01-15,
10891,Customer 10891,South,10,2024-01-15,
10892,Customer 10892,West,30,2024-01-15,
10893,Customer 10893,North,10,2024-01-15,
10894,Customer 10894,North,9999999,2024-01-15,
10895,Customer 10895,West,20,2024-01-15,
10896,Customer 10896,North,20,2024-01-15,
10897,Customer 10897,East,30,2024-01-15,
10898,Customer 10898,South,20,2024-01-15,
10899,Customer 10899,North,9999999,2024-01-15,
10900,Customer 10900,North,20,2024-01-15,
10901,Customer 10901,North,30,2024-01-15,
10902,Customer 10902,North,20,2024-01-15,
10903,Customer 10903,North,30,2024-01-15,
10904,Customer 10904,East,20,2024-01-15,
10905,Customer 10905,West,10,2024-01-15,
10906,Customer 10906,West,10,2024-01-15,
10907,Customer 10907,West,9999999,2024-01-15,
10908,Customer 10908,East,20,2024-01-15,
10909,Customer 10909,South,30,2024-01-15,
10910,Customer 10910,North,30,2024-01-15,
10911,Customer 10911,East,20,2024-01-15,
10912,Customer 10912,East,9999999,2024-01-15,
10913,Customer 10913,East,10,2024-01-15,
10914,Customer 10914,North,30,2024-01-15,
10915,Customer 10915 ,South,9999999,2024-01-15,
10916,Customer 10916,West,30,2024-01-15,
10917,Customer 10917,East,9999999,2024-01-15,
10918,Customer 10918,East,10,2024-01-15,
10919,Customer 10919,South,9999999,2024-01-15,
10920,Customer 10920,North,30,2024-01-15,
10921,Customer 10921,North,30,2024-01-15,
10922,Customer 10922,West,20,2024-01-15,
10923,Customer 10923,South,10,2024-01-15,
10924,Customer 10924,East,30,2024-01-15,
10925,Customer 10925,North,20,2024-01-15,
10926,Customer 10926,North,20,2024-01-15,
10927,Customer 10927,South,30,2024-01-15,
10928,Customer 10928,East,30,2024-01-15,
10929,Customer 10929,West,10,2024-01-15,
10930,Customer 10930,East,20,2024-01-15,
10931,Customer 10931,North,20,2024-01-15,
10932,Customer 10932,North,20,2024-01-15,
10933,Customer 10933,West,9999999,2024-01-15,
10934,Customer 10934,East,9999999,2024-01-15,
10935,Customer 10935,West,9999999,2024-01-15,
10936,Customer 10936,East,30,2024-01-15,
10937,Customer 10937,East,10,2024-01-15,
10938,Customer 10938,West,10,2024-01-15,
10939,Customer 10939,South,30,2024-01-15,
10940,Customer 10940,North,20,2024-01-15,
10941,Customer 10941,East,20,2024-01-15,
10942,Customer 10942,East,9999999,2024-01-15,
10943,Customer 10943,West,10,2024-01-15,
10944,Customer 10944,South,20,2024-01-15,
10945,Customer 10945,South,20,2024-01-15,
10946,Customer 10946,North,9999999,2024-01-15,
10947,Customer 10947,West,30,2024-01-15,
10948,Customer 10948,South,30,2024-01-15,
10949,Customer 10949,West,9999999,2024-01-15,
10950,Customer 10950,East,9999999,2024-01-15,
10951,Customer 10951,North,20,2024-01-15,
10952,Customer 10952 ,South,9999999,2024-01-15,
10953,Customer 10953,West,10,2024-01-15,
10954,Customer 10954,South,9999999,2024-01-15,
10955,Customer 10955,North,20,2024-01-15,
10956,Customer 10956,North,30,2024-01-15,
10957,Customer 10957,West,10,2024-01-15,
10958,Customer 10958,East,20,2024-01-15,
10959,Customer 10959,West,20,2024-01-15,
10960,Customer 10960,East,30,2024-01-15,
10961,Customer 10961,West,30,2024-01-15,
10962,Customer 10962,West,10,2024-01-15,
10963,Customer 10963,South,20,2024-01-15,
10964,Customer 10964,West,20,2024-01-15,
10965,Customer 10965,South,20,2024-01-15,
10966,Customer 10966,North,9999999,2024-01-15,
10967,Customer 10967,North,9999999,2024-01-15,
10968,Customer 10968,South,20,2024-01-15,
10969,Customer 10969,West,20,2024-01-15,
10970,Customer 10970,North,10,2024-01-15,
10971,Customer 10971,East,9999999,2024-01-15,
10972,Customer 10972,West,30,2024-01-15,
10973,Customer 10973,East,10,2024-01-15,
10974,Customer 10974,West,9999999,2024-01-15,
10975,Customer 10975,East,30,2024-01-15,
10976,Customer 10976,West,10,2024-01-15,
10977,Customer 10977,West,9999999,2024-01-15,
10978,Customer 10978,East,30,2024-01-15,
10979,Customer 10979,North,20,2024-01-15,
10980,Customer 10980,West,10,2024-01-15,
10981,Customer 10981,West,20,2024-01-15,
10982,Customer 10982,East,10,2024-01-15,
10983,Customer 10983,East,10,2024-01-15,
10984,Customer 10984,North,9999999,2024-01-15,
10985,Customer 10985,East,30,2024-01-15,
10986,Customer 10986,South,9999999,2024-01-15,
10987,Customer 10987,South,9999999,2024-01-15,
10988,Customer 10988,West,30,2024-01-15,
10989,Customer 10989 ,South,9999999,2024-01-15,
10990,Customer 10990,South,10,2024-01-15,
10991,Customer 10991,West,10,2024-01-15,
10992,Customer 10992,North,9999999,2024-01-15,
10993,Customer 10993,South,20,2024-01-15,
10994,Customer 10994,North,9999999,2024-01-15,
10995,Customer 10995,North,20,2024-01-15,
10996,Customer 10996,East,10,2024-01-15,
10997,Customer 10997,North,10,2024-01-15,
10998,Customer 10998,West,20,2024-01-15,
10999,Customer 10999,South,10,2024-01-15,
11000,Customer 11000,North,N/A,2024-01-15,
11001,Customer 11001,North,9999999,2024-01-15,
11002,Customer 11002,West,9999999,2024-01-15,
11003,Customer 11003,North,10,2024-01-15,
11004,Customer 11004,West,10,2024-01-15,
11005,Customer 11005,South,20,2024-01-15,
11006,Customer 11006,South,9999999,2024-01-15,
11007,Customer 11007,West,20,2024-01-15,
11008,Customer 11008,South,20,2024-01-15,
11009,Customer 11009,West,30,2024-01-15,
11010,Customer 11010,West,30,2024-01-15,
11011,Customer 11011,South,10,2024-01-15,
11012,Customer 11012,North,30,2024-01-15,
11013,Customer 11013,West,9999999,2024-01-15,
11014,Customer 11014,West,30,2024-01-15,
11015,Customer 11015,South,9999999,2024-01-15,
11016,Customer 11016,East,20,2024-01-15,
11017,Customer 11017,West,30,2024-01-15,
11018,Customer 11018,West,10,2024-01-15,
11019,Customer 11019,South,9999999,2024-01-15,
11020,Customer 11020,South,10,2024-01-15,
11021,Customer 11021,North,20,2024-01-15,
11022,Customer 11022,East,30,2024-01-15,
11023,Customer 11023,North,30,2024-01-15,
11024,Customer 11024,West,30,2024-01-15,
11025,Customer 11025,East,10,2024-01-15,
11026,Customer 11026 ,North,20,2024-01-15,
11027,Customer 11027,South,9999999,2024-01-15,
11028,Customer 11028,East,30,2024-01-15,
11029,Customer 11029,North,30,2024-01-15,
11030,Customer 11030,East,30,2024-01-15,
11031,Customer 11031,North,20,2024-01-15,
11032,Customer 11032,East,10,2024-01-15,
11033,Customer 11033,East,10,2024-01-15,
11034,Customer 11034,North,9999999,2024-01-15,
11035,Customer 11035,South,10,2024-01-15,
11036,Customer 11036,East,20,2024-01-15,
11037,Customer 11037,South,10,2024-01-15,
11038,Customer 11038,West,9999999,2024-01-15,
11039,Customer 11039,East,10,2024-01-15,
11040,Customer 11040,North,9999999,2024-01-15,
11041,Customer 11041,West,10,2024-01-15,
11042,Customer 11042,West,9999999,2024-01-15,
11043,Customer 11043,South,10,2024-01-15,
11044,Customer 11044,East,20,2024-01-15,
11045,Customer 11045,East,30,2024-01-15,
11046,Customer 11046,East,9999999,2024-01-15,
11047,Customer 11047,West,30,2024-01-15,
11048,Customer 11048,East,9999999,2024-01-15,
11049,Customer 11049,South,10,2024-01-15,
11050,Customer 11050,West,9999999,2024-01-15,
11051,Customer 11051,North,30,2024-01-15,
11052,Customer 11052,West,10,2024-01-15,
11053,Customer 11053,South,20,2024-01-15,
11054,Customer 11054,West,30,2024-01-15,
11055,Customer 11055,West,20,2024-01-15,
11056,Customer 11056,North,20,2024-01-15,
11057,Customer 11057,West,30,2024-01-15,
11058,Customer 11058,West,30,2024-01-15,
11059,Customer 11059,South,20,2024-01-15,
11060,Customer 11060,South,9999999,2024-01-15,
11061,Customer 11061,West,10,2024-01-15,
11062,Customer 11062,North,20,2024-01-15,
11063,Customer 11063 ,North,20,2024-01-15,
11064,Customer 11064,East,30,2024-01-15,
11065,Customer 11065,South,30,2024-01-15,
11066,Customer 11066,South,20,2024-01-15,
11067,Customer 11067,East,20,2024-01-15,
11068,Customer 11068,West,10,2024-01-15,
11069,Customer 11069,North,30,2024-01-15,
11070,Customer 11070,East,30,2024-01-15,
11071,Customer 11071,West,20,2024-01-15,
11072,Customer 11072,North,9999999,2024-01-15,
11073,Customer 11073,South,9999999,2024-01-15,
11074,Customer 11074,East,30,2024-01-15,
11075,Customer 11075,West,9999999,2024-01-15,
11076,Customer 11076,West,30,2024-01-15,
11077,Customer 11077,North,20,2024-01-15,
11078,Customer 11078,East,30,2024-01-15,
11079,Customer 11079,North,30,2024-01-15,
11080,Customer 11080,East,9999999,2024-01-15,
11081,Customer 11081,West,10,2024-01-15,
11082,Customer 11082,West,10,2024-01-15,
11083,Customer 11083,East,10,2024-01-15,
11084,Customer 11084,South,10,2024-01-15,
11085,Customer 11085,North,20,2024-01-15,
11086,Customer 11086,West,10,2024-01-15,
11087,Customer 11087,East,10,2024-01-15,
11088,Customer 11088,South,10,2024-01-15,
11089,Customer 11089,East,30,2024-01-15,
11090,Customer 11090,West,9999999,2024-01-15,
11091,Customer 11091,East,10,2024-01-15,
11092,Customer 11092,West,20,2024-01-15,
11093,Customer 11093,East,9999999,2024-01-15,
11094,Customer 11094,South,10,2024-01-15,
11095,Customer 11095,West,20,2024-01-15,
11096,Customer 11096,South,30,2024-01-15,
11097,Customer 11097,North,20,2024-01-15,
11098,Customer 11098,West,20,2024-01-15,
11099,Customer 11099,North,30,2024-01-15,
11100,Customer 11100 ,South,9999999,2024-01-15,
11101,Customer 11101,South,10,2024-01-15,
11102,Customer 11102,West,9999999,2024-01-15,
11103,Customer 11103,West,9999999,2024-01-15,
11104,Customer 11104,West,10,2024-01-15,
11105,Customer 11105,West,9999999,2024-01-15,
11106,Customer 11106,North,9999999,2024-01-15,
11107,Customer 11107,South,10,2024-01-15,
11108,Customer 11108,West,30,2024-01-15,
11109,Customer 11109,East,20,2024-01-15,
11110,Customer 11110,North,20,2024-01-15,
11111,Customer 11111,South,20,2024-01-15,
11112,Customer 11112,South,20,2024-01-15,
11113,Customer 11113,North,30,2024-01-15,
11114,Customer 11114,South,10,2024-01-15,
11115,Customer 11115,West,9999999,2024-01-15,
11116,Customer 11116,West,20,2024-01-15,
11117,Customer 11117,East,9999999,2024-01-15,
11118,Customer 11118,North,10,2024-01-15,
11119,Customer 11119,West,9999999,2024-01-15,
11120,Customer 11120,East,10,2024-01-15,
11121,Customer 11121,East,20,2024-01-15,
11122,Customer 11122,West,30,2024-01-15,
11123,Customer 11123,East,10,2024-01-15,
11124,Customer 11124,North,30,2024-01-15,
11125,Customer 11125,South,20,2024-01-15,
11126,Customer 11126,East,20,2024-01-15,
11127,Customer 11127,West,10,2024-01-15,
11128,Customer 11128,West,30,2024-01-15,
11129,Customer 11129,West,30,2024-01-15,
11130,Customer 11130,South,30,2024-01-15,
11131,Customer 11131,North,9999999,2024-01-15,
11132,Customer 11132,West,10,2024-01-15,
11133,Customer 11133,West,20,2024-01-15,
11134,Customer 11134,West,20,2024-01-15,
11135,Customer 11135,North,20,2024-01-15,
11136,Customer 11136,West,30,2024-01-15,
11137,Customer 11137 ,East,30,2024-01-15,
11138,Customer 11138,South,20,2024-01-15,
11139,Customer 11139,West,9999999,2024-01-15,
11140,Customer 11140,East,9999999,2024-01-15,
11141,Customer 11141,East,10,2024-01-15,
11142,Customer 11142,North,10,2024-01-15,
11143,Customer 11143,East,20,2024-01-15,
11144,Customer 11144,South,10,2024-01-15,
11145,Customer 11145,East,30,2024-01-15,
11146,Customer 11146,South,10,2024-01-15,
11147,Customer 11147,East,30,2024-01-15,
11148,Customer 11148,West,30,2024-01-15,
11149,Customer 11149,South,9999999,2024-01-15,
11150,Customer 11150,South,20,2024-01-15,
11151,Customer 11151,East,10,2024-01-15,
11152,Customer 11152,South,9999999,2024-01-15,
11153,Customer 11153,North,20,2024-01-15,
11154,Customer 11154,East,30,2024-01-15,
11155,Customer 11155,West,30,2024-01-15,
11156,Customer 11156,East,10,2024-01-15,
11157,Customer 11157,East,9999999,2024-01-15,
11158,Customer 11158,South,20,2024-01-15,
11159,Customer 11159,North,30,2024-01-15,
11160,Customer 11160,East,10,2024-01-15,
11161,Customer 11161,West,9999999,2024-01-15,
11162,Customer 11162,South,30,2024-01-15,
11163,Customer 11163,South,10,2024-01-15,
11164,Customer 11164,East,10,2024-01-15,
11165,Customer 11165,East,10,2024-01-15,
11166,Customer 11166,South,30,2024-01-15,
11167,Customer 11167,West,9999999,2024-01-15,
11168,Customer 11168,West,9999999,2024-01-15,
11169,Customer 11169,South,10,2024-01-15,
11170,Customer 11170,East,10,2024-01-15,
11171,Customer 11171,North,10,2024-01-15,
11172,Customer 11172,West,10,2024-01-15,
11173,Customer 11173,North,20,2024-01-15,
11174,Customer 11174 ,South,30,2024-01-15,
11175,Customer 11175,East,10,2024-01-15,
11176,Customer 11176,North,10,2024-01-15,
11177,Customer 11177,South,30,2024-01-15,
11178,Customer 11178,West,9999999,2024-01-15,
11179,Customer 11179,South,9999999,2024-01-15,
11180,Customer 11180,North,10,2024-01-15,
11181,Customer 11181,North,9999999,2024-01-15,
11182,Customer 11182,North,9999999,2024-01-15,
11183,Customer 11183,West,10,2024-01-15,
11184,Customer 11184,West,30,2024-01-15,
11185,Customer 11185,South,30,2024-01-15,
11186,Customer 11186,West,30,2024-01-15,
11187,Customer 11187,West,10,2024-01-15,
11188,Customer 11188,South,10,2024-01-15,
11189,Customer 11189,South,9999999,2024-01-15,
11190,Customer 11190,North,20,2024-01-15,
11191,Customer 11191,East,30,2024-01-15,
11192,Customer 11192,South,20,2024-01-15,
11193,Customer 11193,West,10,2024-01-15,
11194,Customer 11194,North,10,2024-01-15,
11195,Customer 11195,South,20,2024-01-15,
11196,Customer 11196,South,10,2024-01-15,
11197,Customer 11197,East,9999999,2024-01-15,
11198,Customer 11198,North,30,2024-01-15,
11199,Customer 11199,South,30,2024-01-15,
11200,Customer 11200,East,20,2024-01-15,
11201,Customer 11201,North,10,2024-01-15,
11202,Customer 11202,South,30,2024-01-15,
11203,Customer 11203,West,10,2024-01-15,
11204,Customer 11204,West,9999999,2024-01-15,
11205,Customer 11205,North,10,2024-01-15,
11206,Customer 11206,North,30,2024-01-15,
11207,Customer 11207,East,30,2024-01-15,
11208,Customer 11208,North,20,2024-01-15,
11209,Customer 11209,West,10,2024-01-15,
11210,Customer 11210,South,9999999,2024-01-15,
11211,Customer 11211 ,South,20,2024-01-15,
11212,Customer 11212,South,20,2024-01-15,
11213,Customer 11213,East,20,2024-01-15,
11214,Customer 11214,North,10,2024-01-15,
11215,Customer 11215,South,30,2024-01-15,
11216,Customer 11216,South,20,2024-01-15,
11217,Customer 11217,North,20,2024-01-15,
11218,Customer 11218,West,30,2024-01-15,
11219,Customer 11219,North,20,2024-01-15,
11220,Customer 11220,North,10,2024-01-15,
11221,Customer 11221,North,10,2024-01-15,
11222,Customer 11222,East,20,2024-01-15,
11223,Customer 11223,South,30,2024-01-15,
11224,Customer 11224,North,20,2024-01-15,
11225,Customer 11225,South,20,2024-01-15,
11226,Customer 11226,East,20,2024-01-15,
11227,Customer 11227,West,20,2024-01-15,
11228,Customer 11228,South,10,2024-01-15,
11229,Customer 11229,South,20,2024-01-15,
11230,Customer 11230,East,30,2024-01-15,
11231,Customer 11231,East,9999999,2024-01-15,
11232,Customer 11232,South,30,2024-01-15,
11233,Customer 11233,East,20,2024-01-15,
11234,Customer 11234,West,20,2024-01-15,
11235,Customer 11235,East,30,2024-01-15,
11236,Customer 11236,West,9999999,2024-01-15,
11237,Customer 11237,South,10,2024-01-15,
11238,Customer 11238,West,30,2024-01-15,
11239,Customer 11239,South,9999999,2024-01-15,
11240,Customer 11240,South,30,2024-01-15,
11241,Customer 11241,East,10,2024-01-15,
11242,Customer 11242,West,20,2024-01-15,
11243,Customer 11243,West,9999999,2024-01-15,
11244,Customer 11244,East,20,2024-01-15,
11245,Customer 11245,South,30,2024-01-15,
11246,Customer 11246,South,9999999,2024-01-15,
11247,Customer 11247,West,30,2024-01-15,
11248,Customer 11248 ,East,10,2024-01-15,
11249,Customer 11249,West,20,2024-01-15,
11250,Customer 11250,East,9999999,2024-01-15,
11251,Customer 11251,North,30,2024-01-15,
11252,Customer 11252,West,30,2024-01-15,
11253,Customer 11253,South,9999999,2024-01-15,
11254,Customer 11254,South,30,2024-01-15,
11255,Customer 11255,West,10,2024-01-15,
11256,Customer 11256,East,9999999,2024-01-15,
11257,Customer 11257,East,10,2024-01-15,
11258,Customer 11258,East,9999999,2024-01-15,
11259,Customer 11259,South,20,2024-01-15,
11260,Customer 11260,East,9999999,2024-01-15,
11261,Customer 11261,East,20,2024-01-15,
11262,Customer 11262,East,9999999,2024-01-15,
11263,Customer 11263,West,9999999,2024-01-15,
11264,Customer 11264,South,30,2024-01-15,
11265,Customer 11265,South,30,2024-01-15,
11266,Customer 11266,South,9999999,2024-01-15,
11267,Customer 11267,South,30,2024-01-15,
11268,Customer 11268,East,20,2024-01-15,
11269,Customer 11269,West,20,2024-01-15,
11270,Customer 11270,South,9999999,2024-01-15,
11271,Customer 11271,North,30,2024-01-15,
11272,Customer 11272,West,30,2024-01-15,
11273,Customer 11273,South,10,2024-01-15,
11274,Customer 11274,West,9999999,2024-01-15,
11275,Customer 11275,South,20,2024-01-15,
11276,Customer 11276,East,30,2024-01-15,
11277,Customer 11277,East,20,2024-01-15,
11278,Customer 11278,East,9999999,2024-01-15,
11279,Customer 11279,South,9999999,2024-01-15,
11280,Customer 11280,West,10,2024-01-15,
11281,Customer 11281,West,10,2024-01-15,
11282,Customer 11282,East,20,2024-01-15,
11283,Customer 11283,South,9999999,2024-01-15,
11284,Customer 11284,West,10,2024-01-15,
11285,Customer 11285 ,East,10,2024-01-15,
11286,Customer 11286,North,20,2024-01-15,
11287,Customer 11287,West,10,2024-01-15,
11288,Customer 11288,West,20,2024-01-15,
11289,Customer 11289,North,10,2024-01-15,
11290,Customer 11290,North,20,2024-01-15,
11291,Customer 11291,South,9999999,2024-01-15,
11292,Customer 11292,South,9999999,2024-01-15,
11293,Customer 11293,North,9999999,2024-01-15,
11294,Customer 11294,South,9999999,2024-01-15,
11295,Customer 11295,North,10,2024-01-15,
11296,Customer 11296,West,30,2024-01-15,
11297,Customer 11297,North,9999999,2024-01-15,
11298,Customer 11298,West,20,2024-01-15,
11299,Customer 11299,South,30,2024-01-15,
11300,Customer 11300,South,10,2024-01-15,
11301,Customer 11301,East,10,2024-01-15,
11302,Customer 11302,South,9999999,2024-01-15,
11303,Customer 11303,West,30,2024-01-15,
11304,Customer 11304,South,9999999,2024-01-15,
11305,Customer 11305,East,30,2024-01-15,
11306,Customer 11306,South,20,2024-01-15,
11307,Customer 11307,East,9999999,2024-01-15,
11308,Customer 11308,West,30,2024-01-15,
11309,Customer 11309,South,20,2024-01-15,
11310,Customer 11310,West,10,2024-01-15,
11311,Customer 11311,East,20,2024-01-15,
11312,Customer 11312,South,10,2024-01-15,
11313,Customer 11313,East,9999999,2024-01-15,
11314,Customer 11314,North,10,2024-01-15,
11315,Customer 11315,West,20,2024-01-15,
11316,Customer 11316,East,9999999,2024-01-15,
11317,Customer 11317,North,9999999,2024-01-15,
11318,Customer 11318,West,9999999,2024-01-15,
11319,Customer 11319,West,10,2024-01-15,
11320,Customer 11320,South,20,2024-01-15,
11321,Customer 11321,South,30,2024-01-15,
11322,Customer 11322 ,North,10,2024-01-15,
11323,Customer 11323,West,10,2024-01-15,
11324,Customer 11324,South,10,2024-01-15,
11325,Customer 11325,North,30,2024-01-15,
11326,Customer 11326,West,10,2024-01-15,
11327,Customer 11327,East,20,2024-01-15,
11328,Customer 11328,North,10,2024-01-15,
11329,Customer 11329,South,20,2024-01-15,
11330,Customer 11330,East,20,2024-01-15,
11331,Customer 11331,South,30,2024-01-15,
11332,Customer 11332,West,9999999,2024-01-15,
11333,Customer 11333,South,9999999,2024-01-15,
11334,Customer 11334,North,30,2024-01-15,
11335,Customer 11335,North,30,2024-01-15,
11336,Customer 11336,North,30,2024-01-15,
11337,Customer 11337,North,10,2024-01-15,
11338,Customer 11338,West,9999999,2024-01-15,
11339,Customer 11339,North,20,2024-01-15,
11340,Customer 11340,East,10,2024-01-15,
11341,Customer 11341,North,10,2024-01-15,
11342,Customer 11342,North,9999999,2024-01-15,
11343,Customer 11343,North,30,2024-01-15,
11344,Customer 11344,North,10,2024-01-15,
11345,Customer 11345,South,30,2024-01-15,
11346,Customer 11346,South,10,2024-01-15,
11347,Customer 11347,West,9999999,2024-01-15,
11348,Customer 11348,West,10,2024-01-15,
11349,Customer 11349,North,10,2024-01-15,
11350,Customer 11350,South,10,2024-01-15,
11351,Customer 11351,South,30,2024-01-15,
11352,Customer 11352,South,10,2024-01-15,
11353,Customer 11353,East,30,2024-01-15,
11354,Customer 11354,East,30,2024-01-15,
11355,Customer 11355,North,20,2024-01-15,
11356,Customer 11356,East,20,2024-01-15,
11357,Customer 11357,North,20,2024-01-15,
11358,Customer 11358,North,9999999,2024-01-15,
11359,Customer 11359 ,North,9999999,2024-01-15,
11360,Customer 11360,North,9999999,2024-01-15,
11361,Customer 11361,West,20,2024-01-15,
11362,Customer 11362,North,10,2024-01-15,
11363,Customer 11363,West,30,2024-01-15,
11364,Customer 11364,North,10,2024-01-15,
11365,Customer 11365,North,9999999,2024-01-15,
11366,Customer 11366,South,20,2024-01-15,
11367,Customer 11367,East,10,2024-01-15,
11368,Customer 11368,South,10,2024-01-15,
11369,Customer 11369,West,30,2024-01-15,
11370,Customer 11370,South,10,2024-01-15,
11371,Customer 11371,East,10,2024-01-15,
11372,Customer 11372,North,10,2024-01-15,
11373,Customer 11373,West,20,2024-01-15,
11374,Customer 11374,East,30,2024-01-15,
11375,Customer 11375,West,20,2024-01-15,
11376,Customer 11376,South,10,2024-01-15,
11377,Customer 11377,West,9999999,2024-01-15,
11378,Customer 11378,West,30,2024-01-15,
11379,Customer 11379,East,9999999,2024-01-15,
11380,Customer 11380,South,9999999,2024-01-15,
11381,Customer 11381,South,10,2024-01-15,
11382,Customer 11382,North,10,2024-01-15,
11383,Customer 11383,East,9999999,2024-01-15,
11384,Customer 11384,West,10,2024-01-15,
11385,Customer 11385,East,10,2024-01-15,
11386,Customer 11386,South,20,2024-01-15,
11387,Customer 11387,North,20,2024-01-15,
11388,Customer 11388,East,30,2024-01-15,
11389,Customer 11389,North,10,2024-01-15,
11390,Customer 11390,North,20,2024-01-15,
11391,Customer 11391,South,30,2024-01-15,
11392,Customer 11392,North,30,2024-01-15,
11393,Customer 11393,West,9999999,2024-01-15,
11394,Customer 11394,West,20,2024-01-15,
11395,Customer 11395,West,10,2024-01-15,
11396,Customer 11396 ,East,30,2024-01-15,
11397,Customer 11397,South,30,2024-01-15,
11398,Customer 11398,South,30,2024-01-15,
11399,Customer 11399,East,9999999,2024-01-15,
11400,Customer 11400,North,10,2024-01-15,
11401,Customer 11401,East,20,2024-01-15,
11402,Customer 11402,West,30,2024-01-15,
11403,Customer 11403,West,10,2024-01-15,
11404,Customer 11404,East,30,2024-01-15,
11405,Customer 11405,West,9999999,2024-01-15,
11406,Customer 11406,South,30,2024-01-15,
11407,Customer 11407,North,10,2024-01-15,
11408,Customer 11408,North,30,2024-01-15,
11409,Customer 11409,West,30,2024-01-15,
11410,Customer 11410,East,9999999,2024-01-15,
11411,Customer 11411,South,9999999,2024-01-15,
11412,Customer 11412,East,30,2024-01-15,
11413,Customer 11413,South,30,2024-01-15,
11414,Customer 11414,West,20,2024-01-15,
11415,Customer 11415,West,10,2024-01-15,
11416,Customer 11416,West,20,2024-01-15,
11417,Customer 11417,South,9999999,2024-01-15,
11418,Customer 11418,West,30,2024-01-15,
11419,Customer 11419,North,30,2024-01-15,
11420,Customer 11420,West,30,2024-01-15,
11421,Customer 11421,West,10,2024-01-15,
11422,Customer 11422,North,10,2024-01-15,
11423,Customer 11423,East,10,2024-01-15,
11424,Customer 11424,North,30,2024-01-15,
11425,Customer 11425,North,20,2024-01-15,
11426,Customer 11426,West,9999999,2024-01-15,
11427,Customer 11427,East,20,2024-01-15,
11428,Customer 11428,West,10,2024-01-15,
11429,Customer 11429,North,10,2024-01-15,
11430,Customer 11430,West,10,2024-01-15,
11431,Customer 11431,North,9999999,2024-01-15,
11432,Customer 11432,North,30,2024-01-15,
11433,Customer 11433 ,South,9999999,2024-01-15,
11434,Customer 11434,North,20,2024-01-15,
11435,Customer 11435,West,9999999,2024-01-15,
11436,Customer 11436,South,20,2024-01-15,
11437,Customer 11437,North,10,2024-01-15,
11438,Customer 11438,South,30,2024-01-15,
11439,Customer 11439,South,20,2024-01-15,
11440,Customer 11440,South,20,2024-01-15,
11441,Customer 11441,South,20,2024-01-15,
11442,Customer 11442,East,20,2024-01-15,
11443,Customer 11443,East,10,2024-01-15,
11444,Customer 11444,East,9999999,2024-01-15,
11445,Customer 11445,South,20,2024-01-15,
11446,Customer 11446,East,30,2024-01-15,
11447,Customer 11447,North,10,2024-01-15,
11448,Customer 11448,North,30,2024-01-15,
11449,Customer 11449,East,10,2024-01-15,
11450,Customer 11450,North,9999999,2024-01-15,
11451,Customer 11451,East,20,2024-01-15,
11452,Customer 11452,North,10,2024-01-15,
11453,Customer 11453,East,20,2024-01-15,
11454,Customer 11454,East,10,2024-01-15,
11455,Customer 11455,East,20,2024-01-15,
11456,Customer 11456,South,9999999,2024-01-15,
11457,Customer 11457,South,20,2024-01-15,
11458,Customer 11458,West,10,2024-01-15,
11459,Customer 11459,North,30,2024-01-15,
11460,Customer 11460,West,30,2024-01-15,
11461,Customer 11461,West,10,2024-01-15,
11462,Customer 11462,North,20,2024-01-15,
11463,Customer 11463,North,20,2024-01-15,
11464,Customer 11464,North,10,2024-01-15,
11465,Customer 11465,North,30,2024-01-15,
11466,Customer 11466,East,30,2024-01-15,
11467,Customer 11467,East,20,2024-01-15,
11468,Customer 11468,East,10,2024-01-15,
11469,Customer 11469,North,20,2024-01-15,
11470,Customer 11470 ,East,30,2024-01-15,
11471,Customer 11471,West,9999999,2024-01-15,
11472,Customer 11472,East,9999999,2024-01-15,
11473,Customer 11473,North,20,2024-01-15,
11474,Customer 11474,North,20,2024-01-15,
11475,Customer 11475,North,20,2024-01-15,
11476,Customer 11476,South,9999999,2024-01-15,
11477,Customer 11477,West,30,2024-01-15,
11478,Customer 11478,South,10,2024-01-15,
11479,Customer 11479,North,9999999,2024-01-15,
11480,Customer 11480,North,20,2024-01-15,
11481,Customer 11481,West,20,2024-01-15,
11482,Customer 11482,South,30,2024-01-15,
11483,Customer 11483,North,9999999,2024-01-15,
11484,Customer 11484,East,30,2024-01-15,
11485,Customer 11485,East,30,2024-01-15,
11486,Customer 11486,East,9999999,2024-01-15,
11487,Customer 11487,North,30,2024-01-15,
11488,Customer 11488,South,30,2024-01-15,
11489,Customer 11489,West,10,2024-01-15,
11490,Customer 11490,North,9999999,2024-01-15,
11491,Customer 11491,East,30,2024-01-15,
11492,Customer 11492,West,20,2024-01-15,
11493,Customer 11493,West,10,2024-01-15,
11494,Customer 11494,North,10,2024-01-15,
11495,Customer 11495,East,9999999,2024-01-15,
11496,Customer 11496,West,9999999,2024-01-15,
11497,Customer 11497,South,20,2024-01-15,
11498,Customer 11498,East,9999999,2024-01-15,
11499,Customer 11499,West,30,2024-01-15,
11500,Customer 11500,North,N/A,2024-01-15,
11501,Customer 11501,West,10,2024-01-15,
11502,Customer 11502,South,30,2024-01-15,
11503,Customer 11503,West,9999999,2024-01-15,
11504,Customer 11504,South,10,2024-01-15,
11505,Customer 11505,North,9999999,2024-01-15,
11506,Customer 11506,North,30,2024-01-15,
11507,Customer 11507 ,East,20,2024-01-15,
11508,Customer 11508,North,20,2024-01-15,
11509,Customer 11509,South,30,2024-01-15,
11510,Customer 11510,West,9999999,2024-01-15,
11511,Customer 11511,West,20,2024-01-15,
11512,Customer 11512,East,30,2024-01-15,
11513,Customer 11513,West,30,2024-01-15,
11514,Customer 11514,South,9999999,2024-01-15,
11515,Customer 11515,North,30,2024-01-15,
11516,Customer 11516,South,30,2024-01-15,
11517,Customer 11517,South,20,2024-01-15,
11518,Customer 11518,South,30,2024-01-15,
11519,Customer 11519,East,20,2024-01-15,
11520,Customer 11520,North,10,2024-01-15,
11521,Customer 11521,North,30,2024-01-15,
11522,Customer 11522,South,9999999,2024-01-15,
11523,Customer 11523,North,30,2024-01-15,
11524,Customer 11524,East,30,2024-01-15,
11525,Customer 11525,West,20,2024-01-15,
11526,Customer 11526,East,10,2024-01-15,
11527,Customer 11527,East,30,2024-01-15,
11528,Customer 11528,East,9999999,2024-01-15,
11529,Customer 11529,West,10,2024-01-15,
11530,Customer 11530,West,20,2024-01-15,
11531,Customer 11531,North,9999999,2024-01-15,
11532,Customer 11532,East,20,2024-01-15,
11533,Customer 11533,East,20,2024-01-15,
11534,Customer 11534,North,9999999,2024-01-15,
11535,Customer 11535,South,20,2024-01-15,
11536,Customer 11536,South,20,2024-01-15,
11537,Customer 11537,East,30,2024-01-15,
11538,Customer 11538,South,30,2024-01-15,
11539,Customer 11539,North,20,2024-01-15,
11540,Customer 11540,South,30,2024-01-15,
11541,Customer 11541,South,9999999,2024-01-15,
11542,Customer 11542,East,10,2024-01-15,
11543,Customer 11543,South,10,2024-01-15,
11544,Customer 11544 ,West,9999999,2024-01-15,
11545,Customer 11545,North,20,2024-01-15,
11546,Customer 11546,South,9999999,2024-01-15,
11547,Customer 11547,West,10,2024-01-15,
11548,Customer 11548,South,30,2024-01-15,
11549,Customer 11549,South,20,2024-01-15,
11550,Customer 11550,East,10,2024-01-15,
11551,Customer 11551,West,10,2024-01-15,
11552,Customer 11552,South,9999999,2024-01-15,
11553,Customer 11553,East,10,2024-01-15,
11554,Customer 11554,South,20,2024-01-15,
11555,Customer 11555,West,9999999,2024-01-15,
11556,Customer 11556,West,20,2024-01-15,
11557,Customer 11557,West,10,2024-01-15,
11558,Customer 11558,South,20,2024-01-15,
11559,Customer 11559,North,30,2024-01-15,
11560,Customer 11560,North,20,2024-01-15,
11561,Customer 11561,South,20,2024-01-15,
11562,Customer 11562,East,10,2024-01-15,
11563,Customer 11563,North,30,2024-01-15,
11564,Customer 11564,South,20,2024-01-15,
11565,Customer 11565,West,10,2024-01-15,
11566,Customer 11566,North,10,2024-01-15,
11567,Customer 11567,South,10,2024-01-15,
11568,Customer 11568,South,20,2024-01-15,
11569,Customer 11569,South,30,2024-01-15,
11570,Customer 11570,West,9999999,2024-01-15,
11571,Customer 11571,North,10,2024-01-15,
11572,Customer 11572,North,10,2024-01-15,
11573,Customer 11573,South,10,2024-01-15,
11574,Customer 11574,West,30,2024-01-15,
11575,Customer 11575,West,10,2024-01-15,
11576,Customer 11576,South,20,2024-01-15,
11577,Customer 11577,West,30,2024-01-15,
11578,Customer 11578,West,30,2024-01-15,
11579,Customer 11579,East,10,2024-01-15,
11580,Customer 11580,East,30,2024-01-15,
11581,Customer 11581 ,West,10,2024-01-15,
11582,Customer 11582,South,20,2024-01-15,
11583,Customer 11583,East,10,2024-01-15,
11584,Customer 11584,South,30,2024-01-15,
11585,Customer 11585,South,20,2024-01-15,
11586,Customer 11586,West,10,2024-01-15,
11587,Customer 11587,West,9999999,2024-01-15,
11588,Customer 11588,East,10,2024-01-15,
11589,Customer 11589,West,30,2024-01-15,
11590,Customer 11590,West,30,2024-01-15,
11591,Customer 11591,South,30,2024-01-15,
11592,Customer 11592,North,9999999,2024-01-15,
11593,Customer 11593,East,10,2024-01-15,
11594,Customer 11594,South,30,2024-01-15,
11595,Customer 11595,North,10,2024-01-15,
11596,Customer 11596,West,9999999,2024-01-15,
11597,Customer 11597,West,9999999,2024-01-15,
11598,Customer 11598,East,9999999,2024-01-15,
11599,Customer 11599,East,10,2024-01-15,
11600,Customer 11600,West,20,2024-01-15,
11601,Customer 11601,North,9999999,2024-01-15,
11602,Customer 11602,North,20,2024-01-15,
11603,Customer 11603,North,20,2024-01-15,
11604,Customer 11604,West,30,2024-01-15,
11605,Customer 11605,West,10,2024-01-15,
11606,Customer 11606,North,10,2024-01-15,
11607,Customer 11607,South,20,2024-01-15,
11608,Customer 11608,North,20,2024-01-15,
11609,Customer 11609,West,10,2024-01-15,
11610,Customer 11610,West,9999999,2024-01-15,
11611,Customer 11611,West,10,2024-01-15,
11612,Customer 11612,West,9999999,2024-01-15,
11613,Customer 11613,East,20,2024-01-15,
11614,Customer 11614,South,20,2024-01-15,
11615,Customer 11615,South,20,2024-01-15,
11616,Customer 11616,North,9999999,2024-01-15,
11617,Customer 11617,South,30,2024-01-15,
11618,Customer 11618 ,South,10,2024-01-15,
11619,Customer 11619,East,9999999,2024-01-15,
11620,Customer 11620,West,30,2024-01-15,
11621,Customer 11621,West,20,2024-01-15,
11622,Customer 11622,North,10,2024-01-15,
11623,Customer 11623,South,30,2024-01-15,
11624,Customer 11624,South,30,2024-01-15,
11625,Customer 11625,North,10,2024-01-15,
11626,Customer 11626,South,10,2024-01-15,
11627,Customer 11627,East,9999999,2024-01-15,
11628,Customer 11628,South,20,2024-01-15,
11629,Customer 11629,North,20,2024-01-15,
11630,Customer 11630,South,20,2024-01-15,
11631,Customer 11631,West,30,2024-01-15,
11632,Customer 11632,West,30,2024-01-15,
11633,Customer 11633,South,9999999,2024-01-15,
11634,Customer 11634,West,20,2024-01-15,
11635,Customer 11635,North,30,2024-01-15,
11636,Customer 11636,South,9999999,2024-01-15,
11637,Customer 11637,West,9999999,2024-01-15,
11638,Customer 11638,North,30,2024-01-15,
11639,Customer 11639,South,30,2024-01-15,
11640,Customer 11640,North,20,2024-01-15,
11641,Customer 11641,North,10,2024-01-15,
11642,Customer 11642,North,30,2024-01-15,
11643,Customer 11643,East,9999999,2024-01-15,
11644,Customer 11644,West,20,2024-01-15,
11645,Customer 11645,East,9999999,2024-01-15,
11646,Customer 11646,West,20,2024-01-15,
11647,Customer 11647,South,9999999,2024-01-15,
11648,Customer 11648,North,30,2024-01-15,
11649,Customer 11649,West,20,2024-01-15,
11650,Customer 11650,East,20,2024-01-15,
11651,Customer 11651,East,30,2024-01-15,
11652,Customer 11652,South,20,2024-01-15,
11653,Customer 11653,East,9999999,2024-01-15,
11654,Customer 11654,East,9999999,2024-01-15,
11655,Customer 11655 ,West,9999999,2024-01-15,
11656,Customer 11656,East,9999999,2024-01-15,
11657,Customer 11657,East,9999999,2024-01-15,
11658,Customer 11658,South,9999999,2024-01-15,
11659,Customer 11659,East,20,2024-01-15,
11660,Customer 11660,East,30,2024-01-15,
11661,Customer 11661,North,10,2024-01-15,
11662,Customer 11662,West,30,2024-01-15,
11663,Customer 11663,East,20,2024-01-15,
11664,Customer 11664,West,10,2024-01-15,
11665,Customer 11665,West,20,2024-01-15,
11666,Customer 11666,West,30,2024-01-15,
11667,Customer 11667,North,30,2024-01-15,
11668,Customer 11668,North,20,2024-01-15,
11669,Customer 11669,South,9999999,2024-01-15,
11670,Customer 11670,West,9999999,2024-01-15,
11671,Customer 11671,South,9999999,2024-01-15,
11672,Customer 11672,East,20,2024-01-15,
11673,Customer 11673,West,10,2024-01-15,
11674,Customer 11674,East,20,2024-01-15,
11675,Customer 11675,South,30,2024-01-15,
11676,Customer 11676,South,10,2024-01-15,
11677,Customer 11677,East,10,2024-01-15,
11678,Customer 11678,East,9999999,2024-01-15,
11679,Customer 11679,South,10,2024-01-15,
11680,Customer 11680,South,20,2024-01-15,
11681,Customer 11681,West,30,2024-01-15,
11682,Customer 11682,North,9999999,2024-01-15,
11683,Customer 11683,East,30,2024-01-15,
11684,Customer 11684,West,9999999,2024-01-15,
11685,Customer 11685,East,20,2024-01-15,
11686,Customer 11686,East,10,2024-01-15,
11687,Customer 11687,West,10,2024-01-15,
11688,Customer 11688,South,10,2024-01-15,
11689,Customer 11689,South,20,2024-01-15,
11690,Customer 11690,East,10,2024-01-15,
11691,Customer 11691,South,9999999,2024-01-15,
11692,Customer 11692 ,South,20,2024-01-15,
11693,Customer 11693,South,9999999,2024-01-15,
11694,Customer 11694,East,10,2024-01-15,
11695,Customer 11695,North,30,2024-01-15,
11696,Customer 11696,West,9999999,2024-01-15,
11697,Customer 11697,West,9999999,2024-01-15,
11698,Customer 11698,West,10,2024-01-15,
11699,Customer 11699,West,20,2024-01-15,
11700,Customer 11700,South,20,2024-01-15,
11701,Customer 11701,South,9999999,2024-01-15,
11702,Customer 11702,North,10,2024-01-15,
11703,Customer 11703,South,10,2024-01-15,
11704,Customer 11704,North,20,2024-01-15,
11705,Customer 11705,East,10,2024-01-15,
11706,Customer 11706,South,30,2024-01-15,
11707,Customer 11707,East,9999999,2024-01-15,
11708,Customer 11708,South,20,2024-01-15,
11709,Customer 11709,West,20,2024-01-15,
11710,Customer 11710,West,9999999,2024-01-15,
11711,Customer 11711,South,10,2024-01-15,
11712,Customer 11712,West,9999999,2024-01-15,
11713,Customer 11713,South,10,2024-01-15,
11714,Customer 11714,North,9999999,2024-01-15,
11715,Customer 11715,East,30,2024-01-15,
11716,Customer 11716,West,30,2024-01-15,
11717,Customer 11717,North,20,2024-01-15,
11718,Customer 11718,West,30,2024-01-15,
11719,Customer 11719,North,30,2024-01-15,
11720,Customer 11720,South,10,2024-01-15,
11721,Customer 11721,East,20,2024-01-15,
11722,Customer 11722,North,30,2024-01-15,
11723,Customer 11723,East,20,2024-01-15,
11724,Customer 11724,North,10,2024-01-15,
11725,Customer 11725,North,10,2024-01-15,
11726,Customer 11726,East,30,2024-01-15,
11727,Customer 11727,North,9999999,2024-01-15,
11728,Customer 11728,East,9999999,2024-01-15,
11729,Customer 11729 ,North,10,2024-01-15,
11730,Customer 11730,North,20,2024-01-15,
11731,Customer 11731,East,30,2024-01-15,
11732,Customer 11732,North,10,2024-01-15,
11733,Customer 11733,North,30,2024-01-15,
11734,Customer 11734,South,30,2024-01-15,
11735,Customer 11735,East,10,2024-01-15,
11736,Customer 11736,West,9999999,2024-01-15,
11737,Customer 11737,North,30,2024-01-15,
11738,Customer 11738,East,20,2024-01-15,
11739,Customer 11739,North,20,2024-01-15,
11740,Customer 11740,South,30,2024-01-15,
11741,Customer 11741,East,9999999,2024-01-15,
11742,Customer 11742,East,9999999,2024-01-15,
11743,Customer 11743,North,30,2024-01-15,
11744,Customer 11744,North,20,2024-01-15,
11745,Customer 11745,North,10,2024-01-15,
11746,Customer 11746,East,9999999,2024-01-15,
11747,Customer 11747,East,9999999,2024-01-15,
11748,Customer 11748,North,9999999,2024-01-15,
11749,Customer 11749,West,9999999,2024-01-15,
11750,Customer 11750,North,30,2024-01-15,
11751,Customer 11751,North,10,2024-01-15,
11752,Customer 11752,West,20,2024-01-15,
11753,Customer 11753,West,10,2024-01-15,
11754,Customer 11754,West,20,2024-01-15,
11755,Customer 11755,West,10,2024-01-15,
11756,Customer 11756,North,10,2024-01-15,
11757,Customer 11757,West,30,2024-01-15,
11758,Customer 11758,West,9999999,2024-01-15,
11759,Customer 11759,North,10,2024-01-15,
11760,Customer 11760,West,9999999,2024-01-15,
11761,Customer 11761,East,9999999,2024-01-15,
11762,Customer 11762,South,20,2024-01-15,
11763,Customer 11763,West,20,2024-01-15,
11764,Customer 11764,West,10,2024-01-15,
11765,Customer 11765,East,10,2024-01-15,
11766,Customer 11766 ,East,10,2024-01-15,
11767,Customer 11767,East,20,2024-01-15,
11768,Customer 11768,East,20,2024-01-15,
11769,Customer 11769,North,30,2024-01-15,
11770,Customer 11770,West,30,2024-01-15,
11771,Customer 11771,West,30,2024-01-15,
11772,Customer 11772,East,20,2024-01-15,
11773,Customer 11773,East,20,2024-01-15,
11774,Customer 11774,South,20,2024-01-15,
11775,Customer 11775,East,20,2024-01-15,
11776,Customer 11776,West,20,2024-01-15,
11777,Customer 11777,South,9999999,2024-01-15,
11778,Customer 11778,West,10,2024-01-15,
11779,Customer 11779,East,9999999,2024-01-15,
11780,Customer 11780,North,10,2024-01-15,
11781,Customer 11781,East,30,2024-01-15,
11782,Customer 11782,West,9999999,2024-01-15,
11783,Customer 11783,South,9999999,2024-01-15,
11784,Customer 11784,South,10,2024-01-15,
11785,Customer 11785,South,10,2024-01-15,
11786,Customer 11786,South,30,2024-01-15,
11787,Customer 11787,West,20,2024-01-15,
11788,Customer 11788,West,20,2024-01-15,
11789,Customer 11789,West,9999999,2024-01-15,
11790,Customer 11790,East,20,2024-01-15,
11791,Customer 11791,North,30,2024-01-15,
11792,Customer 11792,North,30,2024-01-15,
11793,Customer 11793,East,20,2024-01-15,
11794,Customer 11794,East,20,2024-01-15,
11795,Customer 11795,West,30,2024-01-15,
11796,Customer 11796,South,10,2024-01-15,
11797,Customer 11797,West,10,2024-01-15,
11798,Customer 11798,North,20,2024-01-15,
11799,Customer 11799,South,9999999,2024-01-15,
11800,Customer 11800,West,10,2024-01-15,
11801,Customer 11801,South,20,2024-01-15,
11802,Customer 11802,West,9999999,2024-01-15,
11803,Customer 11803 ,West,9999999,2024-01-15,
11804,Customer 11804,North,10,2024-01-15,
11805,Customer 11805,South,30,2024-01-15,
11806,Customer 11806,South,30,2024-01-15,
11807,Customer 11807,West,9999999,2024-01-15,
11808,Customer 11808,North,20,2024-01-15,
11809,Customer 11809,North,10,2024-01-15,
11810,Customer 11810,North,9999999,2024-01-15,
11811,Customer 11811,North,20,2024-01-15,
11812,Customer 11812,South,10,2024-01-15,
11813,Customer 11813,South,30,2024-01-15,
11814,Customer 11814,East,20,2024-01-15,
11815,Customer 11815,West,30,2024-01-15,
11816,Customer 11816,North,20,2024-01-15,
11817,Customer 11817,West,30,2024-01-15,
11818,Customer 11818,West,9999999,2024-01-15,
11819,Customer 11819,West,10,2024-01-15,
11820,Customer 11820,West,10,2024-01-15,
11821,Customer 11821,West,10,2024-01-15,
11822,Customer 11822,West,30,2024-01-15,
11823,Customer 11823,West,30,2024-01-15,
11824,Customer 11824,West,9999999,2024-01-15,
11825,Customer 11825,East,9999999,2024-01-15,
11826,Customer 11826,West,10,2024-01-15,
11827,Customer 11827,South,20,2024-01-15,
11828,Customer 11828,East,30,2024-01-15,
11829,Customer 11829,North,10,2024-01-15,
11830,Customer 11830,South,30,2024-01-15,
11831,Customer 11831,East,20,2024-01-15,
11832,Customer 11832,West,20,2024-01-15,
11833,Customer 11833,South,30,2024-01-15,
11834,Customer 11834,South,9999999,2024-01-15,
11835,Customer 11835,South,20,2024-01-15,
11836,Customer 11836,North,10,2024-01-15,
11837,Customer 11837,South,30,2024-01-15,
11838,Customer 11838,West,10,2024-01-15,
11839,Customer 11839,East,10,2024-01-15,
11840,Customer 11840 ,West,30,2024-01-15,
11841,Customer 11841,West,20,2024-01-15,
11842,Customer 11842,North,10,2024-01-15,
11843,Customer 11843,West,30,2024-01-15,
11844,Customer 11844,North,10,2024-01-15,
11845,Customer 11845,North,30,2024-01-15,
11846,Customer 11846,North,10,2024-01-15,
11847,Customer 11847,West,10,2024-01-15,
11848,Customer 11848,West,20,2024-01-15,
11849,Customer 11849,North,10,2024-01-15,
11850,Customer 11850,South,10,2024-01-15,
11851,Customer 11851,East,9999999,2024-01-15,
11852,Customer 11852,East,20,2024-01-15,
11853,Customer 11853,East,9999999,2024-01-15,
11854,Customer 11854,South,9999999,2024-01-15,
11855,Customer 11855,East,20,2024-01-15,
11856,Customer 11856,South,30,2024-01-15,
11857,Customer 11857,West,30,2024-01-15,
11858,Customer 11858,South,10,2024-01-15,
11859,Customer 11859,East,10,2024-01-15,
11860,Customer 11860,West,9999999,2024-01-15,
11861,Customer 11861,East,10,2024-01-15,
11862,Customer 11862,South,9999999,2024-01-15,
11863,Customer 11863,West,9999999,2024-01-15,
11864,Customer 11864,South,30,2024-01-15,
11865,Customer 11865,North,20,2024-01-15,
11866,Customer 11866,North,20,2024-01-15,
11867,Customer 11867,South,9999999,2024-01-15,
11868,Customer 11868,West,9999999,2024-01-15,
11869,Customer 11869,South,30,2024-01-15,
11870,Customer 11870,East,20,2024-01-15,
11871,Customer 11871,East,9999999,2024-01-15,
11872,Customer 11872,South,30,2024-01-15,
11873,Customer 11873,South,9999999,2024-01-15,
11874,Customer 11874,North,30,2024-01-15,
11875,Customer 11875,North,10,2024-01-15,
11876,Customer 11876,North,20,2024-01-15,
11877,Customer 11877 ,North,9999999,2024-01-15,
11878,Customer 11878,East,10,2024-01-15,
11879,Customer 11879,North,9999999,2024-01-15,
11880,Customer 11880,North,30,2024-01-15,
11881,Customer 11881,East,10,2024-01-15,
11882,Customer 11882,South,30,2024-01-15,
11883,Customer 11883,West,20,2024-01-15,
11884,Customer 11884,West,10,2024-01-15,
11885,Customer 11885,North,20,2024-01-15,
11886,Customer 11886,South,20,2024-01-15,
11887,Customer 11887,West,30,2024-01-15,
11888,Customer 11888,West,20,2024-01-15,
11889,Customer 11889,North,20,2024-01-15,
11890,Customer 11890,North,10,2024-01-15,
11891,Customer 11891,North,10,2024-01-15,
11892,Customer 11892,South,10,2024-01-15,
11893,Customer 11893,West,10,2024-01-15,
11894,Customer 11894,North,10,2024-01-15,
11895,Customer 11895,North,30,2024-01-15,
11896,Customer 11896,South,20,2024-01-15,
11897,Customer 11897,East,30,2024-01-15,
11898,Customer 11898,East,10,2024-01-15,
11899,Customer 11899,North,20,2024-01-15,
11900,Customer 11900,North,20,2024-01-15,
11901,Customer 11901,South,30,2024-01-15,
11902,Customer 11902,West,9999999,2024-01-15,
11903,Customer 11903,North,9999999,2024-01-15,
11904,Customer 11904,West,20,2024-01-15,
11905,Customer 11905,South,9999999,2024-01-15,
11906,Customer 11906,North,10,2024-01-15,
11907,Customer 11907,South,20,2024-01-15,
11908,Customer 11908,North,9999999,2024-01-15,
11909,Customer 11909,East,30,2024-01-15,
11910,Customer 11910,East,9999999,2024-01-15,
11911,Customer 11911,North,9999999,2024-01-15,
11912,Customer 11912,South,30,2024-01-15,
11913,Customer 11913,North,10,2024-01-15,
11914,Customer 11914 ,East,10,2024-01-15,
11915,Customer 11915,South,20,2024-01-15,
11916,Customer 11916,West,10,2024-01-15,
11917,Customer 11917,South,9999999,2024-01-15,
11918,Customer 11918,East,9999999,2024-01-15,
11919,Customer 11919,North,20,2024-01-15,
11920,Customer 11920,East,10,2024-01-15,
11921,Customer 11921,West,20,2024-01-15,
11922,Customer 11922,West,20,2024-01-15,
11923,Customer 11923,East,9999999,2024-01-15,
11924,Customer 11924,North,10,2024-01-15,
11925,Customer 11925,West,9999999,2024-01-15,
11926,Customer 11926,West,9999999,2024-01-15,
11927,Customer 11927,West,10,2024-01-15,
11928,Customer 11928,West,9999999,2024-01-15,
11929,Customer 11929,South,20,2024-01-15,
11930,Customer 11930,South,9999999,2024-01-15,
11931,Customer 11931,East,9999999,2024-01-15,
11932,Customer 11932,North,10,2024-01-15,
11933,Customer 11933,South,9999999,2024-01-15,
11934,Customer 11934,West,9999999,2024-01-15,
11935,Customer 11935,South,20,2024-01-15,
11936,Customer 11936,West,20,2024-01-15,
11937,Customer 11937,West,9999999,2024-01-15,
11938,Customer 11938,North,9999999,2024-01-15,
11939,Customer 11939,West,20,2024-01-15,
11940,Customer 11940,North,9999999,2024-01-15,
11941,Customer 11941,East,9999999,2024-01-15,
11942,Customer 11942,South,20,2024-01-15,
11943,Customer 11943,West,10,2024-01-15,
11944,Customer 11944,South,30,2024-01-15,
11945,Customer 11945,North,30,2024-01-15,
11946,Customer 11946,East,20,2024-01-15,
11947,Customer 11947,West,30,2024-01-15,
11948,Customer 11948,West,9999999,2024-01-15,
11949,Customer 11949,West,20,2024-01-15,
11950,Customer 11950,West,30,2024-01-15,
11951,Customer 11951 ,East,9999999,2024-01-15,
11952,Customer 11952,South,10,2024-01-15,
11953,Customer 11953,North,30,2024-01-15,
11954,Customer 11954,North,30,2024-01-15,
11955,Customer 11955,East,10,2024-01-15,
11956,Customer 11956,West,10,2024-01-15,
11957,Customer 11957,West,10,2024-01-15,
11958,Customer 11958,West,30,2024-01-15,
11959,Customer 11959,North,20,2024-01-15,
11960,Customer 11960,East,20,2024-01-15,
11961,Customer 11961,East,9999999,2024-01-15,
11962,Customer 11962,West,10,2024-01-15,
11963,Customer 11963,North,10,2024-01-15,
11964,Customer 11964,West,30,2024-01-15,
11965,Customer 11965,North,10,2024-01-15,
11966,Customer 11966,North,30,2024-01-15,
11967,Customer 11967,South,10,2024-01-15,
11968,Customer 11968,East,30,2024-01-15,
11969,Customer 11969,West,20,2024-01-15,
11970,Customer 11970,East,9999999,2024-01-15,
11971,Customer 11971,North,9999999,2024-01-15,
11972,Customer 11972,North,20,2024-01-15,
11973,Customer 11973,South,20,2024-01-15,
11974,Customer 11974,North,10,2024-01-15,
11975,Customer 11975,South,10,2024-01-15,
11976,Customer 11976,North,30,2024-01-15,
11977,Customer 11977,West,10,2024-01-15,
11978,Customer 11978,West,10,2024-01-15,
11979,Customer 11979,South,30,2024-01-15,
11980,Customer 11980,West,10,2024-01-15,
11981,Customer 11981,South,30,2024-01-15,
11982,Customer 11982,South,20,2024-01-15,
11983,Customer 11983,South,20,2024-01-15,
11984,Customer 11984,South,9999999,2024-01-15,
11985,Customer 11985,North,10,2024-01-15,
11986,Customer 11986,South,9999999,2024-01-15,
11987,Customer 11987,North,10,2024-01-15,
11988,Customer 11988 ,South,9999999,2024-01-15,
11989,Customer 11989,South,10,2024-01-15,
11990,Customer 11990,South,30,2024-01-15,
11991,Customer 11991,West,9999999,2024-01-15,
11992,Customer 11992,East,20,2024-01-15,
11993,Customer 11993,East,9999999,2024-01-15,
11994,Customer 11994,West,20,2024-01-15,
11995,Customer 11995,North,30,2024-01-15,
11996,Customer 11996,West,30,2024-01-15,
11997,Customer 11997,East,10,2024-01-15,
11998,Customer 11998,West,30,2024-01-15,
11999,Customer 11999,West,30,2024-01-15,
12000,Customer 12000,West,N/A,2024-01-15,
12001,Customer 12001,North,30,2024-01-15,
12002,Customer 12002,West,9999999,2024-01-15,
12003,Customer 12003,East,20,2024-01-15,
12004,Customer 12004,East,30,2024-01-15,
12005,Customer 12005,South,30,2024-01-15,
12006,Customer 12006,East,30,2024-01-15,
12007,Customer 12007,East,10,2024-01-15,
12008,Customer 12008,West,9999999,2024-01-15,
12009,Customer 12009,East,9999999,2024-01-15,
12010,Customer 12010,East,20,2024-01-15,
12011,Customer 12011,East,20,2024-01-15,
12012,Customer 12012,East,20,2024-01-15,
12013,Customer 12013,South,9999999,2024-01-15,
12014,Customer 12014,West,9999999,2024-01-15,
12015,Customer 12015,West,20,2024-01-15,
12016,Customer 12016,East,9999999,2024-01-15,
12017,Customer 12017,South,30,2024-01-15,
12018,Customer 12018,North,20,2024-01-15,
12019,Customer 12019,West,9999999,2024-01-15,
12020,Customer 12020,West,30,2024-01-15,
12021,Customer 12021,East,10,2024-01-15,
12022,Customer 12022,South,20,2024-01-15,
12023,Customer 12023,South,9999999,2024-01-15,
12024,Customer 12024,East,30,2024-01-15,
12025,Customer 12025 ,West,20,2024-01-15,
12026,Customer 12026,North,30,2024-01-15,
12027,Customer 12027,North,30,2024-01-15,
12028,Customer 12028,East,30,2024-01-15,
12029,Customer 12029,East,10,2024-01-15,
12030,Customer 12030,South,10,2024-01-15,
12031,Customer 12031,West,30,2024-01-15,
12032,Customer 12032,South,9999999,2024-01-15,
12033,Customer 12033,North,10,2024-01-15,
12034,Customer 12034,South,9999999,2024-01-15,
12035,Customer 12035,South,30,2024-01-15,
12036,Customer 12036,North,20,2024-01-15,
12037,Customer 12037,West,9999999,2024-01-15,
12038,Customer 12038,West,20,2024-01-15,
12039,Customer 12039,East,20,2024-01-15,
12040,Customer 12040,East,30,2024-01-15,
12041,Customer 12041,South,10,2024-01-15,
12042,Customer 12042,North,10,2024-01-15,
12043,Customer 12043,South,9999999,2024-01-15,
12044,Customer 12044,East,30,2024-01-15,
12045,Customer 12045,East,10,2024-01-15,
12046,Customer 12046,South,10,2024-01-15,
12047,Customer 12047,East,10,2024-01-15,
12048,Customer 12048,North,30,2024-01-15,
12049,Customer 12049,North,20,2024-01-15,
12050,Customer 12050,South,30,2024-01-15,
12051,Customer 12051,South,30,2024-01-15,
12052,Customer 12052,South,10,2024-01-15,
12053,Customer 12053,East,9999999,2024-01-15,
12054,Customer 12054,South,20,2024-01-15,
12055,Customer 12055,East,9999999,2024-01-15,
12056,Customer 12056,North,20,2024-01-15,
12057,Customer 12057,North,10,2024-01-15,
12058,Customer 12058,South,20,2024-01-15,
12059,Customer 12059,North,30,2024-01-15,
12060,Customer 12060,South,30,2024-01-15,
12061,Customer 12061,East,9999999,2024-01-15,
12062,Customer 12062 ,West,20,2024-01-15,
12063,Customer 12063,South,30,2024-01-15,
12064,Customer 12064,West,9999999,2024-01-15,
12065,Customer 12065,East,20,2024-01-15,
12066,Customer 12066,North,10,2024-01-15,
12067,Customer 12067,West,30,2024-01-15,
12068,Customer 12068,South,20,2024-01-15,
12069,Customer 12069,East,30,2024-01-15,
12070,Customer 12070,East,30,2024-01-15,
12071,Customer 12071,East,10,2024-01-15,
12072,Customer 12072,North,9999999,2024-01-15,
12073,Customer 12073,South,10,2024-01-15,
12074,Customer 12074,North,30,2024-01-15,
12075,Customer 12075,West,10,2024-01-15,
12076,Customer 12076,East,30,2024-01-15,
12077,Customer 12077,East,30,2024-01-15,
12078,Customer 12078,West,20,2024-01-15,
12079,Customer 12079,West,10,2024-01-15,
12080,Customer 12080,West,20,2024-01-15,
12081,Customer 12081,North,20,2024-01-15,
12082,Customer 12082,West,9999999,2024-01-15,
12083,Customer 12083,South,20,2024-01-15,
12084,Customer 12084,East,9999999,2024-01-15,
12085,Customer 12085,North,9999999,2024-01-15,
12086,Customer 12086,North,20,2024-01-15,
12087,Customer 12087,West,30,2024-01-15,
12088,Customer 12088,West,30,2024-01-15,
12089,Customer 12089,West,20,2024-01-15,
12090,Customer 12090,North,30,2024-01-15,
12091,Customer 12091,West,20,2024-01-15,
12092,Customer 12092,East,10,2024-01-15,
12093,Customer 12093,West,10,2024-01-15,
12094,Customer 12094,South,9999999,2024-01-15,
12095,Customer 12095,North,10,2024-01-15,
12096,Customer 12096,South,9999999,2024-01-15,
12097,Customer 12097,West,10,2024-01-15,
12098,Customer 12098,North,20,2024-01-15,
12099,Customer 12099 ,East,20,2024-01-15,
12100,Customer 12100,West,10,2024-01-15,
12101,Customer 12101,North,9999999,2024-01-15,
12102,Customer 12102,East,30,2024-01-15,
12103,Customer 12103,East,10,2024-01-15,
12104,Customer 12104,South,20,2024-01-15,
12105,Customer 12105,West,9999999,2024-01-15,
12106,Customer 12106,North,20,2024-01-15,
12107,Customer 12107,South,20,2024-01-15,
12108,Customer 12108,South,30,2024-01-15,
12109,Customer 12109,East,10,2024-01-15,
12110,Customer 12110,North,30,2024-01-15,
12111,Customer 12111,South,30,2024-01-15,
12112,Customer 12112,South,10,2024-01-15,
12113,Customer 12113,South,30,2024-01-15,
12114,Customer 12114,East,9999999,2024-01-15,
12115,Customer 12115,North,30,2024-01-15,
12116,Customer 12116,South,20,2024-01-15,
12117,Customer 12117,North,20,2024-01-15,
12118,Customer 12118,East,20,2024-01-15,
12119,Customer 12119,West,20,2024-01-15,
12120,Customer 12120,East,30,2024-01-15,
12121,Customer 12121,West,9999999,2024-01-15,
12122,Customer 12122,South,9999999,2024-01-15,
12123,Customer 12123,North,10,2024-01-15,
12124,Customer 12124,East,30,2024-01-15,
12125,Customer 12125,East,10,2024-01-15,
12126,Customer 12126,South,30,2024-01-15,
12127,Customer 12127,South,10,2024-01-15,
12128,Customer 12128,South,30,2024-01-15,
12129,Customer 12129,East,9999999,2024-01-15,
12130,Customer 12130,North,20,2024-01-15,
12131,Customer 12131,South,10,2024-01-15,
12132,Customer 12132,West,9999999,2024-01-15,
12133,Customer 12133,North,10,2024-01-15,
12134,Customer 12134,North,30,2024-01-15,
12135,Customer 12135,South,9999999,2024-01-15,
12136,Customer 12136 ,West,10,2024-01-15,
12137,Customer 12137,West,20,2024-01-15,
12138,Customer 12138,North,30,2024-01-15,
12139,Customer 12139,South,9999999,2024-01-15,
12140,Customer 12140,North,20,2024-01-15,
12141,Customer 12141,South,9999999,2024-01-15,
12142,Customer 12142,North,10,2024-01-15,
12143,Customer 12143,South,9999999,2024-01-15,
12144,Customer 12144,South,20,2024-01-15,
12145,Customer 12145,South,10,2024-01-15,
12146,Customer 12146,North,9999999,2024-01-15,
12147,Customer 12147,West,30,2024-01-15,
12148,Customer 12148,West,20,2024-01-15,
12149,Customer 12149,West,9999999,2024-01-15,
12150,Customer 12150,North,10,2024-01-15,
12151,Customer 12151,South,30,2024-01-15,
12152,Customer 12152,West,9999999,2024-01-15,
12153,Customer 12153,West,10,2024-01-15,
12154,Customer 12154,East,30,2024-01-15,
12155,Customer 12155,East,10,2024-01-15,
12156,Customer 12156,North,20,2024-01-15,
12157,Customer 12157,East,30,2024-01-15,
12158,Customer 12158,North,30,2024-01-15,
12159,Customer 12159,South,10,2024-01-15,
12160,Customer 12160,South,10,2024-01-15,
12161,Customer 12161,South,9999999,2024-01-15,
12162,Customer 12162,North,9999999,2024-01-15,
12163,Customer 12163,East,20,2024-01-15,
12164,Customer 12164,North,30,2024-01-15,
12165,Customer 12165,East,20,2024-01-15,
12166,Customer 12166,West,9999999,2024-01-15,
12167,Customer 12167,North,9999999,2024-01-15,
12168,Customer 12168,North,20,2024-01-15,
12169,Customer 12169,North,30,2024-01-15,
12170,Customer 12170,East,20,2024-01-15,
12171,Customer 12171,West,9999999,2024-01-15,
12172,Customer 12172,East,30,2024-01-15,
12173,Customer 12173 ,South,10,2024-01-15,
12174,Customer 12174,West,20,2024-01-15,
12175,Customer 12175,North,10,2024-01-15,
12176,Customer 12176,South,10,2024-01-15,
12177,Customer 12177,West,20,2024-01-15,
12178,Customer 12178,North,20,2024-01-15,
12179,Customer 12179,East,10,2024-01-15,
12180,Customer 12180,South,10,2024-01-15,
12181,Customer 12181,East,20,2024-01-15,
12182,Customer 12182,North,9999999,2024-01-15,
12183,Customer 12183,East,10,2024-01-15,
12184,Customer 12184,South,20,2024-01-15,
12185,Customer 12185,North,10,2024-01-15,
12186,Customer 12186,South,20,2024-01-15,
12187,Customer 12187,South,30,2024-01-15,
12188,Customer 12188,North,20,2024-01-15,
12189,Customer 12189,North,20,2024-01-15,
12190,Customer 12190,North,9999999,2024-01-15,
12191,Customer 12191,South,9999999,2024-01-15,
12192,Customer 12192,North,9999999,2024-01-15,
12193,Customer 12193,North,20,2024-01-15,
12194,Customer 12194,South,9999999,2024-01-15,
12195,Customer 12195,North,9999999,2024-01-15,
12196,Customer 12196,East,9999999,2024-01-15,
12197,Customer 12197,West,9999999,2024-01-15,
12198,Customer 12198,South,9999999,2024-01-15,
12199,Customer 12199,North,10,2024-01-15,
12200,Customer 12200,East,10,2024-01-15,
12201,Customer 12201,North,20,2024-01-15,
12202,Customer 12202,North,30,2024-01-15,
12203,Customer 12203,West,10,2024-01-15,
12204,Customer 12204,West,10,2024-01-15,
12205,Customer 12205,West,10,2024-01-15,
12206,Customer 12206,East,20,2024-01-15,
12207,Customer 12207,North,30,2024-01-15,
12208,Customer 12208,North,30,2024-01-15,
12209,Customer 12209,South,20,2024-01-15,
12210,Customer 12210 ,North,9999999,2024-01-15,
12211,Customer 12211,North,30,2024-01-15,
12212,Customer 12212,North,10,2024-01-15,
12213,Customer 12213,East,30,2024-01-15,
12214,Customer 12214,East,30,2024-01-15,
12215,Customer 12215,West,30,2024-01-15,
12216,Customer 12216,South,9999999,2024-01-15,
12217,Customer 12217,East,9999999,2024-01-15,
12218,Customer 12218,West,30,2024-01-15,
12219,Customer 12219,South,10,2024-01-15,
12220,Customer 12220,West,9999999,2024-01-15,
12221,Customer 12221,North,9999999,2024-01-15,
12222,Customer 12222,West,20,2024-01-15,
12223,Customer 12223,North,9999999,2024-01-15,
12224,Customer 12224,South,9999999,2024-01-15,
12225,Customer 12225,South,9999999,2024-01-15,
12226,Customer 12226,West,30,2024-01-15,
12227,Customer 12227,South,10,2024-01-15,
12228,Customer 12228,West,9999999,2024-01-15,
12229,Customer 12229,South,9999999,2024-01-15,
12230,Customer 12230,East,10,2024-01-15,
12231,Customer 12231,West,30,2024-01-15,
12232,Customer 12232,West,20,2024-01-15,
12233,Customer 12233,South,10,2024-01-15,
12234,Customer 12234,East,9999999,2024-01-15,
12235,Customer 12235,South,10,2024-01-15,
12236,Customer 12236,South,20,2024-01-15,
12237,Customer 12237,West,30,2024-01-15,
12238,Customer 12238,East,10,2024-01-15,
12239,Customer 12239,West,30,2024-01-15,
12240,Customer 12240,South,9999999,2024-01-15,
12241,Customer 12241,West,9999999,2024-01-15,
12242,Customer 12242,South,20,2024-01-15,
12243,Customer 12243,East,10,2024-01-15,
12244,Customer 12244,North,10,2024-01-15,
12245,Customer 12245,West,9999999,2024-01-15,
12246,Customer 12246,East,10,2024-01-15,
12247,Customer 12247 ,North,20,2024-01-15,
12248,Customer 12248,South,30,2024-01-15,
12249,Customer 12249,South,30,2024-01-15,
12250,Customer 12250,West,10,2024-01-15,
12251,Customer 12251,South,9999999,2024-01-15,
12252,Customer 12252,East,9999999,2024-01-15,
12253,Customer 12253,North,9999999,2024-01-15,
12254,Customer 12254,West,30,2024-01-15,
12255,Customer 12255,West,30,2024-01-15,
12256,Customer 12256,West,9999999,2024-01-15,
12257,Customer 12257,South,10,2024-01-15,
12258,Customer 12258,South,9999999,2024-01-15,
12259,Customer 12259,North,10,2024-01-15,
12260,Customer 12260,South,30,2024-01-15,
12261,Customer 12261,South,9999999,2024-01-15,
12262,Customer 12262,South,9999999,2024-01-15,
12263,Customer 12263,East,10,2024-01-15,
12264,Customer 12264,South,20,2024-01-15,
12265,Customer 12265,South,10,2024-01-15,
12266,Customer 12266,North,9999999,2024-01-15,
12267,Customer 12267,East,9999999,2024-01-15,
12268,Customer 12268,East,20,2024-01-15,
12269,Customer 12269,North,10,2024-01-15,
12270,Customer 12270,North,30,2024-01-15,
12271,Customer 12271,South,9999999,2024-01-15,
12272,Customer 12272,North,10,2024-01-15,
12273,Customer 12273,South,9999999,2024-01-15,
12274,Customer 12274,South,20,2024-01-15,
12275,Customer 12275,West,30,2024-01-15,
12276,Customer 12276,South,10,2024-01-15,
12277,Customer 12277,North,10,2024-01-15,
12278,Customer 12278,West,10,2024-01-15,
12279,Customer 12279,North,9999999,2024-01-15,
12280,Customer 12280,East,9999999,2024-01-15,
12281,Customer 12281,East,9999999,2024-01-15,
12282,Customer 12282,East,9999999,2024-01-15,
12283,Customer 12283,North,9999999,2024-01-15,
12284,Customer 12284 ,South,30,2024-01-15,
12285,Customer 12285,North,20,2024-01-15,
12286,Customer 12286,North,9999999,2024-01-15,
12287,Customer 12287,East,10,2024-01-15,
12288,Customer 12288,East,9999999,2024-01-15,
12289,Customer 12289,East,9999999,2024-01-15,
12290,Customer 12290,North,10,2024-01-15,
12291,Customer 12291,West,10,2024-01-15,
12292,Customer 12292,West,10,2024-01-15,
12293,Customer 12293,East,20,2024-01-15,
12294,Customer 12294,South,9999999,2024-01-15,
12295,Customer 12295,West,10,2024-01-15,
12296,Customer 12296,North,20,2024-01-15,
12297,Customer 12297,West,20,2024-01-15,
12298,Customer 12298,East,30,2024-01-15,
12299,Customer 12299,South,9999999,2024-01-15,
12300,Customer 12300,North,9999999,2024-01-15,
12301,Customer 12301,East,9999999,2024-01-15,
12302,Customer 12302,South,9999999,2024-01-15,
12303,Customer 12303,North,9999999,2024-01-15,
12304,Customer 12304,South,10,2024-01-15,
12305,Customer 12305,West,10,2024-01-15,
12306,Customer 12306,North,20,2024-01-15,
12307,Customer 12307,South,10,2024-01-15,
12308,Customer 12308,West,10,2024-01-15,
12309,Customer 12309,West,10,2024-01-15,
12310,Customer 12310,East,9999999,2024-01-15,
12311,Customer 12311,South,20,2024-01-15,
12312,Customer 12312,West,10,2024-01-15,
12313,Customer 12313,South,20,2024-01-15,
12314,Customer 12314,North,9999999,2024-01-15,
12315,Customer 12315,North,20,2024-01-15,
12316,Customer 12316,East,9999999,2024-01-15,
12317,Customer 12317,North,30,2024-01-15,
12318,Customer 12318,East,10,2024-01-15,
12319,Customer 12319,South,10,2024-01-15,
12320,Customer 12320,South,9999999,2024-01-15,
12321,Customer 12321 ,East,30,2024-01-15,
12322,Customer 12322,East,30,2024-01-15,
12323,Customer 12323,East,20,2024-01-15,
12324,Customer 12324,South,9999999,2024-01-15,
12325,Customer 12325,South,10,2024-01-15,
12326,Customer 12326,East,9999999,2024-01-15,
12327,Customer 12327,South,20,2024-01-15,
12328,Customer 12328,East,20,2024-01-15,
12329,Customer 12329,North,30,2024-01-15,
12330,Customer 12330,East,9999999,2024-01-15,
12331,Customer 12331,South,10,2024-01-15,
12332,Customer 12332,North,30,2024-01-15,
12333,Customer 12333,West,30,2024-01-15,
12334,Customer 12334,South,9999999,2024-01-15,
12335,Customer 12335,South,10,2024-01-15,
12336,Customer 12336,West,20,2024-01-15,
12337,Customer 12337,North,10,2024-01-15,
12338,Customer 12338,South,9999999,2024-01-15,
12339,Customer 12339,East,30,2024-01-15,
12340,Customer 12340,North,30,2024-01-15,
12341,Customer 12341,East,20,2024-01-15,
12342,Customer 12342,South,30,2024-01-15,
12343,Customer 12343,East,10,2024-01-15,
12344,Customer 12344,South,9999999,2024-01-15,
12345,Customer 12345,South,10,2024-01-15,
12346,Customer 12346,West,10,2024-01-15,
12347,Customer 12347,East,9999999,2024-01-15,
12348,Customer 12348,West,10,2024-01-15,
12349,Customer 12349,East,30,2024-01-15,
12350,Customer 12350,South,9999999,2024-01-15,
12351,Customer 12351,North,30,2024-01-15,
12352,Customer 12352,North,20,2024-01-15,
12353,Customer 12353,West,9999999,2024-01-15,
12354,Customer 12354,East,20,2024-01-15,
12355,Customer 12355,West,10,2024-01-15,
12356,Customer 12356,North,9999999,2024-01-15,
12357,Customer 12357,South,10,2024-01-15,
12358,Customer 12358 ,West,20,2024-01-15,
12359,Customer 12359,West,20,2024-01-15,
12360,Customer 12360,North,9999999,2024-01-15,
12361,Customer 12361,South,9999999,2024-01-15,
12362,Customer 12362,West,10,2024-01-15,
12363,Customer 12363,East,20,2024-01-15,
12364,Customer 12364,South,10,2024-01-15,
12365,Customer 12365,South,30,2024-01-15,
12366,Customer 12366,South,20,2024-01-15,
12367,Customer 12367,North,30,2024-01-15,
12368,Customer 12368,North,20,2024-01-15,
12369,Customer 12369,South,9999999,2024-01-15,
12370,Customer 12370,South,20,2024-01-15,
12371,Customer 12371,East,9999999,2024-01-15,
12372,Customer 12372,North,30,2024-01-15,
12373,Customer 12373,North,10,2024-01-15,
12374,Customer 12374,East,30,2024-01-15,
12375,Customer 12375,South,30,2024-01-15,
12376,Customer 12376,East,30,2024-01-15,
12377,Customer 12377,North,20,2024-01-15,
12378,Customer 12378,East,20,2024-01-15,
12379,Customer 12379,East,20,2024-01-15,
12380,Customer 12380,East,10,2024-01-15,
12381,Customer 12381,West,9999999,2024-01-15,
12382,Customer 12382,North,30,2024-01-15,
12383,Customer 12383,West,10,2024-01-15,
12384,Customer 12384,East,10,2024-01-15,
12385,Customer 12385,East,9999999,2024-01-15,
12386,Customer 12386,East,10,2024-01-15,
12387,Customer 12387,East,10,2024-01-15,
12388,Customer 12388,East,9999999,2024-01-15,
12389,Customer 12389,North,20,2024-01-15,
12390,Customer 12390,West,20,2024-01-15,
12391,Customer 12391,East,10,2024-01-15,
12392,Customer 12392,South,30,2024-01-15,
12393,Customer 12393,East,30,2024-01-15,
12394,Customer 12394,North,10,2024-01-15,
12395,Customer 12395 ,West,20,2024-01-15,
12396,Customer 12396,North,10,2024-01-15,
12397,Customer 12397,South,10,2024-01-15,
12398,Customer 12398,West,30,2024-01-15,
12399,Customer 12399,East,30,2024-01-15,
12400,Customer 12400,South,20,2024-01-15,
12401,Customer 12401,South,10,2024-01-15,
12402,Customer 12402,West,20,2024-01-15,
12403,Customer 12403,West,9999999,2024-01-15,
12404,Customer 12404,West,9999999,2024-01-15,
12405,Customer 12405,South,20,2024-01-15,
12406,Customer 12406,South,30,2024-01-15,
12407,Customer 12407,West,20,2024-01-15,
12408,Customer 12408,East,10,2024-01-15,
12409,Customer 12409,North,10,2024-01-15,
12410,Customer 12410,North,20,2024-01-15,
12411,Customer 12411,East,20,2024-01-15,
12412,Customer 12412,East,20,2024-01-15,
12413,Customer 12413,East,20,2024-01-15,
12414,Customer 12414,West,10,2024-01-15,
12415,Customer 12415,South,9999999,2024-01-15,
12416,Customer 12416,East,20,2024-01-15,
12417,Customer 12417,South,9999999,2024-01-15,
12418,Customer 12418,East,20,2024-01-15,
12419,Customer 12419,South,20,2024-01-15,
12420,Customer 12420,South,30,2024-01-15,
12421,Customer 12421,East,9999999,2024-01-15,
12422,Customer 12422,West,10,2024-01-15,
12423,Customer 12423,East,9999999,2024-01-15,
12424,Customer 12424,West,10,2024-01-15,
12425,Customer 12425,East,30,2024-01-15,
12426,Customer 12426,East,20,2024-01-15,
12427,Customer 12427,South,20,2024-01-15,
12428,Customer 12428,South,9999999,2024-01-15,
12429,Customer 12429,East,30,2024-01-15,
12430,Customer 12430,West,10,2024-01-15,
12431,Customer 12431,South,30,2024-01-15,
12432,Customer 12432 ,North,30,2024-01-15,
12433,Customer 12433,South,30,2024-01-15,
12434,Customer 12434,East,30,2024-01-15,
12435,Customer 12435,North,9999999,2024-01-15,
12436,Customer 12436,West,20,2024-01-15,
12437,Customer 12437,East,9999999,2024-01-15,
12438,Customer 12438,South,30,2024-01-15,
12439,Customer 12439,North,30,2024-01-15,
12440,Customer 12440,West,9999999,2024-01-15,
12441,Customer 12441,North,30,2024-01-15,
12442,Customer 12442,West,30,2024-01-15,
12443,Customer 12443,South,10,2024-01-15,
12444,Customer 12444,North,10,2024-01-15,
12445,Customer 12445,East,30,2024-01-15,
12446,Customer 12446,West,20,2024-01-15,
12447,Customer 12447,East,20,2024-01-15,
12448,Customer 12448,West,30,2024-01-15,
12449,Customer 12449,West,9999999,2024-01-15,
12450,Customer 12450,West,9999999,2024-01-15,
12451,Customer 12451,West,30,2024-01-15,
12452,Customer 12452,West,10,2024-01-15,
12453,Customer 12453,West,10,2024-01-15,
12454,Customer 12454,West,10,2024-01-15,
12455,Customer 12455,North,10,2024-01-15,
12456,Customer 12456,West,30,2024-01-15,
12457,Customer 12457,North,10,2024-01-15,
12458,Customer 12458,South,10,2024-01-15,
12459,Customer 12459,West,30,2024-01-15,
12460,Customer 12460,East,10,2024-01-15,
12461,Customer 12461,West,9999999,2024-01-15,
12462,Customer 12462,West,30,2024-01-15,
12463,Customer 12463,East,9999999,2024-01-15,
12464,Customer 12464,East,10,2024-01-15,
12465,Customer 12465,West,10,2024-01-15,
12466,Customer 12466,North,10,2024-01-15,
12467,Customer 12467,West,9999999,2024-01-15,
12468,Customer 12468,East,30,2024-01-15,
12469,Customer 12469 ,South,20,2024-01-15,
12470,Customer 12470,South,30,2024-01-15,
12471,Customer 12471,West,30,2024-01-15,
12472,Customer 12472,North,30,2024-01-15,
12473,Customer 12473,East,30,2024-01-15,
12474,Customer 12474,East,10,2024-01-15,
12475,Customer 12475,West,9999999,2024-01-15,
12476,Customer 12476,West,20,2024-01-15,
12477,Customer 12477,East,30,2024-01-15,
12478,Customer 12478,South,10,2024-01-15,
12479,Customer 12479,South,30,2024-01-15,
12480,Customer 12480,North,9999999,2024-01-15,
12481,Customer 12481,South,9999999,2024-01-15,
12482,Customer 12482,West,30,2024-01-15,
12483,Customer 12483,East,10,2024-01-15,
12484,Customer 12484,South,10,2024-01-15,
12485,Customer 12485,North,30,2024-01-15,
12486,Customer 12486,East,20,2024-01-15,
12487,Customer 12487,West,9999999,2024-01-15,
12488,Customer 12488,West,20,2024-01-15,
12489,Customer 12489,North,30,2024-01-15,
12490,Customer 12490,South,9999999,2024-01-15,
12491,Customer 12491,South,30,2024-01-15,
12492,Customer 12492,North,9999999,2024-01-15,
12493,Customer 12493,South,9999999,2024-01-15,
12494,Customer 12494,East,30,2024-01-15,
12495,Customer 12495,North,20,2024-01-15,
12496,Customer 12496,North,10,2024-01-15,
12497,Customer 12497,South,10,2024-01-15,
12498,Customer 12498,West,9999999,2024-01-15,
12499,Customer 12499,North,30,2024-01-15,
12500,Customer 12500,South,N/A,2024-01-15,
12501,Customer 12501,East,10,2024-01-15,
12502,Customer 12502,South,30,2024-01-15,
12503,Customer 12503,West,9999999,2024-01-15,
12504,Customer 12504,West,30,2024-01-15,
12505,Customer 12505,North,9999999,2024-01-15,
12506,Customer 12506 ,West,20,2024-01-15,
12507,Customer 12507,West,30,2024-01-15,
12508,Customer 12508,North,20,2024-01-15,
12509,Customer 12509,West,20,2024-01-15,
12510,Customer 12510,East,20,2024-01-15,
12511,Customer 12511,East,30,2024-01-15,
12512,Customer 12512,East,20,2024-01-15,
12513,Customer 12513,West,9999999,2024-01-15,
12514,Customer 12514,South,20,2024-01-15,
12515,Customer 12515,North,10,2024-01-15,
12516,Customer 12516,South,20,2024-01-15,
12517,Customer 12517,East,20,2024-01-15,
12518,Customer 12518,West,9999999,2024-01-15,
12519,Customer 12519,West,10,2024-01-15,
12520,Customer 12520,West,10,2024-01-15,
12521,Customer 12521,North,20,2024-01-15,
12522,Customer 12522,East,9999999,2024-01-15,
12523,Customer 12523,East,30,2024-01-15,
12524,Customer 12524,West,9999999,2024-01-15,
12525,Customer 12525,South,9999999,2024-01-15,
12526,Customer 12526,South,9999999,2024-01-15,
12527,Customer 12527,South,9999999,2024-01-15,
12528,Customer 12528,West,9999999,2024-01-15,
12529,Customer 12529,North,30,2024-01-15,
12530,Customer 12530,West,9999999,2024-01-15,
12531,Customer 12531,West,30,2024-01-15,
12532,Customer 12532,East,30,2024-01-15,
12533,Customer 12533,South,30,2024-01-15,
12534,Customer 12534,East,30,2024-01-15,
12535,Customer 12535,East,20,2024-01-15,
12536,Customer 12536,West,20,2024-01-15,
12537,Customer 12537,East,9999999,2024-01-15,
12538,Customer 12538,South,10,2024-01-15,
12539,Customer 12539,West,9999999,2024-01-15,
12540,Customer 12540,West,9999999,2024-01-15,
12541,Customer 12541,East,9999999,2024-01-15,
12542,Customer 12542,East,10,2024-01-15,
12543,Customer 12543 ,North,20,2024-01-15,
12544,Customer 12544,West,9999999,2024-01-15,
12545,Customer 12545,East,9999999,2024-01-15,
12546,Customer 12546,East,10,2024-01-15,
12547,Customer 12547,East,9999999,2024-01-15,
12548,Customer 12548,East,20,2024-01-15,
12549,Customer 12549,North,10,2024-01-15,
12550,Customer 12550,West,30,2024-01-15,
12551,Customer 12551,South,20,2024-01-15,
12552,Customer 12552,North,10,2024-01-15,
12553,Customer 12553,North,10,2024-01-15,
12554,Customer 12554,North,30,2024-01-15,
12555,Customer 12555,East,9999999,2024-01-15,
12556,Customer 12556,East,9999999,2024-01-15,
12557,Customer 12557,South,20,2024-01-15,
12558,Customer 12558,East,30,2024-01-15,
12559,Customer 12559,South,30,2024-01-15,
12560,Customer 12560,West,30,2024-01-15,
12561,Customer 12561,South,30,2024-01-15,
12562,Customer 12562,South,30,2024-01-15,
12563,Customer 12563,South,20,2024-01-15,
12564,Customer 12564,West,9999999,2024-01-15,
12565,Customer 12565,North,10,2024-01-15,
12566,Customer 12566,East,10,2024-01-15,
12567,Customer 12567,North,9999999,2024-01-15,
12568,Customer 12568,North,10,2024-01-15,
12569,Customer 12569,South,10,2024-01-15,
12570,Customer 12570,East,30,2024-01-15,
12571,Customer 12571,North,9999999,2024-01-15,
12572,Customer 12572,West,10,2024-01-15,
12573,Customer 12573,North,30,2024-01-15,
12574,Customer 12574,North,10,2024-01-15,
12575,Customer 12575,South,30,2024-01-15,
12576,Customer 12576,East,9999999,2024-01-15,
12577,Customer 12577,West,9999999,2024-01-15,
12578,Customer 12578,East,10,2024-01-15,
12579,Customer 12579,West,30,2024-01-15,
12580,Customer 12580 ,West,9999999,2024-01-15,
12581,Customer 12581,West,10,2024-01-15,
12582,Customer 12582,North,9999999,2024-01-15,
12583,Customer 12583,West,30,2024-01-15,
12584,Customer 12584,West,9999999,2024-01-15,
12585,Customer 12585,South,9999999,2024-01-15,
12586,Customer 12586,East,10,2024-01-15,
12587,Customer 12587,East,20,2024-01-15,
12588,Customer 12588,East,9999999,2024-01-15,
12589,Customer 12589,North,30,2024-01-15,
12590,Customer 12590,East,10,2024-01-15,
12591,Customer 12591,South,20,2024-01-15,
12592,Customer 12592,North,20,2024-01-15,
12593,Customer 12593,South,20,2024-01-15,
12594,Customer 12594,West,9999999,2024-01-15,
12595,Customer 12595,North,30,2024-01-15,
12596,Customer 12596,East,30,2024-01-15,
12597,Customer 12597,South,9999999,2024-01-15,
12598,Customer 12598,South,9999999,2024-01-15,
12599,Customer 12599,North,20,2024-01-15,
12600,Customer 12600,North,30,2024-01-15,
12601,Customer 12601,North,30,2024-01-15,
12602,Customer 12602,North,20,2024-01-15,
12603,Customer 12603,West,9999999,2024-01-15,
12604,Customer 12604,East,10,2024-01-15,
12605,Customer 12605,East,9999999,2024-01-15,
12606,Customer 12606,South,9999999,2024-01-15,
12607,Customer 12607,North,20,2024-01-15,
12608,Customer 12608,West,30,2024-01-15,
12609,Customer 12609,South,30,2024-01-15,
12610,Customer 12610,West,30,2024-01-15,
12611,Customer 12611,East,30,2024-01-15,
12612,Customer 12612,North,20,2024-01-15,
12613,Customer 12613,East,20,2024-01-15,
12614,Customer 12614,East,30,2024-01-15,
12615,Customer 12615,North,10,2024-01-15,
12616,Customer 12616,South,20,2024-01-15,
12617,Customer 12617 ,South,9999999,2024-01-15,
12618,Customer 12618,North,30,2024-01-15,
12619,Customer 12619,West,9999999,2024-01-15,
12620,Customer 12620,West,30,2024-01-15,
12621,Customer 12621,East,9999999,2024-01-15,
12622,Customer 12622,South,10,2024-01-15,
12623,Customer 12623,South,10,2024-01-15,
12624,Customer 12624,North,30,2024-01-15,
12625,Customer 12625,North,20,2024-01-15,
12626,Customer 12626,East,20,2024-01-15,
12627,Customer 12627,South,30,2024-01-15,
12628,Customer 12628,West,30,2024-01-15,
12629,Customer 12629,North,30,2024-01-15,
12630,Customer 12630,South,30,2024-01-15,
12631,Customer 12631,South,30,2024-01-15,
12632,Customer 12632,West,10,2024-01-15,
12633,Customer 12633,East,30,2024-01-15,
12634,Customer 12634,East,10,2024-01-15,
12635,Customer 12635,South,10,2024-01-15,
12636,Customer 12636,East,9999999,2024-01-15,
12637,Customer 12637,North,30,2024-01-15,
12638,Customer 12638,West,9999999,2024-01-15,
12639,Customer 12639,South,30,2024-01-15,
12640,Customer 12640,South,20,2024-01-15,
12641,Customer 12641,South,10,2024-01-15,
12642,Customer 12642,North,30,2024-01-15,
12643,Customer 12643,North,10,2024-01-15,
12644,Customer 12644,North,20,2024-01-15,
12645,Customer 12645,West,30,2024-01-15,
12646,Customer 12646,East,20,2024-01-15,
12647,Customer 12647,South,20,2024-01-15,
12648,Customer 12648,South,30,2024-01-15,
12649,Customer 12649,East,10,2024-01-15,
12650,Customer 12650,South,9999999,2024-01-15,
12651,Customer 12651,North,10,2024-01-15,
12652,Customer 12652,North,20,2024-01-15,
12653,Customer 12653,South,30,2024-01-15,
12654,Customer 12654 ,South,9999999,2024-01-15,
12655,Customer 12655,North,30,2024-01-15,
12656,Customer 12656,East,10,2024-01-15,
12657,Customer 12657,North,9999999,2024-01-15,
12658,Customer 12658,South,20,2024-01-15,
12659,Customer 12659,East,10,2024-01-15,
12660,Customer 12660,East,30,2024-01-15,
12661,Customer 12661,North,20,2024-01-15,
12662,Customer 12662,East,10,2024-01-15,
12663,Customer 12663,North,20,2024-01-15,
12664,Customer 12664,North,20,2024-01-15,
12665,Customer 12665,East,30,2024-01-15,
12666,Customer 12666,West,10,2024-01-15,
12667,Customer 12667,North,9999999,2024-01-15,
12668,Customer 12668,North,10,2024-01-15,
12669,Customer 12669,East,9999999,2024-01-15,
12670,Customer 12670,East,30,2024-01-15,
12671,Customer 12671,West,30,2024-01-15,
12672,Customer 12672,West,9999999,2024-01-15,
12673,Customer 12673,East,20,2024-01-15,
12674,Customer 12674,East,30,2024-01-15,
12675,Customer 12675,South,10,2024-01-15,
12676,Customer 12676,South,10,2024-01-15,
12677,Customer 12677,East,9999999,2024-01-15,
12678,Customer 12678,South,30,2024-01-15,
12679,Customer 12679,West,10,2024-01-15,
12680,Customer 12680,North,30,2024-01-15,
12681,Customer 12681,North,10,2024-01-15,
12682,Customer 12682,North,9999999,2024-01-15,
12683,Customer 12683,West,9999999,2024-01-15,
12684,Customer 12684,North,10,2024-01-15,
12685,Customer 12685,South,10,2024-01-15,
12686,Customer 12686,East,20,2024-01-15,
12687,Customer 12687,North,20,2024-01-15,
12688,Customer 12688,South,9999999,2024-01-15,
12689,Customer 12689,South,9999999,2024-01-15,
12690,Customer 12690,North,20,2024-01-15,
12691,Customer 12691 ,East,9999999,2024-01-15,
12692,Customer 12692,South,9999999,2024-01-15,
12693,Customer 12693,West,9999999,2024-01-15,
12694,Customer 12694,North,20,2024-01-15,
12695,Customer 12695,East,20,2024-01-15,
12696,Customer 12696,North,9999999,2024-01-15,
12697,Customer 12697,North,10,2024-01-15,
12698,Customer 12698,South,30,2024-01-15,
12699,Customer 12699,East,20,2024-01-15,
12700,Customer 12700,South,9999999,2024-01-15,
12701,Customer 12701,West,20,2024-01-15,
12702,Customer 12702,South,10,2024-01-15,
12703,Customer 12703,South,20,2024-01-15,
12704,Customer 12704,North,10,2024-01-15,
12705,Customer 12705,East,9999999,2024-01-15,
12706,Customer 12706,West,30,2024-01-15,
12707,Customer 12707,East,20,2024-01-15,
12708,Customer 12708,West,20,2024-01-15,
12709,Customer 12709,South,10,2024-01-15,
12710,Customer 12710,North,30,2024-01-15,
12711,Customer 12711,East,30,2024-01-15,
12712,Customer 12712,North,20,2024-01-15,
12713,Customer 12713,North,30,2024-01-15,
12714,Customer 12714,West,20,2024-01-15,
12715,Customer 12715,West,10,2024-01-15,
12716,Customer 12716,East,10,2024-01-15,
12717,Customer 12717,South,10,2024-01-15,
12718,Customer 12718,East,20,2024-01-15,
12719,Customer 12719,West,10,2024-01-15,
12720,Customer 12720,East,30,2024-01-15,
12721,Customer 12721,East,9999999,2024-01-15,
12722,Customer 12722,West,9999999,2024-01-15,
12723,Customer 12723,North,30,2024-01-15,
12724,Customer 12724,East,10,2024-01-15,
12725,Customer 12725,East,10,2024-01-15,
12726,Customer 12726,West,9999999,2024-01-15,
12727,Customer 12727,South,30,2024-01-15,
12728,Customer 12728 ,North,10,2024-01-15,
12729,Customer 12729,East,9999999,2024-01-15,
12730,Customer 12730,West,30,2024-01-15,
12731,Customer 12731,South,20,2024-01-15,
12732,Customer 12732,West,9999999,2024-01-15,
12733,Customer 12733,East,9999999,2024-01-15,
12734,Customer 12734,South,9999999,2024-01-15,
12735,Customer 12735,South,10,2024-01-15,
12736,Customer 12736,North,9999999,2024-01-15,
12737,Customer 12737,South,9999999,2024-01-15,
12738,Customer 12738,North,20,2024-01-15,
12739,Customer 12739,North,10,2024-01-15,
12740,Customer 12740,West,20,2024-01-15,
12741,Customer 12741,East,10,2024-01-15,
12742,Customer 12742,East,9999999,2024-01-15,
12743,Customer 12743,North,9999999,2024-01-15,
12744,Customer 12744,South,10,2024-01-15,
12745,Customer 12745,South,10,2024-01-15,
12746,Customer 12746,North,30,2024-01-15,
12747,Customer 12747,East,30,2024-01-15,
12748,Customer 12748,South,20,2024-01-15,
12749,Customer 12749,East,30,2024-01-15,
12750,Customer 12750,North,10,2024-01-15,
12751,Customer 12751,West,30,2024-01-15,
12752,Customer 12752,East,10,2024-01-15,
12753,Customer 12753,East,20,2024-01-15,
12754,Customer 12754,South,9999999,2024-01-15,
12755,Customer 12755,East,20,2024-01-15,
12756,Customer 12756,West,10,2024-01-15,
12757,Customer 12757,South,9999999,2024-01-15,
12758,Customer 12758,East,10,2024-01-15,
12759,Customer 12759,South,20,2024-01-15,
12760,Customer 12760,West,9999999,2024-01-15,
12761,Customer 12761,East,10,2024-01-15,
12762,Customer 12762,West,9999999,2024-01-15,
12763,Customer 12763,West,30,2024-01-15,
12764,Customer 12764,South,20,2024-01-15,
12765,Customer 12765 ,South,30,2024-01-15,
12766,Customer 12766,South,20,2024-01-15,
12767,Customer 12767,North,10,2024-01-15,
12768,Customer 12768,South,20,2024-01-15,
12769,Customer 12769,East,20,2024-01-15,
12770,Customer 12770,North,20,2024-01-15,
12771,Customer 12771,East,9999999,2024-01-15,
12772,Customer 12772,East,9999999,2024-01-15,
12773,Customer 12773,West,9999999,2024-01-15,
12774,Customer 12774,West,9999999,2024-01-15,
12775,Customer 12775,West,10,2024-01-15,
12776,Customer 12776,East,30,2024-01-15,
12777,Customer 12777,West,20,2024-01-15,
12778,Customer 12778,East,30,2024-01-15,
12779,Customer 12779,West,30,2024-01-15,
12780,Customer 12780,South,30,2024-01-15,
12781,Customer 12781,South,10,2024-01-15,
12782,Customer 12782,South,30,2024-01-15,
12783,Customer 12783,West,10,2024-01-15,
12784,Customer 12784,East,30,2024-01-15,
12785,Customer 12785,South,30,2024-01-15,
12786,Customer 12786,East,9999999,2024-01-15,
12787,Customer 12787,East,9999999,2024-01-15,
12788,Customer 12788,North,10,2024-01-15,
12789,Customer 12789,West,30,2024-01-15,
12790,Customer 12790,West,20,2024-01-15,
12791,Customer 12791,East,9999999,2024-01-15,
12792,Customer 12792,North,10,2024-01-15,
12793,Customer 12793,West,9999999,2024-01-15,
12794,Customer 12794,East,30,2024-01-15,
12795,Customer 12795,East,20,2024-01-15,
12796,Customer 12796,East,9999999,2024-01-15,
12797,Customer 12797,North,30,2024-01-15,
12798,Customer 12798,West,30,2024-01-15,
12799,Customer 12799,North,30,2024-01-15,
12800,Customer 12800,West,9999999,2024-01-15,
12801,Customer 12801,South,9999999,2024-01-15,
12802,Customer 12802 ,North,10,2024-01-15,
12803,Customer 12803,East,20,2024-01-15,
12804,Customer 12804,North,20,2024-01-15,
12805,Customer 12805,West,10,2024-01-15,
12806,Customer 12806,North,20,2024-01-15,
12807,Customer 12807,East,10,2024-01-15,
12808,Customer 12808,South,9999999,2024-01-15,
12809,Customer 12809,East,20,2024-01-15,
12810,Customer 12810,South,20,2024-01-15,
12811,Customer 12811,South,30,2024-01-15,
12812,Customer 12812,South,30,2024-01-15,
12813,Customer 12813,West,9999999,2024-01-15,
12814,Customer 12814,North,9999999,2024-01-15,
12815,Customer 12815,West,30,2024-01-15,
12816,Customer 12816,North,10,2024-01-15,
12817,Customer 12817,East,10,2024-01-15,
12818,Customer 12818,South,10,2024-01-15,
12819,Customer 12819,East,20,2024-01-15,
12820,Customer 12820,North,10,2024-01-15,
12821,Customer 12821,South,30,2024-01-15,
12822,Customer 12822,South,9999999,2024-01-15,
12823,Customer 12823,West,30,2024-01-15,
12824,Customer 12824,West,9999999,2024-01-15,
12825,Customer 12825,East,10,2024-01-15,
12826,Customer 12826,East,30,2024-01-15,
12827,Customer 12827,West,30,2024-01-15,
12828,Customer 12828,East,10,2024-01-15,
12829,Customer 12829,South,20,2024-01-15,
12830,Customer 12830,North,9999999,2024-01-15,
12831,Customer 12831,West,9999999,2024-01-15,
12832,Customer 12832,West,30,2024-01-15,
12833,Customer 12833,West,20,2024-01-15,
12834,Customer 12834,North,20,2024-01-15,
12835,Customer 12835,South,30,2024-01-15,
12836,Customer 12836,East,9999999,2024-01-15,
12837,Customer 12837,North,10,2024-01-15,
12838,Customer 12838,East,20,2024-01-15,
12839,Customer 12839 ,West,9999999,2024-01-15,
12840,Customer 12840,East,20,2024-01-15,
12841,Customer 12841,South,10,2024-01-15,
12842,Customer 12842,East,10,2024-01-15,
12843,Customer 12843,South,30,2024-01-15,
12844,Customer 12844,North,20,2024-01-15,
12845,Customer 12845,West,9999999,2024-01-15,
12846,Customer 12846,East,30,2024-01-15,
12847,Customer 12847,North,20,2024-01-15,
12848,Customer 12848,West,20,2024-01-15,
12849,Customer 12849,West,20,2024-01-15,
12850,Customer 12850,South,30,2024-01-15,
12851,Customer 12851,West,30,2024-01-15,
12852,Customer 12852,East,9999999,2024-01-15,
12853,Customer 12853,West,30,2024-01-15,
12854,Customer 12854,West,10,2024-01-15,
12855,Customer 12855,West,10,2024-01-15,
12856,Customer 12856,North,30,2024-01-15,
12857,Customer 12857,North,10,2024-01-15,
12858,Customer 12858,West,9999999,2024-01-15,
12859,Customer 12859,East,30,2024-01-15,
12860,Customer 12860,South,10,2024-01-15,
12861,Customer 12861,East,30,2024-01-15,
12862,Customer 12862,East,10,2024-01-15,
12863,Customer 12863,East,20,2024-01-15,
12864,Customer 12864,North,20,2024-01-15,
12865,Customer 12865,East,9999999,2024-01-15,
12866,Customer 12866,South,20,2024-01-15,
12867,Customer 12867,West,30,2024-01-15,
12868,Customer 12868,West,30,2024-01-15,
12869,Customer 12869,West,9999999,2024-01-15,
12870,Customer 12870,West,30,2024-01-15,
12871,Customer 12871,North,30,2024-01-15,
12872,Customer 12872,North,9999999,2024-01-15,
12873,Customer 12873,East,30,2024-01-15,
12874,Customer 12874,East,30,2024-01-15,
12875,Customer 12875,East,20,2024-01-15,
12876,Customer 12876 ,West,20,2024-01-15,
12877,Customer 12877,West,9999999,2024-01-15,
12878,Customer 12878,East,10,2024-01-15,
12879,Customer 12879,South,9999999,2024-01-15,
12880,Customer 12880,North,20,2024-01-15,
12881,Customer 12881,North,30,2024-01-15,
12882,Customer 12882,West,9999999,2024-01-15,
12883,Customer 12883,East,20,2024-01-15,
12884,Customer 12884,East,10,2024-01-15,
12885,Customer 12885,East,20,2024-01-15,
12886,Customer 12886,West,9999999,2024-01-15,
12887,Customer 12887,North,10,2024-01-15,
12888,Customer 12888,North,10,2024-01-15,
12889,Customer 12889,East,10,2024-01-15,
12890,Customer 12890,West,30,2024-01-15,
12891,Customer 12891,South,9999999,2024-01-15,
12892,Customer 12892,East,30,2024-01-15,
12893,Customer 12893,North,20,2024-01-15,
12894,Customer 12894,West,30,2024-01-15,
12895,Customer 12895,South,20,2024-01-15,
12896,Customer 12896,East,30,2024-01-15,
12897,Customer 12897,East,9999999,2024-01-15,
12898,Customer 12898,East,9999999,2024-01-15,
12899,Customer 12899,South,10,2024-01-15,
12900,Customer 12900,East,30,2024-01-15,
12901,Customer 12901,East,9999999,2024-01-15,
12902,Customer 12902,West,10,2024-01-15,
12903,Customer 12903,East,30,2024-01-15,
12904,Customer 12904,South,9999999,2024-01-15,
12905,Customer 12905,South,30,2024-01-15,
12906,Customer 12906,South,20,2024-01-15,
12907,Customer 12907,East,30,2024-01-15,
12908,Customer 12908,North,30,2024-01-15,
12909,Customer 12909,West,30,2024-01-15,
12910,Customer 12910,West,30,2024-01-15,
12911,Customer 12911,North,30,2024-01-15,
12912,Customer 12912,West,9999999,2024-01-15,
12913,Customer 12913 ,South,10,2024-01-15,
12914,Customer 12914,North,30,2024-01-15,
12915,Customer 12915,West,20,2024-01-15,
12916,Customer 12916,South,20,2024-01-15,
12917,Customer 12917,East,20,2024-01-15,
12918,Customer 12918,North,9999999,2024-01-15,
12919,Customer 12919,North,30,2024-01-15,
12920,Customer 12920,North,9999999,2024-01-15,
12921,Customer 12921,West,30,2024-01-15,
12922,Customer 12922,North,9999999,2024-01-15,
12923,Customer 12923,West,30,2024-01-15,
12924,Customer 12924,South,9999999,2024-01-15,
12925,Customer 12925,North,30,2024-01-15,
12926,Customer 12926,East,30,2024-01-15,
12927,Customer 12927,North,30,2024-01-15,
12928,Customer 12928,West,20,2024-01-15,
12929,Customer 12929,East,30,2024-01-15,
12930,Customer 12930,North,9999999,2024-01-15,
12931,Customer 12931,West,10,2024-01-15,
12932,Customer 12932,South,10,2024-01-15,
12933,Customer 12933,North,9999999,2024-01-15,
12934,Customer 12934,North,10,2024-01-15,
12935,Customer 12935,East,9999999,2024-01-15,
12936,Customer 12936,North,10,2024-01-15,
12937,Customer 12937,West,10,2024-01-15,
12938,Customer 12938,West,10,2024-01-15,
12939,Customer 12939,East,9999999,2024-01-15,
12940,Customer 12940,West,10,2024-01-15,
12941,Customer 12941,South,9999999,2024-01-15,
12942,Customer 12942,East,30,2024-01-15,
12943,Customer 12943,West,10,2024-01-15,
12944,Customer 12944,North,20,2024-01-15,
12945,Customer 12945,South,30,2024-01-15,
12946,Customer 12946,West,9999999,2024-01-15,
12947,Customer 12947,South,9999999,2024-01-15,
12948,Customer 12948,South,30,2024-01-15,
12949,Customer 12949,West,9999999,2024-01-15,
12950,Customer 12950 ,East,20,2024-01-15,
12951,Customer 12951,West,30,2024-01-15,
12952,Customer 12952,West,10,2024-01-15,
12953,Customer 12953,West,10,2024-01-15,
12954,Customer 12954,South,20,2024-01-15,
12955,Customer 12955,East,20,2024-01-15,
12956,Customer 12956,South,10,2024-01-15,
12957,Customer 12957,East,20,2024-01-15,
12958,Customer 12958,South,10,2024-01-15,
12959,Customer 12959,North,10,2024-01-15,
12960,Customer 12960,South,30,2024-01-15,
12961,Customer 12961,West,10,2024-01-15,
12962,Customer 12962,South,30,2024-01-15,
12963,Customer 12963,East,9999999,2024-01-15,
12964,Customer 12964,West,20,2024-01-15,
12965,Customer 12965,South,9999999,2024-01-15,
12966,Customer 12966,West,30,2024-01-15,
12967,Customer 12967,West,9999999,2024-01-15,
12968,Customer 12968,East,10,2024-01-15,
12969,Customer 12969,South,10,2024-01-15,
12970,Customer 12970,North,10,2024-01-15,
12971,Customer 12971,South,9999999,2024-01-15,
12972,Customer 12972,West,30,2024-01-15,
12973,Customer 12973,South,30,2024-01-15,
12974,Customer 12974,North,9999999,2024-01-15,
12975,Customer 12975,East,20,2024-01-15,
12976,Customer 12976,West,20,2024-01-15,
12977,Customer 12977,West,20,2024-01-15,
12978,Customer 12978,North,30,2024-01-15,
12979,Customer 12979,West,20,2024-01-15,
12980,Customer 12980,North,9999999,2024-01-15,
12981,Customer 12981,South,10,2024-01-15,
12982,Customer 12982,South,20,2024-01-15,
12983,Customer 12983,North,20,2024-01-15,
12984,Customer 12984,South,30,2024-01-15,
12985,Customer 12985,South,30,2024-01-15,
12986,Customer 12986,North,9999999,2024-01-15,
12987,Customer 12987 ,West,10,2024-01-15,
12988,Customer 12988,East,20,2024-01-15,
12989,Customer 12989,West,30,2024-01-15,
12990,Customer 12990,West,30,2024-01-15,
12991,Customer 12991,East,30,2024-01-15,
12992,Customer 12992,East,9999999,2024-01-15,
12993,Customer 12993,South,20,2024-01-15,
12994,Customer 12994,East,30,2024-01-15,
12995,Customer 12995,East,30,2024-01-15,
12996,Customer 12996,North,10,2024-01-15,
12997,Customer 12997,East,10,2024-01-15,
12998,Customer 12998,South,10,2024-01-15,
12999,Customer 12999,West,9999999,2024-01-15,
13000,Customer 13000,South,N/A,2024-01-15,
13001,Customer 13001,East,10,2024-01-15,
13002,Customer 13002,North,20,2024-01-15,
13003,Customer 13003,North,20,2024-01-15,
13004,Customer 13004,West,20,2024-01-15,
13005,Customer 13005,East,9999999,2024-01-15,
13006,Customer 13006,East,10,2024-01-15,
13007,Customer 13007,North,9999999,2024-01-15,
13008,Customer 13008,West,30,2024-01-15,
13009,Customer 13009,South,20,2024-01-15,
13010,Customer 13010,North,10,2024-01-15,
13011,Customer 13011,South,30,2024-01-15,
13012,Customer 13012,South,20,2024-01-15,
13013,Customer 13013,East,30,2024-01-15,
13014,Customer 13014,North,10,2024-01-15,
13015,Customer 13015,South,10,2024-01-15,
13016,Customer 13016,South,9999999,2024-01-15,
13017,Customer 13017,West,20,2024-01-15,
13018,Customer 13018,South,10,2024-01-15,
13019,Customer 13019,West,10,2024-01-15,
13020,Customer 13020,East,9999999,2024-01-15,
13021,Customer 13021,West,9999999,2024-01-15,
13022,Customer 13022,North,10,2024-01-15,
13023,Customer 13023,West,9999999,2024-01-15,
13024,Customer 13024 ,North,9999999,2024-01-15,
13025,Customer 13025,West,20,2024-01-15,
13026,Customer 13026,South,9999999,2024-01-15,
13027,Customer 13027,North,30,2024-01-15,
13028,Customer 13028,West,9999999,2024-01-15,
13029,Customer 13029,North,9999999,2024-01-15,
13030,Customer 13030,South,9999999,2024-01-15,
13031,Customer 13031,West,10,2024-01-15,
13032,Customer 13032,North,20,2024-01-15,
13033,Customer 13033,West,30,2024-01-15,
13034,Customer 13034,East,10,2024-01-15,
13035,Customer 13035,West,10,2024-01-15,
13036,Customer 13036,North,20,2024-01-15,
13037,Customer 13037,South,20,2024-01-15,
13038,Customer 13038,East,9999999,2024-01-15,
13039,Customer 13039,West,30,2024-01-15,
13040,Customer 13040,West,30,2024-01-15,
13041,Customer 13041,East,9999999,2024-01-15,
13042,Customer 13042,North,10,2024-01-15,
13043,Customer 13043,North,9999999,2024-01-15,
13044,Customer 13044,South,30,2024-01-15,
13045,Customer 13045,West,10,2024-01-15,
13046,Customer 13046,North,30,2024-01-15,
13047,Customer 13047,North,9999999,2024-01-15,
13048,Customer 13048,East,20,2024-01-15,
13049,Customer 13049,East,20,2024-01-15,
13050,Customer 13050,West,10,2024-01-15,
13051,Customer 13051,North,10,2024-01-15,
13052,Customer 13052,East,10,2024-01-15,
13053,Customer 13053,South,10,2024-01-15,
13054,Customer 13054,South,9999999,2024-01-15,
13055,Customer 13055,West,9999999,2024-01-15,
13056,Customer 13056,West,10,2024-01-15,
13057,Customer 13057,South,30,2024-01-15,
13058,Customer 13058,East,10,2024-01-15,
13059,Customer 13059,North,20,2024-01-15,
13060,Customer 13060,West,20,2024-01-15,
13061,Customer 13061 ,East,20,2024-01-15,
13062,Customer 13062,West,20,2024-01-15,
13063,Customer 13063,South,10,2024-01-15,
13064,Customer 13064,North,20,2024-01-15,
13065,Customer 13065,North,9999999,2024-01-15,
13066,Customer 13066,East,9999999,2024-01-15,
13067,Customer 13067,North,30,2024-01-15,
13068,Customer 13068,South,20,2024-01-15,
13069,Customer 13069,East,20,2024-01-15,
13070,Customer 13070,East,20,2024-01-15,
13071,Customer 13071,North,20,2024-01-15,
13072,Customer 13072,West,10,2024-01-15,
13073,Customer 13073,West,30,2024-01-15,
13074,Customer 13074,East,20,2024-01-15,
13075,Customer 13075,West,10,2024-01-15,
13076,Customer 13076,East,30,2024-01-15,
13077,Customer 13077,West,30,2024-01-15,
13078,Customer 13078,East,20,2024-01-15,
13079,Customer 13079,North,10,2024-01-15,
13080,Customer 13080,North,20,2024-01-15,
13081,Customer 13081,North,30,2024-01-15,
13082,Customer 13082,South,10,2024-01-15,
13083,Customer 13083,South,20,2024-01-15,
13084,Customer 13084,East,10,2024-01-15,
13085,Customer 13085,West,30,2024-01-15,
13086,Customer 13086,South,10,2024-01-15,
13087,Customer 13087,West,30,2024-01-15,
13088,Customer 13088,West,10,2024-01-15,
13089,Customer 13089,North,9999999,2024-01-15,
13090,Customer 13090,North,9999999,2024-01-15,
13091,Customer 13091,North,20,2024-01-15,
13092,Customer 13092,West,30,2024-01-15,
13093,Customer 13093,North,9999999,2024-01-15,
13094,Customer 13094,North,30,2024-01-15,
13095,Customer 13095,East,20,2024-01-15,
13096,Customer 13096,North,9999999,2024-01-15,
13097,Customer 13097,North,30,2024-01-15,
13098,Customer 13098 ,East,9999999,2024-01-15,
13099,Customer 13099,East,20,2024-01-15,
13100,Customer 13100,South,20,2024-01-15,
13101,Customer 13101,West,9999999,2024-01-15,
13102,Customer 13102,North,30,2024-01-15,
13103,Customer 13103,West,9999999,2024-01-15,
13104,Customer 13104,West,9999999,2024-01-15,
13105,Customer 13105,North,9999999,2024-01-15,
13106,Customer 13106,West,10,2024-01-15,
13107,Customer 13107,South,30,2024-01-15,
13108,Customer 13108,East,30,2024-01-15,
13109,Customer 13109,South,9999999,2024-01-15,
13110,Customer 13110,West,10,2024-01-15,
13111,Customer 13111,North,20,2024-01-15,
13112,Customer 13112,South,20,2024-01-15,
13113,Customer 13113,East,20,2024-01-15,
13114,Customer 13114,West,9999999,2024-01-15,
13115,Customer 13115,West,30,2024-01-15,
13116,Customer 13116,East,30,2024-01-15,
13117,Customer 13117,North,10,2024-01-15,
13118,Customer 13118,East,30,2024-01-15,
13119,Customer 13119,East,10,2024-01-15,
13120,Customer 13120,South,9999999,2024-01-15,
13121,Customer 13121,North,10,2024-01-15,
13122,Customer 13122,West,30,2024-01-15,
13123,Customer 13123,East,10,2024-01-15,
13124,Customer 13124,South,30,2024-01-15,
13125,Customer 13125,North,9999999,2024-01-15,
13126,Customer 13126,East,9999999,2024-01-15,
13127,Customer 13127,West,30,2024-01-15,
13128,Customer 13128,North,9999999,2024-01-15,
13129,Customer 13129,North,10,2024-01-15,
13130,Customer 13130,West,10,2024-01-15,
13131,Customer 13131,West,9999999,2024-01-15,
13132,Customer 13132,West,30,2024-01-15,
13133,Customer 13133,East,30,2024-01-15,
13134,Customer 13134,West,30,2024-01-15,
13135,Customer 13135 ,West,30,2024-01-15,
13136,Customer 13136,West,20,2024-01-15,
13137,Customer 13137,South,20,2024-01-15,
13138,Customer 13138,South,9999999,2024-01-15,
13139,Customer 13139,East,30,2024-01-15,
13140,Customer 13140,North,30,2024-01-15,
13141,Customer 13141,North,20,2024-01-15,
13142,Customer 13142,West,30,2024-01-15,
13143,Customer 13143,West,30,2024-01-15,
13144,Customer 13144,West,10,2024-01-15,
13145,Customer 13145,South,9999999,2024-01-15,
13146,Customer 13146,North,9999999,2024-01-15,
13147,Customer 13147,South,20,2024-01-15,
13148,Customer 13148,West,9999999,2024-01-15,
13149,Customer 13149,West,10,2024-01-15,
13150,Customer 13150,West,9999999,2024-01-15,
13151,Customer 13151,East,9999999,2024-01-15,
13152,Customer 13152,North,9999999,2024-01-15,
13153,Customer 13153,West,20,2024-01-15,
13154,Customer 13154,West,20,2024-01-15,
13155,Customer 13155,West,20,2024-01-15,
13156,Customer 13156,South,9999999,2024-01-15,
13157,Customer 13157,North,9999999,2024-01-15,
13158,Customer 13158,North,10,2024-01-15,
13159,Customer 13159,South,9999999,2024-01-15,
13160,Customer 13160,North,30,2024-01-15,
13161,Customer 13161,West,20,2024-01-15,
13162,Customer 13162,South,20,2024-01-15,
13163,Customer 13163,West,10,2024-01-15,
13164,Customer 13164,East,20,2024-01-15,
13165,Customer 13165,South,20,2024-01-15,
13166,Customer 13166,South,20,2024-01-15,
13167,Customer 13167,North,20,2024-01-15,
13168,Customer 13168,South,20,2024-01-15,
13169,Customer 13169,East,20,2024-01-15,
13170,Customer 13170,West,30,2024-01-15,
13171,Customer 13171,West,10,2024-01-15,
13172,Customer 13172 ,West,10,2024-01-15,
13173,Customer 13173,South,30,2024-01-15,
13174,Customer 13174,West,10,2024-01-15,
13175,Customer 13175,South,30,2024-01-15,
13176,Customer 13176,East,20,2024-01-15,
13177,Customer 13177,West,9999999,2024-01-15,
13178,Customer 13178,South,30,2024-01-15,
13179,Customer 13179,North,30,2024-01-15,
13180,Customer 13180,East,20,2024-01-15,
13181,Customer 13181,West,20,2024-01-15,
13182,Customer 13182,North,10,2024-01-15,
13183,Customer 13183,East,9999999,2024-01-15,
13184,Customer 13184,East,30,2024-01-15,
13185,Customer 13185,West,30,2024-01-15,
13186,Customer 13186,South,30,2024-01-15,
13187,Customer 13187,North,10,2024-01-15,
13188,Customer 13188,East,10,2024-01-15,
13189,Customer 13189,East,20,2024-01-15,
13190,Customer 13190,East,30,2024-01-15,
13191,Customer 13191,North,20,2024-01-15,
13192,Customer 13192,South,30,2024-01-15,
13193,Customer 13193,West,9999999,2024-01-15,
13194,Customer 13194,South,30,2024-01-15,
13195,Customer 13195,East,30,2024-01-15,
13196,Customer 13196,West,10,2024-01-15,
13197,Customer 13197,West,9999999,2024-01-15,
13198,Customer 13198,North,9999999,2024-01-15,
13199,Customer 13199,North,20,2024-01-15,
13200,Customer 13200,South,20,2024-01-15,
13201,Customer 13201,North,20,2024-01-15,
13202,Customer 13202,North,20,2024-01-15,
13203,Customer 13203,North,9999999,2024-01-15,
13204,Customer 13204,East,10,2024-01-15,
13205,Customer 13205,West,9999999,2024-01-15,
13206,Customer 13206,South,20,2024-01-15,
13207,Customer 13207,West,9999999,2024-01-15,
13208,Customer 13208,West,20,2024-01-15,
13209,Customer 13209 ,North,20,2024-01-15,
13210,Customer 13210,South,30,2024-01-15,
13211,Customer 13211,East,30,2024-01-15,
13212,Customer 13212,South,9999999,2024-01-15,
13213,Customer 13213,West,10,2024-01-15,
13214,Customer 13214,East,9999999,2024-01-15,
13215,Customer 13215,North,30,2024-01-15,
13216,Customer 13216,North,9999999,2024-01-15,
13217,Customer 13217,South,20,2024-01-15,
13218,Customer 13218,North,20,2024-01-15,
13219,Customer 13219,North,9999999,2024-01-15,
13220,Customer 13220,East,10,2024-01-15,
13221,Customer 13221,North,10,2024-01-15,
13222,Customer 13222,West,20,2024-01-15,
13223,Customer 13223,East,30,2024-01-15,
13224,Customer 13224,South,10,2024-01-15,
13225,Customer 13225,South,10,2024-01-15,
13226,Customer 13226,North,20,2024-01-15,
13227,Customer 13227,West,10,2024-01-15,
13228,Customer 13228,East,30,2024-01-15,
13229,Customer 13229,East,30,2024-01-15,
13230,Customer 13230,West,10,2024-01-15,
13231,Customer 13231,West,30,2024-01-15,
13232,Customer 13232,North,20,2024-01-15,
13233,Customer 13233,East,10,2024-01-15,
13234,Customer 13234,West,9999999,2024-01-15,
13235,Customer 13235,West,20,2024-01-15,
13236,Customer 13236,North,30,2024-01-15,
13237,Customer 13237,East,10,2024-01-15,
13238,Customer 13238,West,20,2024-01-15,
13239,Customer 13239,East,9999999,2024-01-15,
13240,Customer 13240,South,30,2024-01-15,
13241,Customer 13241,South,10,2024-01-15,
13242,Customer 13242,North,9999999,2024-01-15,
13243,Customer 13243,East,9999999,2024-01-15,
13244,Customer 13244,South,30,2024-01-15,
13245,Customer 13245,North,20,2024-01-15,
13246,Customer 13246 ,West,30,2024-01-15,
13247,Customer 13247,South,20,2024-01-15,
13248,Customer 13248,West,20,2024-01-15,
13249,Customer 13249,West,10,2024-01-15,
13250,Customer 13250,North,10,2024-01-15,
13251,Customer 13251,East,30,2024-01-15,
13252,Customer 13252,South,9999999,2024-01-15,
13253,Customer 13253,South,20,2024-01-15,
13254,Customer 13254,West,9999999,2024-01-15,
13255,Customer 13255,East,10,2024-01-15,
13256,Customer 13256,North,30,2024-01-15,
13257,Customer 13257,North,9999999,2024-01-15,
13258,Customer 13258,East,10,2024-01-15,
13259,Customer 13259,North,10,2024-01-15,
13260,Customer 13260,West,9999999,2024-01-15,
13261,Customer 13261,South,9999999,2024-01-15,
13262,Customer 13262,South,10,2024-01-15,
13263,Customer 13263,North,30,2024-01-15,
13264,Customer 13264,North,20,2024-01-15,
13265,Customer 13265,South,10,2024-01-15,
13266,Customer 13266,South,30,2024-01-15,
13267,Customer 13267,South,20,2024-01-15,
13268,Customer 13268,West,20,2024-01-15,
13269,Customer 13269,East,10,2024-01-15,
13270,Customer 13270,West,20,2024-01-15,
13271,Customer 13271,South,30,2024-01-15,
13272,Customer 13272,East,10,2024-01-15,
13273,Customer 13273,East,30,2024-01-15,
13274,Customer 13274,North,10,2024-01-15,
13275,Customer 13275,South,9999999,2024-01-15,
13276,Customer 13276,North,9999999,2024-01-15,
13277,Customer 13277,South,30,2024-01-15,
13278,Customer 13278,West,10,2024-01-15,
13279,Customer 13279,West,30,2024-01-15,
13280,Customer 13280,North,30,2024-01-15,
13281,Customer 13281,South,30,2024-01-15,
13282,Customer 13282,West,30,2024-01-15,
13283,Customer 13283 ,West,20,2024-01-15,
13284,Customer 13284,West,20,2024-01-15,
13285,Customer 13285,East,20,2024-01-15,
13286,Customer 13286,South,10,2024-01-15,
13287,Customer 13287,South,10,2024-01-15,
13288,Customer 13288,West,30,2024-01-15,
13289,Customer 13289,South,9999999,2024-01-15,
13290,Customer 13290,West,9999999,2024-01-15,
13291,Customer 13291,South,9999999,2024-01-15,
13292,Customer 13292,East,30,2024-01-15,
13293,Customer 13293,East,20,2024-01-15,
13294,Customer 13294,East,20,2024-01-15,
13295,Customer 13295,West,30,2024-01-15,
13296,Customer 13296,South,9999999,2024-01-15,
13297,Customer 13297,East,9999999,2024-01-15,
13298,Customer 13298,North,9999999,2024-01-15,
13299,Customer 13299,West,30,2024-01-15,
13300,Customer 13300,South,30,2024-01-15,
13301,Customer 13301,South,10,2024-01-15,
13302,Customer 13302,South,10,2024-01-15,
13303,Customer 13303,North,30,2024-01-15,
13304,Customer 13304,South,30,2024-01-15,
13305,Customer 13305,West,30,2024-01-15,
13306,Customer 13306,North,9999999,2024-01-15,
13307,Customer 13307,North,10,2024-01-15,
13308,Customer 13308,North,30,2024-01-15,
13309,Customer 13309,West,10,2024-01-15,
13310,Customer 13310,West,30,2024-01-15,
13311,Customer 13311,West,20,2024-01-15,
13312,Customer 13312,South,9999999,2024-01-15,
13313,Customer 13313,South,30,2024-01-15,
13314,Customer 13314,West,9999999,2024-01-15,
13315,Customer 13315,South,20,2024-01-15,
13316,Customer 13316,East,30,2024-01-15,
13317,Customer 13317,North,20,2024-01-15,
13318,Customer 13318,West,20,2024-01-15,
13319,Customer 13319,North,20,2024-01-15,
13320,Customer 13320 ,East,10,2024-01-15,
13321,Customer 13321,North,10,2024-01-15,
13322,Customer 13322,South,30,2024-01-15,
13323,Customer 13323,South,9999999,2024-01-15,
13324,Customer 13324,North,10,2024-01-15,
13325,Customer 13325,South,9999999,2024-01-15,
13326,Customer 13326,West,20,2024-01-15,
13327,Customer 13327,North,30,2024-01-15,
13328,Customer 13328,West,30,2024-01-15,
13329,Customer 13329,West,30,2024-01-15,
13330,Customer 13330,North,10,2024-01-15,
13331,Customer 13331,East,10,2024-01-15,
13332,Customer 13332,South,20,2024-01-15,
13333,Customer 13333,East,20,2024-01-15,
13334,Customer 13334,West,30,2024-01-15,
13335,Customer 13335,South,30,2024-01-15,
13336,Customer 13336,South,20,2024-01-15,
13337,Customer 13337,West,30,2024-01-15,
13338,Customer 13338,West,9999999,2024-01-15,
13339,Customer 13339,North,9999999,2024-01-15,
13340,Customer 13340,South,30,2024-01-15,
13341,Customer 13341,South,10,2024-01-15,
13342,Customer 13342,West,20,2024-01-15,
13343,Customer 13343,East,20,2024-01-15,
13344,Customer 13344,South,9999999,2024-01-15,
13345,Customer 13345,East,9999999,2024-01-15,
13346,Customer 13346,North,10,2024-01-15,
13347,Customer 13347,South,20,2024-01-15,
13348,Customer 13348,North,10,2024-01-15,
13349,Customer 13349,West,10,2024-01-15,
13350,Customer 13350,West,30,2024-01-15,
13351,Customer 13351,North,9999999,2024-01-15,
13352,Customer 13352,East,30,2024-01-15,
13353,Customer 13353,West,20,2024-01-15,
13354,Customer 13354,South,9999999,2024-01-15,
13355,Customer 13355,East,30,2024-01-15,
13356,Customer 13356,North,30,2024-01-15,
13357,Customer 13357 ,South,30,2024-01-15,
13358,Customer 13358,North,20,2024-01-15,
13359,Customer 13359,West,9999999,2024-01-15,
13360,Customer 13360,North,20,2024-01-15,
13361,Customer 13361,West,9999999,2024-01-15,
13362,Customer 13362,East,30,2024-01-15,
13363,Customer 13363,South,20,2024-01-15,
13364,Customer 13364,South,30,2024-01-15,
13365,Customer 13365,North,9999999,2024-01-15,
13366,Customer 13366,East,30,2024-01-15,
13367,Customer 13367,South,20,2024-01-15,
13368,Customer 13368,South,30,2024-01-15,
13369,Customer 13369,South,9999999,2024-01-15,
13370,Customer 13370,West,30,2024-01-15,
13371,Customer 13371,South,20,2024-01-15,
13372,Customer 13372,South,10,2024-01-15,
13373,Customer 13373,North,20,2024-01-15,
13374,Customer 13374,South,9999999,2024-01-15,
13375,Customer 13375,East,30,2024-01-15,
13376,Customer 13376,South,20,2024-01-15,
13377,Customer 13377,South,10,2024-01-15,
13378,Customer 13378,West,20,2024-01-15,
13379,Customer 13379,North,30,2024-01-15,
13380,Customer 13380,South,20,2024-01-15,
13381,Customer 13381,West,30,2024-01-15,
13382,Customer 13382,North,30,2024-01-15,
13383,Customer 13383,South,30,2024-01-15,
13384,Customer 13384,South,9999999,2024-01-15,
13385,Customer 13385,South,10,2024-01-15,
13386,Customer 13386,East,20,2024-01-15,
13387,Customer 13387,East,10,2024-01-15,
13388,Customer 13388,West,10,2024-01-15,
13389,Customer 13389,South,10,2024-01-15,
13390,Customer 13390,South,20,2024-01-15,
13391,Customer 13391,North,30,2024-01-15,
13392,Customer 13392,West,10,2024-01-15,
13393,Customer 13393,East,10,2024-01-15,
13394,Customer 13394 ,East,30,2024-01-15,
13395,Customer 13395,North,9999999,2024-01-15,
13396,Customer 13396,North,30,2024-01-15,
13397,Customer 13397,South,30,2024-01-15,
13398,Customer 13398,East,20,2024-01-15,
13399,Customer 13399,West,30,2024-01-15,
13400,Customer 13400,North,30,2024-01-15,
13401,Customer 13401,South,10,2024-01-15,
13402,Customer 13402,East,30,2024-01-15,
13403,Customer 13403,South,10,2024-01-15,
13404,Customer 13404,South,30,2024-01-15,
13405,Customer 13405,West,10,2024-01-15,
13406,Customer 13406,North,10,2024-01-15,
13407,Customer 13407,East,20,2024-01-15,
13408,Customer 13408,East,10,2024-01-15,
13409,Customer 13409,East,20,2024-01-15,
13410,Customer 13410,North,30,2024-01-15,
13411,Customer 13411,North,9999999,2024-01-15,
13412,Customer 13412,West,30,2024-01-15,
13413,Customer 13413,East,30,2024-01-15,
13414,Customer 13414,North,9999999,2024-01-15,
13415,Customer 13415,West,9999999,2024-01-15,
13416,Customer 13416,South,20,2024-01-15,
13417,Customer 13417,East,20,2024-01-15,
13418,Customer 13418,South,9999999,2024-01-15,
13419,Customer 13419,West,10,2024-01-15,
13420,Customer 13420,West,10,2024-01-15,
13421,Customer 13421,North,20,2024-01-15,
13422,Customer 13422,West,30,2024-01-15,
13423,Customer 13423,East,20,2024-01-15,
13424,Customer 13424,North,20,2024-01-15,
13425,Customer 13425,West,10,2024-01-15,
13426,Customer 13426,North,9999999,2024-01-15,
13427,Customer 13427,North,30,2024-01-15,
13428,Customer 13428,South,30,2024-01-15,
13429,Customer 13429,East,10,2024-01-15,
13430,Customer 13430,East,9999999,2024-01-15,
13431,Customer 13431 ,West,9999999,2024-01-15,
13432,Customer 13432,North,9999999,2024-01-15,
13433,Customer 13433,South,30,2024-01-15,
13434,Customer 13434,West,20,2024-01-15,
13435,Customer 13435,North,10,2024-01-15,
13436,Customer 13436,North,10,2024-01-15,
13437,Customer 13437,North,10,2024-01-15,
13438,Customer 13438,West,30,2024-01-15,
13439,Customer 13439,North,10,2024-01-15,
13440,Customer 13440,South,20,2024-01-15,
13441,Customer 13441,North,9999999,2024-01-15,
13442,Customer 13442,North,20,2024-01-15,
13443,Customer 13443,West,30,2024-01-15,
13444,Customer 13444,West,10,2024-01-15,
13445,Customer 13445,North,20,2024-01-15,
13446,Customer 13446,West,9999999,2024-01-15,
13447,Customer 13447,North,30,2024-01-15,
13448,Customer 13448,West,30,2024-01-15,
13449,Customer 13449,East,10,2024-01-15,
13450,Customer 13450,West,10,2024-01-15,
13451,Customer 13451,West,30,2024-01-15,
13452,Customer 13452,West,20,2024-01-15,
13453,Customer 13453,South,9999999,2024-01-15,
13454,Customer 13454,North,10,2024-01-15,
13455,Customer 13455,South,9999999,2024-01-15,
13456,Customer 13456,South,9999999,2024-01-15,
13457,Customer 13457,North,10,2024-01-15,
13458,Customer 13458,West,30,2024-01-15,
13459,Customer 13459,South,20,2024-01-15,
13460,Customer 13460,South,9999999,2024-01-15,
13461,Customer 13461,West,30,2024-01-15,
13462,Customer 13462,North,30,2024-01-15,
13463,Customer 13463,South,9999999,2024-01-15,
13464,Customer 13464,South,10,2024-01-15,
13465,Customer 13465,West,10,2024-01-15,
13466,Customer 13466,East,9999999,2024-01-15,
13467,Customer 13467,East,10,2024-01-15,
13468,Customer 13468 ,East,30,2024-01-15,
13469,Customer 13469,West,20,2024-01-15,
13470,Customer 13470,North,9999999,2024-01-15,
13471,Customer 13471,West,30,2024-01-15,
13472,Customer 13472,East,9999999,2024-01-15,
13473,Customer 13473,West,10,2024-01-15,
13474,Customer 13474,West,9999999,2024-01-15,
13475,Customer 13475,East,9999999,2024-01-15,
13476,Customer 13476,East,10,2024-01-15,
13477,Customer 13477,North,9999999,2024-01-15,
13478,Customer 13478,West,10,2024-01-15,
13479,Customer 13479,East,30,2024-01-15,
13480,Customer 13480,North,9999999,2024-01-15,
13481,Customer 13481,East,30,2024-01-15,
13482,Customer 13482,South,9999999,2024-01-15,
13483,Customer 13483,South,30,2024-01-15,
13484,Customer 13484,North,10,2024-01-15,
13485,Customer 13485,South,9999999,2024-01-15,
13486,Customer 13486,North,20,2024-01-15,
13487,Customer 13487,South,10,2024-01-15,
13488,Customer 13488,East,30,2024-01-15,
13489,Customer 13489,East,9999999,2024-01-15,
13490,Customer 13490,South,20,2024-01-15,
13491,Customer 13491,West,9999999,2024-01-15,
13492,Customer 13492,South,9999999,2024-01-15,
13493,Customer 13493,South,10,2024-01-15,
13494,Customer 13494,West,10,2024-01-15,
13495,Customer 13495,West,9999999,2024-01-15,
13496,Customer 13496,South,10,2024-01-15,
13497,Customer 13497,North,9999999,2024-01-15,
13498,Customer 13498,East,30,2024-01-15,
13499,Customer 13499,South,9999999,2024-01-15,
13500,Customer 13500,North,N/A,2024-01-15,
13501,Customer 13501,South,10,2024-01-15,
13502,Customer 13502,North,30,2024-01-15,
13503,Customer 13503,East,20,2024-01-15,
13504,Customer 13504,East,30,2024-01-15,
13505,Customer 13505 ,North,30,2024-01-15,
13506,Customer 13506,East,10,2024-01-15,
13507,Customer 13507,North,30,2024-01-15,
13508,Customer 13508,South,10,2024-01-15,
13509,Customer 13509,West,9999999,2024-01-15,
13510,Customer 13510,South,9999999,2024-01-15,
13511,Customer 13511,South,9999999,2024-01-15,
13512,Customer 13512,West,30,2024-01-15,
13513,Customer 13513,West,10,2024-01-15,
13514,Customer 13514,North,20,2024-01-15,
13515,Customer 13515,East,20,2024-01-15,
13516,Customer 13516,South,20,2024-01-15,
13517,Customer 13517,North,10,2024-01-15,
13518,Customer 13518,North,10,2024-01-15,
13519,Customer 13519,South,30,2024-01-15,
13520,Customer 13520,South,30,2024-01-15,
13521,Customer 13521,South,30,2024-01-15,
13522,Customer 13522,West,10,2024-01-15,
13523,Customer 13523,North,30,2024-01-15,
13524,Customer 13524,West,9999999,2024-01-15,
13525,Customer 13525,East,30,2024-01-15,
13526,Customer 13526,West,9999999,2024-01-15,
13527,Customer 13527,West,20,2024-01-15,
13528,Customer 13528,East,20,2024-01-15,
13529,Customer 13529,West,10,2024-01-15,
13530,Customer 13530,South,20,2024-01-15,
13531,Customer 13531,South,30,2024-01-15,
13532,Customer 13532,East,9999999,2024-01-15,
13533,Customer 13533,North,9999999,2024-01-15,
13534,Customer 13534,South,10,2024-01-15,
13535,Customer 13535,South,20,2024-01-15,
13536,Customer 13536,South,10,2024-01-15,
13537,Customer 13537,East,20,2024-01-15,
13538,Customer 13538,East,10,2024-01-15,
13539,Customer 13539,West,9999999,2024-01-15,
13540,Customer 13540,North,9999999,2024-01-15,
13541,Customer 13541,East,20,2024-01-15,
13542,Customer 13542 ,East,10,2024-01-15,
13543,Customer 13543,East,10,2024-01-15,
13544,Customer 13544,South,10,2024-01-15,
13545,Customer 13545,East,10,2024-01-15,
13546,Customer 13546,West,10,2024-01-15,
13547,Customer 13547,West,9999999,2024-01-15,
13548,Customer 13548,North,10,2024-01-15,
13549,Customer 13549,South,20,2024-01-15,
13550,Customer 13550,West,20,2024-01-15,
13551,Customer 13551,East,30,2024-01-15,
13552,Customer 13552,North,9999999,2024-01-15,
13553,Customer 13553,South,9999999,2024-01-15,
13554,Customer 13554,North,9999999,2024-01-15,
13555,Customer 13555,South,30,2024-01-15,
13556,Customer 13556,West,9999999,2024-01-15,
13557,Customer 13557,East,30,2024-01-15,
13558,Customer 13558,East,30,2024-01-15,
13559,Customer 13559,North,20,2024-01-15,
13560,Customer 13560,South,20,2024-01-15,
13561,Customer 13561,South,30,2024-01-15,
13562,Customer 13562,West,30,2024-01-15,
13563,Customer 13563,North,20,2024-01-15,
13564,Customer 13564,West,20,2024-01-15,
13565,Customer 13565,West,20,2024-01-15,
13566,Customer 13566,East,10,2024-01-15,
13567,Customer 13567,North,30,2024-01-15,
13568,Customer 13568,North,20,2024-01-15,
13569,Customer 13569,North,10,2024-01-15,
13570,Customer 13570,West,20,2024-01-15,
13571,Customer 13571,North,9999999,2024-01-15,
13572,Customer 13572,North,30,2024-01-15,
13573,Customer 13573,West,20,2024-01-15,
13574,Customer 13574,West,10,2024-01-15,
13575,Customer 13575,North,10,2024-01-15,
13576,Customer 13576,West,30,2024-01-15,
13577,Customer 13577,North,10,2024-01-15,
13578,Customer 13578,South,10,2024-01-15,
13579,Customer 13579 ,West,30,2024-01-15,
13580,Customer 13580,East,20,2024-01-15,
13581,Customer 13581,West,9999999,2024-01-15,
13582,Customer 13582,East,20,2024-01-15,
13583,Customer 13583,North,10,2024-01-15,
13584,Customer 13584,East,20,2024-01-15,
13585,Customer 13585,East,10,2024-01-15,
13586,Customer 13586,South,10,2024-01-15,
13587,Customer 13587,North,10,2024-01-15,
13588,Customer 13588,North,10,2024-01-15,
13589,Customer 13589,North,30,2024-01-15,
13590,Customer 13590,North,30,2024-01-15,
13591,Customer 13591,South,20,2024-01-15,
13592,Customer 13592,North,30,2024-01-15,
13593,Customer 13593,North,9999999,2024-01-15,
13594,Customer 13594,East,30,2024-01-15,
13595,Customer 13595,North,9999999,2024-01-15,
13596,Customer 13596,West,30,2024-01-15,
13597,Customer 13597,East,10,2024-01-15,
13598,Customer 13598,West,10,2024-01-15,
13599,Customer 13599,North,9999999,2024-01-15,
13600,Customer 13600,West,30,2024-01-15,
13601,Customer 13601,North,20,2024-01-15,
13602,Customer 13602,South,10,2024-01-15,
13603,Customer 13603,East,10,2024-01-15,
13604,Customer 13604,West,30,2024-01-15,
13605,Customer 13605,East,30,2024-01-15,
13606,Customer 13606,South,9999999,2024-01-15,
13607,Customer 13607,West,20,2024-01-15,
13608,Customer 13608,West,30,2024-01-15,
13609,Customer 13609,North,30,2024-01-15,
13610,Customer 13610,East,9999999,2024-01-15,
13611,Customer 13611,South,10,2024-01-15,
13612,Customer 13612,West,20,2024-01-15,
13613,Customer 13613,East,30,2024-01-15,
13614,Customer 13614,North,9999999,2024-01-15,
13615,Customer 13615,South,20,2024-01-15,
13616,Customer 13616 ,South,10,2024-01-15,
13617,Customer 13617,East,9999999,2024-01-15,
13618,Customer 13618,South,10,2024-01-15,
13619,Customer 13619,East,9999999,2024-01-15,
13620,Customer 13620,North,10,2024-01-15,
13621,Customer 13621,North,9999999,2024-01-15,
13622,Customer 13622,South,20,2024-01-15,
13623,Customer 13623,West,9999999,2024-01-15,
13624,Customer 13624,South,30,2024-01-15,
13625,Customer 13625,North,10,2024-01-15,
13626,Customer 13626,West,30,2024-01-15,
13627,Customer 13627,South,9999999,2024-01-15,
13628,Customer 13628,North,10,2024-01-15,
13629,Customer 13629,North,10,2024-01-15,
13630,Customer 13630,East,9999999,2024-01-15,
13631,Customer 13631,West,30,2024-01-15,
13632,Customer 13632,South,10,2024-01-15,
13633,Customer 13633,South,30,2024-01-15,
13634,Customer 13634,North,9999999,2024-01-15,
13635,Customer 13635,East,9999999,2024-01-15,
13636,Customer 13636,North,10,2024-01-15,
13637,Customer 13637,West,30,2024-01-15,
13638,Customer 13638,West,30,2024-01-15,
13639,Customer 13639,East,9999999,2024-01-15,
13640,Customer 13640,East,9999999,2024-01-15,
13641,Customer 13641,North,30,2024-01-15,
13642,Customer 13642,North,9999999,2024-01-15,
13643,Customer 13643,West,20,2024-01-15,
13644,Customer 13644,North,10,2024-01-15,
13645,Customer 13645,West,10,2024-01-15,
13646,Customer 13646,North,9999999,2024-01-15,
13647,Customer 13647,West,10,2024-01-15,
13648,Customer 13648,South,9999999,2024-01-15,
13649,Customer 13649,East,9999999,2024-01-15,
13650,Customer 13650,South,30,2024-01-15,
13651,Customer 13651,North,20,2024-01-15,
13652,Customer 13652,North,9999999,2024-01-15,
13653,Customer 13653 ,North,10,2024-01-15,
13654,Customer 13654,North,9999999,2024-01-15,
13655,Customer 13655,North,9999999,2024-01-15,
13656,Customer 13656,East,10,2024-01-15,
13657,Customer 13657,South,10,2024-01-15,
13658,Customer 13658,East,10,2024-01-15,
13659,Customer 13659,East,30,2024-01-15,
13660,Customer 13660,East,10,2024-01-15,
13661,Customer 13661,West,30,2024-01-15,
13662,Customer 13662,East,9999999,2024-01-15,
13663,Customer 13663,South,20,2024-01-15,
13664,Customer 13664,East,20,2024-01-15,
13665,Customer 13665,East,9999999,2024-01-15,
13666,Customer 13666,South,30,2024-01-15,
13667,Customer 13667,North,20,2024-01-15,
13668,Customer 13668,North,9999999,2024-01-15,
13669,Customer 13669,South,20,2024-01-15,
13670,Customer 13670,South,30,2024-01-15,
13671,Customer 13671,North,10,2024-01-15,
13672,Customer 13672,South,30,2024-01-15,
13673,Customer 13673,West,9999999,2024-01-15,
13674,Customer 13674,South,30,2024-01-15,
13675,Customer 13675,North,9999999,2024-01-15,
13676,Customer 13676,West,9999999,2024-01-15,
13677,Customer 13677,North,20,2024-01-15,
13678,Customer 13678,South,9999999,2024-01-15,
13679,Customer 13679,West,30,2024-01-15,
13680,Customer 13680,East,20,2024-01-15,
13681,Customer 13681,South,9999999,2024-01-15,
13682,Customer 13682,East,20,2024-01-15,
13683,Customer 13683,East,9999999,2024-01-15,
13684,Customer 13684,South,20,2024-01-15,
13685,Customer 13685,West,9999999,2024-01-15,
13686,Customer 13686,North,9999999,2024-01-15,
13687,Customer 13687,North,30,2024-01-15,
13688,Customer 13688,East,20,2024-01-15,
13689,Customer 13689,North,20,2024-01-15,
13690,Customer 13690 ,West,9999999,2024-01-15,
13691,Customer 13691,North,9999999,2024-01-15,
13692,Customer 13692,North,9999999,2024-01-15,
13693,Customer 13693,East,30,2024-01-15,
13694,Customer 13694,West,10,2024-01-15,
13695,Customer 13695,East,20,2024-01-15,
13696,Customer 13696,South,9999999,2024-01-15,
13697,Customer 13697,North,10,2024-01-15,
13698,Customer 13698,South,9999999,2024-01-15,
13699,Customer 13699,North,30,2024-01-15,
13700,Customer 13700,South,9999999,2024-01-15,
13701,Customer 13701,East,30,2024-01-15,
13702,Customer 13702,East,9999999,2024-01-15,
13703,Customer 13703,South,9999999,2024-01-15,
13704,Customer 13704,North,9999999,2024-01-15,
13705,Customer 13705,East,10,2024-01-15,
13706,Customer 13706,East,30,2024-01-15,
13707,Customer 13707,North,9999999,2024-01-15,
13708,Customer 13708,South,20,2024-01-15,
13709,Customer 13709,South,30,2024-01-15,
13710,Customer 13710,North,9999999,2024-01-15,
13711,Customer 13711,West,9999999,2024-01-15,
13712,Customer 13712,East,20,2024-01-15,
13713,Customer 13713,South,30,2024-01-15,
13714,Customer 13714,East,10,2024-01-15,
13715,Customer 13715,South,10,2024-01-15,
13716,Customer 13716,North,9999999,2024-01-15,
13717,Customer 13717,North,10,2024-01-15,
13718,Customer 13718,North,10,2024-01-15,
13719,Customer 13719,North,10,2024-01-15,
13720,Customer 13720,West,30,2024-01-15,
13721,Customer 13721,West,10,2024-01-15,
13722,Customer 13722,West,10,2024-01-15,
13723,Customer 13723,East,20,2024-01-15,
13724,Customer 13724,North,30,2024-01-15,
13725,Customer 13725,North,20,2024-01-15,
13726,Customer 13726,North,20,2024-01-15,
13727,Customer 13727 ,South,10,2024-01-15,
13728,Customer 13728,East,20,2024-01-15,
13729,Customer 13729,North,9999999,2024-01-15,
13730,Customer 13730,West,9999999,2024-01-15,
13731,Customer 13731,South,20,2024-01-15,
13732,Customer 13732,North,20,2024-01-15,
13733,Customer 13733,East,10,2024-01-15,
13734,Customer 13734,North,30,2024-01-15,
13735,Customer 13735,West,9999999,2024-01-15,
13736,Customer 13736,West,20,2024-01-15,
13737,Customer 13737,East,30,2024-01-15,
13738,Customer 13738,North,9999999,2024-01-15,
13739,Customer 13739,South,20,2024-01-15,
13740,Customer 13740,South,10,2024-01-15,
13741,Customer 13741,North,20,2024-01-15,
13742,Customer 13742,South,9999999,2024-01-15,
13743,Customer 13743,West,10,2024-01-15,
13744,Customer 13744,North,30,2024-01-15,
13745,Customer 13745,West,9999999,2024-01-15,
13746,Customer 13746,South,10,2024-01-15,
13747,Customer 13747,South,10,2024-01-15,
13748,Customer 13748,West,20,2024-01-15,
13749,Customer 13749,North,30,2024-01-15,
13750,Customer 13750,South,9999999,2024-01-15,
13751,Customer 13751,South,9999999,2024-01-15,
13752,Customer 13752,North,30,2024-01-15,
13753,Customer 13753,West,9999999,2024-01-15,
13754,Customer 13754,East,9999999,2024-01-15,
13755,Customer 13755,South,10,2024-01-15,
13756,Customer 13756,South,20,2024-01-15,
13757,Customer 13757,South,10,2024-01-15,
13758,Customer 13758,East,20,2024-01-15,
13759,Customer 13759,South,20,2024-01-15,
13760,Customer 13760,West,9999999,2024-01-15,
13761,Customer 13761,South,10,2024-01-15,
13762,Customer 13762,South,9999999,2024-01-15,
13763,Customer 13763,East,9999999,2024-01-15,
13764,Customer 13764 ,South,30,2024-01-15,
13765,Customer 13765,East,20,2024-01-15,
13766,Customer 13766,West,20,2024-01-15,
13767,Customer 13767,East,30,2024-01-15,
13768,Customer 13768,East,30,2024-01-15,
13769,Customer 13769,West,20,2024-01-15,
13770,Customer 13770,North,9999999,2024-01-15,
13771,Customer 13771,North,10,2024-01-15,
13772,Customer 13772,South,30,2024-01-15,
13773,Customer 13773,North,20,2024-01-15,
13774,Customer 13774,East,9999999,2024-01-15,
13775,Customer 13775,North,10,2024-01-15,
13776,Customer 13776,West,30,2024-01-15,
13777,Customer 13777,North,9999999,2024-01-15,
13778,Customer 13778,East,30,2024-01-15,
13779,Customer 13779,North,30,2024-01-15,
13780,Customer 13780,South,9999999,2024-01-15,
13781,Customer 13781,West,9999999,2024-01-15,
13782,Customer 13782,South,10,2024-01-15,
13783,Customer 13783,North,30,2024-01-15,
13784,Customer 13784,North,20,2024-01-15,
13785,Customer 13785,West,30,2024-01-15,
13786,Customer 13786,West,20,2024-01-15,
13787,Customer 13787,North,20,2024-01-15,
13788,Customer 13788,South,9999999,2024-01-15,
13789,Customer 13789,West,9999999,2024-01-15,
13790,Customer 13790,South,10,2024-01-15,
13791,Customer 13791,South,20,2024-01-15,
13792,Customer 13792,East,30,2024-01-15,
13793,Customer 13793,North,10,2024-01-15,
13794,Customer 13794,East,20,2024-01-15,
13795,Customer 13795,West,30,2024-01-15,
13796,Customer 13796,South,9999999,2024-01-15,
13797,Customer 13797,South,9999999,2024-01-15,
13798,Customer 13798,West,30,2024-01-15,
13799,Customer 13799,East,30,2024-01-15,
13800,Customer 13800,South,10,2024-01-15,
13801,Customer 13801 ,West,30,2024-01-15,
13802,Customer 13802,North,30,2024-01-15,
13803,Customer 13803,North,10,2024-01-15,
13804,Customer 13804,South,9999999,2024-01-15,
13805,Customer 13805,West,9999999,2024-01-15,
13806,Customer 13806,South,10,2024-01-15,
13807,Customer 13807,South,9999999,2024-01-15,
13808,Customer 13808,West,30,2024-01-15,
13809,Customer 13809,West,9999999,2024-01-15,
13810,Customer 13810,North,10,2024-01-15,
13811,Customer 13811,East,20,2024-01-15,
13812,Customer 13812,South,30,2024-01-15,
13813,Customer 13813,South,20,2024-01-15,
13814,Customer 13814,North,10,2024-01-15,
13815,Customer 13815,East,10,2024-01-15,
13816,Customer 13816,South,9999999,2024-01-15,
13817,Customer 13817,South,10,2024-01-15,
13818,Customer 13818,East,20,2024-01-15,
13819,Customer 13819,West,20,2024-01-15,
13820,Customer 13820,South,20,2024-01-15,
13821,Customer 13821,North,10,2024-01-15,
13822,Customer 13822,South,9999999,2024-01-15,
13823,Customer 13823,South,10,2024-01-15,
13824,Customer 13824,South,9999999,2024-01-15,
13825,Customer 13825,East,9999999,2024-01-15,
13826,Customer 13826,East,30,2024-01-15,
13827,Customer 13827,South,20,2024-01-15,
13828,Customer 13828,West,10,2024-01-15,
13829,Customer 13829,North,20,2024-01-15,
13830,Customer 13830,West,10,2024-01-15,
13831,Customer 13831,East,10,2024-01-15,
13832,Customer 13832,West,20,2024-01-15,
13833,Customer 13833,North,30,2024-01-15,
13834,Customer 13834,South,9999999,2024-01-15,
13835,Customer 13835,West,9999999,2024-01-15,
13836,Customer 13836,West,20,2024-01-15,
13837,Customer 13837,North,30,2024-01-15,
13838,Customer 13838 ,East,20,2024-01-15,
13839,Customer 13839,East,30,2024-01-15,
13840,Customer 13840,North,10,2024-01-15,
13841,Customer 13841,East,10,2024-01-15,
13842,Customer 13842,North,10,2024-01-15,
13843,Customer 13843,East,10,2024-01-15,
13844,Customer 13844,South,30,2024-01-15,
13845,Customer 13845,West,20,2024-01-15,
13846,Customer 13846,South,20,2024-01-15,
13847,Customer 13847,North,10,2024-01-15,
13848,Customer 13848,West,20,2024-01-15,
13849,Customer 13849,West,10,2024-01-15,
13850,Customer 13850,South,20,2024-01-15,
13851,Customer 13851,East,20,2024-01-15,
13852,Customer 13852,South,10,2024-01-15,
13853,Customer 13853,North,20,2024-01-15,
13854,Customer 13854,East,20,2024-01-15,
13855,Customer 13855,East,20,2024-01-15,
13856,Customer 13856,West,20,2024-01-15,
13857,Customer 13857,South,30,2024-01-15,
13858,Customer 13858,West,10,2024-01-15,
13859,Customer 13859,North,20,2024-01-15,
13860,Customer 13860,West,10,2024-01-15,
13861,Customer 13861,South,9999999,2024-01-15,
13862,Customer 13862,West,10,2024-01-15,
13863,Customer 13863,West,9999999,2024-01-15,
13864,Customer 13864,East,9999999,2024-01-15,
13865,Customer 13865,South,10,2024-01-15,
13866,Customer 13866,North,20,2024-01-15,
13867,Customer 13867,East,30,2024-01-15,
13868,Customer 13868,East,30,2024-01-15,
13869,Customer 13869,North,10,2024-01-15,
13870,Customer 13870,North,9999999,2024-01-15,
13871,Customer 13871,West,9999999,2024-01-15,
13872,Customer 13872,West,30,2024-01-15,
13873,Customer 13873,North,10,2024-01-15,
13874,Customer 13874,East,30,2024-01-15,
13875,Customer 13875 ,North,30,2024-01-15,
13876,Customer 13876,East,10,2024-01-15,
13877,Customer 13877,West,10,2024-01-15,
13878,Customer 13878,East,9999999,2024-01-15,
13879,Customer 13879,West,20,2024-01-15,
13880,Customer 13880,North,20,2024-01-15,
13881,Customer 13881,East,20,2024-01-15,
13882,Customer 13882,North,10,2024-01-15,
13883,Customer 13883,North,30,2024-01-15,
13884,Customer 13884,North,30,2024-01-15,
13885,Customer 13885,West,9999999,2024-01-15,
13886,Customer 13886,South,10,2024-01-15,
13887,Customer 13887,East,10,2024-01-15,
13888,Customer 13888,East,20,2024-01-15,
13889,Customer 13889,South,30,2024-01-15,
13890,Customer 13890,South,20,2024-01-15,
13891,Customer 13891,North,20,2024-01-15,
13892,Customer 13892,South,30,2024-01-15,
13893,Customer 13893,West,9999999,2024-01-15,
13894,Customer 13894,South,30,2024-01-15,
13895,Customer 13895,East,30,2024-01-15,
13896,Customer 13896,East,10,2024-01-15,
13897,Customer 13897,West,9999999,2024-01-15,
13898,Customer 13898,East,20,2024-01-15,
13899,Customer 13899,East,20,2024-01-15,
13900,Customer 13900,North,10,2024-01-15,
13901,Customer 13901,North,10,2024-01-15,
13902,Customer 13902,South,30,2024-01-15,
13903,Customer 13903,East,30,2024-01-15,
13904,Customer 13904,South,9999999,2024-01-15,
13905,Customer 13905,West,9999999,2024-01-15,
13906,Customer 13906,West,20,2024-01-15,
13907,Customer 13907,South,10,2024-01-15,
13908,Customer 13908,West,10,2024-01-15,
13909,Customer 13909,North,30,2024-01-15,
13910,Customer 13910,North,20,2024-01-15,
13911,Customer 13911,East,30,2024-01-15,
13912,Customer 13912 ,West,10,2024-01-15,
13913,Customer 13913,West,10,2024-01-15,
13914,Customer 13914,East,10,2024-01-15,
13915,Customer 13915,South,20,2024-01-15,
13916,Customer 13916,East,20,2024-01-15,
13917,Customer 13917,East,30,2024-01-15,
13918,Customer 13918,South,30,2024-01-15,
13919,Customer 13919,East,10,2024-01-15,
13920,Customer 13920,West,30,2024-01-15,
13921,Customer 13921,East,9999999,2024-01-15,
13922,Customer 13922,West,9999999,2024-01-15,
13923,Customer 13923,North,10,2024-01-15,
13924,Customer 13924,West,20,2024-01-15,
13925,Customer 13925,North,20,2024-01-15,
13926,Customer 13926,East,30,2024-01-15,
13927,Customer 13927,West,9999999,2024-01-15,
13928,Customer 13928,West,20,2024-01-15,
13929,Customer 13929,East,30,2024-01-15,
13930,Customer 13930,North,10,2024-01-15,
13931,Customer 13931,North,9999999,2024-01-15,
13932,Customer 13932,West,30,2024-01-15,
13933,Customer 13933,North,10,2024-01-15,
13934,Customer 13934,South,30,2024-01-15,
13935,Customer 13935,North,20,2024-01-15,
13936,Customer 13936,South,20,2024-01-15,
13937,Customer 13937,West,9999999,2024-01-15,
13938,Customer 13938,North,10,2024-01-15,
13939,Customer 13939,East,20,2024-01-15,
13940,Customer 13940,West,9999999,2024-01-15,
13941,Customer 13941,South,10,2024-01-15,
13942,Customer 13942,North,20,2024-01-15,
13943,Customer 13943,East,9999999,2024-01-15,
13944,Customer 13944,North,9999999,2024-01-15,
13945,Customer 13945,South,10,2024-01-15,
13946,Customer 13946,South,9999999,2024-01-15,
13947,Customer 13947,North,9999999,2024-01-15,
13948,Customer 13948,West,30,2024-01-15,
13949,Customer 13949 ,South,10,2024-01-15,
13950,Customer 13950,West,20,2024-01-15,
13951,Customer 13951,South,30,2024-01-15,
13952,Customer 13952,West,30,2024-01-15,
13953,Customer 13953,East,10,2024-01-15,
13954,Customer 13954,West,20,2024-01-15,
13955,Customer 13955,South,9999999,2024-01-15,
13956,Customer 13956,North,10,2024-01-15,
13957,Customer 13957,West,10,2024-01-15,
13958,Customer 13958,West,20,2024-01-15,
13959,Customer 13959,East,30,2024-01-15,
13960,Customer 13960,East,30,2024-01-15,
13961,Customer 13961,East,9999999,2024-01-15,
13962,Customer 13962,East,30,2024-01-15,
13963,Customer 13963,North,10,2024-01-15,
13964,Customer 13964,West,9999999,2024-01-15,
13965,Customer 13965,West,20,2024-01-15,
13966,Customer 13966,West,20,2024-01-15,
13967,Customer 13967,East,30,2024-01-15,
13968,Customer 13968,East,20,2024-01-15,
13969,Customer 13969,East,9999999,2024-01-15,
13970,Customer 13970,West,10,2024-01-15,
13971,Customer 13971,East,10,2024-01-15,
13972,Customer 13972,East,20,2024-01-15,
13973,Customer 13973,East,20,2024-01-15,
13974,Customer 13974,West,10,2024-01-15,
13975,Customer 13975,East,9999999,2024-01-15,
13976,Customer 13976,West,30,2024-01-15,
13977,Customer 13977,West,20,2024-01-15,
13978,Customer 13978,West,30,2024-01-15,
13979,Customer 13979,West,10,2024-01-15,
13980,Customer 13980,East,9999999,2024-01-15,
13981,Customer 13981,East,20,2024-01-15,
13982,Customer 13982,West,10,2024-01-15,
13983,Customer 13983,North,20,2024-01-15,
13984,Customer 13984,North,9999999,2024-01-15,
13985,Customer 13985,West,9999999,2024-01-15,
13986,Customer 13986 ,North,9999999,2024-01-15,
13987,Customer 13987,East,20,2024-01-15,
13988,Customer 13988,North,10,2024-01-15,
13989,Customer 13989,South,9999999,2024-01-15,
13990,Customer 13990,South,9999999,2024-01-15,
13991,Customer 13991,South,20,2024-01-15,
13992,Customer 13992,East,20,2024-01-15,
13993,Customer 13993,North,30,2024-01-15,
13994,Customer 13994,South,20,2024-01-15,
13995,Customer 13995,East,9999999,2024-01-15,
13996,Customer 13996,East,20,2024-01-15,
13997,Customer 13997,South,10,2024-01-15,
13998,Customer 13998,North,20,2024-01-15,
13999,Customer 13999,West,20,2024-01-15,
14000,Customer 14000,East,N/A,2024-01-15,
14001,Customer 14001,South,20,2024-01-15,
14002,Customer 14002,South,9999999,2024-01-15,
14003,Customer 14003,East,30,2024-01-15,
14004,Customer 14004,East,10,2024-01-15,
14005,Customer 14005,South,9999999,2024-01-15,
14006,Customer 14006,North,30,2024-01-15,
14007,Customer 14007,South,20,2024-01-15,
14008,Customer 14008,South,20,2024-01-15,
14009,Customer 14009,West,30,2024-01-15,
14010,Customer 14010,North,9999999,2024-01-15,
14011,Customer 14011,West,30,2024-01-15,
14012,Customer 14012,North,30,2024-01-15,
14013,Customer 14013,East,20,2024-01-15,
14014,Customer 14014,East,30,2024-01-15,
14015,Customer 14015,West,30,2024-01-15,
14016,Customer 14016,South,10,2024-01-15,
14017,Customer 14017,North,10,2024-01-15,
14018,Customer 14018,North,9999999,2024-01-15,
14019,Customer 14019,East,9999999,2024-01-15,
14020,Customer 14020,South,10,2024-01-15,
14021,Customer 14021,East,9999999,2024-01-15,
14022,Customer 14022,East,30,2024-01-15,
14023,Customer 14023 ,West,30,2024-01-15,
14024,Customer 14024,North,9999999,2024-01-15,
14025,Customer 14025,North,20,2024-01-15,
14026,Customer 14026,North,20,2024-01-15,
14027,Customer 14027,West,20,2024-01-15,
14028,Customer 14028,West,10,2024-01-15,
14029,Customer 14029,North,30,2024-01-15,
14030,Customer 14030,West,9999999,2024-01-15,
14031,Customer 14031,South,10,2024-01-15,
14032,Customer 14032,South,20,2024-01-15,
14033,Customer 14033,North,20,2024-01-15,
14034,Customer 14034,West,30,2024-01-15,
14035,Customer 14035,East,30,2024-01-15,
14036,Customer 14036,East,9999999,2024-01-15,
14037,Customer 14037,North,20,2024-01-15,
14038,Customer 14038,East,30,2024-01-15,
14039,Customer 14039,East,30,2024-01-15,
14040,Customer 14040,East,30,2024-01-15,
14041,Customer 14041,South,10,2024-01-15,
14042,Customer 14042,South,9999999,2024-01-15,
14043,Customer 14043,West,30,2024-01-15,
14044,Customer 14044,West,10,2024-01-15,
14045,Customer 14045,West,9999999,2024-01-15,
14046,Customer 14046,South,30,2024-01-15,
14047,Customer 14047,South,20,2024-01-15,
14048,Customer 14048,West,9999999,2024-01-15,
14049,Customer 14049,North,20,2024-01-15,
14050,Customer 14050,West,30,2024-01-15,
14051,Customer 14051,North,10,2024-01-15,
14052,Customer 14052,South,20,2024-01-15,
14053,Customer 14053,West,9999999,2024-01-15,
14054,Customer 14054,West,20,2024-01-15,
14055,Customer 14055,South,10,2024-01-15,
14056,Customer 14056,South,20,2024-01-15,
14057,Customer 14057,West,10,2024-01-15,
14058,Customer 14058,East,30,2024-01-15,
14059,Customer 14059,West,10,2024-01-15,
14060,Customer 14060 ,West,10,2024-01-15,
14061,Customer 14061,West,10,2024-01-15,
14062,Customer 14062,North,9999999,2024-01-15,
14063,Customer 14063,East,10,2024-01-15,
14064,Customer 14064,South,10,2024-01-15,
14065,Customer 14065,North,10,2024-01-15,
14066,Customer 14066,South,20,2024-01-15,
14067,Customer 14067,East,30,2024-01-15,
14068,Customer 14068,West,10,2024-01-15,
14069,Customer 14069,West,9999999,2024-01-15,
14070,Customer 14070,North,20,2024-01-15,
14071,Customer 14071,South,9999999,2024-01-15,
14072,Customer 14072,South,10,2024-01-15,
14073,Customer 14073,South,20,2024-01-15,
14074,Customer 14074,South,10,2024-01-15,
14075,Customer 14075,South,9999999,2024-01-15,
14076,Customer 14076,North,10,2024-01-15,
14077,Customer 14077,South,30,2024-01-15,
14078,Customer 14078,West,10,2024-01-15,
14079,Customer 14079,South,10,2024-01-15,
14080,Customer 14080,West,20,2024-01-15,
14081,Customer 14081,North,10,2024-01-15,
14082,Customer 14082,South,20,2024-01-15,
14083,Customer 14083,West,20,2024-01-15,
14084,Customer 14084,East,9999999,2024-01-15,
14085,Customer 14085,West,20,2024-01-15,
14086,Customer 14086,East,10,2024-01-15,
14087,Customer 14087,East,30,2024-01-15,
14088,Customer 14088,West,9999999,2024-01-15,
14089,Customer 14089,South,20,2024-01-15,
14090,Customer 14090,West,10,2024-01-15,
14091,Customer 14091,South,20,2024-01-15,
14092,Customer 14092,North,20,2024-01-15,
14093,Customer 14093,South,10,2024-01-15,
14094,Customer 14094,North,9999999,2024-01-15,
14095,Customer 14095,East,30,2024-01-15,
14096,Customer 14096,West,9999999,2024-01-15,
14097,Customer 14097 ,East,30,2024-01-15,
14098,Customer 14098,East,20,2024-01-15,
14099,Customer 14099,West,9999999,2024-01-15,
14100,Customer 14100,West,10,2024-01-15,
14101,Customer 14101,West,10,2024-01-15,
14102,Customer 14102,West,30,2024-01-15,
14103,Customer 14103,East,20,2024-01-15,
14104,Customer 14104,South,30,2024-01-15,
14105,Customer 14105,West,30,2024-01-15,
14106,Customer 14106,West,20,2024-01-15,
14107,Customer 14107,East,9999999,2024-01-15,
14108,Customer 14108,West,9999999,2024-01-15,
14109,Customer 14109,North,30,2024-01-15,
14110,Customer 14110,North,9999999,2024-01-15,
14111,Customer 14111,West,30,2024-01-15,
14112,Customer 14112,West,30,2024-01-15,
14113,Customer 14113,West,9999999,2024-01-15,
14114,Customer 14114,West,10,2024-01-15,
14115,Customer 14115,South,10,2024-01-15,
14116,Customer 14116,South,9999999,2024-01-15,
14117,Customer 14117,South,30,2024-01-15,
14118,Customer 14118,North,9999999,2024-01-15,
14119,Customer 14119,South,20,2024-01-15,
14120,Customer 14120,North,9999999,2024-01-15,
14121,Customer 14121,East,9999999,2024-01-15,
14122,Customer 14122,West,10,2024-01-15,
14123,Customer 14123,North,10,2024-01-15,
14124,Customer 14124,South,30,2024-01-15,
14125,Customer 14125,North,9999999,2024-01-15,
14126,Customer 14126,North,9999999,2024-01-15,
14127,Customer 14127,West,30,2024-01-15,
14128,Customer 14128,North,9999999,2024-01-15,
14129,Customer 14129,North,20,2024-01-15,
14130,Customer 14130,West,9999999,2024-01-15,
14131,Customer 14131,West,30,2024-01-15,
14132,Customer 14132,North,30,2024-01-15,
14133,Customer 14133,West,20,2024-01-15,
14134,Customer 14134 ,North,20,2024-01-15,
14135,Customer 14135,East,20,2024-01-15,
14136,Customer 14136,East,20,2024-01-15,
14137,Customer 14137,East,20,2024-01-15,
14138,Customer 14138,North,30,2024-01-15,
14139,Customer 14139,North,9999999,2024-01-15,
14140,Customer 14140,North,10,2024-01-15,
14141,Customer 14141,North,30,2024-01-15,
14142,Customer 14142,North,9999999,2024-01-15,
14143,Customer 14143,West,10,2024-01-15,
14144,Customer 14144,West,10,2024-01-15,
14145,Customer 14145,North,9999999,2024-01-15,
14146,Customer 14146,South,30,2024-01-15,
14147,Customer 14147,West,10,2024-01-15,
14148,Customer 14148,North,9999999,2024-01-15,
14149,Customer 14149,West,10,2024-01-15,
14150,Customer 14150,North,30,2024-01-15,
14151,Customer 14151,South,30,2024-01-15,
14152,Customer 14152,West,20,2024-01-15,
14153,Customer 14153,West,30,2024-01-15,
14154,Customer 14154,West,9999999,2024-01-15,
14155,Customer 14155,East,20,2024-01-15,
14156,Customer 14156,North,9999999,2024-01-15,
14157,Customer 14157,East,10,2024-01-15,
14158,Customer 14158,North,10,2024-01-15,
14159,Customer 14159,North,10,2024-01-15,
14160,Customer 14160,West,10,2024-01-15,
14161,Customer 14161,North,10,2024-01-15,
14162,Customer 14162,East,9999999,2024-01-15,
14163,Customer 14163,South,10,2024-01-15,
14164,Customer 14164,East,10,2024-01-15,
14165,Customer 14165,South,10,2024-01-15,
14166,Customer 14166,East,30,2024-01-15,
14167,Customer 14167,South,9999999,2024-01-15,
14168,Customer 14168,South,20,2024-01-15,
14169,Customer 14169,North,10,2024-01-15,
14170,Customer 14170,South,10,2024-01-15,
14171,Customer 14171 ,East,9999999,2024-01-15,
14172,Customer 14172,East,9999999,2024-01-15,
14173,Customer 14173,East,9999999,2024-01-15,
14174,Customer 14174,West,20,2024-01-15,
14175,Customer 14175,West,30,2024-01-15,
14176,Customer 14176,East,30,2024-01-15,
14177,Customer 14177,East,20,2024-01-15,
14178,Customer 14178,West,20,2024-01-15,
14179,Customer 14179,South,30,2024-01-15,
14180,Customer 14180,East,10,2024-01-15,
14181,Customer 14181,West,10,2024-01-15,
14182,Customer 14182,North,30,2024-01-15,
14183,Customer 14183,South,30,2024-01-15,
14184,Customer 14184,East,9999999,2024-01-15,
14185,Customer 14185,East,10,2024-01-15,
14186,Customer 14186,South,10,2024-01-15,
14187,Customer 14187,West,20,2024-01-15,
14188,Customer 14188,West,20,2024-01-15,
14189,Customer 14189,West,9999999,2024-01-15,
14190,Customer 14190,West,9999999,2024-01-15,
14191,Customer 14191,West,10,2024-01-15,
14192,Customer 14192,East,10,2024-01-15,
14193,Customer 14193,West,30,2024-01-15,
14194,Customer 14194,West,10,2024-01-15,
14195,Customer 14195,North,30,2024-01-15,
14196,Customer 14196,East,30,2024-01-15,
14197,Customer 14197,North,9999999,2024-01-15,
14198,Customer 14198,East,30,2024-01-15,
14199,Customer 14199,North,10,2024-01-15,
14200,Customer 14200,East,20,2024-01-15,
14201,Customer 14201,South,9999999,2024-01-15,
14202,Customer 14202,North,30,2024-01-15,
14203,Customer 14203,West,30,2024-01-15,
14204,Customer 14204,East,30,2024-01-15,
14205,Customer 14205,North,30,2024-01-15,
14206,Customer 14206,South,9999999,2024-01-15,
14207,Customer 14207,East,20,2024-01-15,
14208,Customer 14208 ,South,30,2024-01-15,
14209,Customer 14209,South,30,2024-01-15,
14210,Customer 14210,North,9999999,2024-01-15,
14211,Customer 14211,North,10,2024-01-15,
14212,Customer 14212,North,10,2024-01-15,
14213,Customer 14213,North,30,2024-01-15,
14214,Customer 14214,West,30,2024-01-15,
14215,Customer 14215,East,9999999,2024-01-15,
14216,Customer 14216,South,20,2024-01-15,
14217,Customer 14217,South,10,2024-01-15,
14218,Customer 14218,West,30,2024-01-15,
14219,Customer 14219,South,10,2024-01-15,
14220,Customer 14220,West,10,2024-01-15,
14221,Customer 14221,East,20,2024-01-15,
14222,Customer 14222,North,10,2024-01-15,
14223,Customer 14223,South,20,2024-01-15,
14224,Customer 14224,East,9999999,2024-01-15,
14225,Customer 14225,East,20,2024-01-15,
14226,Customer 14226,South,9999999,2024-01-15,
14227,Customer 14227,East,10,2024-01-15,
14228,Customer 14228,East,30,2024-01-15,
14229,Customer 14229,West,20,2024-01-15,
14230,Customer 14230,South,10,2024-01-15,
14231,Customer 14231,East,10,2024-01-15,
14232,Customer 14232,East,9999999,2024-01-15,
14233,Customer 14233,West,30,2024-01-15,
14234,Customer 14234,West,30,2024-01-15,
14235,Customer 14235,East,10,2024-01-15,
14236,Customer 14236,South,20,2024-01-15,
14237,Customer 14237,North,9999999,2024-01-15,
14238,Customer 14238,East,9999999,2024-01-15,
14239,Customer 14239,South,9999999,2024-01-15,
14240,Customer 14240,East,10,2024-01-15,
14241,Customer 14241,North,9999999,2024-01-15,
14242,Customer 14242,South,9999999,2024-01-15,
14243,Customer 14243,East,9999999,2024-01-15,
14244,Customer 14244,East,10,2024-01-15,
14245,Customer 14245 ,South,30,2024-01-15,
14246,Customer 14246,West,20,2024-01-15,
14247,Customer 14247,West,9999999,2024-01-15,
14248,Customer 14248,West,9999999,2024-01-15,
14249,Customer 14249,East,9999999,2024-01-15,
14250,Customer 14250,East,30,2024-01-15,
14251,Customer 14251,East,30,2024-01-15,
14252,Customer 14252,East,9999999,2024-01-15,
14253,Customer 14253,South,10,2024-01-15,
14254,Customer 14254,North,30,2024-01-15,
14255,Customer 14255,South,10,2024-01-15,
14256,Customer 14256,West,20,2024-01-15,
14257,Customer 14257,East,10,2024-01-15,
14258,Customer 14258,South,9999999,2024-01-15,
14259,Customer 14259,East,9999999,2024-01-15,
14260,Customer 14260,South,10,2024-01-15,
14261,Customer 14261,West,30,2024-01-15,
14262,Customer 14262,North,20,2024-01-15,
14263,Customer 14263,South,10,2024-01-15,
14264,Customer 14264,East,30,2024-01-15,
14265,Customer 14265,West,30,2024-01-15,
14266,Customer 14266,West,20,2024-01-15,
14267,Customer 14267,West,30,2024-01-15,
14268,Customer 14268,North,10,2024-01-15,
14269,Customer 14269,West,30,2024-01-15,
14270,Customer 14270,South,9999999,2024-01-15,
14271,Customer 14271,South,20,2024-01-15,
14272,Customer 14272,West,10,2024-01-15,
14273,Customer 14273,West,10,2024-01-15,
14274,Customer 14274,East,30,2024-01-15,
14275,Customer 14275,East,10,2024-01-15,
14276,Customer 14276,North,20,2024-01-15,
14277,Customer 14277,North,9999999,2024-01-15,
14278,Customer 14278,South,20,2024-01-15,
14279,Customer 14279,East,9999999,2024-01-15,
14280,Customer 14280,South,20,2024-01-15,
14281,Customer 14281,South,10,2024-01-15,
14282,Customer 14282 ,South,9999999,2024-01-15,
14283,Customer 14283,North,9999999,2024-01-15,
14284,Customer 14284,South,9999999,2024-01-15,
14285,Customer 14285,East,30,2024-01-15,
14286,Customer 14286,East,9999999,2024-01-15,
14287,Customer 14287,South,9999999,2024-01-15,
14288,Customer 14288,North,10,2024-01-15,
14289,Customer 14289,North,20,2024-01-15,
14290,Customer 14290,North,20,2024-01-15,
14291,Customer 14291,South,9999999,2024-01-15,
14292,Customer 14292,North,9999999,2024-01-15,
14293,Customer 14293,West,9999999,2024-01-15,
14294,Customer 14294,East,10,2024-01-15,
14295,Customer 14295,East,30,2024-01-15,
14296,Customer 14296,West,30,2024-01-15,
14297,Customer 14297,South,9999999,2024-01-15,
14298,Customer 14298,West,30,2024-01-15,
14299,Customer 14299,East,30,2024-01-15,
14300,Customer 14300,North,10,2024-01-15,
14301,Customer 14301,South,20,2024-01-15,
14302,Customer 14302,South,30,2024-01-15,
14303,Customer 14303,South,10,2024-01-15,
14304,Customer 14304,West,9999999,2024-01-15,
14305,Customer 14305,East,10,2024-01-15,
14306,Customer 14306,West,30,2024-01-15,
14307,Customer 14307,South,30,2024-01-15,
14308,Customer 14308,East,20,2024-01-15,
14309,Customer 14309,North,9999999,2024-01-15,
14310,Customer 14310,South,30,2024-01-15,
14311,Customer 14311,South,10,2024-01-15,
14312,Customer 14312,South,10,2024-01-15,
14313,Customer 14313,West,20,2024-01-15,
14314,Customer 14314,South,10,2024-01-15,
14315,Customer 14315,South,20,2024-01-15,
14316,Customer 14316,South,10,2024-01-15,
14317,Customer 14317,West,9999999,2024-01-15,
14318,Customer 14318,East,9999999,2024-01-15,
14319,Customer 14319 ,West,20,2024-01-15,
14320,Customer 14320,West,9999999,2024-01-15,
14321,Customer 14321,West,20,2024-01-15,
14322,Customer 14322,South,30,2024-01-15,
14323,Customer 14323,South,9999999,2024-01-15,
14324,Customer 14324,West,9999999,2024-01-15,
14325,Customer 14325,South,10,2024-01-15,
14326,Customer 14326,North,20,2024-01-15,
14327,Customer 14327,West,9999999,2024-01-15,
14328,Customer 14328,East,20,2024-01-15,
14329,Customer 14329,North,9999999,2024-01-15,
14330,Customer 14330,West,10,2024-01-15,
14331,Customer 14331,South,20,2024-01-15,
14332,Customer 14332,East,20,2024-01-15,
14333,Customer 14333,East,30,2024-01-15,
14334,Customer 14334,South,9999999,2024-01-15,
14335,Customer 14335,West,30,2024-01-15,
14336,Customer 14336,South,20,2024-01-15,
14337,Customer 14337,West,20,2024-01-15,
14338,Customer 14338,North,9999999,2024-01-15,
14339,Customer 14339,East,10,2024-01-15,
14340,Customer 14340,South,30,2024-01-15,
14341,Customer 14341,East,30,2024-01-15,
14342,Customer 14342,South,9999999,2024-01-15,
14343,Customer 14343,South,10,2024-01-15,
14344,Customer 14344,South,9999999,2024-01-15,
14345,Customer 14345,South,20,2024-01-15,
14346,Customer 14346,West,30,2024-01-15,
14347,Customer 14347,East,10,2024-01-15,
14348,Customer 14348,East,20,2024-01-15,
14349,Customer 14349,South,10,2024-01-15,
14350,Customer 14350,East,30,2024-01-15,
14351,Customer 14351,East,30,2024-01-15,
14352,Customer 14352,South,9999999,2024-01-15,
14353,Customer 14353,West,9999999,2024-01-15,
14354,Customer 14354,East,10,2024-01-15,
14355,Customer 14355,North,10,2024-01-15,
14356,Customer 14356 ,West,9999999,2024-01-15,
14357,Customer 14357,East,10,2024-01-15,
14358,Customer 14358,East,9999999,2024-01-15,
14359,Customer 14359,West,9999999,2024-01-15,
14360,Customer 14360,West,20,2024-01-15,
14361,Customer 14361,West,30,2024-01-15,
14362,Customer 14362,East,10,2024-01-15,
14363,Customer 14363,East,30,2024-01-15,
14364,Customer 14364,West,9999999,2024-01-15,
14365,Customer 14365,South,20,2024-01-15,
14366,Customer 14366,South,20,2024-01-15,
14367,Customer 14367,South,10,2024-01-15,
14368,Customer 14368,East,30,2024-01-15,
14369,Customer 14369,West,30,2024-01-15,
14370,Customer 14370,North,9999999,2024-01-15,
14371,Customer 14371,West,10,2024-01-15,
14372,Customer 14372,South,20,2024-01-15,
14373,Customer 14373,East,30,2024-01-15,
14374,Customer 14374,South,30,2024-01-15,
14375,Customer 14375,East,9999999,2024-01-15,
14376,Customer 14376,West,10,2024-01-15,
14377,Customer 14377,North,9999999,2024-01-15,
14378,Customer 14378,South,30,2024-01-15,
14379,Customer 14379,North,10,2024-01-15,
14380,Customer 14380,North,20,2024-01-15,
14381,Customer 14381,South,20,2024-01-15,
14382,Customer 14382,North,10,2024-01-15,
14383,Customer 14383,West,20,2024-01-15,
14384,Customer 14384,West,10,2024-01-15,
14385,Customer 14385,South,20,2024-01-15,
14386,Customer 14386,East,20,2024-01-15,
14387,Customer 14387,North,9999999,2024-01-15,
14388,Customer 14388,North,30,2024-01-15,
14389,Customer 14389,North,10,2024-01-15,
14390,Customer 14390,East,10,2024-01-15,
14391,Customer 14391,South,20,2024-01-15,
14392,Customer 14392,East,9999999,2024-01-15,
14393,Customer 14393 ,East,20,2024-01-15,
14394,Customer 14394,West,9999999,2024-01-15,
14395,Customer 14395,South,10,2024-01-15,
14396,Customer 14396,West,9999999,2024-01-15,
14397,Customer 14397,West,20,2024-01-15,
14398,Customer 14398,East,10,2024-01-15,
14399,Customer 14399,East,9999999,2024-01-15,
14400,Customer 14400,East,9999999,2024-01-15,
14401,Customer 14401,East,9999999,2024-01-15,
14402,Customer 14402,West,30,2024-01-15,
14403,Customer 14403,East,30,2024-01-15,
14404,Customer 14404,East,30,2024-01-15,
14405,Customer 14405,East,10,2024-01-15,
14406,Customer 14406,South,30,2024-01-15,
14407,Customer 14407,South,9999999,2024-01-15,
14408,Customer 14408,West,10,2024-01-15,
14409,Customer 14409,East,10,2024-01-15,
14410,Customer 14410,East,30,2024-01-15,
14411,Customer 14411,South,10,2024-01-15,
14412,Customer 14412,South,30,2024-01-15,
14413,Customer 14413,South,30,2024-01-15,
14414,Customer 14414,South,30,2024-01-15,
14415,Customer 14415,West,10,2024-01-15,
14416,Customer 14416,North,20,2024-01-15,
14417,Customer 14417,East,9999999,2024-01-15,
14418,Customer 14418,North,10,2024-01-15,
14419,Customer 14419,North,20,2024-01-15,
14420,Customer 14420,East,30,2024-01-15,
14421,Customer 14421,East,9999999,2024-01-15,
14422,Customer 14422,East,30,2024-01-15,
14423,Customer 14423,North,20,2024-01-15,
14424,Customer 14424,North,20,2024-01-15,
14425,Customer 14425,West,20,2024-01-15,
14426,Customer 14426,East,9999999,2024-01-15,
14427,Customer 14427,South,9999999,2024-01-15,
14428,Customer 14428,South,10,2024-01-15,
14429,Customer 14429,North,30,2024-01-15,
14430,Customer 14430 ,East,20,2024-01-15,
14431,Customer 14431,South,20,2024-01-15,
14432,Customer 14432,South,10,2024-01-15,
14433,Customer 14433,East,30,2024-01-15,
14434,Customer 14434,South,10,2024-01-15,
14435,Customer 14435,West,20,2024-01-15,
14436,Customer 14436,East,20,2024-01-15,
14437,Customer 14437,East,10,2024-01-15,
14438,Customer 14438,South,10,2024-01-15,
14439,Customer 14439,North,10,2024-01-15,
14440,Customer 14440,South,30,2024-01-15,
14441,Customer 14441,West,30,2024-01-15,
14442,Customer 14442,North,30,2024-01-15,
14443,Customer 14443,East,10,2024-01-15,
14444,Customer 14444,East,9999999,2024-01-15,
14445,Customer 14445,South,10,2024-01-15,
14446,Customer 14446,South,20,2024-01-15,
14447,Customer 14447,East,30,2024-01-15,
14448,Customer 14448,North,9999999,2024-01-15,
14449,Customer 14449,North,10,2024-01-15,
14450,Customer 14450,South,10,2024-01-15,
14451,Customer 14451,South,30,2024-01-15,
14452,Customer 14452,East,30,2024-01-15,
14453,Customer 14453,North,9999999,2024-01-15,
14454,Customer 14454,South,20,2024-01-15,
14455,Customer 14455,South,9999999,2024-01-15,
14456,Customer 14456,West,9999999,2024-01-15,
14457,Customer 14457,North,9999999,2024-01-15,
14458,Customer 14458,West,20,2024-01-15,
14459,Customer 14459,East,20,2024-01-15,
14460,Customer 14460,North,20,2024-01-15,
14461,Customer 14461,South,10,2024-01-15,
14462,Customer 14462,South,10,2024-01-15,
14463,Customer 14463,South,10,2024-01-15,
14464,Customer 14464,South,10,2024-01-15,
14465,Customer 14465,North,10,2024-01-15,
14466,Customer 14466,East,30,2024-01-15,
14467,Customer 14467 ,South,10,2024-01-15,
14468,Customer 14468,North,10,2024-01-15,
14469,Customer 14469,West,9999999,2024-01-15,
14470,Customer 14470,East,30,2024-01-15,
14471,Customer 14471,South,20,2024-01-15,
14472,Customer 14472,North,10,2024-01-15,
14473,Customer 14473,South,10,2024-01-15,
14474,Customer 14474,South,10,2024-01-15,
14475,Customer 14475,East,20,2024-01-15,
14476,Customer 14476,South,9999999,2024-01-15,
14477,Customer 14477,West,10,2024-01-15,
14478,Customer 14478,South,20,2024-01-15,
14479,Customer 14479,West,9999999,2024-01-15,
14480,Customer 14480,North,9999999,2024-01-15,
14481,Customer 14481,North,30,2024-01-15,
14482,Customer 14482,North,9999999,2024-01-15,
14483,Customer 14483,South,10,2024-01-15,
14484,Customer 14484,North,10,2024-01-15,
14485,Customer 14485,East,9999999,2024-01-15,
14486,Customer 14486,East,10,2024-01-15,
14487,Customer 14487,North,10,2024-01-15,
14488,Customer 14488,South,20,2024-01-15,
14489,Customer 14489,North,20,2024-01-15,
14490,Customer 14490,East,20,2024-01-15,
14491,Customer 14491,East,30,2024-01-15,
14492,Customer 14492,North,9999999,2024-01-15,
14493,Customer 14493,North,9999999,2024-01-15,
14494,Customer 14494,West,30,2024-01-15,
14495,Customer 14495,East,9999999,2024-01-15,
14496,Customer 14496,West,10,2024-01-15,
14497,Customer 14497,East,9999999,2024-01-15,
14498,Customer 14498,East,20,2024-01-15,
14499,Customer 14499,South,9999999,2024-01-15,
14500,Customer 14500,South,N/A,2024-01-15,
14501,Customer 14501,West,10,2024-01-15,
14502,Customer 14502,North,20,2024-01-15,
14503,Customer 14503,North,9999999,2024-01-15,
14504,Customer 14504 ,West,20,2024-01-15,
14505,Customer 14505,North,10,2024-01-15,
14506,Customer 14506,East,10,2024-01-15,
14507,Customer 14507,North,9999999,2024-01-15,
14508,Customer 14508,West,20,2024-01-15,
14509,Customer 14509,North,20,2024-01-15,
14510,Customer 14510,West,9999999,2024-01-15,
14511,Customer 14511,North,9999999,2024-01-15,
14512,Customer 14512,East,10,2024-01-15,
14513,Customer 14513,West,30,2024-01-15,
14514,Customer 14514,West,9999999,2024-01-15,
14515,Customer 14515,South,20,2024-01-15,
14516,Customer 14516,South,20,2024-01-15,
14517,Customer 14517,North,9999999,2024-01-15,
14518,Customer 14518,West,10,2024-01-15,
14519,Customer 14519,East,10,2024-01-15,
14520,Customer 14520,North,10,2024-01-15,
14521,Customer 14521,North,9999999,2024-01-15,
14522,Customer 14522,North,30,2024-01-15,
14523,Customer 14523,South,9999999,2024-01-15,
14524,Customer 14524,South,20,2024-01-15,
14525,Customer 14525,East,20,2024-01-15,
14526,Customer 14526,North,20,2024-01-15,
14527,Customer 14527,East,9999999,2024-01-15,
14528,Customer 14528,East,9999999,2024-01-15,
14529,Customer 14529,South,30,2024-01-15,
14530,Customer 14530,South,20,2024-01-15,
14531,Customer 14531,East,9999999,2024-01-15,
14532,Customer 14532,West,10,2024-01-15,
14533,Customer 14533,South,20,2024-01-15,
14534,Customer 14534,South,30,2024-01-15,
14535,Customer 14535,East,30,2024-01-15,
14536,Customer 14536,East,30,2024-01-15,
14537,Customer 14537,North,30,2024-01-15,
14538,Customer 14538,North,20,2024-01-15,
14539,Customer 14539,North,9999999,2024-01-15,
14540,Customer 14540,East,20,2024-01-15,
14541,Customer 14541 ,South,20,2024-01-15,
14542,Customer 14542,West,9999999,2024-01-15,
14543,Customer 14543,West,20,2024-01-15,
14544,Customer 14544,West,20,2024-01-15,
14545,Customer 14545,South,20,2024-01-15,
14546,Customer 14546,North,20,2024-01-15,
14547,Customer 14547,East,10,2024-01-15,
14548,Customer 14548,West,20,2024-01-15,
14549,Customer 14549,West,30,2024-01-15,
14550,Customer 14550,East,30,2024-01-15,
14551,Customer 14551,West,9999999,2024-01-15,
14552,Customer 14552,West,30,2024-01-15,
14553,Customer 14553,East,9999999,2024-01-15,
14554,Customer 14554,West,10,2024-01-15,
14555,Customer 14555,West,20,2024-01-15,
14556,Customer 14556,South,10,2024-01-15,
14557,Customer 14557,West,10,2024-01-15,
14558,Customer 14558,North,20,2024-01-15,
14559,Customer 14559,East,9999999,2024-01-15,
14560,Customer 14560,South,30,2024-01-15,
14561,Customer 14561,West,9999999,2024-01-15,
14562,Customer 14562,North,9999999,2024-01-15,
14563,Customer 14563,East,10,2024-01-15,
14564,Customer 14564,East,30,2024-01-15,
14565,Customer 14565,North,10,2024-01-15,
14566,Customer 14566,East,10,2024-01-15,
14567,Customer 14567,North,30,2024-01-15,
14568,Customer 14568,West,30,2024-01-15,
14569,Customer 14569,North,20,2024-01-15,
14570,Customer 14570,South,30,2024-01-15,
14571,Customer 14571,North,9999999,2024-01-15,
14572,Customer 14572,West,10,2024-01-15,
14573,Customer 14573,North,9999999,2024-01-15,
14574,Customer 14574,East,10,2024-01-15,
14575,Customer 14575,North,9999999,2024-01-15,
14576,Customer 14576,West,20,2024-01-15,
14577,Customer 14577,North,10,2024-01-15,
14578,Customer 14578 ,West,20,2024-01-15,
14579,Customer 14579,East,10,2024-01-15,
14580,Customer 14580,East,30,2024-01-15,
14581,Customer 14581,West,30,2024-01-15,
14582,Customer 14582,East,30,2024-01-15,
14583,Customer 14583,West,20,2024-01-15,
14584,Customer 14584,West,20,2024-01-15,
14585,Customer 14585,South,30,2024-01-15,
14586,Customer 14586,West,9999999,2024-01-15,
14587,Customer 14587,East,10,2024-01-15,
14588,Customer 14588,South,10,2024-01-15,
14589,Customer 14589,East,30,2024-01-15,
14590,Customer 14590,East,30,2024-01-15,
14591,Customer 14591,East,30,2024-01-15,
14592,Customer 14592,West,9999999,2024-01-15,
14593,Customer 14593,North,10,2024-01-15,
14594,Customer 14594,North,20,2024-01-15,
14595,Customer 14595,North,10,2024-01-15,
14596,Customer 14596,South,9999999,2024-01-15,
14597,Customer 14597,West,20,2024-01-15,
14598,Customer 14598,South,20,2024-01-15,
14599,Customer 14599,West,9999999,2024-01-15,
14600,Customer 14600,South,30,2024-01-15,
14601,Customer 14601,West,10,2024-01-15,
14602,Customer 14602,West,20,2024-01-15,
14603,Customer 14603,East,20,2024-01-15,
14604,Customer 14604,East,10,2024-01-15,
14605,Customer 14605,North,9999999,2024-01-15,
14606,Customer 14606,East,20,2024-01-15,
14607,Customer 14607,North,10,2024-01-15,
14608,Customer 14608,East,9999999,2024-01-15,
14609,Customer 14609,North,10,2024-01-15,
14610,Customer 14610,South,10,2024-01-15,
14611,Customer 14611,East,9999999,2024-01-15,
14612,Customer 14612,South,10,2024-01-15,
14613,Customer 14613,East,30,2024-01-15,
14614,Customer 14614,South,30,2024-01-15,
14615,Customer 14615 ,West,9999999,2024-01-15,
14616,Customer 14616,North,10,2024-01-15,
14617,Customer 14617,South,9999999,2024-01-15,
14618,Customer 14618,East,9999999,2024-01-15,
14619,Customer 14619,North,30,2024-01-15,
14620,Customer 14620,South,30,2024-01-15,
14621,Customer 14621,East,30,2024-01-15,
14622,Customer 14622,West,30,2024-01-15,
14623,Customer 14623,East,9999999,2024-01-15,
14624,Customer 14624,South,30,2024-01-15,
14625,Customer 14625,West,10,2024-01-15,
14626,Customer 14626,West,30,2024-01-15,
14627,Customer 14627,West,20,2024-01-15,
14628,Customer 14628,South,30,2024-01-15,
14629,Customer 14629,North,10,2024-01-15,
14630,Customer 14630,West,10,2024-01-15,
14631,Customer 14631,West,10,2024-01-15,
14632,Customer 14632,East,20,2024-01-15,
14633,Customer 14633,West,30,2024-01-15,
14634,Customer 14634,East,30,2024-01-15,
14635,Customer 14635,South,20,2024-01-15,
14636,Customer 14636,North,30,2024-01-15,
14637,Customer 14637,South,9999999,2024-01-15,
14638,Customer 14638,South,20,2024-01-15,
14639,Customer 14639,East,9999999,2024-01-15,
14640,Customer 14640,North,9999999,2024-01-15,
14641,Customer 14641,North,10,2024-01-15,
14642,Customer 14642,West,10,2024-01-15,
14643,Customer 14643,West,10,2024-01-15,
14644,Customer 14644,South,10,2024-01-15,
14645,Customer 14645,East,30,2024-01-15,
14646,Customer 14646,West,9999999,2024-01-15,
14647,Customer 14647,South,10,2024-01-15,
14648,Customer 14648,East,10,2024-01-15,
14649,Customer 14649,East,30,2024-01-15,
14650,Customer 14650,East,10,2024-01-15,
14651,Customer 14651,South,20,2024-01-15,
14652,Customer 14652 ,East,30,2024-01-15,
14653,Customer 14653,South,20,2024-01-15,
14654,Customer 14654,West,20,2024-01-15,
14655,Customer 14655,West,20,2024-01-15,
14656,Customer 14656,West,30,2024-01-15,
14657,Customer 14657,North,9999999,2024-01-15,
14658,Customer 14658,North,20,2024-01-15,
14659,Customer 14659,West,20,2024-01-15,
14660,Customer 14660,West,30,2024-01-15,
14661,Customer 14661,West,30,2024-01-15,
14662,Customer 14662,North,9999999,2024-01-15,
14663,Customer 14663,East,10,2024-01-15,
14664,Customer 14664,North,20,2024-01-15,
14665,Customer 14665,North,9999999,2024-01-15,
14666,Customer 14666,North,30,2024-01-15,
14667,Customer 14667,West,10,2024-01-15,
14668,Customer 14668,North,10,2024-01-15,
14669,Customer 14669,North,9999999,2024-01-15,
14670,Customer 14670,East,10,2024-01-15,
14671,Customer 14671,East,9999999,2024-01-15,
14672,Customer 14672,West,30,2024-01-15,
14673,Customer 14673,North,10,2024-01-15,
14674,Customer 14674,North,20,2024-01-15,
14675,Customer 14675,East,9999999,2024-01-15,
14676,Customer 14676,South,30,2024-01-15,
14677,Customer 14677,West,30,2024-01-15,
14678,Customer 14678,East,20,2024-01-15,
14679,Customer 14679,South,20,2024-01-15,
14680,Customer 14680,West,9999999,2024-01-15,
14681,Customer 14681,West,30,2024-01-15,
14682,Customer 14682,North,9999999,2024-01-15,
14683,Customer 14683,West,10,2024-01-15,
14684,Customer 14684,South,10,2024-01-15,
14685,Customer 14685,South,30,2024-01-15,
14686,Customer 14686,East,20,2024-01-15,
14687,Customer 14687,South,10,2024-01-15,
14688,Customer 14688,North,10,2024-01-15,
14689,Customer 14689 ,South,20,2024-01-15,
14690,Customer 14690,West,9999999,2024-01-15,
14691,Customer 14691,West,10,2024-01-15,
14692,Customer 14692,West,9999999,2024-01-15,
14693,Customer 14693,South,10,2024-01-15,
14694,Customer 14694,East,9999999,2024-01-15,
14695,Customer 14695,South,20,2024-01-15,
14696,Customer 14696,West,30,2024-01-15,
14697,Customer 14697,West,10,2024-01-15,
14698,Customer 14698,West,30,2024-01-15,
14699,Customer 14699,North,20,2024-01-15,
14700,Customer 14700,North,10,2024-01-15,
14701,Customer 14701,West,20,2024-01-15,
14702,Customer 14702,North,10,2024-01-15,
14703,Customer 14703,North,9999999,2024-01-15,
14704,Customer 14704,West,20,2024-01-15,
14705,Customer 14705,West,10,2024-01-15,
14706,Customer 14706,South,9999999,2024-01-15,
14707,Customer 14707,North,20,2024-01-15,
14708,Customer 14708,North,9999999,2024-01-15,
14709,Customer 14709,East,20,2024-01-15,
14710,Customer 14710,South,30,2024-01-15,
14711,Customer 14711,West,9999999,2024-01-15,
14712,Customer 14712,West,30,2024-01-15,
14713,Customer 14713,South,9999999,2024-01-15,
14714,Customer 14714,East,9999999,2024-01-15,
14715,Customer 14715,West,10,2024-01-15,
14716,Customer 14716,East,30,2024-01-15,
14717,Customer 14717,West,30,2024-01-15,
14718,Customer 14718,West,30,2024-01-15,
14719,Customer 14719,West,20,2024-01-15,
14720,Customer 14720,West,9999999,2024-01-15,
14721,Customer 14721,East,30,2024-01-15,
14722,Customer 14722,South,10,2024-01-15,
14723,Customer 14723,West,10,2024-01-15,
14724,Customer 14724,West,30,2024-01-15,
14725,Customer 14725,East,9999999,2024-01-15,
14726,Customer 14726 ,North,10,2024-01-15,
14727,Customer 14727,East,20,2024-01-15,
14728,Customer 14728,South,30,2024-01-15,
14729,Customer 14729,North,20,2024-01-15,
14730,Customer 14730,West,20,2024-01-15,
14731,Customer 14731,West,20,2024-01-15,
14732,Customer 14732,North,20,2024-01-15,
14733,Customer 14733,South,20,2024-01-15,
14734,Customer 14734,East,9999999,2024-01-15,
14735,Customer 14735,South,30,2024-01-15,
14736,Customer 14736,West,30,2024-01-15,
14737,Customer 14737,South,20,2024-01-15,
14738,Customer 14738,North,10,2024-01-15,
14739,Customer 14739,East,9999999,2024-01-15,
14740,Customer 14740,West,10,2024-01-15,
14741,Customer 14741,East,20,2024-01-15,
14742,Customer 14742,West,10,2024-01-15,
14743,Customer 14743,South,30,2024-01-15,
14744,Customer 14744,East,20,2024-01-15,
14745,Customer 14745,West,9999999,2024-01-15,
14746,Customer 14746,East,9999999,2024-01-15,
14747,Customer 14747,South,10,2024-01-15,
14748,Customer 14748,South,30,2024-01-15,
14749,Customer 14749,North,9999999,2024-01-15,
14750,Customer 14750,East,10,2024-01-15,
14751,Customer 14751,West,20,2024-01-15,
14752,Customer 14752,South,9999999,2024-01-15,
14753,Customer 14753,South,20,2024-01-15,
14754,Customer 14754,West,9999999,2024-01-15,
14755,Customer 14755,South,20,2024-01-15,
14756,Customer 14756,South,30,2024-01-15,
14757,Customer 14757,East,20,2024-01-15,
14758,Customer 14758,South,9999999,2024-01-15,
14759,Customer 14759,West,20,2024-01-15,
14760,Customer 14760,South,20,2024-01-15,
14761,Customer 14761,South,9999999,2024-01-15,
14762,Customer 14762,East,20,2024-01-15,
14763,Customer 14763 ,North,20,2024-01-15,
14764,Customer 14764,South,10,2024-01-15,
14765,Customer 14765,West,20,2024-01-15,
14766,Customer 14766,North,10,2024-01-15,
14767,Customer 14767,South,30,2024-01-15,
14768,Customer 14768,East,20,2024-01-15,
14769,Customer 14769,South,10,2024-01-15,
14770,Customer 14770,North,9999999,2024-01-15,
14771,Customer 14771,South,30,2024-01-15,
14772,Customer 14772,South,20,2024-01-15,
14773,Customer 14773,North,20,2024-01-15,
14774,Customer 14774,East,20,2024-01-15,
14775,Customer 14775,West,30,2024-01-15,
14776,Customer 14776,South,10,2024-01-15,
14777,Customer 14777,West,30,2024-01-15,
14778,Customer 14778,East,10,2024-01-15,
14779,Customer 14779,South,9999999,2024-01-15,
14780,Customer 14780,North,9999999,2024-01-15,
14781,Customer 14781,North,30,2024-01-15,
14782,Customer 14782,West,9999999,2024-01-15,
14783,Customer 14783,North,9999999,2024-01-15,
14784,Customer 14784,East,9999999,2024-01-15,
14785,Customer 14785,East,30,2024-01-15,
14786,Customer 14786,East,30,2024-01-15,
14787,Customer 14787,North,20,2024-01-15,
14788,Customer 14788,West,30,2024-01-15,
14789,Customer 14789,West,20,2024-01-15,
14790,Customer 14790,West,20,2024-01-15,
14791,Customer 14791,North,30,2024-01-15,
14792,Customer 14792,South,30,2024-01-15,
14793,Customer 14793,West,20,2024-01-15,
14794,Customer 14794,West,20,2024-01-15,
14795,Customer 14795,South,30,2024-01-15,
14796,Customer 14796,South,30,2024-01-15,
14797,Customer 14797,North,20,2024-01-15,
14798,Customer 14798,West,20,2024-01-15,
14799,Customer 14799,South,9999999,2024-01-15,
14800,Customer 14800 ,North,20,2024-01-15,
14801,Customer 14801,North,30,2024-01-15,
14802,Customer 14802,South,20,2024-01-15,
14803,Customer 14803,East,10,2024-01-15,
14804,Customer 14804,East,9999999,2024-01-15,
14805,Customer 14805,North,30,2024-01-15,
14806,Customer 14806,South,10,2024-01-15,
14807,Customer 14807,North,30,2024-01-15,
14808,Customer 14808,West,9999999,2024-01-15,
14809,Customer 14809,West,9999999,2024-01-15,
14810,Customer 14810,West,10,2024-01-15,
14811,Customer 14811,South,9999999,2024-01-15,
14812,Customer 14812,West,30,2024-01-15,
14813,Customer 14813,West,9999999,2024-01-15,
14814,Customer 14814,East,10,2024-01-15,
14815,Customer 14815,South,9999999,2024-01-15,
14816,Customer 14816,East,20,2024-01-15,
14817,Customer 14817,North,10,2024-01-15,
14818,Customer 14818,East,20,2024-01-15,
14819,Customer 14819,East,20,2024-01-15,
14820,Customer 14820,West,20,2024-01-15,
14821,Customer 14821,South,9999999,2024-01-15,
14822,Customer 14822,North,20,2024-01-15,
14823,Customer 14823,East,30,2024-01-15,
14824,Customer 14824,South,9999999,2024-01-15,
14825,Customer 14825,East,9999999,2024-01-15,
14826,Customer 14826,West,20,2024-01-15,
14827,Customer 14827,East,20,2024-01-15,
14828,Customer 14828,East,30,2024-01-15,
14829,Customer 14829,South,10,2024-01-15,
14830,Customer 14830,East,30,2024-01-15,
14831,Customer 14831,West,30,2024-01-15,
14832,Customer 14832,West,30,2024-01-15,
14833,Customer 14833,South,30,2024-01-15,
14834,Customer 14834,West,10,2024-01-15,
14835,Customer 14835,West,10,2024-01-15,
14836,Customer 14836,North,20,2024-01-15,
14837,Customer 14837 ,South,10,2024-01-15,
14838,Customer 14838,North,10,2024-01-15,
14839,Customer 14839,West,20,2024-01-15,
14840,Customer 14840,West,20,2024-01-15,
14841,Customer 14841,South,9999999,2024-01-15,
14842,Customer 14842,East,20,2024-01-15,
14843,Customer 14843,West,9999999,2024-01-15,
14844,Customer 14844,South,20,2024-01-15,
14845,Customer 14845,South,20,2024-01-15,
14846,Customer 14846,West,30,2024-01-15,
14847,Customer 14847,South,30,2024-01-15,
14848,Customer 14848,West,10,2024-01-15,
14849,Customer 14849,North,9999999,2024-01-15,
14850,Customer 14850,North,10,2024-01-15,
14851,Customer 14851,North,10,2024-01-15,
14852,Customer 14852,West,30,2024-01-15,
14853,Customer 14853,North,9999999,2024-01-15,
14854,Customer 14854,South,9999999,2024-01-15,
14855,Customer 14855,West,20,2024-01-15,
14856,Customer 14856,East,30,2024-01-15,
14857,Customer 14857,South,9999999,2024-01-15,
14858,Customer 14858,East,9999999,2024-01-15,
14859,Customer 14859,East,30,2024-01-15,
14860,Customer 14860,West,10,2024-01-15,
14861,Customer 14861,North,9999999,2024-01-15,
14862,Customer 14862,South,10,2024-01-15,
14863,Customer 14863,North,9999999,2024-01-15,
14864,Customer 14864,East,9999999,2024-01-15,
14865,Customer 14865,North,30,2024-01-15,
14866,Customer 14866,East,10,2024-01-15,
14867,Customer 14867,West,30,2024-01-15,
14868,Customer 14868,East,20,2024-01-15,
14869,Customer 14869,West,9999999,2024-01-15,
14870,Customer 14870,East,30,2024-01-15,
14871,Customer 14871,South,9999999,2024-01-15,
14872,Customer 14872,West,20,2024-01-15,
14873,Customer 14873,East,10,2024-01-15,
14874,Customer 14874 ,North,20,2024-01-15,
14875,Customer 14875,West,30,2024-01-15,
14876,Customer 14876,East,9999999,2024-01-15,
14877,Customer 14877,South,10,2024-01-15,
14878,Customer 14878,East,9999999,2024-01-15,
14879,Customer 14879,West,9999999,2024-01-15,
14880,Customer 14880,South,10,2024-01-15,
14881,Customer 14881,East,9999999,2024-01-15,
14882,Customer 14882,East,20,2024-01-15,
14883,Customer 14883,North,30,2024-01-15,
14884,Customer 14884,East,9999999,2024-01-15,
14885,Customer 14885,North,20,2024-01-15,
14886,Customer 14886,South,9999999,2024-01-15,
14887,Customer 14887,North,30,2024-01-15,
14888,Customer 14888,South,20,2024-01-15,
14889,Customer 14889,West,10,2024-01-15,
14890,Customer 14890,West,30,2024-01-15,
14891,Customer 14891,East,20,2024-01-15,
14892,Customer 14892,East,20,2024-01-15,
14893,Customer 14893,East,20,2024-01-15,
14894,Customer 14894,West,30,2024-01-15,
14895,Customer 14895,South,30,2024-01-15,
14896,Customer 14896,South,10,2024-01-15,
14897,Customer 14897,East,10,2024-01-15,
14898,Customer 14898,North,9999999,2024-01-15,
14899,Customer 14899,West,20,2024-01-15,
14900,Customer 14900,North,10,2024-01-15,
14901,Customer 14901,South,10,2024-01-15,
14902,Customer 14902,East,30,2024-01-15,
14903,Customer 14903,East,9999999,2024-01-15,
14904,Customer 14904,West,9999999,2024-01-15,
14905,Customer 14905,East,10,2024-01-15,
14906,Customer 14906,South,10,2024-01-15,
14907,Customer 14907,West,9999999,2024-01-15,
14908,Customer 14908,West,30,2024-01-15,
14909,Customer 14909,West,30,2024-01-15,
14910,Customer 14910,North,9999999,2024-01-15,
14911,Customer 14911 ,West,10,2024-01-15,
14912,Customer 14912,South,10,2024-01-15,
14913,Customer 14913,North,20,2024-01-15,
14914,Customer 14914,North,30,2024-01-15,
14915,Customer 14915,West,20,2024-01-15,
14916,Customer 14916,East,30,2024-01-15,
14917,Customer 14917,North,9999999,2024-01-15,
14918,Customer 14918,North,10,2024-01-15,
14919,Customer 14919,North,30,2024-01-15,
14920,Customer 14920,South,30,2024-01-15,
14921,Customer 14921,South,20,2024-01-15,
14922,Customer 14922,South,30,2024-01-15,
14923,Customer 14923,West,9999999,2024-01-15,
14924,Customer 14924,North,10,2024-01-15,
14925,Customer 14925,East,20,2024-01-15,
14926,Customer 14926,North,30,2024-01-15,
14927,Customer 14927,South,10,2024-01-15,
14928,Customer 14928,West,30,2024-01-15,
14929,Customer 14929,North,20,2024-01-15,
14930,Customer 14930,North,10,2024-01-15,
14931,Customer 14931,South,10,2024-01-15,
14932,Customer 14932,East,30,2024-01-15,
14933,Customer 14933,North,9999999,2024-01-15,
14934,Customer 14934,East,10,2024-01-15,
14935,Customer 14935,West,10,2024-01-15,
14936,Customer 14936,East,10,2024-01-15,
14937,Customer 14937,South,10,2024-01-15,
14938,Customer 14938,East,9999999,2024-01-15,
14939,Customer 14939,East,10,2024-01-15,
14940,Customer 14940,North,30,2024-01-15,
14941,Customer 14941,South,10,2024-01-15,
14942,Customer 14942,West,9999999,2024-01-15,
14943,Customer 14943,West,10,2024-01-15,
14944,Customer 14944,North,9999999,2024-01-15,
14945,Customer 14945,North,9999999,2024-01-15,
14946,Customer 14946,East,10,2024-01-15,
14947,Customer 14947,South,20,2024-01-15,
14948,Customer 14948 ,East,20,2024-01-15,
14949,Customer 14949,West,10,2024-01-15,
14950,Customer 14950,West,10,2024-01-15,
14951,Customer 14951,South,10,2024-01-15,
14952,Customer 14952,South,20,2024-01-15,
14953,Customer 14953,North,20,2024-01-15,
14954,Customer 14954,East,20,2024-01-15,
14955,Customer 14955,South,30,2024-01-15,
14956,Customer 14956,North,20,2024-01-15,
14957,Customer 14957,North,30,2024-01-15,
14958,Customer 14958,South,10,2024-01-15,
14959,Customer 14959,North,9999999,2024-01-15,
14960,Customer 14960,West,9999999,2024-01-15,
14961,Customer 14961,East,30,2024-01-15,
14962,Customer 14962,South,9999999,2024-01-15,
14963,Customer 14963,East,9999999,2024-01-15,
14964,Customer 14964,West,10,2024-01-15,
14965,Customer 14965,North,9999999,2024-01-15,
14966,Customer 14966,South,10,2024-01-15,
14967,Customer 14967,South,9999999,2024-01-15,
14968,Customer 14968,South,10,2024-01-15,
14969,Customer 14969,West,10,2024-01-15,
14970,Customer 14970,North,30,2024-01-15,
14971,Customer 14971,East,9999999,2024-01-15,
14972,Customer 14972,North,9999999,2024-01-15,
14973,Customer 14973,North,20,2024-01-15,
14974,Customer 14974,West,10,2024-01-15,
14975,Customer 14975,North,10,2024-01-15,
14976,Customer 14976,North,10,2024-01-15,
14977,Customer 14977,South,20,2024-01-15,
14978,Customer 14978,South,20,2024-01-15,
14979,Customer 14979,South,10,2024-01-15,
14980,Customer 14980,East,30,2024-01-15,
14981,Customer 14981,South,9999999,2024-01-15,
14982,Customer 14982,West,10,2024-01-15,
14983,Customer 14983,South,20,2024-01-15,
14984,Customer 14984,East,10,2024-01-15,
14985,Customer 14985 ,West,30,2024-01-15,
14986,Customer 14986,North,10,2024-01-15,
14987,Customer 14987,North,9999999,2024-01-15,
14988,Customer 14988,North,9999999,2024-01-15,
14989,Customer 14989,East,30,2024-01-15,
14990,Customer 14990,East,10,2024-01-15,
14991,Customer 14991,North,20,2024-01-15,
14992,Customer 14992,South,10,2024-01-15,
14993,Customer 14993,South,10,2024-01-15,
14994,Customer 14994,North,9999999,2024-01-15,
14995,Customer 14995,West,10,2024-01-15,
14996,Customer 14996,North,30,2024-01-15,
14997,Customer 14997,East,10,2024-01-15,
14998,Customer 14998,West,30,2024-01-15,
14999,Customer 14999,North,10,2024-01-15,
15000,Customer 15000,West,N/A,2024-01-15,
15001,Customer 15001,East,10,2024-01-15,
15002,Customer 15002,South,10,2024-01-15,
15003,Customer 15003,West,30,2024-01-15,
15004,Customer 15004,East,30,2024-01-15,
15005,Customer 15005,East,30,2024-01-15,
15006,Customer 15006,West,10,2024-01-15,
15007,Customer 15007,East,10,2024-01-15,
15008,Customer 15008,West,10,2024-01-15,
15009,Customer 15009,West,20,2024-01-15,
15010,Customer 15010,East,30,2024-01-15,
15011,Customer 15011,West,9999999,2024-01-15,
15012,Customer 15012,East,20,2024-01-15,
15013,Customer 15013,West,10,2024-01-15,
15014,Customer 15014,South,30,2024-01-15,
15015,Customer 15015,North,30,2024-01-15,
15016,Customer 15016,South,30,2024-01-15,
15017,Customer 15017,East,10,2024-01-15,
15018,Customer 15018,West,30,2024-01-15,
15019,Customer 15019,West,9999999,2024-01-15,
15020,Customer 15020,East,20,2024-01-15,
15021,Customer 15021,East,20,2024-01-15,
15022,Customer 15022 ,West,9999999,2024-01-15,
15023,Customer 15023,North,9999999,2024-01-15,
15024,Customer 15024,South,30,2024-01-15,
15025,Customer 15025,North,10,2024-01-15,
15026,Customer 15026,East,9999999,2024-01-15,
15027,Customer 15027,South,9999999,2024-01-15,
15028,Customer 15028,North,9999999,2024-01-15,
15029,Customer 15029,East,9999999,2024-01-15,
15030,Customer 15030,East,9999999,2024-01-15,
15031,Customer 15031,South,10,2024-01-15,
15032,Customer 15032,South,9999999,2024-01-15,
15033,Customer 15033,West,9999999,2024-01-15,
15034,Customer 15034,North,10,2024-01-15,
15035,Customer 15035,West,9999999,2024-01-15,
15036,Customer 15036,West,20,2024-01-15,
15037,Customer 15037,North,9999999,2024-01-15,
15038,Customer 15038,East,20,2024-01-15,
15039,Customer 15039,East,20,2024-01-15,
15040,Customer 15040,West,9999999,2024-01-15,
15041,Customer 15041,North,9999999,2024-01-15,
15042,Customer 15042,West,10,2024-01-15,
15043,Customer 15043,West,30,2024-01-15,
15044,Customer 15044,West,20,2024-01-15,
15045,Customer 15045,East,9999999,2024-01-15,
15046,Customer 15046,South,10,2024-01-15,
15047,Customer 15047,East,10,2024-01-15,
15048,Customer 15048,South,9999999,2024-01-15,
15049,Customer 15049,North,20,2024-01-15,
15050,Customer 15050,East,20,2024-01-15,
15051,Customer 15051,East,20,2024-01-15,
15052,Customer 15052,South,20,2024-01-15,
15053,Customer 15053,South,30,2024-01-15,
15054,Customer 15054,West,30,2024-01-15,
15055,Customer 15055,North,10,2024-01-15,
15056,Customer 15056,East,30,2024-01-15,
15057,Customer 15057,North,9999999,2024-01-15,
15058,Customer 15058,South,9999999,2024-01-15,
15059,Customer 15059 ,East,10,2024-01-15,
15060,Customer 15060,East,10,2024-01-15,
15061,Customer 15061,North,20,2024-01-15,
15062,Customer 15062,South,30,2024-01-15,
15063,Customer 15063,South,30,2024-01-15,
15064,Customer 15064,South,10,2024-01-15,
15065,Customer 15065,East,10,2024-01-15,
15066,Customer 15066,West,30,2024-01-15,
15067,Customer 15067,East,10,2024-01-15,
15068,Customer 15068,East,20,2024-01-15,
15069,Customer 15069,South,20,2024-01-15,
15070,Customer 15070,South,20,2024-01-15,
15071,Customer 15071,North,10,2024-01-15,
15072,Customer 15072,South,10,2024-01-15,
15073,Customer 15073,East,30,2024-01-15,
15074,Customer 15074,North,20,2024-01-15,
15075,Customer 15075,North,30,2024-01-15,
15076,Customer 15076,North,30,2024-01-15,
15077,Customer 15077,South,9999999,2024-01-15,
15078,Customer 15078,South,30,2024-01-15,
15079,Customer 15079,West,9999999,2024-01-15,
15080,Customer 15080,East,20,2024-01-15,
15081,Customer 15081,South,10,2024-01-15,
15082,Customer 15082,North,10,2024-01-15,
15083,Customer 15083,South,9999999,2024-01-15,
15084,Customer 15084,North,20,2024-01-15,
15085,Customer 15085,West,20,2024-01-15,
15086,Customer 15086,North,10,2024-01-15,
15087,Customer 15087,North,10,2024-01-15,
15088,Customer 15088,South,9999999,2024-01-15,
15089,Customer 15089,South,30,2024-01-15,
15090,Customer 15090,East,9999999,2024-01-15,
15091,Customer 15091,West,9999999,2024-01-15,
15092,Customer 15092,East,20,2024-01-15,
15093,Customer 15093,West,30,2024-01-15,
15094,Customer 15094,East,9999999,2024-01-15,
15095,Customer 15095,South,30,2024-01-15,
15096,Customer 15096 ,South,9999999,2024-01-15,
15097,Customer 15097,South,30,2024-01-15,
15098,Customer 15098,West,20,2024-01-15,
15099,Customer 15099,East,20,2024-01-15,
15100,Customer 15100,East,30,2024-01-15,
15101,Customer 15101,South,20,2024-01-15,
15102,Customer 15102,South,30,2024-01-15,
15103,Customer 15103,North,30,2024-01-15,
15104,Customer 15104,West,10,2024-01-15,
15105,Customer 15105,North,20,2024-01-15,
15106,Customer 15106,North,30,2024-01-15,
15107,Customer 15107,East,20,2024-01-15,
15108,Customer 15108,East,30,2024-01-15,
15109,Customer 15109,South,20,2024-01-15,
15110,Customer 15110,South,9999999,2024-01-15,
15111,Customer 15111,East,10,2024-01-15,
15112,Customer 15112,West,9999999,2024-01-15,
15113,Customer 15113,West,9999999,2024-01-15,
15114,Customer 15114,West,9999999,2024-01-15,
15115,Customer 15115,South,10,2024-01-15,
15116,Customer 15116,East,9999999,2024-01-15,
15117,Customer 15117,West,30,2024-01-15,
15118,Customer 15118,South,10,2024-01-15,
15119,Customer 15119,West,10,2024-01-15,
15120,Customer 15120,South,30,2024-01-15,
15121,Customer 15121,South,10,2024-01-15,
15122,Customer 15122,East,9999999,2024-01-15,
15123,Customer 15123,North,20,2024-01-15,
15124,Customer 15124,South,30,2024-01-15,
15125,Customer 15125,South,9999999,2024-01-15,
15126,Customer 15126,North,10,2024-01-15,
15127,Customer 15127,East,9999999,2024-01-15,
15128,Customer 15128,East,10,2024-01-15,
15129,Customer 15129,South,30,2024-01-15,
15130,Customer 15130,North,10,2024-01-15,
15131,Customer 15131,West,10,2024-01-15,
15132,Customer 15132,East,10,2024-01-15,
15133,Customer 15133 ,East,30,2024-01-15,
15134,Customer 15134,West,20,2024-01-15,
15135,Customer 15135,East,30,2024-01-15,
15136,Customer 15136,East,9999999,2024-01-15,
15137,Customer 15137,South,30,2024-01-15,
15138,Customer 15138,North,20,2024-01-15,
15139,Customer 15139,North,9999999,2024-01-15,
15140,Customer 15140,East,10,2024-01-15,
15141,Customer 15141,South,20,2024-01-15,
15142,Customer 15142,East,20,2024-01-15,
15143,Customer 15143,South,9999999,2024-01-15,
15144,Customer 15144,West,9999999,2024-01-15,
15145,Customer 15145,North,10,2024-01-15,
15146,Customer 15146,North,10,2024-01-15,
15147,Customer 15147,East,20,2024-01-15,
15148,Customer 15148,East,20,2024-01-15,
15149,Customer 15149,West,30,2024-01-15,
15150,Customer 15150,East,30,2024-01-15,
15151,Customer 15151,North,9999999,2024-01-15,
15152,Customer 15152,West,10,2024-01-15,
15153,Customer 15153,North,9999999,2024-01-15,
15154,Customer 15154,North,20,2024-01-15,
15155,Customer 15155,South,30,2024-01-15,
15156,Customer 15156,East,9999999,2024-01-15,
15157,Customer 15157,West,20,2024-01-15,
15158,Customer 15158,South,9999999,2024-01-15,
15159,Customer 15159,West,20,2024-01-15,
15160,Customer 15160,North,30,2024-01-15,
15161,Customer 15161,South,20,2024-01-15,
15162,Customer 15162,South,10,2024-01-15,
15163,Customer 15163,South,20,2024-01-15,
15164,Customer 15164,East,20,2024-01-15,
15165,Customer 15165,North,30,2024-01-15,
15166,Customer 15166,North,9999999,2024-01-15,
15167,Customer 15167,West,30,2024-01-15,
15168,Customer 15168,North,20,2024-01-15,
15169,Customer 15169,South,30,2024-01-15,
15170,Customer 15170 ,West,9999999,2024-01-15,
15171,Customer 15171,West,30,2024-01-15,
15172,Customer 15172,West,9999999,2024-01-15,
15173,Customer 15173,North,30,2024-01-15,
15174,Customer 15174,North,9999999,2024-01-15,
15175,Customer 15175,West,20,2024-01-15,
15176,Customer 15176,West,9999999,2024-01-15,
15177,Customer 15177,West,30,2024-01-15,
15178,Customer 15178,North,10,2024-01-15,
15179,Customer 15179,West,9999999,2024-01-15,
15180,Customer 15180,South,20,2024-01-15,
15181,Customer 15181,North,20,2024-01-15,
15182,Customer 15182,South,20,2024-01-15,
15183,Customer 15183,South,10,2024-01-15,
15184,Customer 15184,South,9999999,2024-01-15,
15185,Customer 15185,East,9999999,2024-01-15,
15186,Customer 15186,South,9999999,2024-01-15,
15187,Customer 15187,East,9999999,2024-01-15,
15188,Customer 15188,South,20,2024-01-15,
15189,Customer 15189,North,20,2024-01-15,
15190,Customer 15190,East,30,2024-01-15,
15191,Customer 15191,South,9999999,2024-01-15,
15192,Customer 15192,West,10,2024-01-15,
15193,Customer 15193,West,9999999,2024-01-15,
15194,Customer 15194,East,10,2024-01-15,
15195,Customer 15195,South,30,2024-01-15,
15196,Customer 15196,South,10,2024-01-15,
15197,Customer 15197,East,20,2024-01-15,
15198,Customer 15198,South,30,2024-01-15,
15199,Customer 15199,East,30,2024-01-15,
15200,Customer 15200,North,10,2024-01-15,
15201,Customer 15201,West,30,2024-01-15,
15202,Customer 15202,North,30,2024-01-15,
15203,Customer 15203,East,20,2024-01-15,
15204,Customer 15204,North,20,2024-01-15,
15205,Customer 15205,West,10,2024-01-15,
15206,Customer 15206,West,20,2024-01-15,
15207,Customer 15207 ,West,10,2024-01-15,
15208,Customer 15208,East,10,2024-01-15,
15209,Customer 15209,West,20,2024-01-15,
15210,Customer 15210,North,30,2024-01-15,
15211,Customer 15211,West,10,2024-01-15,
15212,Customer 15212,East,30,2024-01-15,
15213,Customer 15213,East,30,2024-01-15,
15214,Customer 15214,South,30,2024-01-15,
15215,Customer 15215,South,10,2024-01-15,
15216,Customer 15216,South,9999999,2024-01-15,
15217,Customer 15217,South,10,2024-01-15,
15218,Customer 15218,South,9999999,2024-01-15,
15219,Customer 15219,East,9999999,2024-01-15,
15220,Customer 15220,South,9999999,2024-01-15,
15221,Customer 15221,West,9999999,2024-01-15,
15222,Customer 15222,West,9999999,2024-01-15,
15223,Customer 15223,West,9999999,2024-01-15,
15224,Customer 15224,East,9999999,2024-01-15,
15225,Customer 15225,East,20,2024-01-15,
15226,Customer 15226,North,9999999,2024-01-15,
15227,Customer 15227,East,20,2024-01-15,
15228,Customer 15228,West,10,2024-01-15,
15229,Customer 15229,North,30,2024-01-15,
15230,Customer 15230,South,30,2024-01-15,
15231,Customer 15231,East,10,2024-01-15,
15232,Customer 15232,West,20,2024-01-15,
15233,Customer 15233,South,9999999,2024-01-15,
15234,Customer 15234,South,20,2024-01-15,
15235,Customer 15235,West,10,2024-01-15,
15236,Customer 15236,North,9999999,2024-01-15,
15237,Customer 15237,North,30,2024-01-15,
15238,Customer 15238,North,10,2024-01-15,
15239,Customer 15239,North,10,2024-01-15,
15240,Customer 15240,North,20,2024-01-15,
15241,Customer 15241,East,30,2024-01-15,
15242,Customer 15242,East,10,2024-01-15,
15243,Customer 15243,South,30,2024-01-15,
15244,Customer 15244 ,West,20,2024-01-15,
15245,Customer 15245,West,30,2024-01-15,
15246,Customer 15246,North,20,2024-01-15,
15247,Customer 15247,North,30,2024-01-15,
15248,Customer 15248,North,10,2024-01-15,
15249,Customer 15249,North,9999999,2024-01-15,
15250,Customer 15250,East,9999999,2024-01-15,
15251,Customer 15251,North,9999999,2024-01-15,
15252,Customer 15252,North,30,2024-01-15,
15253,Customer 15253,West,30,2024-01-15,
15254,Customer 15254,North,20,2024-01-15,
15255,Customer 15255,West,9999999,2024-01-15,
15256,Customer 15256,West,9999999,2024-01-15,
15257,Customer 15257,West,20,2024-01-15,
15258,Customer 15258,South,9999999,2024-01-15,
15259,Customer 15259,West,10,2024-01-15,
15260,Customer 15260,North,10,2024-01-15,
15261,Customer 15261,South,20,2024-01-15,
15262,Customer 15262,South,9999999,2024-01-15,
15263,Customer 15263,East,9999999,2024-01-15,
15264,Customer 15264,South,20,2024-01-15,
15265,Customer 15265,East,10,2024-01-15,
15266,Customer 15266,West,9999999,2024-01-15,
15267,Customer 15267,East,20,2024-01-15,
15268,Customer 15268,West,30,2024-01-15,
15269,Customer 15269,East,10,2024-01-15,
15270,Customer 15270,West,30,2024-01-15,
15271,Customer 15271,South,20,2024-01-15,
15272,Customer 15272,West,9999999,2024-01-15,
15273,Customer 15273,North,10,2024-01-15,
15274,Customer 15274,East,10,2024-01-15,
15275,Customer 15275,North,30,2024-01-15,
15276,Customer 15276,West,9999999,2024-01-15,
15277,Customer 15277,South,20,2024-01-15,
15278,Customer 15278,North,9999999,2024-01-15,
15279,Customer 15279,East,9999999,2024-01-15,
15280,Customer 15280,West,9999999,2024-01-15,
15281,Customer 15281 ,North,10,2024-01-15,
15282,Customer 15282,West,30,2024-01-15,
15283,Customer 15283,East,20,2024-01-15,
15284,Customer 15284,West,9999999,2024-01-15,
15285,Customer 15285,South,30,2024-01-15,
15286,Customer 15286,West,20,2024-01-15,
15287,Customer 15287,East,30,2024-01-15,
15288,Customer 15288,North,9999999,2024-01-15,
15289,Customer 15289,West,20,2024-01-15,
15290,Customer 15290,South,20,2024-01-15,
15291,Customer 15291,West,9999999,2024-01-15,
15292,Customer 15292,West,9999999,2024-01-15,
15293,Customer 15293,West,30,2024-01-15,
15294,Customer 15294,East,30,2024-01-15,
15295,Customer 15295,West,9999999,2024-01-15,
15296,Customer 15296,East,9999999,2024-01-15,
15297,Customer 15297,West,30,2024-01-15,
15298,Customer 15298,East,10,2024-01-15,
15299,Customer 15299,South,30,2024-01-15,
15300,Customer 15300,West,30,2024-01-15,
15301,Customer 15301,East,30,2024-01-15,
15302,Customer 15302,South,10,2024-01-15,
15303,Customer 15303,North,30,2024-01-15,
15304,Customer 15304,South,30,2024-01-15,
15305,Customer 15305,West,9999999,2024-01-15,
15306,Customer 15306,North,20,2024-01-15,
15307,Customer 15307,West,30,2024-01-15,
15308,Customer 15308,South,30,2024-01-15,
15309,Customer 15309,East,30,2024-01-15,
15310,Customer 15310,South,10,2024-01-15,
15311,Customer 15311,East,9999999,2024-01-15,
15312,Customer 15312,North,30,2024-01-15,
15313,Customer 15313,North,9999999,2024-01-15,
15314,Customer 15314,South,30,2024-01-15,
15315,Customer 15315,South,20,2024-01-15,
15316,Customer 15316,West,30,2024-01-15,
15317,Customer 15317,South,20,2024-01-15,
15318,Customer 15318 ,South,10,2024-01-15,
15319,Customer 15319,West,9999999,2024-01-15,
15320,Customer 15320,North,30,2024-01-15,
15321,Customer 15321,North,30,2024-01-15,
15322,Customer 15322,South,9999999,2024-01-15,
15323,Customer 15323,South,9999999,2024-01-15,
15324,Customer 15324,East,10,2024-01-15,
15325,Customer 15325,East,10,2024-01-15,
15326,Customer 15326,West,10,2024-01-15,
15327,Customer 15327,South,20,2024-01-15,
15328,Customer 15328,North,30,2024-01-15,
15329,Customer 15329,North,30,2024-01-15,
15330,Customer 15330,South,10,2024-01-15,
15331,Customer 15331,East,9999999,2024-01-15,
15332,Customer 15332,West,20,2024-01-15,
15333,Customer 15333,South,9999999,2024-01-15,
15334,Customer 15334,East,20,2024-01-15,
15335,Customer 15335,West,9999999,2024-01-15,
15336,Customer 15336,West,30,2024-01-15,
15337,Customer 15337,West,30,2024-01-15,
15338,Customer 15338,North,9999999,2024-01-15,
15339,Customer 15339,South,20,2024-01-15,
15340,Customer 15340,West,20,2024-01-15,
15341,Customer 15341,West,20,2024-01-15,
15342,Customer 15342,North,30,2024-01-15,
15343,Customer 15343,South,30,2024-01-15,
15344,Customer 15344,East,10,2024-01-15,
15345,Customer 15345,North,10,2024-01-15,
15346,Customer 15346,North,10,2024-01-15,
15347,Customer 15347,West,20,2024-01-15,
15348,Customer 15348,North,9999999,2024-01-15,
15349,Customer 15349,North,9999999,2024-01-15,
15350,Customer 15350,North,30,2024-01-15,
15351,Customer 15351,East,9999999,2024-01-15,
15352,Customer 15352,West,30,2024-01-15,
15353,Customer 15353,West,9999999,2024-01-15,
15354,Customer 15354,South,20,2024-01-15,
15355,Customer 15355 ,North,20,2024-01-15,
15356,Customer 15356,North,9999999,2024-01-15,
15357,Customer 15357,East,30,2024-01-15,
15358,Customer 15358,East,20,2024-01-15,
15359,Customer 15359,East,9999999,2024-01-15,
15360,Customer 15360,West,30,2024-01-15,
15361,Customer 15361,East,20,2024-01-15,
15362,Customer 15362,East,10,2024-01-15,
15363,Customer 15363,West,20,2024-01-15,
15364,Customer 15364,South,10,2024-01-15,
15365,Customer 15365,North,9999999,2024-01-15,
15366,Customer 15366,West,9999999,2024-01-15,
15367,Customer 15367,West,30,2024-01-15,
15368,Customer 15368,North,9999999,2024-01-15,
15369,Customer 15369,North,9999999,2024-01-15,
15370,Customer 15370,South,10,2024-01-15,
15371,Customer 15371,South,20,2024-01-15,
15372,Customer 15372,North,9999999,2024-01-15,
15373,Customer 15373,North,20,2024-01-15,
15374,Customer 15374,South,20,2024-01-15,
15375,Customer 15375,West,9999999,2024-01-15,
15376,Customer 15376,East,30,2024-01-15,
15377,Customer 15377,North,30,2024-01-15,
15378,Customer 15378,South,20,2024-01-15,
15379,Customer 15379,West,9999999,2024-01-15,
15380,Customer 15380,North,9999999,2024-01-15,
15381,Customer 15381,North,30,2024-01-15,
15382,Customer 15382,North,9999999,2024-01-15,
15383,Customer 15383,West,10,2024-01-15,
15384,Customer 15384,North,30,2024-01-15,
15385,Customer 15385,West,10,2024-01-15,
15386,Customer 15386,North,30,2024-01-15,
15387,Customer 15387,North,9999999,2024-01-15,
15388,Customer 15388,South,9999999,2024-01-15,
15389,Customer 15389,West,30,2024-01-15,
15390,Customer 15390,South,30,2024-01-15,
15391,Customer 15391,South,10,2024-01-15,
15392,Customer 15392 ,East,30,2024-01-15,
15393,Customer 15393,South,9999999,2024-01-15,
15394,Customer 15394,East,9999999,2024-01-15,
15395,Customer 15395,North,30,2024-01-15,
15396,Customer 15396,East,30,2024-01-15,
15397,Customer 15397,West,20,2024-01-15,
15398,Customer 15398,North,20,2024-01-15,
15399,Customer 15399,South,10,2024-01-15,
15400,Customer 15400,West,10,2024-01-15,
15401,Customer 15401,West,20,2024-01-15,
15402,Customer 15402,South,30,2024-01-15,
15403,Customer 15403,West,10,2024-01-15,
15404,Customer 15404,East,9999999,2024-01-15,
15405,Customer 15405,East,30,2024-01-15,
15406,Customer 15406,North,30,2024-01-15,
15407,Customer 15407,South,30,2024-01-15,
15408,Customer 15408,South,10,2024-01-15,
15409,Customer 15409,North,20,2024-01-15,
15410,Customer 15410,East,9999999,2024-01-15,
15411,Customer 15411,North,9999999,2024-01-15,
15412,Customer 15412,South,30,2024-01-15,
15413,Customer 15413,North,9999999,2024-01-15,
15414,Customer 15414,East,10,2024-01-15,
15415,Customer 15415,South,20,2024-01-15,
15416,Customer 15416,South,10,2024-01-15,
15417,Customer 15417,West,9999999,2024-01-15,
15418,Customer 15418,South,20,2024-01-15,
15419,Customer 15419,South,10,2024-01-15,
15420,Customer 15420,East,20,2024-01-15,
15421,Customer 15421,East,9999999,2024-01-15,
15422,Customer 15422,North,30,2024-01-15,
15423,Customer 15423,North,20,2024-01-15,
15424,Customer 15424,North,9999999,2024-01-15,
15425,Customer 15425,East,30,2024-01-15,
15426,Customer 15426,South,10,2024-01-15,
15427,Customer 15427,South,9999999,2024-01-15,
15428,Customer 15428,North,20,2024-01-15,
15429,Customer 15429 ,South,10,2024-01-15,
15430,Customer 15430,South,30,2024-01-15,
15431,Customer 15431,East,10,2024-01-15,
15432,Customer 15432,North,10,2024-01-15,
15433,Customer 15433,South,30,2024-01-15,
15434,Customer 15434,North,20,2024-01-15,
15435,Customer 15435,North,20,2024-01-15,
15436,Customer 15436,South,9999999,2024-01-15,
15437,Customer 15437,East,10,2024-01-15,
15438,Customer 15438,North,10,2024-01-15,
15439,Customer 15439,North,20,2024-01-15,
15440,Customer 15440,East,30,2024-01-15,
15441,Customer 15441,West,30,2024-01-15,
15442,Customer 15442,East,20,2024-01-15,
15443,Customer 15443,West,9999999,2024-01-15,
15444,Customer 15444,South,9999999,2024-01-15,
15445,Customer 15445,East,20,2024-01-15,
15446,Customer 15446,East,30,2024-01-15,
15447,Customer 15447,North,20,2024-01-15,
15448,Customer 15448,North,30,2024-01-15,
15449,Customer 15449,West,20,2024-01-15,
15450,Customer 15450,South,20,2024-01-15,
15451,Customer 15451,West,20,2024-01-15,
15452,Customer 15452,South,30,2024-01-15,
15453,Customer 15453,North,30,2024-01-15,
15454,Customer 15454,South,30,2024-01-15,
15455,Customer 15455,East,30,2024-01-15,
15456,Customer 15456,West,9999999,2024-01-15,
15457,Customer 15457,East,10,2024-01-15,
15458,Customer 15458,North,30,2024-01-15,
15459,Customer 15459,North,20,2024-01-15,
15460,Customer 15460,West,10,2024-01-15,
15461,Customer 15461,East,30,2024-01-15,
15462,Customer 15462,West,30,2024-01-15,
15463,Customer 15463,North,9999999,2024-01-15,
15464,Customer 15464,North,30,2024-01-15,
15465,Customer 15465,East,30,2024-01-15,
15466,Customer 15466 ,East,10,2024-01-15,
15467,Customer 15467,South,10,2024-01-15,
15468,Customer 15468,East,30,2024-01-15,
15469,Customer 15469,East,9999999,2024-01-15,
15470,Customer 15470,South,10,2024-01-15,
15471,Customer 15471,North,30,2024-01-15,
15472,Customer 15472,West,9999999,2024-01-15,
15473,Customer 15473,East,30,2024-01-15,
15474,Customer 15474,South,30,2024-01-15,
15475,Customer 15475,East,30,2024-01-15,
15476,Customer 15476,North,10,2024-01-15,
15477,Customer 15477,South,20,2024-01-15,
15478,Customer 15478,West,9999999,2024-01-15,
15479,Customer 15479,East,30,2024-01-15,
15480,Customer 15480,West,9999999,2024-01-15,
15481,Customer 15481,West,9999999,2024-01-15,
15482,Customer 15482,East,30,2024-01-15,
15483,Customer 15483,East,20,2024-01-15,
15484,Customer 15484,North,30,2024-01-15,
15485,Customer 15485,South,20,2024-01-15,
15486,Customer 15486,South,9999999,2024-01-15,
15487,Customer 15487,South,30,2024-01-15,
15488,Customer 15488,West,9999999,2024-01-15,
15489,Customer 15489,North,10,2024-01-15,
15490,Customer 15490,North,9999999,2024-01-15,
15491,Customer 15491,East,30,2024-01-15,
15492,Customer 15492,East,30,2024-01-15,
15493,Customer 15493,West,30,2024-01-15,
15494,Customer 15494,East,9999999,2024-01-15,
15495,Customer 15495,West,10,2024-01-15,
15496,Customer 15496,South,9999999,2024-01-15,
15497,Customer 15497,East,20,2024-01-15,
15498,Customer 15498,West,9999999,2024-01-15,
15499,Customer 15499,South,10,2024-01-15,
15500,Customer 15500,East,N/A,2024-01-15,
15501,Customer 15501,South,30,2024-01-15,
15502,Customer 15502,North,30,2024-01-15,
15503,Customer 15503 ,West,20,2024-01-15,
15504,Customer 15504,West,9999999,2024-01-15,
15505,Customer 15505,North,30,2024-01-15,
15506,Customer 15506,East,9999999,2024-01-15,
15507,Customer 15507,South,10,2024-01-15,
15508,Customer 15508,West,20,2024-01-15,
15509,Customer 15509,West,20,2024-01-15,
15510,Customer 15510,East,9999999,2024-01-15,
15511,Customer 15511,North,20,2024-01-15,
15512,Customer 15512,East,30,2024-01-15,
15513,Customer 15513,South,10,2024-01-15,
15514,Customer 15514,North,30,2024-01-15,
15515,Customer 15515,North,9999999,2024-01-15,
15516,Customer 15516,East,10,2024-01-15,
15517,Customer 15517,East,30,2024-01-15,
15518,Customer 15518,South,30,2024-01-15,
15519,Customer 15519,East,30,2024-01-15,
15520,Customer 15520,East,30,2024-01-15,
15521,Customer 15521,West,30,2024-01-15,
15522,Customer 15522,North,20,2024-01-15,
15523,Customer 15523,South,9999999,2024-01-15,
15524,Customer 15524,East,20,2024-01-15,
15525,Customer 15525,West,9999999,2024-01-15,
15526,Customer 15526,North,9999999,2024-01-15,
15527,Customer 15527,North,30,2024-01-15,
15528,Customer 15528,North,30,2024-01-15,
15529,Customer 15529,West,10,2024-01-15,
15530,Customer 15530,East,10,2024-01-15,
15531,Customer 15531,North,20,2024-01-15,
15532,Customer 15532,North,9999999,2024-01-15,
15533,Customer 15533,East,30,2024-01-15,
15534,Customer 15534,East,9999999,2024-01-15,
15535,Customer 15535,North,20,2024-01-15,
15536,Customer 15536,South,9999999,2024-01-15,
15537,Customer 15537,West,20,2024-01-15,
15538,Customer 15538,North,9999999,2024-01-15,
15539,Customer 15539,North,20,2024-01-15,
15540,Customer 15540 ,North,9999999,2024-01-15,
15541,Customer 15541,North,30,2024-01-15,
15542,Customer 15542,North,10,2024-01-15,
15543,Customer 15543,East,30,2024-01-15,
15544,Customer 15544,North,20,2024-01-15,
15545,Customer 15545,North,10,2024-01-15,
15546,Customer 15546,South,30,2024-01-15,
15547,Customer 15547,North,20,2024-01-15,
15548,Customer 15548,West,20,2024-01-15,
15549,Customer 15549,North,30,2024-01-15,
15550,Customer 15550,South,10,2024-01-15,
15551,Customer 15551,South,20,2024-01-15,
15552,Customer 15552,South,9999999,2024-01-15,
15553,Customer 15553,North,9999999,2024-01-15,
15554,Customer 15554,North,20,2024-01-15,
15555,Customer 15555,West,20,2024-01-15,
15556,Customer 15556,North,20,2024-01-15,
15557,Customer 15557,East,20,2024-01-15,
15558,Customer 15558,West,30,2024-01-15,
15559,Customer 15559,West,10,2024-01-15,
15560,Customer 15560,West,9999999,2024-01-15,
15561,Customer 15561,South,9999999,2024-01-15,
15562,Customer 15562,South,30,2024-01-15,
15563,Customer 15563,South,10,2024-01-15,
15564,Customer 15564,North,30,2024-01-15,
15565,Customer 15565,East,20,2024-01-15,
15566,Customer 15566,West,20,2024-01-15,
15567,Customer 15567,East,9999999,2024-01-15,
15568,Customer 15568,East,9999999,2024-01-15,
15569,Customer 15569,West,20,2024-01-15,
15570,Customer 15570,East,30,2024-01-15,
15571,Customer 15571,East,10,2024-01-15,
15572,Customer 15572,South,9999999,2024-01-15,
15573,Customer 15573,West,20,2024-01-15,
15574,Customer 15574,West,9999999,2024-01-15,
15575,Customer 15575,West,20,2024-01-15,
15576,Customer 15576,North,30,2024-01-15,
15577,Customer 15577 ,West,9999999,2024-01-15,
15578,Customer 15578,East,30,2024-01-15,
15579,Customer 15579,East,20,2024-01-15,
15580,Customer 15580,West,9999999,2024-01-15,
15581,Customer 15581,East,10,2024-01-15,
15582,Customer 15582,West,30,2024-01-15,
15583,Customer 15583,East,20,2024-01-15,
15584,Customer 15584,North,20,2024-01-15,
15585,Customer 15585,East,30,2024-01-15,
15586,Customer 15586,West,9999999,2024-01-15,
15587,Customer 15587,South,30,2024-01-15,
15588,Customer 15588,East,20,2024-01-15,
15589,Customer 15589,South,10,2024-01-15,
15590,Customer 15590,North,9999999,2024-01-15,
15591,Customer 15591,East,9999999,2024-01-15,
15592,Customer 15592,West,9999999,2024-01-15,
15593,Customer 15593,North,9999999,2024-01-15,
15594,Customer 15594,South,10,2024-01-15,
15595,Customer 15595,South,20,2024-01-15,
15596,Customer 15596,South,20,2024-01-15,
15597,Customer 15597,West,30,2024-01-15,
15598,Customer 15598,South,9999999,2024-01-15,
15599,Customer 15599,North,20,2024-01-15,
15600,Customer 15600,West,20,2024-01-15,
15601,Customer 15601,South,20,2024-01-15,
15602,Customer 15602,East,9999999,2024-01-15,
15603,Customer 15603,West,10,2024-01-15,
15604,Customer 15604,South,10,2024-01-15,
15605,Customer 15605,West,9999999,2024-01-15,
15606,Customer 15606,East,30,2024-01-15,
15607,Customer 15607,South,9999999,2024-01-15,
15608,Customer 15608,East,10,2024-01-15,
15609,Customer 15609,East,30,2024-01-15,
15610,Customer 15610,East,9999999,2024-01-15,
15611,Customer 15611,West,9999999,2024-01-15,
15612,Customer 15612,West,30,2024-01-15,
15613,Customer 15613,North,9999999,2024-01-15,
15614,Customer 15614 ,East,10,2024-01-15,
15615,Customer 15615,North,30,2024-01-15,
15616,Customer 15616,West,20,2024-01-15,
15617,Customer 15617,West,9999999,2024-01-15,
15618,Customer 15618,East,30,2024-01-15,
15619,Customer 15619,South,30,2024-01-15,
15620,Customer 15620,South,9999999,2024-01-15,
15621,Customer 15621,West,20,2024-01-15,
15622,Customer 15622,East,10,2024-01-15,
15623,Customer 15623,North,9999999,2024-01-15,
15624,Customer 15624,West,30,2024-01-15,
15625,Customer 15625,South,30,2024-01-15,
15626,Customer 15626,East,30,2024-01-15,
15627,Customer 15627,North,20,2024-01-15,
15628,Customer 15628,East,10,2024-01-15,
15629,Customer 15629,North,20,2024-01-15,
15630,Customer 15630,West,9999999,2024-01-15,
15631,Customer 15631,West,30,2024-01-15,
15632,Customer 15632,East,10,2024-01-15,
15633,Customer 15633,North,20,2024-01-15,
15634,Customer 15634,East,20,2024-01-15,
15635,Customer 15635,North,10,2024-01-15,
15636,Customer 15636,North,30,2024-01-15,
15637,Customer 15637,West,30,2024-01-15,
15638,Customer 15638,North,30,2024-01-15,
15639,Customer 15639,South,20,2024-01-15,
15640,Customer 15640,East,30,2024-01-15,
15641,Customer 15641,North,10,2024-01-15,
15642,Customer 15642,South,30,2024-01-15,
15643,Customer 15643,South,20,2024-01-15,
15644,Customer 15644,West,9999999,2024-01-15,
15645,Customer 15645,South,9999999,2024-01-15,
15646,Customer 15646,West,20,2024-01-15,
15647,Customer 15647,East,10,2024-01-15,
15648,Customer 15648,South,20,2024-01-15,
15649,Customer 15649,North,20,2024-01-15,
15650,Customer 15650,West,10,2024-01-15,
15651,Customer 15651 ,North,10,2024-01-15,
15652,Customer 15652,North,9999999,2024-01-15,
15653,Customer 15653,East,10,2024-01-15,
15654,Customer 15654,South,20,2024-01-15,
15655,Customer 15655,East,10,2024-01-15,
15656,Customer 15656,West,30,2024-01-15,
15657,Customer 15657,West,30,2024-01-15,
15658,Customer 15658,North,30,2024-01-15,
15659,Customer 15659,South,30,2024-01-15,
15660,Customer 15660,North,9999999,2024-01-15,
15661,Customer 15661,East,20,2024-01-15,
15662,Customer 15662,North,9999999,2024-01-15,
15663,Customer 15663,East,10,2024-01-15,
15664,Customer 15664,East,20,2024-01-15,
15665,Customer 15665,North,20,2024-01-15,
15666,Customer 15666,North,30,2024-01-15,
15667,Customer 15667,West,9999999,2024-01-15,
15668,Customer 15668,North,30,2024-01-15,
15669,Customer 15669,North,20,2024-01-15,
15670,Customer 15670,North,9999999,2024-01-15,
15671,Customer 15671,South,10,2024-01-15,
15672,Customer 15672,North,20,2024-01-15,
15673,Customer 15673,West,9999999,2024-01-15,
15674,Customer 15674,East,30,2024-01-15,
15675,Customer 15675,West,20,2024-01-15,
15676,Customer 15676,East,10,2024-01-15,
15677,Customer 15677,South,9999999,2024-01-15,
15678,Customer 15678,North,20,2024-01-15,
15679,Customer 15679,South,30,2024-01-15,
15680,Customer 15680,South,10,2024-01-15,
15681,Customer 15681,East,9999999,2024-01-15,
15682,Customer 15682,North,20,2024-01-15,
15683,Customer 15683,West,20,2024-01-15,
15684,Customer 15684,West,9999999,2024-01-15,
15685,Customer 15685,West,30,2024-01-15,
15686,Customer 15686,South,10,2024-01-15,
15687,Customer 15687,South,20,2024-01-15,
15688,Customer 15688 ,North,9999999,2024-01-15,
15689,Customer 15689,East,9999999,2024-01-15,
15690,Customer 15690,North,30,2024-01-15,
15691,Customer 15691,South,9999999,2024-01-15,
15692,Customer 15692,West,30,2024-01-15,
15693,Customer 15693,East,30,2024-01-15,
15694,Customer 15694,South,30,2024-01-15,
15695,Customer 15695,West,9999999,2024-01-15,
15696,Customer 15696,North,20,2024-01-15,
15697,Customer 15697,West,20,2024-01-15,
15698,Customer 15698,North,9999999,2024-01-15,
15699,Customer 15699,West,20,2024-01-15,
15700,Customer 15700,North,30,2024-01-15,
15701,Customer 15701,North,10,2024-01-15,
15702,Customer 15702,West,30,2024-01-15,
15703,Customer 15703,North,9999999,2024-01-15,
15704,Customer 15704,North,9999999,2024-01-15,
15705,Customer 15705,West,30,2024-01-15,
15706,Customer 15706,North,10,2024-01-15,
15707,Customer 15707,North,20,2024-01-15,
15708,Customer 15708,West,10,2024-01-15,
15709,Customer 15709,South,9999999,2024-01-15,
15710,Customer 15710,South,20,2024-01-15,
15711,Customer 15711,South,30,2024-01-15,
15712,Customer 15712,South,20,2024-01-15,
15713,Customer 15713,East,10,2024-01-15,
15714,Customer 15714,East,30,2024-01-15,
15715,Customer 15715,North,30,2024-01-15,
15716,Customer 15716,East,9999999,2024-01-15,
15717,Customer 15717,North,9999999,2024-01-15,
15718,Customer 15718,East,9999999,2024-01-15,
15719,Customer 15719,South,20,2024-01-15,
15720,Customer 15720,South,10,2024-01-15,
15721,Customer 15721,South,10,2024-01-15,
15722,Customer 15722,South,30,2024-01-15,
15723,Customer 15723,East,9999999,2024-01-15,
15724,Customer 15724,East,9999999,2024-01-15,
15725,Customer 15725 ,North,30,2024-01-15,
15726,Customer 15726,South,10,2024-01-15,
15727,Customer 15727,East,10,2024-01-15,
15728,Customer 15728,North,10,2024-01-15,
15729,Customer 15729,East,30,2024-01-15,
15730,Customer 15730,East,10,2024-01-15,
15731,Customer 15731,North,10,2024-01-15,
15732,Customer 15732,South,20,2024-01-15,
15733,Customer 15733,West,30,2024-01-15,
15734,Customer 15734,South,30,2024-01-15,
15735,Customer 15735,West,20,2024-01-15,
15736,Customer 15736,South,20,2024-01-15,
15737,Customer 15737,East,10,2024-01-15,
15738,Customer 15738,East,9999999,2024-01-15,
15739,Customer 15739,South,30,2024-01-15,
15740,Customer 15740,North,9999999,2024-01-15,
15741,Customer 15741,East,10,2024-01-15,
15742,Customer 15742,West,10,2024-01-15,
15743,Customer 15743,South,30,2024-01-15,
15744,Customer 15744,West,9999999,2024-01-15,
15745,Customer 15745,South,10,2024-01-15,
15746,Customer 15746,West,10,2024-01-15,
15747,Customer 15747,East,10,2024-01-15,
15748,Customer 15748,North,9999999,2024-01-15,
15749,Customer 15749,South,10,2024-01-15,
15750,Customer 15750,South,30,2024-01-15,
15751,Customer 15751,South,20,2024-01-15,
15752,Customer 15752,North,9999999,2024-01-15,
15753,Customer 15753,East,9999999,2024-01-15,
15754,Customer 15754,North,9999999,2024-01-15,
15755,Customer 15755,West,9999999,2024-01-15,
15756,Customer 15756,East,9999999,2024-01-15,
15757,Customer 15757,East,10,2024-01-15,
15758,Customer 15758,West,10,2024-01-15,
15759,Customer 15759,South,20,2024-01-15,
15760,Customer 15760,North,10,2024-01-15,
15761,Customer 15761,East,10,2024-01-15,
15762,Customer 15762 ,North,30,2024-01-15,
15763,Customer 15763,South,9999999,2024-01-15,
15764,Customer 15764,North,20,2024-01-15,
15765,Customer 15765,South,9999999,2024-01-15,
15766,Customer 15766,East,9999999,2024-01-15,
15767,Customer 15767,North,9999999,2024-01-15,
15768,Customer 15768,East,30,2024-01-15,
15769,Customer 15769,West,10,2024-01-15,
15770,Customer 15770,East,30,2024-01-15,
15771,Customer 15771,South,30,2024-01-15,
15772,Customer 15772,South,30,2024-01-15,
15773,Customer 15773,West,30,2024-01-15,
15774,Customer 15774,West,10,2024-01-15,
15775,Customer 15775,East,9999999,2024-01-15,
15776,Customer 15776,East,10,2024-01-15,
15777,Customer 15777,South,9999999,2024-01-15,
15778,Customer 15778,West,10,2024-01-15,
15779,Customer 15779,West,30,2024-01-15,
15780,Customer 15780,South,20,2024-01-15,
15781,Customer 15781,North,9999999,2024-01-15,
15782,Customer 15782,West,20,2024-01-15,
15783,Customer 15783,South,10,2024-01-15,
15784,Customer 15784,North,9999999,2024-01-15,
15785,Customer 15785,West,10,2024-01-15,
15786,Customer 15786,North,10,2024-01-15,
15787,Customer 15787,South,10,2024-01-15,
15788,Customer 15788,North,9999999,2024-01-15,
15789,Customer 15789,East,10,2024-01-15,
15790,Customer 15790,North,10,2024-01-15,
15791,Customer 15791,North,9999999,2024-01-15,
15792,Customer 15792,South,10,2024-01-15,
15793,Customer 15793,West,20,2024-01-15,
15794,Customer 15794,South,9999999,2024-01-15,
15795,Customer 15795,East,10,2024-01-15,
15796,Customer 15796,West,9999999,2024-01-15,
15797,Customer 15797,West,9999999,2024-01-15,
15798,Customer 15798,North,10,2024-01-15,
15799,Customer 15799 ,West,30,2024-01-15,
15800,Customer 15800,West,20,2024-01-15,
15801,Customer 15801,North,20,2024-01-15,
15802,Customer 15802,East,10,2024-01-15,
15803,Customer 15803,West,9999999,2024-01-15,
15804,Customer 15804,West,30,2024-01-15,
15805,Customer 15805,West,10,2024-01-15,
15806,Customer 15806,South,9999999,2024-01-15,
15807,Customer 15807,East,30,2024-01-15,
15808,Customer 15808,North,9999999,2024-01-15,
15809,Customer 15809,South,20,2024-01-15,
15810,Customer 15810,East,10,2024-01-15,
15811,Customer 15811,South,10,2024-01-15,
15812,Customer 15812,West,30,2024-01-15,
15813,Customer 15813,West,20,2024-01-15,
15814,Customer 15814,South,30,2024-01-15,
15815,Customer 15815,North,30,2024-01-15,
15816,Customer 15816,West,10,2024-01-15,
15817,Customer 15817,North,30,2024-01-15,
15818,Customer 15818,West,9999999,2024-01-15,
15819,Customer 15819,West,30,2024-01-15,
15820,Customer 15820,South,9999999,2024-01-15,
15821,Customer 15821,North,30,2024-01-15,
15822,Customer 15822,North,20,2024-01-15,
15823,Customer 15823,West,9999999,2024-01-15,
15824,Customer 15824,West,30,2024-01-15,
15825,Customer 15825,West,30,2024-01-15,
15826,Customer 15826,South,9999999,2024-01-15,
15827,Customer 15827,East,30,2024-01-15,
15828,Customer 15828,South,30,2024-01-15,
15829,Customer 15829,East,20,2024-01-15,
15830,Customer 15830,West,9999999,2024-01-15,
15831,Customer 15831,South,10,2024-01-15,
15832,Customer 15832,South,30,2024-01-15,
15833,Customer 15833,North,10,2024-01-15,
15834,Customer 15834,North,20,2024-01-15,
15835,Customer 15835,East,9999999,2024-01-15,
15836,Customer 15836 ,North,9999999,2024-01-15,
15837,Customer 15837,West,20,2024-01-15,
15838,Customer 15838,North,9999999,2024-01-15,
15839,Customer 15839,West,10,2024-01-15,
15840,Customer 15840,South,20,2024-01-15,
15841,Customer 15841,South,30,2024-01-15,
15842,Customer 15842,South,10,2024-01-15,
15843,Customer 15843,South,10,2024-01-15,
15844,Customer 15844,South,9999999,2024-01-15,
15845,Customer 15845,East,10,2024-01-15,
15846,Customer 15846,South,9999999,2024-01-15,
15847,Customer 15847,East,9999999,2024-01-15,
15848,Customer 15848,South,20,2024-01-15,
15849,Customer 15849,East,30,2024-01-15,
15850,Customer 15850,West,20,2024-01-15,
15851,Customer 15851,North,20,2024-01-15,
15852,Customer 15852,East,20,2024-01-15,
15853,Customer 15853,East,9999999,2024-01-15,
15854,Customer 15854,North,9999999,2024-01-15,
15855,Customer 15855,South,10,2024-01-15,
15856,Customer 15856,West,20,2024-01-15,
15857,Customer 15857,East,20,2024-01-15,
15858,Customer 15858,North,30,2024-01-15,
15859,Customer 15859,South,9999999,2024-01-15,
15860,Customer 15860,South,20,2024-01-15,
15861,Customer 15861,South,20,2024-01-15,
15862,Customer 15862,West,10,2024-01-15,
15863,Customer 15863,West,9999999,2024-01-15,
15864,Customer 15864,North,30,2024-01-15,
15865,Customer 15865,East,20,2024-01-15,
15866,Customer 15866,East,9999999,2024-01-15,
15867,Customer 15867,East,10,2024-01-15,
15868,Customer 15868,West,30,2024-01-15,
15869,Customer 15869,West,9999999,2024-01-15,
15870,Customer 15870,West,10,2024-01-15,
15871,Customer 15871,South,30,2024-01-15,
15872,Customer 15872,South,10,2024-01-15,
15873,Customer 15873 ,South,30,2024-01-15,
15874,Customer 15874,East,30,2024-01-15,
15875,Customer 15875,East,20,2024-01-15,
15876,Customer 15876,North,20,2024-01-15,
15877,Customer 15877,East,10,2024-01-15,
15878,Customer 15878,East,9999999,2024-01-15,
15879,Customer 15879,South,10,2024-01-15,
15880,Customer 15880,South,9999999,2024-01-15,
15881,Customer 15881,East,10,2024-01-15,
15882,Customer 15882,South,10,2024-01-15,
15883,Customer 15883,East,9999999,2024-01-15,
15884,Customer 15884,East,9999999,2024-01-15,
15885,Customer 15885,South,9999999,2024-01-15,
15886,Customer 15886,South,30,2024-01-15,
15887,Customer 15887,North,20,2024-01-15,
15888,Customer 15888,West,9999999,2024-01-15,
15889,Customer 15889,North,9999999,2024-01-15,
15890,Customer 15890,East,30,2024-01-15,
15891,Customer 15891,West,10,2024-01-15,
15892,Customer 15892,South,30,2024-01-15,
15893,Customer 15893,East,30,2024-01-15,
15894,Customer 15894,North,10,2024-01-15,
15895,Customer 15895,North,10,2024-01-15,
15896,Customer 15896,South,30,2024-01-15,
15897,Customer 15897,West,9999999,2024-01-15,
15898,Customer 15898,South,30,2024-01-15,
15899,Customer 15899,East,30,2024-01-15,
15900,Customer 15900,North,20,2024-01-15,
15901,Customer 15901,North,10,2024-01-15,
15902,Customer 15902,West,10,2024-01-15,
15903,Customer 15903,South,10,2024-01-15,
15904,Customer 15904,South,20,2024-01-15,
15905,Customer 15905,West,30,2024-01-15,
15906,Customer 15906,South,30,2024-01-15,
15907,Customer 15907,North,30,2024-01-15,
15908,Customer 15908,North,10,2024-01-15,
15909,Customer 15909,West,30,2024-01-15,
15910,Customer 15910 ,South,10,2024-01-15,
15911,Customer 15911,West,30,2024-01-15,
15912,Customer 15912,West,30,2024-01-15,
15913,Customer 15913,North,10,2024-01-15,
15914,Customer 15914,East,9999999,2024-01-15,
15915,Customer 15915,West,20,2024-01-15,
15916,Customer 15916,East,20,2024-01-15,
15917,Customer 15917,East,30,2024-01-15,
15918,Customer 15918,West,30,2024-01-15,
15919,Customer 15919,North,20,2024-01-15,
15920,Customer 15920,North,20,2024-01-15,
15921,Customer 15921,East,20,2024-01-15,
15922,Customer 15922,West,30,2024-01-15,
15923,Customer 15923,South,20,2024-01-15,
15924,Customer 15924,East,20,2024-01-15,
15925,Customer 15925,West,10,2024-01-15,
15926,Customer 15926,West,10,2024-01-15,
15927,Customer 15927,East,20,2024-01-15,
15928,Customer 15928,East,20,2024-01-15,
15929,Customer 15929,West,9999999,2024-01-15,
15930,Customer 15930,East,10,2024-01-15,
15931,Customer 15931,West,30,2024-01-15,
15932,Customer 15932,North,10,2024-01-15,
15933,Customer 15933,North,9999999,2024-01-15,
15934,Customer 15934,North,20,2024-01-15,
15935,Customer 15935,West,10,2024-01-15,
15936,Customer 15936,North,30,2024-01-15,
15937,Customer 15937,South,9999999,2024-01-15,
15938,Customer 15938,South,30,2024-01-15,
15939,Customer 15939,East,10,2024-01-15,
15940,Customer 15940,South,10,2024-01-15,
15941,Customer 15941,South,10,2024-01-15,
15942,Customer 15942,East,20,2024-01-15,
15943,Customer 15943,West,10,2024-01-15,
15944,Customer 15944,West,30,2024-01-15,
15945,Customer 15945,West,10,2024-01-15,
15946,Customer 15946,East,10,2024-01-15,
15947,Customer 15947 ,East,9999999,2024-01-15,
15948,Customer 15948,East,10,2024-01-15,
15949,Customer 15949,North,30,2024-01-15,
15950,Customer 15950,South,20,2024-01-15,
15951,Customer 15951,West,20,2024-01-15,
15952,Customer 15952,East,9999999,2024-01-15,
15953,Customer 15953,South,10,2024-01-15,
15954,Customer 15954,North,30,2024-01-15,
15955,Customer 15955,West,30,2024-01-15,
15956,Customer 15956,North,30,2024-01-15,
15957,Customer 15957,North,9999999,2024-01-15,
15958,Customer 15958,West,30,2024-01-15,
15959,Customer 15959,North,20,2024-01-15,
15960,Customer 15960,South,30,2024-01-15,
15961,Customer 15961,South,30,2024-01-15,
15962,Customer 15962,North,20,2024-01-15,
15963,Customer 15963,North,10,2024-01-15,
15964,Customer 15964,South,30,2024-01-15,
15965,Customer 15965,North,30,2024-01-15,
15966,Customer 15966,North,30,2024-01-15,
15967,Customer 15967,North,30,2024-01-15,
15968,Customer 15968,South,10,2024-01-15,
15969,Customer 15969,West,30,2024-01-15,
15970,Customer 15970,North,20,2024-01-15,
15971,Customer 15971,South,30,2024-01-15,
15972,Customer 15972,East,9999999,2024-01-15,
15973,Customer 15973,North,20,2024-01-15,
15974,Customer 15974,South,10,2024-01-15,
15975,Customer 15975,North,10,2024-01-15,
15976,Customer 15976,East,9999999,2024-01-15,
15977,Customer 15977,South,10,2024-01-15,
15978,Customer 15978,East,10,2024-01-15,
15979,Customer 15979,West,30,2024-01-15,
15980,Customer 15980,West,9999999,2024-01-15,
15981,Customer 15981,East,30,2024-01-15,
15982,Customer 15982,South,10,2024-01-15,
15983,Customer 15983,South,9999999,2024-01-15,
15984,Customer 15984 ,South,10,2024-01-15,
15985,Customer 15985,West,9999999,2024-01-15,
15986,Customer 15986,North,30,2024-01-15,
15987,Customer 15987,East,9999999,2024-01-15,
15988,Customer 15988,North,30,2024-01-15,
15989,Customer 15989,South,30,2024-01-15,
15990,Customer 15990,North,20,2024-01-15,
15991,Customer 15991,North,10,2024-01-15,
15992,Customer 15992,South,10,2024-01-15,
15993,Customer 15993,East,10,2024-01-15,
15994,Customer 15994,South,20,2024-01-15,
15995,Customer 15995,East,10,2024-01-15,
15996,Customer 15996,South,9999999,2024-01-15,
15997,Customer 15997,East,20,2024-01-15,
15998,Customer 15998,East,20,2024-01-15,
15999,Customer 15999,South,10,2024-01-15,
16000,Customer 16000,South,N/A,2024-01-15,
16001,Customer 16001,West,30,2024-01-15,
16002,Customer 16002,West,20,2024-01-15,
16003,Customer 16003,North,9999999,2024-01-15,
16004,Customer 16004,South,20,2024-01-15,
16005,Customer 16005,South,10,2024-01-15,
16006,Customer 16006,South,30,2024-01-15,
16007,Customer 16007,South,30,2024-01-15,
16008,Customer 16008,West,20,2024-01-15,
16009,Customer 16009,North,9999999,2024-01-15,
16010,Customer 16010,West,9999999,2024-01-15,
16011,Customer 16011,North,9999999,2024-01-15,
16012,Customer 16012,South,30,2024-01-15,
16013,Customer 16013,West,20,2024-01-15,
16014,Customer 16014,West,9999999,2024-01-15,
16015,Customer 16015,East,9999999,2024-01-15,
16016,Customer 16016,West,10,2024-01-15,
16017,Customer 16017,South,9999999,2024-01-15,
16018,Customer 16018,North,10,2024-01-15,
16019,Customer 16019,East,9999999,2024-01-15,
16020,Customer 16020,East,20,2024-01-15,
16021,Customer 16021 ,North,10,2024-01-15,
16022,Customer 16022,South,20,2024-01-15,
16023,Customer 16023,East,10,2024-01-15,
16024,Customer 16024,North,10,2024-01-15,
16025,Customer 16025,South,9999999,2024-01-15,
16026,Customer 16026,West,30,2024-01-15,
16027,Customer 16027,East,20,2024-01-15,
16028,Customer 16028,South,30,2024-01-15,
16029,Customer 16029,East,9999999,2024-01-15,
16030,Customer 16030,North,30,2024-01-15,
16031,Customer 16031,South,9999999,2024-01-15,
16032,Customer 16032,West,20,2024-01-15,
16033,Customer 16033,South,9999999,2024-01-15,
16034,Customer 16034,South,30,2024-01-15,
16035,Customer 16035,North,20,2024-01-15,
16036,Customer 16036,South,20,2024-01-15,
16037,Customer 16037,South,9999999,2024-01-15,
16038,Customer 16038,West,20,2024-01-15,
16039,Customer 16039,North,9999999,2024-01-15,
16040,Customer 16040,North,9999999,2024-01-15,
16041,Customer 16041,South,30,2024-01-15,
16042,Customer 16042,East,20,2024-01-15,
16043,Customer 16043,South,9999999,2024-01-15,
16044,Customer 16044,East,10,2024-01-15,
16045,Customer 16045,North,20,2024-01-15,
16046,Customer 16046,West,10,2024-01-15,
16047,Customer 16047,North,20,2024-01-15,
16048,Customer 16048,East,20,2024-01-15,
16049,Customer 16049,East,20,2024-01-15,
16050,Customer 16050,North,9999999,2024-01-15,
16051,Customer 16051,North,30,2024-01-15,
16052,Customer 16052,North,9999999,2024-01-15,
16053,Customer 16053,West,9999999,2024-01-15,
16054,Customer 16054,North,30,2024-01-15,
16055,Customer 16055,East,30,2024-01-15,
16056,Customer 16056,South,9999999,2024-01-15,
16057,Customer 16057,West,30,2024-01-15,
16058,Customer 16058 ,West,9999999,2024-01-15,
16059,Customer 16059,South,9999999,2024-01-15,
16060,Customer 16060,South,10,2024-01-15,
16061,Customer 16061,East,10,2024-01-15,
16062,Customer 16062,North,30,2024-01-15,
16063,Customer 16063,East,30,2024-01-15,
16064,Customer 16064,East,30,2024-01-15,
16065,Customer 16065,South,20,2024-01-15,
16066,Customer 16066,East,30,2024-01-15,
16067,Customer 16067,North,30,2024-01-15,
16068,Customer 16068,South,20,2024-01-15,
16069,Customer 16069,East,10,2024-01-15,
16070,Customer 16070,East,10,2024-01-15,
16071,Customer 16071,North,30,2024-01-15,
16072,Customer 16072,South,9999999,2024-01-15,
16073,Customer 16073,North,30,2024-01-15,
16074,Customer 16074,North,10,2024-01-15,
16075,Customer 16075,West,9999999,2024-01-15,
16076,Customer 16076,East,30,2024-01-15,
16077,Customer 16077,South,10,2024-01-15,
16078,Customer 16078,South,9999999,2024-01-15,
16079,Customer 16079,East,9999999,2024-01-15,
16080,Customer 16080,East,10,2024-01-15,
16081,Customer 16081,East,10,2024-01-15,
16082,Customer 16082,West,10,2024-01-15,
16083,Customer 16083,West,20,2024-01-15,
16084,Customer 16084,South,20,2024-01-15,
16085,Customer 16085,East,20,2024-01-15,
16086,Customer 16086,West,20,2024-01-15,
16087,Customer 16087,West,9999999,2024-01-15,
16088,Customer 16088,South,10,2024-01-15,
16089,Customer 16089,South,20,2024-01-15,
16090,Customer 16090,South,10,2024-01-15,
16091,Customer 16091,West,10,2024-01-15,
16092,Customer 16092,South,10,2024-01-15,
16093,Customer 16093,East,30,2024-01-15,
16094,Customer 16094,East,9999999,2024-01-15,
16095,Customer 16095 ,North,20,2024-01-15,
16096,Customer 16096,South,10,2024-01-15,
16097,Customer 16097,East,9999999,2024-01-15,
16098,Customer 16098,South,9999999,2024-01-15,
16099,Customer 16099,South,9999999,2024-01-15,
16100,Customer 16100,North,10,2024-01-15,
16101,Customer 16101,South,30,2024-01-15,
16102,Customer 16102,North,20,2024-01-15,
16103,Customer 16103,West,10,2024-01-15,
16104,Customer 16104,South,20,2024-01-15,
16105,Customer 16105,West,10,2024-01-15,
16106,Customer 16106,East,30,2024-01-15,
16107,Customer 16107,North,10,2024-01-15,
16108,Customer 16108,North,20,2024-01-15,
16109,Customer 16109,South,10,2024-01-15,
16110,Customer 16110,East,9999999,2024-01-15,
16111,Customer 16111,North,30,2024-01-15,
16112,Customer 16112,North,10,2024-01-15,
16113,Customer 16113,North,20,2024-01-15,
16114,Customer 16114,East,20,2024-01-15,
16115,Customer 16115,East,10,2024-01-15,
16116,Customer 16116,North,10,2024-01-15,
16117,Customer 16117,North,9999999,2024-01-15,
16118,Customer 16118,East,20,2024-01-15,
16119,Customer 16119,North,9999999,2024-01-15,
16120,Customer 16120,West,9999999,2024-01-15,
16121,Customer 16121,South,9999999,2024-01-15,
16122,Customer 16122,North,20,2024-01-15,
16123,Customer 16123,West,30,2024-01-15,
16124,Customer 16124,South,10,2024-01-15,
16125,Customer 16125,North,20,2024-01-15,
16126,Customer 16126,South,30,2024-01-15,
16127,Customer 16127,West,30,2024-01-15,
16128,Customer 16128,South,30,2024-01-15,
16129,Customer 16129,East,20,2024-01-15,
16130,Customer 16130,South,30,2024-01-15,
16131,Customer 16131,North,10,2024-01-15,
16132,Customer 16132 ,East,9999999,2024-01-15,
16133,Customer 16133,North,10,2024-01-15,
16134,Customer 16134,East,10,2024-01-15,
16135,Customer 16135,North,9999999,2024-01-15,
16136,Customer 16136,North,10,2024-01-15,
16137,Customer 16137,North,30,2024-01-15,
16138,Customer 16138,North,20,2024-01-15,
16139,Customer 16139,East,20,2024-01-15,
16140,Customer 16140,East,30,2024-01-15,
16141,Customer 16141,East,9999999,2024-01-15,
16142,Customer 16142,North,20,2024-01-15,
16143,Customer 16143,South,9999999,2024-01-15,
16144,Customer 16144,South,20,2024-01-15,
16145,Customer 16145,West,30,2024-01-15,
16146,Customer 16146,South,9999999,2024-01-15,
16147,Customer 16147,West,10,2024-01-15,
16148,Customer 16148,North,9999999,2024-01-15,
16149,Customer 16149,West,9999999,2024-01-15,
16150,Customer 16150,West,9999999,2024-01-15,
16151,Customer 16151,West,9999999,2024-01-15,
16152,Customer 16152,North,30,2024-01-15,
16153,Customer 16153,West,20,2024-01-15,
16154,Customer 16154,North,9999999,2024-01-15,
16155,Customer 16155,South,20,2024-01-15,
16156,Customer 16156,South,10,2024-01-15,
16157,Customer 16157,South,9999999,2024-01-15,
16158,Customer 16158,East,10,2024-01-15,
16159,Customer 16159,South,9999999,2024-01-15,
16160,Customer 16160,East,10,2024-01-15,
16161,Customer 16161,North,30,2024-01-15,
16162,Customer 16162,East,30,2024-01-15,
16163,Customer 16163,West,30,2024-01-15,
16164,Customer 16164,West,10,2024-01-15,
16165,Customer 16165,East,20,2024-01-15,
16166,Customer 16166,North,10,2024-01-15,
16167,Customer 16167,West,9999999,2024-01-15,
16168,Customer 16168,North,30,2024-01-15,
16169,Customer 16169 ,North,20,2024-01-15,
16170,Customer 16170,West,30,2024-01-15,
16171,Customer 16171,East,30,2024-01-15,
16172,Customer 16172,North,20,2024-01-15,
16173,Customer 16173,South,30,2024-01-15,
16174,Customer 16174,South,9999999,2024-01-15,
16175,Customer 16175,East,10,2024-01-15,
16176,Customer 16176,East,30,2024-01-15,
16177,Customer 16177,South,20,2024-01-15,
16178,Customer 16178,West,20,2024-01-15,
16179,Customer 16179,East,10,2024-01-15,
16180,Customer 16180,North,30,2024-01-15,
16181,Customer 16181,South,9999999,2024-01-15,
16182,Customer 16182,West,30,2024-01-15,
16183,Customer 16183,North,9999999,2024-01-15,
16184,Customer 16184,North,20,2024-01-15,
16185,Customer 16185,North,9999999,2024-01-15,
16186,Customer 16186,South,30,2024-01-15,
16187,Customer 16187,East,9999999,2024-01-15,
16188,Customer 16188,North,20,2024-01-15,
16189,Customer 16189,East,30,2024-01-15,
16190,Customer 16190,East,30,2024-01-15,
16191,Customer 16191,East,20,2024-01-15,
16192,Customer 16192,East,30,2024-01-15,
16193,Customer 16193,West,10,2024-01-15,
16194,Customer 16194,West,9999999,2024-01-15,
16195,Customer 16195,South,9999999,2024-01-15,
16196,Customer 16196,North,20,2024-01-15,
16197,Customer 16197,North,10,2024-01-15,
16198,Customer 16198,South,9999999,2024-01-15,
16199,Customer 16199,East,10,2024-01-15,
16200,Customer 16200,East,10,2024-01-15,
16201,Customer 16201,North,9999999,2024-01-15,
16202,Customer 16202,South,10,2024-01-15,
16203,Customer 16203,West,30,2024-01-15,
16204,Customer 16204,West,10,2024-01-15,
16205,Customer 16205,West,30,2024-01-15,
16206,Customer 16206 ,East,10,2024-01-15,
16207,Customer 16207,North,10,2024-01-15,
16208,Customer 16208,West,30,2024-01-15,
16209,Customer 16209,West,9999999,2024-01-15,
16210,Customer 16210,West,10,2024-01-15,
16211,Customer 16211,East,30,2024-01-15,
16212,Customer 16212,West,20,2024-01-15,
16213,Customer 16213,East,20,2024-01-15,
16214,Customer 16214,West,30,2024-01-15,
16215,Customer 16215,East,10,2024-01-15,
16216,Customer 16216,West,9999999,2024-01-15,
16217,Customer 16217,North,10,2024-01-15,
16218,Customer 16218,North,10,2024-01-15,
16219,Customer 16219,West,9999999,2024-01-15,
16220,Customer 16220,South,10,2024-01-15,
16221,Customer 16221,South,20,2024-01-15,
16222,Customer 16222,West,30,2024-01-15,
16223,Customer 16223,East,10,2024-01-15,
16224,Customer 16224,South,30,2024-01-15,
16225,Customer 16225,West,10,2024-01-15,
16226,Customer 16226,South,20,2024-01-15,
16227,Customer 16227,West,30,2024-01-15,
16228,Customer 16228,West,9999999,2024-01-15,
16229,Customer 16229,North,30,2024-01-15,
16230,Customer 16230,North,20,2024-01-15,
16231,Customer 16231,South,30,2024-01-15,
16232,Customer 16232,West,10,2024-01-15,
16233,Customer 16233,South,9999999,2024-01-15,
16234,Customer 16234,West,30,2024-01-15,
16235,Customer 16235,East,20,2024-01-15,
16236,Customer 16236,North,9999999,2024-01-15,
16237,Customer 16237,North,30,2024-01-15,
16238,Customer 16238,South,10,2024-01-15,
16239,Customer 16239,North,10,2024-01-15,
16240,Customer 16240,East,9999999,2024-01-15,
16241,Customer 16241,South,20,2024-01-15,
16242,Customer 16242,North,20,2024-01-15,
16243,Customer 16243 ,East,30,2024-01-15,
16244,Customer 16244,East,9999999,2024-01-15,
16245,Customer 16245,North,10,2024-01-15,
16246,Customer 16246,West,20,2024-01-15,
16247,Customer 16247,North,30,2024-01-15,
16248,Customer 16248,North,9999999,2024-01-15,
16249,Customer 16249,South,10,2024-01-15,
16250,Customer 16250,South,30,2024-01-15,
16251,Customer 16251,East,9999999,2024-01-15,
16252,Customer 16252,South,20,2024-01-15,
16253,Customer 16253,West,30,2024-01-15,
16254,Customer 16254,East,9999999,2024-01-15,
16255,Customer 16255,East,10,2024-01-15,
16256,Customer 16256,West,20,2024-01-15,
16257,Customer 16257,East,20,2024-01-15,
16258,Customer 16258,South,10,2024-01-15,
16259,Customer 16259,North,20,2024-01-15,
16260,Customer 16260,East,10,2024-01-15,
16261,Customer 16261,North,30,2024-01-15,
16262,Customer 16262,North,10,2024-01-15,
16263,Customer 16263,South,10,2024-01-15,
16264,Customer 16264,West,10,2024-01-15,
16265,Customer 16265,West,10,2024-01-15,
16266,Customer 16266,South,10,2024-01-15,
16267,Customer 16267,South,9999999,2024-01-15,
16268,Customer 16268,North,10,2024-01-15,
16269,Customer 16269,South,30,2024-01-15,
16270,Customer 16270,North,20,2024-01-15,
16271,Customer 16271,East,30,2024-01-15,
16272,Customer 16272,West,20,2024-01-15,
16273,Customer 16273,South,9999999,2024-01-15,
16274,Customer 16274,South,30,2024-01-15,
16275,Customer 16275,South,30,2024-01-15,
16276,Customer 16276,West,30,2024-01-15,
16277,Customer 16277,North,10,2024-01-15,
16278,Customer 16278,North,9999999,2024-01-15,
16279,Customer 16279,East,30,2024-01-15,
16280,Customer 16280 ,South,30,2024-01-15,
16281,Customer 16281,North,9999999,2024-01-15,
16282,Customer 16282,East,30,2024-01-15,
16283,Customer 16283,South,30,2024-01-15,
16284,Customer 16284,East,9999999,2024-01-15,
16285,Customer 16285,West,20,2024-01-15,
16286,Customer 16286,East,20,2024-01-15,
16287,Customer 16287,North,10,2024-01-15,
16288,Customer 16288,East,30,2024-01-15,
16289,Customer 16289,South,10,2024-01-15,
16290,Customer 16290,South,20,2024-01-15,
16291,Customer 16291,East,20,2024-01-15,
16292,Customer 16292,South,30,2024-01-15,
16293,Customer 16293,North,30,2024-01-15,
16294,Customer 16294,East,20,2024-01-15,
16295,Customer 16295,North,20,2024-01-15,
16296,Customer 16296,North,30,2024-01-15,
16297,Customer 16297,East,9999999,2024-01-15,
16298,Customer 16298,West,10,2024-01-15,
16299,Customer 16299,West,10,2024-01-15,
16300,Customer 16300,East,20,2024-01-15,
16301,Customer 16301,East,30,2024-01-15,
16302,Customer 16302,East,20,2024-01-15,
16303,Customer 16303,East,20,2024-01-15,
16304,Customer 16304,West,9999999,2024-01-15,
16305,Customer 16305,West,9999999,2024-01-15,
16306,Customer 16306,East,30,2024-01-15,
16307,Customer 16307,West,30,2024-01-15,
16308,Customer 16308,South,30,2024-01-15,
16309,Customer 16309,East,10,2024-01-15,
16310,Customer 16310,East,9999999,2024-01-15,
16311,Customer 16311,North,10,2024-01-15,
16312,Customer 16312,North,9999999,2024-01-15,
16313,Customer 16313,South,9999999,2024-01-15,
16314,Customer 16314,East,9999999,2024-01-15,
16315,Customer 16315,South,9999999,2024-01-15,
16316,Customer 16316,East,9999999,2024-01-15,
16317,Customer 16317 ,South,30,2024-01-15,
16318,Customer 16318,West,9999999,2024-01-15,
16319,Customer 16319,East,20,2024-01-15,
16320,Customer 16320,West,30,2024-01-15,
16321,Customer 16321,North,10,2024-01-15,
16322,Customer 16322,North,20,2024-01-15,
16323,Customer 16323,East,10,2024-01-15,
16324,Customer 16324,West,10,2024-01-15,
16325,Customer 16325,East,20,2024-01-15,
16326,Customer 16326,East,30,2024-01-15,
16327,Customer 16327,West,20,2024-01-15,
16328,Customer 16328,North,10,2024-01-15,
16329,Customer 16329,North,9999999,2024-01-15,
16330,Customer 16330,South,20,2024-01-15,
16331,Customer 16331,West,30,2024-01-15,
16332,Customer 16332,West,10,2024-01-15,
16333,Customer 16333,West,20,2024-01-15,
16334,Customer 16334,East,20,2024-01-15,
16335,Customer 16335,West,10,2024-01-15,
16336,Customer 16336,South,30,2024-01-15,
16337,Customer 16337,West,10,2024-01-15,
16338,Customer 16338,South,10,2024-01-15,
16339,Customer 16339,East,20,2024-01-15,
16340,Customer 16340,South,10,2024-01-15,
16341,Customer 16341,South,30,2024-01-15,
16342,Customer 16342,East,30,2024-01-15,
16343,Customer 16343,West,20,2024-01-15,
16344,Customer 16344,South,30,2024-01-15,
16345,Customer 16345,West,20,2024-01-15,
16346,Customer 16346,West,10,2024-01-15,
16347,Customer 16347,West,30,2024-01-15,
16348,Customer 16348,East,30,2024-01-15,
16349,Customer 16349,East,30,2024-01-15,
16350,Customer 16350,West,30,2024-01-15,
16351,Customer 16351,South,10,2024-01-15,
16352,Customer 16352,South,9999999,2024-01-15,
16353,Customer 16353,West,10,2024-01-15,
16354,Customer 16354 ,South,30,2024-01-15,
16355,Customer 16355,North,9999999,2024-01-15,
16356,Customer 16356,South,20,2024-01-15,
16357,Customer 16357,East,20,2024-01-15,
16358,Customer 16358,South,10,2024-01-15,
16359,Customer 16359,South,20,2024-01-15,
16360,Customer 16360,South,9999999,2024-01-15,
16361,Customer 16361,West,9999999,2024-01-15,
16362,Customer 16362,West,10,2024-01-15,
16363,Customer 16363,East,9999999,2024-01-15,
16364,Customer 16364,East,10,2024-01-15,
16365,Customer 16365,East,10,2024-01-15,
16366,Customer 16366,East,9999999,2024-01-15,
16367,Customer 16367,North,30,2024-01-15,
16368,Customer 16368,South,10,2024-01-15,
16369,Customer 16369,South,9999999,2024-01-15,
16370,Customer 16370,North,10,2024-01-15,
16371,Customer 16371,East,10,2024-01-15,
16372,Customer 16372,South,10,2024-01-15,
16373,Customer 16373,South,20,2024-01-15,
16374,Customer 16374,West,10,2024-01-15,
16375,Customer 16375,East,30,2024-01-15,
16376,Customer 16376,South,30,2024-01-15,
16377,Customer 16377,West,20,2024-01-15,
16378,Customer 16378,West,9999999,2024-01-15,
16379,Customer 16379,East,9999999,2024-01-15,
16380,Customer 16380,South,20,2024-01-15,
16381,Customer 16381,East,20,2024-01-15,
16382,Customer 16382,South,30,2024-01-15,
16383,Customer 16383,West,20,2024-01-15,
16384,Customer 16384,South,20,2024-01-15,
16385,Customer 16385,South,9999999,2024-01-15,
16386,Customer 16386,South,9999999,2024-01-15,
16387,Customer 16387,East,10,2024-01-15,
16388,Customer 16388,North,10,2024-01-15,
16389,Customer 16389,South,10,2024-01-15,
16390,Customer 16390,North,9999999,2024-01-15,
16391,Customer 16391 ,West,9999999,2024-01-15,
16392,Customer 16392,North,20,2024-01-15,
16393,Customer 16393,South,30,2024-01-15,
16394,Customer 16394,West,30,2024-01-15,
16395,Customer 16395,East,9999999,2024-01-15,
16396,Customer 16396,West,20,2024-01-15,
16397,Customer 16397,East,10,2024-01-15,
16398,Customer 16398,West,30,2024-01-15,
16399,Customer 16399,North,20,2024-01-15,
16400,Customer 16400,East,10,2024-01-15,
16401,Customer 16401,North,20,2024-01-15,
16402,Customer 16402,North,20,2024-01-15,
16403,Customer 16403,South,9999999,2024-01-15,
16404,Customer 16404,East,10,2024-01-15,
16405,Customer 16405,West,10,2024-01-15,
16406,Customer 16406,South,20,2024-01-15,
16407,Customer 16407,West,9999999,2024-01-15,
16408,Customer 16408,North,20,2024-01-15,
16409,Customer 16409,West,20,2024-01-15,
16410,Customer 16410,East,20,2024-01-15,
16411,Customer 16411,East,10,2024-01-15,
16412,Customer 16412,North,30,2024-01-15,
16413,Customer 16413,West,20,2024-01-15,
16414,Customer 16414,North,30,2024-01-15,
16415,Customer 16415,West,20,2024-01-15,
16416,Customer 16416,North,10,2024-01-15,
16417,Customer 16417,West,10,2024-01-15,
16418,Customer 16418,South,20,2024-01-15,
16419,Customer 16419,West,10,2024-01-15,
16420,Customer 16420,South,10,2024-01-15,
16421,Customer 16421,East,10,2024-01-15,
16422,Customer 16422,South,30,2024-01-15,
16423,Customer 16423,East,20,2024-01-15,
16424,Customer 16424,North,9999999,2024-01-15,
16425,Customer 16425,South,20,2024-01-15,
16426,Customer 16426,North,20,2024-01-15,
16427,Customer 16427,West,30,2024-01-15,
16428,Customer 16428 ,North,30,2024-01-15,
16429,Customer 16429,East,9999999,2024-01-15,
16430,Customer 16430,North,9999999,2024-01-15,
16431,Customer 16431,South,20,2024-01-15,
16432,Customer 16432,North,20,2024-01-15,
16433,Customer 16433,West,10,2024-01-15,
16434,Customer 16434,East,10,2024-01-15,
16435,Customer 16435,West,10,2024-01-15,
16436,Customer 16436,North,30,2024-01-15,
16437,Customer 16437,East,20,2024-01-15,
16438,Customer 16438,South,10,2024-01-15,
16439,Customer 16439,North,10,2024-01-15,
16440,Customer 16440,West,9999999,2024-01-15,
16441,Customer 16441,East,9999999,2024-01-15,
16442,Customer 16442,East,9999999,2024-01-15,
16443,Customer 16443,East,30,2024-01-15,
16444,Customer 16444,East,10,2024-01-15,
16445,Customer 16445,East,10,2024-01-15,
16446,Customer 16446,North,30,2024-01-15,
16447,Customer 16447,West,30,2024-01-15,
16448,Customer 16448,South,20,2024-01-15,
16449,Customer 16449,West,9999999,2024-01-15,
16450,Customer 16450,West,30,2024-01-15,
16451,Customer 16451,West,20,2024-01-15,
16452,Customer 16452,West,20,2024-01-15,
16453,Customer 16453,North,30,2024-01-15,
16454,Customer 16454,East,10,2024-01-15,
16455,Customer 16455,North,20,2024-01-15,
16456,Customer 16456,South,30,2024-01-15,
16457,Customer 16457,East,30,2024-01-15,
16458,Customer 16458,East,10,2024-01-15,
16459,Customer 16459,South,9999999,2024-01-15,
16460,Customer 16460,West,10,2024-01-15,
16461,Customer 16461,East,9999999,2024-01-15,
16462,Customer 16462,East,20,2024-01-15,
16463,Customer 16463,East,20,2024-01-15,
16464,Customer 16464,West,10,2024-01-15,
16465,Customer 16465 ,West,9999999,2024-01-15,
16466,Customer 16466,North,30,2024-01-15,
16467,Customer 16467,West,9999999,2024-01-15,
16468,Customer 16468,East,30,2024-01-15,
16469,Customer 16469,East,9999999,2024-01-15,
16470,Customer 16470,North,10,2024-01-15,
16471,Customer 16471,West,10,2024-01-15,
16472,Customer 16472,West,9999999,2024-01-15,
16473,Customer 16473,West,20,2024-01-15,
16474,Customer 16474,North,30,2024-01-15,
16475,Customer 16475,South,9999999,2024-01-15,
16476,Customer 16476,East,9999999,2024-01-15,
16477,Customer 16477,West,20,2024-01-15,
16478,Customer 16478,North,9999999,2024-01-15,
16479,Customer 16479,South,10,2024-01-15,
16480,Customer 16480,South,30,2024-01-15,
16481,Customer 16481,West,10,2024-01-15,
16482,Customer 16482,East,30,2024-01-15,
16483,Customer 16483,East,20,2024-01-15,
16484,Customer 16484,West,20,2024-01-15,
16485,Customer 16485,East,10,2024-01-15,
16486,Customer 16486,North,9999999,2024-01-15,
16487,Customer 16487,North,30,2024-01-15,
16488,Customer 16488,South,9999999,2024-01-15,
16489,Customer 16489,East,9999999,2024-01-15,
16490,Customer 16490,West,10,2024-01-15,
16491,Customer 16491,West,30,2024-01-15,
16492,Customer 16492,West,20,2024-01-15,
16493,Customer 16493,North,20,2024-01-15,
16494,Customer 16494,South,20,2024-01-15,
16495,Customer 16495,South,9999999,2024-01-15,
16496,Customer 16496,West,30,2024-01-15,
16497,Customer 16497,South,10,2024-01-15,
16498,Customer 16498,West,30,2024-01-15,
16499,Customer 16499,South,9999999,2024-01-15,
16500,Customer 16500,North,N/A,2024-01-15,
16501,Customer 16501,South,20,2024-01-15,
16502,Customer 16502 ,North,10,2024-01-15,
16503,Customer 16503,West,30,2024-01-15,
16504,Customer 16504,North,30,2024-01-15,
16505,Customer 16505,South,30,2024-01-15,
16506,Customer 16506,East,20,2024-01-15,
16507,Customer 16507,East,20,2024-01-15,
16508,Customer 16508,West,9999999,2024-01-15,
16509,Customer 16509,North,10,2024-01-15,
16510,Customer 16510,East,10,2024-01-15,
16511,Customer 16511,South,9999999,2024-01-15,
16512,Customer 16512,North,9999999,2024-01-15,
16513,Customer 16513,North,20,2024-01-15,
16514,Customer 16514,East,20,2024-01-15,
16515,Customer 16515,South,10,2024-01-15,
16516,Customer 16516,East,9999999,2024-01-15,
16517,Customer 16517,South,20,2024-01-15,
16518,Customer 16518,West,30,2024-01-15,
16519,Customer 16519,West,30,2024-01-15,
16520,Customer 16520,North,9999999,2024-01-15,
16521,Customer 16521,North,9999999,2024-01-15,
16522,Customer 16522,North,9999999,2024-01-15,
16523,Customer 16523,West,10,2024-01-15,
16524,Customer 16524,West,30,2024-01-15,
16525,Customer 16525,East,10,2024-01-15,
16526,Customer 16526,South,20,2024-01-15,
16527,Customer 16527,North,9999999,2024-01-15,
16528,Customer 16528,East,10,2024-01-15,
16529,Customer 16529,West,10,2024-01-15,
16530,Customer 16530,East,30,2024-01-15,
16531,Customer 16531,West,20,2024-01-15,
16532,Customer 16532,North,9999999,2024-01-15,
16533,Customer 16533,South,9999999,2024-01-15,
16534,Customer 16534,West,9999999,2024-01-15,
16535,Customer 16535,North,20,2024-01-15,
16536,Customer 16536,West,30,2024-01-15,
16537,Customer 16537,East,9999999,2024-01-15,
16538,Customer 16538,East,10,2024-01-15,
16539,Customer 16539 ,East,30,2024-01-15,
16540,Customer 16540,West,9999999,2024-01-15,
16541,Customer 16541,South,10,2024-01-15,
16542,Customer 16542,West,30,2024-01-15,
16543,Customer 16543,North,30,2024-01-15,
16544,Customer 16544,South,30,2024-01-15,
16545,Customer 16545,East,9999999,2024-01-15,
16546,Customer 16546,North,20,2024-01-15,
16547,Customer 16547,North,30,2024-01-15,
16548,Customer 16548,South,9999999,2024-01-15,
16549,Customer 16549,South,9999999,2024-01-15,
16550,Customer 16550,South,30,2024-01-15,
16551,Customer 16551,South,10,2024-01-15,
16552,Customer 16552,South,20,2024-01-15,
16553,Customer 16553,South,20,2024-01-15,
16554,Customer 16554,East,10,2024-01-15,
16555,Customer 16555,North,10,2024-01-15,
16556,Customer 16556,North,9999999,2024-01-15,
16557,Customer 16557,South,20,2024-01-15,
16558,Customer 16558,East,10,2024-01-15,
16559,Customer 16559,East,30,2024-01-15,
16560,Customer 16560,West,30,2024-01-15,
16561,Customer 16561,West,9999999,2024-01-15,
16562,Customer 16562,East,10,2024-01-15,
16563,Customer 16563,North,30,2024-01-15,
16564,Customer 16564,West,9999999,2024-01-15,
16565,Customer 16565,North,9999999,2024-01-15,
16566,Customer 16566,East,30,2024-01-15,
16567,Customer 16567,South,9999999,2024-01-15,
16568,Customer 16568,North,10,2024-01-15,
16569,Customer 16569,East,9999999,2024-01-15,
16570,Customer 16570,West,30,2024-01-15,
16571,Customer 16571,West,9999999,2024-01-15,
16572,Customer 16572,West,9999999,2024-01-15,
16573,Customer 16573,West,30,2024-01-15,
16574,Customer 16574,West,9999999,2024-01-15,
16575,Customer 16575,East,9999999,2024-01-15,
16576,Customer 16576 ,West,9999999,2024-01-15,
16577,Customer 16577,East,10,2024-01-15,
16578,Customer 16578,North,20,2024-01-15,
16579,Customer 16579,South,30,2024-01-15,
16580,Customer 16580,East,9999999,2024-01-15,
16581,Customer 16581,East,30,2024-01-15,
16582,Customer 16582,North,20,2024-01-15,
16583,Customer 16583,East,9999999,2024-01-15,
16584,Customer 16584,East,10,2024-01-15,
16585,Customer 16585,South,9999999,2024-01-15,
16586,Customer 16586,South,9999999,2024-01-15,
16587,Customer 16587,East,9999999,2024-01-15,
16588,Customer 16588,East,30,2024-01-15,
16589,Customer 16589,South,20,2024-01-15,
16590,Customer 16590,West,10,2024-01-15,
16591,Customer 16591,East,10,2024-01-15,
16592,Customer 16592,West,10,2024-01-15,
16593,Customer 16593,West,20,2024-01-15,
16594,Customer 16594,West,20,2024-01-15,
16595,Customer 16595,North,30,2024-01-15,
16596,Customer 16596,West,10,2024-01-15,
16597,Customer 16597,South,9999999,2024-01-15,
16598,Customer 16598,West,30,2024-01-15,
16599,Customer 16599,South,9999999,2024-01-15,
16600,Customer 16600,South,10,2024-01-15,
16601,Customer 16601,North,20,2024-01-15,
16602,Customer 16602,South,30,2024-01-15,
16603,Customer 16603,South,10,2024-01-15,
16604,Customer 16604,South,10,2024-01-15,
16605,Customer 16605,South,20,2024-01-15,
16606,Customer 16606,North,10,2024-01-15,
16607,Customer 16607,North,10,2024-01-15,
16608,Customer 16608,North,30,2024-01-15,
16609,Customer 16609,East,9999999,2024-01-15,
16610,Customer 16610,East,30,2024-01-15,
16611,Customer 16611,West,30,2024-01-15,
16612,Customer 16612,East,30,2024-01-15,
16613,Customer 16613 ,East,20,2024-01-15,
16614,Customer 16614,South,30,2024-01-15,
16615,Customer 16615,North,9999999,2024-01-15,
16616,Customer 16616,North,30,2024-01-15,
16617,Customer 16617,South,30,2024-01-15,
16618,Customer 16618,West,9999999,2024-01-15,
16619,Customer 16619,East,30,2024-01-15,
16620,Customer 16620,South,9999999,2024-01-15,
16621,Customer 16621,North,30,2024-01-15,
16622,Customer 16622,South,9999999,2024-01-15,
16623,Customer 16623,North,9999999,2024-01-15,
16624,Customer 16624,East,20,2024-01-15,
16625,Customer 16625,West,30,2024-01-15,
16626,Customer 16626,West,9999999,2024-01-15,
16627,Customer 16627,South,20,2024-01-15,
16628,Customer 16628,West,30,2024-01-15,
16629,Customer 16629,North,30,2024-01-15,
16630,Customer 16630,South,9999999,2024-01-15,
16631,Customer 16631,West,30,2024-01-15,
16632,Customer 16632,North,10,2024-01-15,
16633,Customer 16633,West,10,2024-01-15,
16634,Customer 16634,East,20,2024-01-15,
16635,Customer 16635,East,9999999,2024-01-15,
16636,Customer 16636,West,9999999,2024-01-15,
16637,Customer 16637,South,20,2024-01-15,
16638,Customer 16638,East,9999999,2024-01-15,
16639,Customer 16639,West,20,2024-01-15,
16640,Customer 16640,North,30,2024-01-15,
16641,Customer 16641,West,9999999,2024-01-15,
16642,Customer 16642,West,20,2024-01-15,
16643,Customer 16643,North,9999999,2024-01-15,
16644,Customer 16644,North,10,2024-01-15,
16645,Customer 16645,West,20,2024-01-15,
16646,Customer 16646,North,10,2024-01-15,
16647,Customer 16647,South,30,2024-01-15,
16648,Customer 16648,South,10,2024-01-15,
16649,Customer 16649,South,9999999,2024-01-15,
16650,Customer 16650 ,South,10,2024-01-15,
16651,Customer 16651,East,10,2024-01-15,
16652,Customer 16652,North,10,2024-01-15,
16653,Customer 16653,East,30,2024-01-15,
16654,Customer 16654,South,9999999,2024-01-15,
16655,Customer 16655,East,30,2024-01-15,
16656,Customer 16656,South,9999999,2024-01-15,
16657,Customer 16657,North,20,2024-01-15,
16658,Customer 16658,West,10,2024-01-15,
16659,Customer 16659,West,30,2024-01-15,
16660,Customer 16660,South,9999999,2024-01-15,
16661,Customer 16661,South,20,2024-01-15,
16662,Customer 16662,North,30,2024-01-15,
16663,Customer 16663,East,20,2024-01-15,
16664,Customer 16664,South,20,2024-01-15,
16665,Customer 16665,South,9999999,2024-01-15,
16666,Customer 16666,South,30,2024-01-15,
16667,Customer 16667,East,10,2024-01-15,
16668,Customer 16668,South,10,2024-01-15,
16669,Customer 16669,West,10,2024-01-15,
16670,Customer 16670,East,30,2024-01-15,
16671,Customer 16671,North,30,2024-01-15,
16672,Customer 16672,South,30,2024-01-15,
16673,Customer 16673,South,10,2024-01-15,
16674,Customer 16674,East,30,2024-01-15,
16675,Customer 16675,East,20,2024-01-15,
16676,Customer 16676,West,10,2024-01-15,
16677,Customer 16677,East,30,2024-01-15,
16678,Customer 16678,South,10,2024-01-15,
16679,Customer 16679,South,20,2024-01-15,
16680,Customer 16680,West,10,2024-01-15,
16681,Customer 16681,South,10,2024-01-15,
16682,Customer 16682,East,30,2024-01-15,
16683,Customer 16683,East,10,2024-01-15,
16684,Customer 16684,North,20,2024-01-15,
16685,Customer 16685,North,10,2024-01-15,
16686,Customer 16686,West,9999999,2024-01-15,
16687,Customer 16687 ,South,10,2024-01-15,
16688,Customer 16688,East,20,2024-01-15,
16689,Customer 16689,South,20,2024-01-15,
16690,Customer 16690,West,9999999,2024-01-15,
16691,Customer 16691,West,20,2024-01-15,
16692,Customer 16692,East,9999999,2024-01-15,
16693,Customer 16693,East,30,2024-01-15,
16694,Customer 16694,West,9999999,2024-01-15,
16695,Customer 16695,West,10,2024-01-15,
16696,Customer 16696,West,20,2024-01-15,
16697,Customer 16697,West,30,2024-01-15,
16698,Customer 16698,East,20,2024-01-15,
16699,Customer 16699,East,30,2024-01-15,
16700,Customer 16700,East,10,2024-01-15,
16701,Customer 16701,North,9999999,2024-01-15,
16702,Customer 16702,West,20,2024-01-15,
16703,Customer 16703,West,9999999,2024-01-15,
16704,Customer 16704,East,10,2024-01-15,
16705,Customer 16705,South,20,2024-01-15,
16706,Customer 16706,East,20,2024-01-15,
16707,Customer 16707,West,20,2024-01-15,
16708,Customer 16708,South,10,2024-01-15,
16709,Customer 16709,East,10,2024-01-15,
16710,Customer 16710,North,10,2024-01-15,
16711,Customer 16711,East,20,2024-01-15,
16712,Customer 16712,South,20,2024-01-15,
16713,Customer 16713,West,10,2024-01-15,
16714,Customer 16714,West,20,2024-01-15,
16715,Customer 16715,South,30,2024-01-15,
16716,Customer 16716,West,30,2024-01-15,
16717,Customer 16717,South,9999999,2024-01-15,
16718,Customer 16718,North,20,2024-01-15,
16719,Customer 16719,North,20,2024-01-15,
16720,Customer 16720,West,20,2024-01-15,
16721,Customer 16721,North,10,2024-01-15,
16722,Customer 16722,West,20,2024-01-15,
16723,Customer 16723,South,30,2024-01-15,
16724,Customer 16724 ,East,30,2024-01-15,
16725,Customer 16725,North,9999999,2024-01-15,
16726,Customer 16726,South,30,2024-01-15,
16727,Customer 16727,North,10,2024-01-15,
16728,Customer 16728,South,9999999,2024-01-15,
16729,Customer 16729,North,20,2024-01-15,
16730,Customer 16730,East,9999999,2024-01-15,
16731,Customer 16731,North,10,2024-01-15,
16732,Customer 16732,East,10,2024-01-15,
16733,Customer 16733,South,30,2024-01-15,
16734,Customer 16734,East,9999999,2024-01-15,
16735,Customer 16735,West,20,2024-01-15,
16736,Customer 16736,East,30,2024-01-15,
16737,Customer 16737,South,30,2024-01-15,
16738,Customer 16738,West,20,2024-01-15,
16739,Customer 16739,East,10,2024-01-15,
16740,Customer 16740,South,20,2024-01-15,
16741,Customer 16741,North,10,2024-01-15,
16742,Customer 16742,South,9999999,2024-01-15,
16743,Customer 16743,West,20,2024-01-15,
16744,Customer 16744,South,9999999,2024-01-15,
16745,Customer 16745,South,30,2024-01-15,
16746,Customer 16746,North,9999999,2024-01-15,
16747,Customer 16747,East,9999999,2024-01-15,
16748,Customer 16748,North,9999999,2024-01-15,
16749,Customer 16749,South,10,2024-01-15,
16750,Customer 16750,East,20,2024-01-15,
16751,Customer 16751,North,20,2024-01-15,
16752,Customer 16752,North,10,2024-01-15,
16753,Customer 16753,North,10,2024-01-15,
16754,Customer 16754,South,9999999,2024-01-15,
16755,Customer 16755,East,20,2024-01-15,
16756,Customer 16756,West,9999999,2024-01-15,
16757,Customer 16757,East,9999999,2024-01-15,
16758,Customer 16758,West,30,2024-01-15,
16759,Customer 16759,West,30,2024-01-15,
16760,Customer 16760,West,10,2024-01-15,
16761,Customer 16761 ,East,20,2024-01-15,
16762,Customer 16762,North,9999999,2024-01-15,
16763,Customer 16763,East,20,2024-01-15,
16764,Customer 16764,West,30,2024-01-15,
16765,Customer 16765,South,20,2024-01-15,
16766,Customer 16766,East,20,2024-01-15,
16767,Customer 16767,East,9999999,2024-01-15,
16768,Customer 16768,East,9999999,2024-01-15,
16769,Customer 16769,East,10,2024-01-15,
16770,Customer 16770,West,30,2024-01-15,
16771,Customer 16771,East,20,2024-01-15,
16772,Customer 16772,West,10,2024-01-15,
16773,Customer 16773,West,30,2024-01-15,
16774,Customer 16774,East,20,2024-01-15,
16775,Customer 16775,East,10,2024-01-15,
16776,Customer 16776,West,10,2024-01-15,
16777,Customer 16777,West,9999999,2024-01-15,
16778,Customer 16778,East,30,2024-01-15,
16779,Customer 16779,East,9999999,2024-01-15,
16780,Customer 16780,North,9999999,2024-01-15,
16781,Customer 16781,South,10,2024-01-15,
16782,Customer 16782,West,20,2024-01-15,
16783,Customer 16783,South,30,2024-01-15,
16784,Customer 16784,West,20,2024-01-15,
16785,Customer 16785,East,30,2024-01-15,
16786,Customer 16786,North,20,2024-01-15,
16787,Customer 16787,South,10,2024-01-15,
16788,Customer 16788,South,20,2024-01-15,
16789,Customer 16789,North,30,2024-01-15,
16790,Customer 16790,East,30,2024-01-15,
16791,Customer 16791,West,30,2024-01-15,
16792,Customer 16792,South,30,2024-01-15,
16793,Customer 16793,South,9999999,2024-01-15,
16794,Customer 16794,West,20,2024-01-15,
16795,Customer 16795,West,9999999,2024-01-15,
16796,Customer 16796,East,10,2024-01-15,
16797,Customer 16797,East,10,2024-01-15,
16798,Customer 16798 ,West,20,2024-01-15,
16799,Customer 16799,South,30,2024-01-15,
16800,Customer 16800,South,10,2024-01-15,
16801,Customer 16801,North,9999999,2024-01-15,
16802,Customer 16802,South,10,2024-01-15,
16803,Customer 16803,South,9999999,2024-01-15,
16804,Customer 16804,South,20,2024-01-15,
16805,Customer 16805,North,10,2024-01-15,
16806,Customer 16806,East,20,2024-01-15,
16807,Customer 16807,East,20,2024-01-15,
16808,Customer 16808,South,20,2024-01-15,
16809,Customer 16809,East,20,2024-01-15,
16810,Customer 16810,North,10,2024-01-15,
16811,Customer 16811,West,30,2024-01-15,
16812,Customer 16812,East,20,2024-01-15,
16813,Customer 16813,West,10,2024-01-15,
16814,Customer 16814,East,9999999,2024-01-15,
16815,Customer 16815,North,20,2024-01-15,
16816,Customer 16816,South,9999999,2024-01-15,
16817,Customer 16817,West,30,2024-01-15,
16818,Customer 16818,West,9999999,2024-01-15,
16819,Customer 16819,North,10,2024-01-15,
16820,Customer 16820,South,9999999,2024-01-15,
16821,Customer 16821,East,30,2024-01-15,
16822,Customer 16822,West,9999999,2024-01-15,
16823,Customer 16823,West,9999999,2024-01-15,
16824,Customer 16824,South,30,2024-01-15,
16825,Customer 16825,North,9999999,2024-01-15,
16826,Customer 16826,South,30,2024-01-15,
16827,Customer 16827,South,9999999,2024-01-15,
16828,Customer 16828,North,30,2024-01-15,
16829,Customer 16829,East,30,2024-01-15,
16830,Customer 16830,East,20,2024-01-15,
16831,Customer 16831,South,9999999,2024-01-15,
16832,Customer 16832,South,9999999,2024-01-15,
16833,Customer 16833,West,9999999,2024-01-15,
16834,Customer 16834,South,20,2024-01-15,
16835,Customer 16835 ,East,20,2024-01-15,
16836,Customer 16836,South,9999999,2024-01-15,
16837,Customer 16837,South,9999999,2024-01-15,
16838,Customer 16838,West,30,2024-01-15,
16839,Customer 16839,West,20,2024-01-15,
16840,Customer 16840,East,10,2024-01-15,
16841,Customer 16841,South,9999999,2024-01-15,
16842,Customer 16842,South,20,2024-01-15,
16843,Customer 16843,East,30,2024-01-15,
16844,Customer 16844,West,9999999,2024-01-15,
16845,Customer 16845,North,9999999,2024-01-15,
16846,Customer 16846,East,10,2024-01-15,
16847,Customer 16847,East,10,2024-01-15,
16848,Customer 16848,North,9999999,2024-01-15,
16849,Customer 16849,West,10,2024-01-15,
16850,Customer 16850,South,9999999,2024-01-15,
16851,Customer 16851,West,9999999,2024-01-15,
16852,Customer 16852,East,20,2024-01-15,
16853,Customer 16853,East,30,2024-01-15,
16854,Customer 16854,South,10,2024-01-15,
16855,Customer 16855,North,30,2024-01-15,
16856,Customer 16856,East,9999999,2024-01-15,
16857,Customer 16857,North,9999999,2024-01-15,
16858,Customer 16858,East,20,2024-01-15,
16859,Customer 16859,North,30,2024-01-15,
16860,Customer 16860,South,20,2024-01-15,
16861,Customer 16861,South,10,2024-01-15,
16862,Customer 16862,North,10,2024-01-15,
16863,Customer 16863,South,9999999,2024-01-15,
16864,Customer 16864,West,30,2024-01-15,
16865,Customer 16865,North,9999999,2024-01-15,
16866,Customer 16866,South,20,2024-01-15,
16867,Customer 16867,West,9999999,2024-01-15,
16868,Customer 16868,North,20,2024-01-15,
16869,Customer 16869,South,10,2024-01-15,
16870,Customer 16870,North,20,2024-01-15,
16871,Customer 16871,West,10,2024-01-15,
16872,Customer 16872 ,North,20,2024-01-15,
16873,Customer 16873,South,30,2024-01-15,
16874,Customer 16874,North,10,2024-01-15,
16875,Customer 16875,South,20,2024-01-15,
16876,Customer 16876,East,10,2024-01-15,
16877,Customer 16877,South,20,2024-01-15,
16878,Customer 16878,South,10,2024-01-15,
16879,Customer 16879,West,20,2024-01-15,
16880,Customer 16880,North,20,2024-01-15,
16881,Customer 16881,North,30,2024-01-15,
16882,Customer 16882,North,20,2024-01-15,
16883,Customer 16883,West,20,2024-01-15,
16884,Customer 16884,South,10,2024-01-15,
16885,Customer 16885,North,20,2024-01-15,
16886,Customer 16886,West,9999999,2024-01-15,
16887,Customer 16887,North,20,2024-01-15,
16888,Customer 16888,South,10,2024-01-15,
16889,Customer 16889,North,30,2024-01-15,
16890,Customer 16890,North,20,2024-01-15,
16891,Customer 16891,West,9999999,2024-01-15,
16892,Customer 16892,West,30,2024-01-15,
16893,Customer 16893,North,10,2024-01-15,
16894,Customer 16894,North,10,2024-01-15,
16895,Customer 16895,West,10,2024-01-15,
16896,Customer 16896,East,9999999,2024-01-15,
16897,Customer 16897,South,20,2024-01-15,
16898,Customer 16898,East,30,2024-01-15,
16899,Customer 16899,East,20,2024-01-15,
16900,Customer 16900,West,20,2024-01-15,
16901,Customer 16901,East,10,2024-01-15,
16902,Customer 16902,East,10,2024-01-15,
16903,Customer 16903,West,30,2024-01-15,
16904,Customer 16904,West,30,2024-01-15,
16905,Customer 16905,North,10,2024-01-15,
16906,Customer 16906,North,9999999,2024-01-15,
16907,Customer 16907,North,9999999,2024-01-15,
16908,Customer 16908,West,20,2024-01-15,
16909,Customer 16909 ,South,20,2024-01-15,
16910,Customer 16910,East,10,2024-01-15,
16911,Customer 16911,North,10,2024-01-15,
16912,Customer 16912,North,20,2024-01-15,
16913,Customer 16913,East,20,2024-01-15,
16914,Customer 16914,South,10,2024-01-15,
16915,Customer 16915,South,20,2024-01-15,
16916,Customer 16916,West,10,2024-01-15,
16917,Customer 16917,North,10,2024-01-15,
16918,Customer 16918,South,30,2024-01-15,
16919,Customer 16919,East,20,2024-01-15,
16920,Customer 16920,South,10,2024-01-15,
16921,Customer 16921,East,20,2024-01-15,
16922,Customer 16922,West,20,2024-01-15,
16923,Customer 16923,South,9999999,2024-01-15,
16924,Customer 16924,South,30,2024-01-15,
16925,Customer 16925,South,10,2024-01-15,
16926,Customer 16926,South,10,2024-01-15,
16927,Customer 16927,North,10,2024-01-15,
16928,Customer 16928,West,9999999,2024-01-15,
16929,Customer 16929,East,30,2024-01-15,
16930,Customer 16930,South,20,2024-01-15,
16931,Customer 16931,West,20,2024-01-15,
16932,Customer 16932,North,9999999,2024-01-15,
16933,Customer 16933,North,10,2024-01-15,
16934,Customer 16934,West,9999999,2024-01-15,
16935,Customer 16935,North,10,2024-01-15,
16936,Customer 16936,West,9999999,2024-01-15,
16937,Customer 16937,South,9999999,2024-01-15,
16938,Customer 16938,South,10,2024-01-15,
16939,Customer 16939,North,30,2024-01-15,
16940,Customer 16940,South,30,2024-01-15,
16941,Customer 16941,East,9999999,2024-01-15,
16942,Customer 16942,West,20,2024-01-15,
16943,Customer 16943,South,9999999,2024-01-15,
16944,Customer 16944,South,10,2024-01-15,
16945,Customer 16945,North,20,2024-01-15,
16946,Customer 16946 ,North,30,2024-01-15,
16947,Customer 16947,East,9999999,2024-01-15,
16948,Customer 16948,North,20,2024-01-15,
16949,Customer 16949,North,30,2024-01-15,
16950,Customer 16950,South,30,2024-01-15,
16951,Customer 16951,East,10,2024-01-15,
16952,Customer 16952,North,10,2024-01-15,
16953,Customer 16953,North,30,2024-01-15,
16954,Customer 16954,East,9999999,2024-01-15,
16955,Customer 16955,North,30,2024-01-15,
16956,Customer 16956,East,30,2024-01-15,
16957,Customer 16957,East,20,2024-01-15,
16958,Customer 16958,West,9999999,2024-01-15,
16959,Customer 16959,North,9999999,2024-01-15,
16960,Customer 16960,West,20,2024-01-15,
16961,Customer 16961,West,30,2024-01-15,
16962,Customer 16962,West,9999999,2024-01-15,
16963,Customer 16963,North,10,2024-01-15,
16964,Customer 16964,North,20,2024-01-15,
16965,Customer 16965,West,9999999,2024-01-15,
16966,Customer 16966,East,30,2024-01-15,
16967,Customer 16967,East,10,2024-01-15,
16968,Customer 16968,East,20,2024-01-15,
16969,Customer 16969,North,30,2024-01-15,
16970,Customer 16970,West,10,2024-01-15,
16971,Customer 16971,West,20,2024-01-15,
16972,Customer 16972,West,20,2024-01-15,
16973,Customer 16973,South,9999999,2024-01-15,
16974,Customer 16974,South,20,2024-01-15,
16975,Customer 16975,North,10,2024-01-15,
16976,Customer 16976,South,20,2024-01-15,
16977,Customer 16977,East,10,2024-01-15,
16978,Customer 16978,North,10,2024-01-15,
16979,Customer 16979,North,20,2024-01-15,
16980,Customer 16980,East,20,2024-01-15,
16981,Customer 16981,West,10,2024-01-15,
16982,Customer 16982,West,20,2024-01-15,
16983,Customer 16983 ,North,10,2024-01-15,
16984,Customer 16984,East,10,2024-01-15,
16985,Customer 16985,South,10,2024-01-15,
16986,Customer 16986,North,30,2024-01-15,
16987,Customer 16987,East,9999999,2024-01-15,
16988,Customer 16988,North,10,2024-01-15,
16989,Customer 16989,East,9999999,2024-01-15,
16990,Customer 16990,North,9999999,2024-01-15,
16991,Customer 16991,West,10,2024-01-15,
16992,Customer 16992,West,10,2024-01-15,
16993,Customer 16993,East,30,2024-01-15,
16994,Customer 16994,West,9999999,2024-01-15,
16995,Customer 16995,South,9999999,2024-01-15,
16996,Customer 16996,South,10,2024-01-15,
16997,Customer 16997,North,30,2024-01-15,
16998,Customer 16998,North,9999999,2024-01-15,
16999,Customer 16999,East,30,2024-01-15,
17000,Customer 17000,North,N/A,2024-01-15,
17001,Customer 17001,North,20,2024-01-15,
17002,Customer 17002,North,10,2024-01-15,
17003,Customer 17003,East,10,2024-01-15,
17004,Customer 17004,West,30,2024-01-15,
17005,Customer 17005,West,9999999,2024-01-15,
17006,Customer 17006,West,9999999,2024-01-15,
17007,Customer 17007,North,9999999,2024-01-15,
17008,Customer 17008,South,30,2024-01-15,
17009,Customer 17009,West,30,2024-01-15,
17010,Customer 17010,North,10,2024-01-15,
17011,Customer 17011,North,9999999,2024-01-15,
17012,Customer 17012,North,20,2024-01-15,
17013,Customer 17013,West,9999999,2024-01-15,
17014,Customer 17014,East,30,2024-01-15,
17015,Customer 17015,West,10,2024-01-15,
17016,Customer 17016,North,9999999,2024-01-15,
17017,Customer 17017,South,20,2024-01-15,
17018,Customer 17018,North,20,2024-01-15,
17019,Customer 17019,East,30,2024-01-15,
17020,Customer 17020 ,East,20,2024-01-15,
17021,Customer 17021,South,9999999,2024-01-15,
17022,Customer 17022,West,9999999,2024-01-15,
17023,Customer 17023,East,20,2024-01-15,
17024,Customer 17024,South,20,2024-01-15,
17025,Customer 17025,East,10,2024-01-15,
17026,Customer 17026,East,20,2024-01-15,
17027,Customer 17027,South,9999999,2024-01-15,
17028,Customer 17028,West,30,2024-01-15,
17029,Customer 17029,West,20,2024-01-15,
17030,Customer 17030,South,20,2024-01-15,
17031,Customer 17031,East,20,2024-01-15,
17032,Customer 17032,North,9999999,2024-01-15,
17033,Customer 17033,East,20,2024-01-15,
17034,Customer 17034,South,10,2024-01-15,
17035,Customer 17035,West,9999999,2024-01-15,
17036,Customer 17036,East,20,2024-01-15,
17037,Customer 17037,East,9999999,2024-01-15,
17038,Customer 17038,East,30,2024-01-15,
17039,Customer 17039,West,20,2024-01-15,
17040,Customer 17040,South,20,2024-01-15,
17041,Customer 17041,West,30,2024-01-15,
17042,Customer 17042,South,30,2024-01-15,
17043,Customer 17043,North,20,2024-01-15,
17044,Customer 17044,West,9999999,2024-01-15,
17045,Customer 17045,South,9999999,2024-01-15,
17046,Customer 17046,West,20,2024-01-15,
17047,Customer 17047,East,20,2024-01-15,
17048,Customer 17048,South,20,2024-01-15,
17049,Customer 17049,North,30,2024-01-15,
17050,Customer 17050,South,9999999,2024-01-15,
17051,Customer 17051,North,10,2024-01-15,
17052,Customer 17052,West,9999999,2024-01-15,
17053,Customer 17053,South,20,2024-01-15,
17054,Customer 17054,North,30,2024-01-15,
17055,Customer 17055,East,10,2024-01-15,
17056,Customer 17056,North,20,2024-01-15,
17057,Customer 17057 ,West,30,2024-01-15,
17058,Customer 17058,East,20,2024-01-15,
17059,Customer 17059,South,30,2024-01-15,
17060,Customer 17060,South,9999999,2024-01-15,
17061,Customer 17061,South,9999999,2024-01-15,
17062,Customer 17062,South,9999999,2024-01-15,
17063,Customer 17063,South,20,2024-01-15,
17064,Customer 17064,West,30,2024-01-15,
17065,Customer 17065,East,10,2024-01-15,
17066,Customer 17066,East,30,2024-01-15,
17067,Customer 17067,East,30,2024-01-15,
17068,Customer 17068,East,10,2024-01-15,
17069,Customer 17069,East,20,2024-01-15,
17070,Customer 17070,South,30,2024-01-15,
17071,Customer 17071,North,10,2024-01-15,
17072,Customer 17072,West,10,2024-01-15,
17073,Customer 17073,East,30,2024-01-15,
17074,Customer 17074,East,30,2024-01-15,
17075,Customer 17075,West,30,2024-01-15,
17076,Customer 17076,South,30,2024-01-15,
17077,Customer 17077,East,10,2024-01-15,
17078,Customer 17078,East,20,2024-01-15,
17079,Customer 17079,South,9999999,2024-01-15,
17080,Customer 17080,East,10,2024-01-15,
17081,Customer 17081,South,10,2024-01-15,
17082,Customer 17082,North,10,2024-01-15,
17083,Customer 17083,East,9999999,2024-01-15,
17084,Customer 17084,South,9999999,2024-01-15,
17085,Customer 17085,West,30,2024-01-15,
17086,Customer 17086,South,30,2024-01-15,
17087,Customer 17087,South,9999999,2024-01-15,
17088,Customer 17088,West,30,2024-01-15,
17089,Customer 17089,East,20,2024-01-15,
17090,Customer 17090,West,20,2024-01-15,
17091,Customer 17091,North,30,2024-01-15,
17092,Customer 17092,South,30,2024-01-15,
17093,Customer 17093,North,10,2024-01-15,
17094,Customer 17094 ,East,9999999,2024-01-15,
17095,Customer 17095,East,10,2024-01-15,
17096,Customer 17096,North,30,2024-01-15,
17097,Customer 17097,East,20,2024-01-15,
17098,Customer 17098,South,9999999,2024-01-15,
17099,Customer 17099,North,20,2024-01-15,
17100,Customer 17100,West,30,2024-01-15,
17101,Customer 17101,East,20,2024-01-15,
17102,Customer 17102,South,30,2024-01-15,
17103,Customer 17103,North,10,2024-01-15,
17104,Customer 17104,South,10,2024-01-15,
17105,Customer 17105,West,30,2024-01-15,
17106,Customer 17106,South,30,2024-01-15,
17107,Customer 17107,West,9999999,2024-01-15,
17108,Customer 17108,East,20,2024-01-15,
17109,Customer 17109,North,20,2024-01-15,
17110,Customer 17110,East,10,2024-01-15,
17111,Customer 17111,North,9999999,2024-01-15,
17112,Customer 17112,West,9999999,2024-01-15,
17113,Customer 17113,North,9999999,2024-01-15,
17114,Customer 17114,West,10,2024-01-15,
17115,Customer 17115,South,9999999,2024-01-15,
17116,Customer 17116,East,9999999,2024-01-15,
17117,Customer 17117,South,10,2024-01-15,
17118,Customer 17118,West,10,2024-01-15,
17119,Customer 17119,West,10,2024-01-15,
17120,Customer 17120,North,30,2024-01-15,
17121,Customer 17121,North,9999999,2024-01-15,
17122,Customer 17122,West,30,2024-01-15,
17123,Customer 17123,East,10,2024-01-15,
17124,Customer 17124,North,10,2024-01-15,
17125,Customer 17125,South,10,2024-01-15,
17126,Customer 17126,North,30,2024-01-15,
17127,Customer 17127,South,20,2024-01-15,
17128,Customer 17128,West,10,2024-01-15,
17129,Customer 17129,North,10,2024-01-15,
17130,Customer 17130,North,30,2024-01-15,
17131,Customer 17131 ,West,20,2024-01-15,
17132,Customer 17132,West,20,2024-01-15,
17133,Customer 17133,South,20,2024-01-15,
17134,Customer 17134,South,10,2024-01-15,
17135,Customer 17135,West,10,2024-01-15,
17136,Customer 17136,East,10,2024-01-15,
17137,Customer 17137,South,30,2024-01-15,
17138,Customer 17138,North,30,2024-01-15,
17139,Customer 17139,West,9999999,2024-01-15,
17140,Customer 17140,West,9999999,2024-01-15,
17141,Customer 17141,South,30,2024-01-15,
17142,Customer 17142,North,10,2024-01-15,
17143,Customer 17143,East,10,2024-01-15,
17144,Customer 17144,East,10,2024-01-15,
17145,Customer 17145,South,30,2024-01-15,
17146,Customer 17146,West,30,2024-01-15,
17147,Customer 17147,West,10,2024-01-15,
17148,Customer 17148,West,20,2024-01-15,
17149,Customer 17149,South,20,2024-01-15,
17150,Customer 17150,North,9999999,2024-01-15,
17151,Customer 17151,East,30,2024-01-15,
17152,Customer 17152,East,20,2024-01-15,
17153,Customer 17153,West,30,2024-01-15,
17154,Customer 17154,West,30,2024-01-15,
17155,Customer 17155,South,9999999,2024-01-15,
17156,Customer 17156,South,9999999,2024-01-15,
17157,Customer 17157,North,20,2024-01-15,
17158,Customer 17158,East,30,2024-01-15,
17159,Customer 17159,West,9999999,2024-01-15,
17160,Customer 17160,South,9999999,2024-01-15,
17161,Customer 17161,West,9999999,2024-01-15,
17162,Customer 17162,North,9999999,2024-01-15,
17163,Customer 17163,East,9999999,2024-01-15,
17164,Customer 17164,North,10,2024-01-15,
17165,Customer 17165,South,30,2024-01-15,
17166,Customer 17166,North,30,2024-01-15,
17167,Customer 17167,North,30,2024-01-15,
17168,Customer 17168 ,South,30,2024-01-15,
17169,Customer 17169,South,10,2024-01-15,
17170,Customer 17170,West,30,2024-01-15,
17171,Customer 17171,South,10,2024-01-15,
17172,Customer 17172,West,30,2024-01-15,
17173,Customer 17173,West,9999999,2024-01-15,
17174,Customer 17174,West,10,2024-01-15,
17175,Customer 17175,East,20,2024-01-15,
17176,Customer 17176,West,30,2024-01-15,
17177,Customer 17177,North,9999999,2024-01-15,
17178,Customer 17178,East,9999999,2024-01-15,
17179,Customer 17179,South,10,2024-01-15,
17180,Customer 17180,North,10,2024-01-15,
17181,Customer 17181,East,10,2024-01-15,
17182,Customer 17182,West,20,2024-01-15,
17183,Customer 17183,South,20,2024-01-15,
17184,Customer 17184,East,9999999,2024-01-15,
17185,Customer 17185,North,30,2024-01-15,
17186,Customer 17186,South,10,2024-01-15,
17187,Customer 17187,East,30,2024-01-15,
17188,Customer 17188,North,30,2024-01-15,
17189,Customer 17189,South,30,2024-01-15,
17190,Customer 17190,West,30,2024-01-15,
17191,Customer 17191,South,30,2024-01-15,
17192,Customer 17192,South,30,2024-01-15,
17193,Customer 17193,South,30,2024-01-15,
17194,Customer 17194,West,9999999,2024-01-15,
17195,Customer 17195,North,30,2024-01-15,
17196,Customer 17196,West,9999999,2024-01-15,
17197,Customer 17197,East,30,2024-01-15,
17198,Customer 17198,South,9999999,2024-01-15,
17199,Customer 17199,East,9999999,2024-01-15,
17200,Customer 17200,South,30,2024-01-15,
17201,Customer 17201,North,30,2024-01-15,
17202,Customer 17202,South,20,2024-01-15,
17203,Customer 17203,East,30,2024-01-15,
17204,Customer 17204,West,9999999,2024-01-15,
17205,Customer 17205 ,North,10,2024-01-15,
17206,Customer 17206,East,9999999,2024-01-15,
17207,Customer 17207,South,20,2024-01-15,
17208,Customer 17208,South,9999999,2024-01-15,
17209,Customer 17209,West,30,2024-01-15,
17210,Customer 17210,South,30,2024-01-15,
17211,Customer 17211,West,20,2024-01-15,
17212,Customer 17212,East,9999999,2024-01-15,
17213,Customer 17213,South,10,2024-01-15,
17214,Customer 17214,South,10,2024-01-15,
17215,Customer 17215,East,30,2024-01-15,
17216,Customer 17216,West,10,2024-01-15,
17217,Customer 17217,North,10,2024-01-15,
17218,Customer 17218,North,30,2024-01-15,
17219,Customer 17219,North,30,2024-01-15,
17220,Customer 17220,East,20,2024-01-15,
17221,Customer 17221,West,20,2024-01-15,
17222,Customer 17222,West,30,2024-01-15,
17223,Customer 17223,South,30,2024-01-15,
17224,Customer 17224,North,30,2024-01-15,
17225,Customer 17225,West,20,2024-01-15,
17226,Customer 17226,South,9999999,2024-01-15,
17227,Customer 17227,South,30,2024-01-15,
17228,Customer 17228,West,30,2024-01-15,
17229,Customer 17229,East,10,2024-01-15,
17230,Customer 17230,West,20,2024-01-15,
17231,Customer 17231,North,20,2024-01-15,
17232,Customer 17232,North,30,2024-01-15,
17233,Customer 17233,South,30,2024-01-15,
17234,Customer 17234,West,10,2024-01-15,
17235,Customer 17235,South,20,2024-01-15,
17236,Customer 17236,West,30,2024-01-15,
17237,Customer 17237,North,10,2024-01-15,
17238,Customer 17238,West,9999999,2024-01-15,
17239,Customer 17239,West,20,2024-01-15,
17240,Customer 17240,South,20,2024-01-15,
17241,Customer 17241,East,9999999,2024-01-15,
17242,Customer 17242 ,South,20,2024-01-15,
17243,Customer 17243,East,10,2024-01-15,
17244,Customer 17244,North,10,2024-01-15,
17245,Customer 17245,North,9999999,2024-01-15,
17246,Customer 17246,North,9999999,2024-01-15,
17247,Customer 17247,South,20,2024-01-15,
17248,Customer 17248,North,20,2024-01-15,
17249,Customer 17249,East,30,2024-01-15,
17250,Customer 17250,North,30,2024-01-15,
17251,Customer 17251,South,30,2024-01-15,
17252,Customer 17252,West,9999999,2024-01-15,
17253,Customer 17253,South,10,2024-01-15,
17254,Customer 17254,South,10,2024-01-15,
17255,Customer 17255,South,10,2024-01-15,
17256,Customer 17256,North,9999999,2024-01-15,
17257,Customer 17257,North,20,2024-01-15,
17258,Customer 17258,South,10,2024-01-15,
17259,Customer 17259,West,9999999,2024-01-15,
17260,Customer 17260,West,9999999,2024-01-15,
17261,Customer 17261,West,9999999,2024-01-15,
17262,Customer 17262,South,9999999,2024-01-15,
17263,Customer 17263,East,9999999,2024-01-15,
17264,Customer 17264,West,9999999,2024-01-15,
17265,Customer 17265,East,30,2024-01-15,
17266,Customer 17266,East,30,2024-01-15,
17267,Customer 17267,North,30,2024-01-15,
17268,Customer 17268,East,20,2024-01-15,
17269,Customer 17269,East,10,2024-01-15,
17270,Customer 17270,South,30,2024-01-15,
17271,Customer 17271,North,30,2024-01-15,
17272,Customer 17272,North,10,2024-01-15,
17273,Customer 17273,West,20,2024-01-15,
17274,Customer 17274,East,20,2024-01-15,
17275,Customer 17275,South,30,2024-01-15,
17276,Customer 17276,North,20,2024-01-15,
17277,Customer 17277,South,20,2024-01-15,
17278,Customer 17278,South,20,2024-01-15,
17279,Customer 17279 ,South,10,2024-01-15,
17280,Customer 17280,North,30,2024-01-15,
17281,Customer 17281,East,30,2024-01-15,
17282,Customer 17282,North,30,2024-01-15,
17283,Customer 17283,North,9999999,2024-01-15,
17284,Customer 17284,West,20,2024-01-15,
17285,Customer 17285,North,30,2024-01-15,
17286,Customer 17286,South,9999999,2024-01-15,
17287,Customer 17287,North,9999999,2024-01-15,
17288,Customer 17288,West,9999999,2024-01-15,
17289,Customer 17289,North,30,2024-01-15,
17290,Customer 17290,North,30,2024-01-15,
17291,Customer 17291,East,30,2024-01-15,
17292,Customer 17292,West,9999999,2024-01-15,
17293,Customer 17293,North,20,2024-01-15,
17294,Customer 17294,East,9999999,2024-01-15,
17295,Customer 17295,East,20,2024-01-15,
17296,Customer 17296,West,20,2024-01-15,
17297,Customer 17297,South,9999999,2024-01-15,
17298,Customer 17298,South,10,2024-01-15,
17299,Customer 17299,North,30,2024-01-15,
17300,Customer 17300,East,9999999,2024-01-15,
17301,Customer 17301,South,9999999,2024-01-15,
17302,Customer 17302,South,30,2024-01-15,
17303,Customer 17303,South,10,2024-01-15,
17304,Customer 17304,East,20,2024-01-15,
17305,Customer 17305,West,20,2024-01-15,
17306,Customer 17306,North,9999999,2024-01-15,
17307,Customer 17307,East,20,2024-01-15,
17308,Customer 17308,East,20,2024-01-15,
17309,Customer 17309,East,10,2024-01-15,
17310,Customer 17310,North,30,2024-01-15,
17311,Customer 17311,East,9999999,2024-01-15,
17312,Customer 17312,East,10,2024-01-15,
17313,Customer 17313,West,30,2024-01-15,
17314,Customer 17314,East,30,2024-01-15,
17315,Customer 17315,East,9999999,2024-01-15,
17316,Customer 17316 ,South,30,2024-01-15,
17317,Customer 17317,North,20,2024-01-15,
17318,Customer 17318,East,10,2024-01-15,
17319,Customer 17319,East,10,2024-01-15,
17320,Customer 17320,East,20,2024-01-15,
17321,Customer 17321,West,20,2024-01-15,
17322,Customer 17322,East,9999999,2024-01-15,
17323,Customer 17323,East,30,2024-01-15,
17324,Customer 17324,North,9999999,2024-01-15,
17325,Customer 17325,West,10,2024-01-15,
17326,Customer 17326,East,9999999,2024-01-15,
17327,Customer 17327,North,10,2024-01-15,
17328,Customer 17328,West,30,2024-01-15,
17329,Customer 17329,North,9999999,2024-01-15,
17330,Customer 17330,West,20,2024-01-15,
17331,Customer 17331,South,9999999,2024-01-15,
17332,Customer 17332,North,30,2024-01-15,
17333,Customer 17333,North,20,2024-01-15,
17334,Customer 17334,East,10,2024-01-15,
17335,Customer 17335,West,10,2024-01-15,
17336,Customer 17336,North,9999999,2024-01-15,
17337,Customer 17337,South,9999999,2024-01-15,
17338,Customer 17338,West,30,2024-01-15,
17339,Customer 17339,South,10,2024-01-15,
17340,Customer 17340,West,10,2024-01-15,
17341,Customer 17341,South,10,2024-01-15,
17342,Customer 17342,North,30,2024-01-15,
17343,Customer 17343,South,9999999,2024-01-15,
17344,Customer 17344,West,10,2024-01-15,
17345,Customer 17345,East,30,2024-01-15,
17346,Customer 17346,East,9999999,2024-01-15,
17347,Customer 17347,West,20,2024-01-15,
17348,Customer 17348,East,30,2024-01-15,
17349,Customer 17349,South,20,2024-01-15,
17350,Customer 17350,West,20,2024-01-15,
17351,Customer 17351,East,9999999,2024-01-15,
17352,Customer 17352,East,10,2024-01-15,
17353,Customer 17353 ,West,10,2024-01-15,
17354,Customer 17354,North,9999999,2024-01-15,
17355,Customer 17355,East,30,2024-01-15,
17356,Customer 17356,North,9999999,2024-01-15,
17357,Customer 17357,East,30,2024-01-15,
17358,Customer 17358,West,9999999,2024-01-15,
17359,Customer 17359,West,10,2024-01-15,
17360,Customer 17360,East,9999999,2024-01-15,
17361,Customer 17361,South,10,2024-01-15,
17362,Customer 17362,South,9999999,2024-01-15,
17363,Customer 17363,East,9999999,2024-01-15,
17364,Customer 17364,North,9999999,2024-01-15,
17365,Customer 17365,East,30,2024-01-15,
17366,Customer 17366,North,30,2024-01-15,
17367,Customer 17367,North,9999999,2024-01-15,
17368,Customer 17368,South,10,2024-01-15,
17369,Customer 17369,East,20,2024-01-15,
17370,Customer 17370,South,9999999,2024-01-15,
17371,Customer 17371,South,20,2024-01-15,
17372,Customer 17372,East,30,2024-01-15,
17373,Customer 17373,South,10,2024-01-15,
17374,Customer 17374,West,30,2024-01-15,
17375,Customer 17375,North,9999999,2024-01-15,
17376,Customer 17376,North,20,2024-01-15,
17377,Customer 17377,West,20,2024-01-15,
17378,Customer 17378,East,9999999,2024-01-15,
17379,Customer 17379,West,9999999,2024-01-15,
17380,Customer 17380,West,30,2024-01-15,
17381,Customer 17381,South,9999999,2024-01-15,
17382,Customer 17382,West,10,2024-01-15,
17383,Customer 17383,North,20,2024-01-15,
17384,Customer 17384,South,30,2024-01-15,
17385,Customer 17385,North,9999999,2024-01-15,
17386,Customer 17386,South,30,2024-01-15,
17387,Customer 17387,South,9999999,2024-01-15,
17388,Customer 17388,East,20,2024-01-15,
17389,Customer 17389,West,10,2024-01-15,
17390,Customer 17390 ,South,30,2024-01-15,
17391,Customer 17391,North,20,2024-01-15,
17392,Customer 17392,South,10,2024-01-15,
17393,Customer 17393,East,9999999,2024-01-15,
17394,Customer 17394,North,9999999,2024-01-15,
17395,Customer 17395,West,10,2024-01-15,
17396,Customer 17396,South,9999999,2024-01-15,
17397,Customer 17397,North,10,2024-01-15,
17398,Customer 17398,South,9999999,2024-01-15,
17399,Customer 17399,North,9999999,2024-01-15,
17400,Customer 17400,East,30,2024-01-15,
17401,Customer 17401,West,20,2024-01-15,
17402,Customer 17402,West,10,2024-01-15,
17403,Customer 17403,South,20,2024-01-15,
17404,Customer 17404,North,20,2024-01-15,
17405,Customer 17405,South,9999999,2024-01-15,
17406,Customer 17406,West,30,2024-01-15,
17407,Customer 17407,South,9999999,2024-01-15,
17408,Customer 17408,West,30,2024-01-15,
17409,Customer 17409,East,9999999,2024-01-15,
17410,Customer 17410,East,9999999,2024-01-15,
17411,Customer 17411,East,20,2024-01-15,
17412,Customer 17412,North,10,2024-01-15,
17413,Customer 17413,North,30,2024-01-15,
17414,Customer 17414,South,10,2024-01-15,
17415,Customer 17415,West,20,2024-01-15,
17416,Customer 17416,North,20,2024-01-15,
17417,Customer 17417,South,20,2024-01-15,
17418,Customer 17418,South,30,2024-01-15,
17419,Customer 17419,East,9999999,2024-01-15,
17420,Customer 17420,South,9999999,2024-01-15,
17421,Customer 17421,South,30,2024-01-15,
17422,Customer 17422,East,20,2024-01-15,
17423,Customer 17423,North,9999999,2024-01-15,
17424,Customer 17424,South,10,2024-01-15,
17425,Customer 17425,South,10,2024-01-15,
17426,Customer 17426,West,10,2024-01-15,
17427,Customer 17427 ,West,30,2024-01-15,
17428,Customer 17428,North,20,2024-01-15,
17429,Customer 17429,South,30,2024-01-15,
17430,Customer 17430,North,10,2024-01-15,
17431,Customer 17431,South,10,2024-01-15,
17432,Customer 17432,West,10,2024-01-15,
17433,Customer 17433,North,9999999,2024-01-15,
17434,Customer 17434,West,20,2024-01-15,
17435,Customer 17435,West,9999999,2024-01-15,
17436,Customer 17436,South,9999999,2024-01-15,
17437,Customer 17437,East,9999999,2024-01-15,
17438,Customer 17438,South,9999999,2024-01-15,
17439,Customer 17439,South,10,2024-01-15,
17440,Customer 17440,West,20,2024-01-15,
17441,Customer 17441,East,30,2024-01-15,
17442,Customer 17442,North,30,2024-01-15,
17443,Customer 17443,South,20,2024-01-15,
17444,Customer 17444,North,9999999,2024-01-15,
17445,Customer 17445,East,20,2024-01-15,
17446,Customer 17446,South,10,2024-01-15,
17447,Customer 17447,East,9999999,2024-01-15,
17448,Customer 17448,East,20,2024-01-15,
17449,Customer 17449,North,20,2024-01-15,
17450,Customer 17450,South,20,2024-01-15,
17451,Customer 17451,East,30,2024-01-15,
17452,Customer 17452,West,20,2024-01-15,
17453,Customer 17453,West,30,2024-01-15,
17454,Customer 17454,North,9999999,2024-01-15,
17455,Customer 17455,North,30,2024-01-15,
17456,Customer 17456,North,20,2024-01-15,
17457,Customer 17457,West,30,2024-01-15,
17458,Customer 17458,North,9999999,2024-01-15,
17459,Customer 17459,North,9999999,2024-01-15,
17460,Customer 17460,West,20,2024-01-15,
17461,Customer 17461,South,30,2024-01-15,
17462,Customer 17462,East,30,2024-01-15,
17463,Customer 17463,East,10,2024-01-15,
17464,Customer 17464 ,South,20,2024-01-15,
17465,Customer 17465,North,20,2024-01-15,
17466,Customer 17466,East,10,2024-01-15,
17467,Customer 17467,East,10,2024-01-15,
17468,Customer 17468,West,9999999,2024-01-15,
17469,Customer 17469,West,9999999,2024-01-15,
17470,Customer 17470,North,30,2024-01-15,
17471,Customer 17471,West,20,2024-01-15,
17472,Customer 17472,West,10,2024-01-15,
17473,Customer 17473,West,30,2024-01-15,
17474,Customer 17474,East,9999999,2024-01-15,
17475,Customer 17475,South,20,2024-01-15,
17476,Customer 17476,West,20,2024-01-15,
17477,Customer 17477,East,10,2024-01-15,
17478,Customer 17478,North,30,2024-01-15,
17479,Customer 17479,East,20,2024-01-15,
17480,Customer 17480,East,30,2024-01-15,
17481,Customer 17481,East,20,2024-01-15,
17482,Customer 17482,West,30,2024-01-15,
17483,Customer 17483,West,9999999,2024-01-15,
17484,Customer 17484,North,9999999,2024-01-15,
17485,Customer 17485,West,20,2024-01-15,
17486,Customer 17486,East,30,2024-01-15,
17487,Customer 17487,North,10,2024-01-15,
17488,Customer 17488,East,10,2024-01-15,
17489,Customer 17489,West,30,2024-01-15,
17490,Customer 17490,South,9999999,2024-01-15,
17491,Customer 17491,South,20,2024-01-15,
17492,Customer 17492,South,30,2024-01-15,
17493,Customer 17493,North,9999999,2024-01-15,
17494,Customer 17494,East,10,2024-01-15,
17495,Customer 17495,South,10,2024-01-15,
17496,Customer 17496,North,9999999,2024-01-15,
17497,Customer 17497,West,9999999,2024-01-15,
17498,Customer 17498,East,10,2024-01-15,
17499,Customer 17499,West,20,2024-01-15,
17500,Customer 17500,North,N/A,2024-01-15,
17501,Customer 17501 ,North,9999999,2024-01-15,
17502,Customer 17502,South,9999999,2024-01-15,
17503,Customer 17503,South,10,2024-01-15,
17504,Customer 17504,South,10,2024-01-15,
17505,Customer 17505,North,20,2024-01-15,
17506,Customer 17506,South,10,2024-01-15,
17507,Customer 17507,West,10,2024-01-15,
17508,Customer 17508,West,9999999,2024-01-15,
17509,Customer 17509,South,9999999,2024-01-15,
17510,Customer 17510,South,9999999,2024-01-15,
17511,Customer 17511,South,10,2024-01-15,
17512,Customer 17512,South,9999999,2024-01-15,
17513,Customer 17513,East,30,2024-01-15,
17514,Customer 17514,West,20,2024-01-15,
17515,Customer 17515,West,30,2024-01-15,
17516,Customer 17516,North,9999999,2024-01-15,
17517,Customer 17517,North,9999999,2024-01-15,
17518,Customer 17518,East,10,2024-01-15,
17519,Customer 17519,East,9999999,2024-01-15,
17520,Customer 17520,East,9999999,2024-01-15,
17521,Customer 17521,West,20,2024-01-15,
17522,Customer 17522,West,9999999,2024-01-15,
17523,Customer 17523,East,10,2024-01-15,
17524,Customer 17524,West,30,2024-01-15,
17525,Customer 17525,South,9999999,2024-01-15,
17526,Customer 17526,North,20,2024-01-15,
17527,Customer 17527,East,9999999,2024-01-15,
17528,Customer 17528,East,10,2024-01-15,
17529,Customer 17529,West,30,2024-01-15,
17530,Customer 17530,South,9999999,2024-01-15,
17531,Customer 17531,East,10,2024-01-15,
17532,Customer 17532,North,9999999,2024-01-15,
17533,Customer 17533,South,10,2024-01-15,
17534,Customer 17534,South,30,2024-01-15,
17535,Customer 17535,South,10,2024-01-15,
17536,Customer 17536,West,20,2024-01-15,
17537,Customer 17537,South,9999999,2024-01-15,
17538,Customer 17538 ,East,30,2024-01-15,
17539,Customer 17539,North,9999999,2024-01-15,
17540,Customer 17540,East,10,2024-01-15,
17541,Customer 17541,East,10,2024-01-15,
17542,Customer 17542,North,10,2024-01-15,
17543,Customer 17543,West,30,2024-01-15,
17544,Customer 17544,East,10,2024-01-15,
17545,Customer 17545,North,9999999,2024-01-15,
17546,Customer 17546,North,10,2024-01-15,
17547,Customer 17547,North,10,2024-01-15,
17548,Customer 17548,West,10,2024-01-15,
17549,Customer 17549,East,20,2024-01-15,
17550,Customer 17550,West,30,2024-01-15,
17551,Customer 17551,South,9999999,2024-01-15,
17552,Customer 17552,West,30,2024-01-15,
17553,Customer 17553,South,30,2024-01-15,
17554,Customer 17554,South,9999999,2024-01-15,
17555,Customer 17555,East,10,2024-01-15,
17556,Customer 17556,South,10,2024-01-15,
17557,Customer 17557,East,10,2024-01-15,
17558,Customer 17558,West,9999999,2024-01-15,
17559,Customer 17559,South,10,2024-01-15,
17560,Customer 17560,North,20,2024-01-15,
17561,Customer 17561,North,20,2024-01-15,
17562,Customer 17562,East,30,2024-01-15,
17563,Customer 17563,East,20,2024-01-15,
17564,Customer 17564,East,20,2024-01-15,
17565,Customer 17565,North,10,2024-01-15,
17566,Customer 17566,North,10,2024-01-15,
17567,Customer 17567,East,20,2024-01-15,
17568,Customer 17568,North,30,2024-01-15,
17569,Customer 17569,South,30,2024-01-15,
17570,Customer 17570,North,30,2024-01-15,
17571,Customer 17571,East,20,2024-01-15,
17572,Customer 17572,North,9999999,2024-01-15,
17573,Customer 17573,South,20,2024-01-15,
17574,Customer 17574,West,20,2024-01-15,
17575,Customer 17575 ,West,9999999,2024-01-15,
17576,Customer 17576,West,9999999,2024-01-15,
17577,Customer 17577,West,10,2024-01-15,
17578,Customer 17578,East,20,2024-01-15,
17579,Customer 17579,South,10,2024-01-15,
17580,Customer 17580,North,30,2024-01-15,
17581,Customer 17581,West,20,2024-01-15,
17582,Customer 17582,West,20,2024-01-15,
17583,Customer 17583,East,30,2024-01-15,
17584,Customer 17584,North,20,2024-01-15,
17585,Customer 17585,South,10,2024-01-15,
17586,Customer 17586,South,9999999,2024-01-15,
17587,Customer 17587,South,20,2024-01-15,
17588,Customer 17588,North,9999999,2024-01-15,
17589,Customer 17589,West,20,2024-01-15,
17590,Customer 17590,South,9999999,2024-01-15,
17591,Customer 17591,North,20,2024-01-15,
17592,Customer 17592,North,9999999,2024-01-15,
17593,Customer 17593,East,30,2024-01-15,
17594,Customer 17594,East,10,2024-01-15,
17595,Customer 17595,South,10,2024-01-15,
17596,Customer 17596,North,20,2024-01-15,
17597,Customer 17597,West,10,2024-01-15,
17598,Customer 17598,North,9999999,2024-01-15,
17599,Customer 17599,West,30,2024-01-15,
17600,Customer 17600,West,9999999,2024-01-15,
17601,Customer 17601,West,9999999,2024-01-15,
17602,Customer 17602,South,10,2024-01-15,
17603,Customer 17603,North,20,2024-01-15,
17604,Customer 17604,North,20,2024-01-15,
17605,Customer 17605,West,20,2024-01-15,
17606,Customer 17606,West,30,2024-01-15,
17607,Customer 17607,North,30,2024-01-15,
17608,Customer 17608,South,30,2024-01-15,
17609,Customer 17609,North,20,2024-01-15,
17610,Customer 17610,West,20,2024-01-15,
17611,Customer 17611,West,10,2024-01-15,
17612,Customer 17612 ,West,9999999,2024-01-15,
17613,Customer 17613,North,9999999,2024-01-15,
17614,Customer 17614,East,20,2024-01-15,
17615,Customer 17615,South,9999999,2024-01-15,
17616,Customer 17616,East,9999999,2024-01-15,
17617,Customer 17617,West,30,2024-01-15,
17618,Customer 17618,South,10,2024-01-15,
17619,Customer 17619,East,9999999,2024-01-15,
17620,Customer 17620,West,9999999,2024-01-15,
17621,Customer 17621,East,30,2024-01-15,
17622,Customer 17622,East,10,2024-01-15,
17623,Customer 17623,South,30,2024-01-15,
17624,Customer 17624,East,9999999,2024-01-15,
17625,Customer 17625,East,20,2024-01-15,
17626,Customer 17626,East,9999999,2024-01-15,
17627,Customer 17627,South,30,2024-01-15,
17628,Customer 17628,South,30,2024-01-15,
17629,Customer 17629,North,9999999,2024-01-15,
17630,Customer 17630,East,10,2024-01-15,
17631,Customer 17631,North,10,2024-01-15,
17632,Customer 17632,East,10,2024-01-15,
17633,Customer 17633,West,9999999,2024-01-15,
17634,Customer 17634,South,20,2024-01-15,
17635,Customer 17635,North,30,2024-01-15,
17636,Customer 17636,West,30,2024-01-15,
17637,Customer 17637,East,9999999,2024-01-15,
17638,Customer 17638,West,9999999,2024-01-15,
17639,Customer 17639,East,10,2024-01-15,
17640,Customer 17640,West,10,2024-01-15,
17641,Customer 17641,South,10,2024-01-15,
17642,Customer 17642,North,20,2024-01-15,
17643,Customer 17643,East,20,2024-01-15,
17644,Customer 17644,East,9999999,2024-01-15,
17645,Customer 17645,South,10,2024-01-15,
17646,Customer 17646,East,9999999,2024-01-15,
17647,Customer 17647,North,9999999,2024-01-15,
17648,Customer 17648,East,20,2024-01-15,
17649,Customer 17649 ,West,30,2024-01-15,
17650,Customer 17650,South,20,2024-01-15,
17651,Customer 17651,South,20,2024-01-15,
17652,Customer 17652,East,20,2024-01-15,
17653,Customer 17653,South,30,2024-01-15,
17654,Customer 17654,East,30,2024-01-15,
17655,Customer 17655,North,9999999,2024-01-15,
17656,Customer 17656,North,30,2024-01-15,
17657,Customer 17657,East,30,2024-01-15,
17658,Customer 17658,South,9999999,2024-01-15,
17659,Customer 17659,South,9999999,2024-01-15,
17660,Customer 17660,South,10,2024-01-15,
17661,Customer 17661,East,20,2024-01-15,
17662,Customer 17662,West,20,2024-01-15,
17663,Customer 17663,West,10,2024-01-15,
17664,Customer 17664,West,10,2024-01-15,
17665,Customer 17665,West,20,2024-01-15,
17666,Customer 17666,East,9999999,2024-01-15,
17667,Customer 17667,West,9999999,2024-01-15,
17668,Customer 17668,South,20,2024-01-15,
17669,Customer 17669,North,9999999,2024-01-15,
17670,Customer 17670,East,20,2024-01-15,
17671,Customer 17671,West,30,2024-01-15,
17672,Customer 17672,South,9999999,2024-01-15,
17673,Customer 17673,North,9999999,2024-01-15,
17674,Customer 17674,North,20,2024-01-15,
17675,Customer 17675,South,20,2024-01-15,
17676,Customer 17676,North,30,2024-01-15,
17677,Customer 17677,South,20,2024-01-15,
17678,Customer 17678,North,20,2024-01-15,
17679,Customer 17679,South,9999999,2024-01-15,
17680,Customer 17680,South,30,2024-01-15,
17681,Customer 17681,North,30,2024-01-15,
17682,Customer 17682,East,30,2024-01-15,
17683,Customer 17683,East,30,2024-01-15,
17684,Customer 17684,North,30,2024-01-15,
17685,Customer 17685,East,20,2024-01-15,
17686,Customer 17686 ,North,20,2024-01-15,
17687,Customer 17687,North,30,2024-01-15,
17688,Customer 17688,South,10,2024-01-15,
17689,Customer 17689,West,30,2024-01-15,
17690,Customer 17690,North,20,2024-01-15,
17691,Customer 17691,South,20,2024-01-15,
17692,Customer 17692,West,20,2024-01-15,
17693,Customer 17693,South,9999999,2024-01-15,
17694,Customer 17694,East,30,2024-01-15,
17695,Customer 17695,East,10,2024-01-15,
17696,Customer 17696,West,9999999,2024-01-15,
17697,Customer 17697,West,30,2024-01-15,
17698,Customer 17698,West,10,2024-01-15,
17699,Customer 17699,South,9999999,2024-01-15,
17700,Customer 17700,South,10,2024-01-15,
17701,Customer 17701,East,20,2024-01-15,
17702,Customer 17702,West,10,2024-01-15,
17703,Customer 17703,West,20,2024-01-15,
17704,Customer 17704,West,30,2024-01-15,
17705,Customer 17705,South,30,2024-01-15,
17706,Customer 17706,West,30,2024-01-15,
17707,Customer 17707,North,9999999,2024-01-15,
17708,Customer 17708,South,20,2024-01-15,
17709,Customer 17709,South,10,2024-01-15,
17710,Customer 17710,West,30,2024-01-15,
17711,Customer 17711,East,20,2024-01-15,
17712,Customer 17712,West,9999999,2024-01-15,
17713,Customer 17713,West,20,2024-01-15,
17714,Customer 17714,North,20,2024-01-15,
17715,Customer 17715,South,9999999,2024-01-15,
17716,Customer 17716,North,20,2024-01-15,
17717,Customer 17717,West,30,2024-01-15,
17718,Customer 17718,North,10,2024-01-15,
17719,Customer 17719,South,9999999,2024-01-15,
17720,Customer 17720,South,9999999,2024-01-15,
17721,Customer 17721,South,10,2024-01-15,
17722,Customer 17722,West,20,2024-01-15,
17723,Customer 17723 ,North,30,2024-01-15,
17724,Customer 17724,West,30,2024-01-15,
17725,Customer 17725,North,30,2024-01-15,
17726,Customer 17726,West,10,2024-01-15,
17727,Customer 17727,East,20,2024-01-15,
17728,Customer 17728,North,20,2024-01-15,
17729,Customer 17729,North,20,2024-01-15,
17730,Customer 17730,North,10,2024-01-15,
17731,Customer 17731,West,9999999,2024-01-15,
17732,Customer 17732,West,20,2024-01-15,
17733,Customer 17733,South,9999999,2024-01-15,
17734,Customer 17734,East,20,2024-01-15,
17735,Customer 17735,East,30,2024-01-15,
17736,Customer 17736,North,30,2024-01-15,
17737,Customer 17737,North,30,2024-01-15,
17738,Customer 17738,West,30,2024-01-15,
17739,Customer 17739,South,9999999,2024-01-15,
17740,Customer 17740,East,20,2024-01-15,
17741,Customer 17741,North,10,2024-01-15,
17742,Customer 17742,East,10,2024-01-15,
17743,Customer 17743,North,9999999,2024-01-15,
17744,Customer 17744,West,10,2024-01-15,
17745,Customer 17745,North,9999999,2024-01-15,
17746,Customer 17746,South,10,2024-01-15,
17747,Customer 17747,North,9999999,2024-01-15,
17748,Customer 17748,West,30,2024-01-15,
17749,Customer 17749,North,10,2024-01-15,
17750,Customer 17750,East,9999999,2024-01-15,
17751,Customer 17751,South,30,2024-01-15,
17752,Customer 17752,West,10,2024-01-15,
17753,Customer 17753,East,20,2024-01-15,
17754,Customer 17754,North,30,2024-01-15,
17755,Customer 17755,West,10,2024-01-15,
17756,Customer 17756,West,9999999,2024-01-15,
17757,Customer 17757,East,30,2024-01-15,
17758,Customer 17758,South,9999999,2024-01-15,
17759,Customer 17759,North,20,2024-01-15,
17760,Customer 17760 ,East,9999999,2024-01-15,
17761,Customer 17761,South,10,2024-01-15,
17762,Customer 17762,South,30,2024-01-15,
17763,Customer 17763,South,20,2024-01-15,
17764,Customer 17764,East,30,2024-01-15,
17765,Customer 17765,North,30,2024-01-15,
17766,Customer 17766,North,9999999,2024-01-15,
17767,Customer 17767,North,10,2024-01-15,
17768,Customer 17768,South,9999999,2024-01-15,
17769,Customer 17769,North,30,2024-01-15,
17770,Customer 17770,South,20,2024-01-15,
17771,Customer 17771,East,10,2024-01-15,
17772,Customer 17772,West,10,2024-01-15,
17773,Customer 17773,West,9999999,2024-01-15,
17774,Customer 17774,East,10,2024-01-15,
17775,Customer 17775,South,30,2024-01-15,
17776,Customer 17776,South,20,2024-01-15,
17777,Customer 17777,West,10,2024-01-15,
17778,Customer 17778,East,10,2024-01-15,
17779,Customer 17779,East,9999999,2024-01-15,
17780,Customer 17780,East,30,2024-01-15,
17781,Customer 17781,South,10,2024-01-15,
17782,Customer 17782,East,20,2024-01-15,
17783,Customer 17783,South,20,2024-01-15,
17784,Customer 17784,South,10,2024-01-15,
17785,Customer 17785,East,10,2024-01-15,
17786,Customer 17786,North,20,2024-01-15,
17787,Customer 17787,South,30,2024-01-15,
17788,Customer 17788,West,10,2024-01-15,
17789,Customer 17789,North,9999999,2024-01-15,
17790,Customer 17790,South,10,2024-01-15,
17791,Customer 17791,West,9999999,2024-01-15,
17792,Customer 17792,East,20,2024-01-15,
17793,Customer 17793,East,10,2024-01-15,
17794,Customer 17794,West,10,2024-01-15,
17795,Customer 17795,South,20,2024-01-15,
17796,Customer 17796,North,30,2024-01-15,
17797,Customer 17797 ,East,20,2024-01-15,
17798,Customer 17798,North,20,2024-01-15,
17799,Customer 17799,South,20,2024-01-15,
17800,Customer 17800,North,30,2024-01-15,
17801,Customer 17801,West,20,2024-01-15,
17802,Customer 17802,West,30,2024-01-15,
17803,Customer 17803,South,20,2024-01-15,
17804,Customer 17804,East,20,2024-01-15,
17805,Customer 17805,North,30,2024-01-15,
17806,Customer 17806,West,20,2024-01-15,
17807,Customer 17807,East,9999999,2024-01-15,
17808,Customer 17808,South,30,2024-01-15,
17809,Customer 17809,South,30,2024-01-15,
17810,Customer 17810,North,30,2024-01-15,
17811,Customer 17811,South,20,2024-01-15,
17812,Customer 17812,West,10,2024-01-15,
17813,Customer 17813,North,30,2024-01-15,
17814,Customer 17814,West,30,2024-01-15,
17815,Customer 17815,South,20,2024-01-15,
17816,Customer 17816,East,10,2024-01-15,
17817,Customer 17817,East,10,2024-01-15,
17818,Customer 17818,East,10,2024-01-15,
17819,Customer 17819,North,9999999,2024-01-15,
17820,Customer 17820,North,30,2024-01-15,
17821,Customer 17821,North,30,2024-01-15,
17822,Customer 17822,South,20,2024-01-15,
17823,Customer 17823,West,9999999,2024-01-15,
17824,Customer 17824,North,20,2024-01-15,
17825,Customer 17825,North,10,2024-01-15,
17826,Customer 17826,East,9999999,2024-01-15,
17827,Customer 17827,East,30,2024-01-15,
17828,Customer 17828,South,9999999,2024-01-15,
17829,Customer 17829,North,10,2024-01-15,
17830,Customer 17830,North,9999999,2024-01-15,
17831,Customer 17831,East,9999999,2024-01-15,
17832,Customer 17832,North,10,2024-01-15,
17833,Customer 17833,East,20,2024-01-15,
17834,Customer 17834 ,West,30,2024-01-15,
17835,Customer 17835,West,30,2024-01-15,
17836,Customer 17836,West,30,2024-01-15,
17837,Customer 17837,West,20,2024-01-15,
17838,Customer 17838,East,30,2024-01-15,
17839,Customer 17839,West,9999999,2024-01-15,
17840,Customer 17840,North,9999999,2024-01-15,
17841,Customer 17841,South,9999999,2024-01-15,
17842,Customer 17842,West,20,2024-01-15,
17843,Customer 17843,North,9999999,2024-01-15,
17844,Customer 17844,West,30,2024-01-15,
17845,Customer 17845,North,30,2024-01-15,
17846,Customer 17846,North,20,2024-01-15,
17847,Customer 17847,North,10,2024-01-15,
17848,Customer 17848,West,20,2024-01-15,
17849,Customer 17849,South,20,2024-01-15,
17850,Customer 17850,South,30,2024-01-15,
17851,Customer 17851,North,30,2024-01-15,
17852,Customer 17852,South,30,2024-01-15,
17853,Customer 17853,East,20,2024-01-15,
17854,Customer 17854,West,10,2024-01-15,
17855,Customer 17855,South,10,2024-01-15,
17856,Customer 17856,East,9999999,2024-01-15,
17857,Customer 17857,West,9999999,2024-01-15,
17858,Customer 17858,South,30,2024-01-15,
17859,Customer 17859,West,9999999,2024-01-15,
17860,Customer 17860,North,30,2024-01-15,
17861,Customer 17861,North,20,2024-01-15,
17862,Customer 17862,South,9999999,2024-01-15,
17863,Customer 17863,West,9999999,2024-01-15,
17864,Customer 17864,West,10,2024-01-15,
17865,Customer 17865,South,30,2024-01-15,
17866,Customer 17866,North,30,2024-01-15,
17867,Customer 17867,East,20,2024-01-15,
17868,Customer 17868,West,20,2024-01-15,
17869,Customer 17869,East,9999999,2024-01-15,
17870,Customer 17870,South,20,2024-01-15,
17871,Customer 17871 ,North,20,2024-01-15,
17872,Customer 17872,East,20,2024-01-15,
17873,Customer 17873,East,20,2024-01-15,
17874,Customer 17874,West,20,2024-01-15,
17875,Customer 17875,East,10,2024-01-15,
17876,Customer 17876,South,20,2024-01-15,
17877,Customer 17877,South,9999999,2024-01-15,
17878,Customer 17878,North,30,2024-01-15,
17879,Customer 17879,North,10,2024-01-15,
17880,Customer 17880,West,30,2024-01-15,
17881,Customer 17881,West,30,2024-01-15,
17882,Customer 17882,East,30,2024-01-15,
17883,Customer 17883,South,9999999,2024-01-15,
17884,Customer 17884,West,9999999,2024-01-15,
17885,Customer 17885,East,10,2024-01-15,
17886,Customer 17886,West,10,2024-01-15,
17887,Customer 17887,North,9999999,2024-01-15,
17888,Customer 17888,East,30,2024-01-15,
17889,Customer 17889,East,9999999,2024-01-15,
17890,Customer 17890,West,9999999,2024-01-15,
17891,Customer 17891,West,20,2024-01-15,
17892,Customer 17892,North,10,2024-01-15,
17893,Customer 17893,East,20,2024-01-15,
17894,Customer 17894,East,10,2024-01-15,
17895,Customer 17895,South,9999999,2024-01-15,
17896,Customer 17896,North,9999999,2024-01-15,
17897,Customer 17897,North,10,2024-01-15,
17898,Customer 17898,North,30,2024-01-15,
17899,Customer 17899,East,9999999,2024-01-15,
17900,Customer 17900,East,9999999,2024-01-15,
17901,Customer 17901,North,20,2024-01-15,
17902,Customer 17902,South,9999999,2024-01-15,
17903,Customer 17903,West,10,2024-01-15,
17904,Customer 17904,North,9999999,2024-01-15,
17905,Customer 17905,North,9999999,2024-01-15,
17906,Customer 17906,East,9999999,2024-01-15,
17907,Customer 17907,South,9999999,2024-01-15,
17908,Customer 17908 ,West,20,2024-01-15,
17909,Customer 17909,East,20,2024-01-15,
17910,Customer 17910,North,10,2024-01-15,
17911,Customer 17911,East,10,2024-01-15,
17912,Customer 17912,West,30,2024-01-15,
17913,Customer 17913,West,9999999,2024-01-15,
17914,Customer 17914,South,10,2024-01-15,
17915,Customer 17915,East,9999999,2024-01-15,
17916,Customer 17916,South,9999999,2024-01-15,
17917,Customer 17917,South,10,2024-01-15,
17918,Customer 17918,South,10,2024-01-15,
17919,Customer 17919,East,9999999,2024-01-15,
17920,Customer 17920,East,20,2024-01-15,
17921,Customer 17921,West,10,2024-01-15,
17922,Customer 17922,East,10,2024-01-15,
17923,Customer 17923,East,10,2024-01-15,
17924,Customer 17924,East,30,2024-01-15,
17925,Customer 17925,West,20,2024-01-15,
17926,Customer 17926,North,20,2024-01-15,
17927,Customer 17927,South,30,2024-01-15,
17928,Customer 17928,West,9999999,2024-01-15,
17929,Customer 17929,North,20,2024-01-15,
17930,Customer 17930,East,30,2024-01-15,
17931,Customer 17931,West,9999999,2024-01-15,
17932,Customer 17932,West,10,2024-01-15,
17933,Customer 17933,West,10,2024-01-15,
17934,Customer 17934,East,30,2024-01-15,
17935,Customer 17935,East,10,2024-01-15,
17936,Customer 17936,North,30,2024-01-15,
17937,Customer 17937,North,10,2024-01-15,
17938,Customer 17938,North,30,2024-01-15,
17939,Customer 17939,East,9999999,2024-01-15,
17940,Customer 17940,North,9999999,2024-01-15,
17941,Customer 17941,South,20,2024-01-15,
17942,Customer 17942,North,10,2024-01-15,
17943,Customer 17943,East,9999999,2024-01-15,
17944,Customer 17944,West,10,2024-01-15,
17945,Customer 17945 ,South,9999999,2024-01-15,
17946,Customer 17946,South,9999999,2024-01-15,
17947,Customer 17947,East,20,2024-01-15,
17948,Customer 17948,South,30,2024-01-15,
17949,Customer 17949,South,9999999,2024-01-15,
17950,Customer 17950,East,30,2024-01-15,
17951,Customer 17951,South,9999999,2024-01-15,
17952,Customer 17952,North,30,2024-01-15,
17953,Customer 17953,South,9999999,2024-01-15,
17954,Customer 17954,West,9999999,2024-01-15,
17955,Customer 17955,East,30,2024-01-15,
17956,Customer 17956,East,9999999,2024-01-15,
17957,Customer 17957,South,9999999,2024-01-15,
17958,Customer 17958,North,9999999,2024-01-15,
17959,Customer 17959,East,10,2024-01-15,
17960,Customer 17960,South,20,2024-01-15,
17961,Customer 17961,North,30,2024-01-15,
17962,Customer 17962,West,9999999,2024-01-15,
17963,Customer 17963,North,9999999,2024-01-15,
17964,Customer 17964,South,30,2024-01-15,
17965,Customer 17965,North,9999999,2024-01-15,
17966,Customer 17966,West,10,2024-01-15,
17967,Customer 17967,South,30,2024-01-15,
17968,Customer 17968,East,10,2024-01-15,
17969,Customer 17969,South,10,2024-01-15,
17970,Customer 17970,West,30,2024-01-15,
17971,Customer 17971,North,10,2024-01-15,
17972,Customer 17972,North,30,2024-01-15,
17973,Customer 17973,North,20,2024-01-15,
17974,Customer 17974,West,9999999,2024-01-15,
17975,Customer 17975,West,9999999,2024-01-15,
17976,Customer 17976,South,30,2024-01-15,
17977,Customer 17977,North,9999999,2024-01-15,
17978,Customer 17978,North,9999999,2024-01-15,
17979,Customer 17979,West,20,2024-01-15,
17980,Customer 17980,North,9999999,2024-01-15,
17981,Customer 17981,West,9999999,2024-01-15,
17982,Customer 17982 ,East,20,2024-01-15,
17983,Customer 17983,West,10,2024-01-15,
17984,Customer 17984,South,30,2024-01-15,
17985,Customer 17985,South,9999999,2024-01-15,
17986,Customer 17986,East,10,2024-01-15,
17987,Customer 17987,North,20,2024-01-15,
17988,Customer 17988,West,9999999,2024-01-15,
17989,Customer 17989,West,9999999,2024-01-15,
17990,Customer 17990,South,20,2024-01-15,
17991,Customer 17991,North,9999999,2024-01-15,
17992,Customer 17992,East,20,2024-01-15,
17993,Customer 17993,South,30,2024-01-15,
17994,Customer 17994,West,10,2024-01-15,
17995,Customer 17995,North,20,2024-01-15,
17996,Customer 17996,East,30,2024-01-15,
17997,Customer 17997,East,9999999,2024-01-15,
17998,Customer 17998,South,9999999,2024-01-15,
17999,Customer 17999,West,30,2024-01-15,
18000,Customer 18000,North,N/A,2024-01-15,
18001,Customer 18001,West,30,2024-01-15,
18002,Customer 18002,South,9999999,2024-01-15,
18003,Customer 18003,South,10,2024-01-15,
18004,Customer 18004,North,9999999,2024-01-15,
18005,Customer 18005,North,9999999,2024-01-15,
18006,Customer 18006,East,30,2024-01-15,
18007,Customer 18007,South,10,2024-01-15,
18008,Customer 18008,North,9999999,2024-01-15,
18009,Customer 18009,East,20,2024-01-15,
18010,Customer 18010,West,10,2024-01-15,
18011,Customer 18011,North,20,2024-01-15,
18012,Customer 18012,South,20,2024-01-15,
18013,Customer 18013,West,10,2024-01-15,
18014,Customer 18014,West,9999999,2024-01-15,
18015,Customer 18015,West,9999999,2024-01-15,
18016,Customer 18016,East,30,2024-01-15,
18017,Customer 18017,East,10,2024-01-15,
18018,Customer 18018,South,20,2024-01-15,
18019,Customer 18019 ,South,30,2024-01-15,
18020,Customer 18020,West,10,2024-01-15,
18021,Customer 18021,South,30,2024-01-15,
18022,Customer 18022,South,30,2024-01-15,
18023,Customer 18023,West,20,2024-01-15,
18024,Customer 18024,West,10,2024-01-15,
18025,Customer 18025,East,10,2024-01-15,
18026,Customer 18026,South,10,2024-01-15,
18027,Customer 18027,East,10,2024-01-15,
18028,Customer 18028,South,9999999,2024-01-15,
18029,Customer 18029,North,20,2024-01-15,
18030,Customer 18030,West,20,2024-01-15,
18031,Customer 18031,West,9999999,2024-01-15,
18032,Customer 18032,East,30,2024-01-15,
18033,Customer 18033,East,30,2024-01-15,
18034,Customer 18034,West,20,2024-01-15,
18035,Customer 18035,East,10,2024-01-15,
18036,Customer 18036,North,10,2024-01-15,
18037,Customer 18037,North,9999999,2024-01-15,
18038,Customer 18038,East,30,2024-01-15,
18039,Customer 18039,North,9999999,2024-01-15,
18040,Customer 18040,South,30,2024-01-15,
18041,Customer 18041,North,30,2024-01-15,
18042,Customer 18042,West,9999999,2024-01-15,
18043,Customer 18043,East,30,2024-01-15,
18044,Customer 18044,South,10,2024-01-15,
18045,Customer 18045,East,20,2024-01-15,
18046,Customer 18046,South,9999999,2024-01-15,
18047,Customer 18047,West,30,2024-01-15,
18048,Customer 18048,West,20,2024-01-15,
18049,Customer 18049,East,20,2024-01-15,
18050,Customer 18050,North,9999999,2024-01-15,
18051,Customer 18051,West,10,2024-01-15,
18052,Customer 18052,East,20,2024-01-15,
18053,Customer 18053,North,30,2024-01-15,
18054,Customer 18054,North,30,2024-01-15,
18055,Customer 18055,West,9999999,2024-01-15,
18056,Customer 18056 ,North,30,2024-01-15,
18057,Customer 18057,West,20,2024-01-15,
18058,Customer 18058,East,30,2024-01-15,
18059,Customer 18059,North,20,2024-01-15,
18060,Customer 18060,West,20,2024-01-15,
18061,Customer 18061,East,20,2024-01-15,
18062,Customer 18062,East,30,2024-01-15,
18063,Customer 18063,North,10,2024-01-15,
18064,Customer 18064,West,9999999,2024-01-15,
18065,Customer 18065,North,20,2024-01-15,
18066,Customer 18066,East,20,2024-01-15,
18067,Customer 18067,North,9999999,2024-01-15,
18068,Customer 18068,East,9999999,2024-01-15,
18069,Customer 18069,North,9999999,2024-01-15,
18070,Customer 18070,South,30,2024-01-15,
18071,Customer 18071,East,9999999,2024-01-15,
18072,Customer 18072,South,20,2024-01-15,
18073,Customer 18073,South,20,2024-01-15,
18074,Customer 18074,West,30,2024-01-15,
18075,Customer 18075,North,10,2024-01-15,
18076,Customer 18076,North,10,2024-01-15,
18077,Customer 18077,North,30,2024-01-15,
18078,Customer 18078,West,20,2024-01-15,
18079,Customer 18079,East,10,2024-01-15,
18080,Customer 18080,East,10,2024-01-15,
18081,Customer 18081,West,20,2024-01-15,
18082,Customer 18082,North,30,2024-01-15,
18083,Customer 18083,West,20,2024-01-15,
18084,Customer 18084,West,10,2024-01-15,
18085,Customer 18085,North,20,2024-01-15,
18086,Customer 18086,North,10,2024-01-15,
18087,Customer 18087,North,30,2024-01-15,
18088,Customer 18088,North,30,2024-01-15,
18089,Customer 18089,East,10,2024-01-15,
18090,Customer 18090,South,10,2024-01-15,
18091,Customer 18091,East,20,2024-01-15,
18092,Customer 18092,East,10,2024-01-15,
18093,Customer 18093 ,North,10,2024-01-15,
18094,Customer 18094,East,10,2024-01-15,
18095,Customer 18095,South,9999999,2024-01-15,
18096,Customer 18096,West,30,2024-01-15,
18097,Customer 18097,South,10,2024-01-15,
18098,Customer 18098,South,10,2024-01-15,
18099,Customer 18099,North,10,2024-01-15,
18100,Customer 18100,West,9999999,2024-01-15,
18101,Customer 18101,West,30,2024-01-15,
18102,Customer 18102,South,10,2024-01-15,
18103,Customer 18103,South,10,2024-01-15,
18104,Customer 18104,West,30,2024-01-15,
18105,Customer 18105,West,9999999,2024-01-15,
18106,Customer 18106,South,30,2024-01-15,
18107,Customer 18107,South,10,2024-01-15,
18108,Customer 18108,South,30,2024-01-15,
18109,Customer 18109,South,9999999,2024-01-15,
18110,Customer 18110,West,10,2024-01-15,
18111,Customer 18111,East,30,2024-01-15,
18112,Customer 18112,North,30,2024-01-15,
18113,Customer 18113,West,20,2024-01-15,
18114,Customer 18114,South,10,2024-01-15,
18115,Customer 18115,South,10,2024-01-15,
18116,Customer 18116,North,20,2024-01-15,
18117,Customer 18117,West,30,2024-01-15,
18118,Customer 18118,West,30,2024-01-15,
18119,Customer 18119,West,30,2024-01-15,
18120,Customer 18120,West,10,2024-01-15,
18121,Customer 18121,East,9999999,2024-01-15,
18122,Customer 18122,North,9999999,2024-01-15,
18123,Customer 18123,North,20,2024-01-15,
18124,Customer 18124,East,30,2024-01-15,
18125,Customer 18125,East,10,2024-01-15,
18126,Customer 18126,West,20,2024-01-15,
18127,Customer 18127,North,30,2024-01-15,
18128,Customer 18128,East,9999999,2024-01-15,
18129,Customer 18129,North,30,2024-01-15,
18130,Customer 18130 ,South,9999999,2024-01-15,
18131,Customer 18131,South,30,2024-01-15,
18132,Customer 18132,South,20,2024-01-15,
18133,Customer 18133,North,20,2024-01-15,
18134,Customer 18134,South,9999999,2024-01-15,
18135,Customer 18135,West,30,2024-01-15,
18136,Customer 18136,East,9999999,2024-01-15,
18137,Customer 18137,South,10,2024-01-15,
18138,Customer 18138,North,9999999,2024-01-15,
18139,Customer 18139,East,20,2024-01-15,
18140,Customer 18140,West,30,2024-01-15,
18141,Customer 18141,East,30,2024-01-15,
18142,Customer 18142,North,9999999,2024-01-15,
18143,Customer 18143,East,10,2024-01-15,
18144,Customer 18144,South,20,2024-01-15,
18145,Customer 18145,North,30,2024-01-15,
18146,Customer 18146,East,20,2024-01-15,
18147,Customer 18147,East,30,2024-01-15,
18148,Customer 18148,West,20,2024-01-15,
18149,Customer 18149,North,30,2024-01-15,
18150,Customer 18150,North,20,2024-01-15,
18151,Customer 18151,West,9999999,2024-01-15,
18152,Customer 18152,West,30,2024-01-15,
18153,Customer 18153,South,20,2024-01-15,
18154,Customer 18154,West,30,2024-01-15,
18155,Customer 18155,West,20,2024-01-15,
18156,Customer 18156,South,9999999,2024-01-15,
18157,Customer 18157,South,20,2024-01-15,
18158,Customer 18158,South,9999999,2024-01-15,
18159,Customer 18159,South,10,2024-01-15,
18160,Customer 18160,East,9999999,2024-01-15,
18161,Customer 18161,East,20,2024-01-15,
18162,Customer 18162,South,10,2024-01-15,
18163,Customer 18163,East,30,2024-01-15,
18164,Customer 18164,North,9999999,2024-01-15,
18165,Customer 18165,South,20,2024-01-15,
18166,Customer 18166,North,10,2024-01-15,
18167,Customer 18167 ,West,9999999,2024-01-15,
18168,Customer 18168,North,10,2024-01-15,
18169,Customer 18169,South,9999999,2024-01-15,
18170,Customer 18170,East,30,2024-01-15,
18171,Customer 18171,South,10,2024-01-15,
18172,Customer 18172,East,9999999,2024-01-15,
18173,Customer 18173,West,30,2024-01-15,
18174,Customer 18174,East,20,2024-01-15,
18175,Customer 18175,East,20,2024-01-15,
18176,Customer 18176,East,10,2024-01-15,
18177,Customer 18177,North,20,2024-01-15,
18178,Customer 18178,South,10,2024-01-15,
18179,Customer 18179,South,20,2024-01-15,
18180,Customer 18180,West,10,2024-01-15,
18181,Customer 18181,West,9999999,2024-01-15,
18182,Customer 18182,West,10,2024-01-15,
18183,Customer 18183,West,9999999,2024-01-15,
18184,Customer 18184,West,30,2024-01-15,
18185,Customer 18185,South,9999999,2024-01-15,
18186,Customer 18186,North,10,2024-01-15,
18187,Customer 18187,North,10,2024-01-15,
18188,Customer 18188,North,30,2024-01-15,
18189,Customer 18189,East,20,2024-01-15,
18190,Customer 18190,West,20,2024-01-15,
18191,Customer 18191,West,20,2024-01-15,
18192,Customer 18192,North,10,2024-01-15,
18193,Customer 18193,West,9999999,2024-01-15,
18194,Customer 18194,East,9999999,2024-01-15,
18195,Customer 18195,South,20,2024-01-15,
18196,Customer 18196,South,30,2024-01-15,
18197,Customer 18197,East,20,2024-01-15,
18198,Customer 18198,South,20,2024-01-15,
18199,Customer 18199,South,20,2024-01-15,
18200,Customer 18200,South,30,2024-01-15,
18201,Customer 18201,West,30,2024-01-15,
18202,Customer 18202,West,9999999,2024-01-15,
18203,Customer 18203,West,20,2024-01-15,
18204,Customer 18204 ,East,9999999,2024-01-15,
18205,Customer 18205,West,30,2024-01-15,
18206,Customer 18206,North,30,2024-01-15,
18207,Customer 18207,North,20,2024-01-15,
18208,Customer 18208,South,30,2024-01-15,
18209,Customer 18209,North,10,2024-01-15,
18210,Customer 18210,East,30,2024-01-15,
18211,Customer 18211,North,9999999,2024-01-15,
18212,Customer 18212,West,20,2024-01-15,
18213,Customer 18213,South,20,2024-01-15,
18214,Customer 18214,West,9999999,2024-01-15,
18215,Customer 18215,South,30,2024-01-15,
18216,Customer 18216,East,10,2024-01-15,
18217,Customer 18217,East,9999999,2024-01-15,
18218,Customer 18218,East,20,2024-01-15,
18219,Customer 18219,West,30,2024-01-15,
18220,Customer 18220,North,9999999,2024-01-15,
18221,Customer 18221,South,9999999,2024-01-15,
18222,Customer 18222,East,20,2024-01-15,
18223,Customer 18223,South,20,2024-01-15,
18224,Customer 18224,South,10,2024-01-15,
18225,Customer 18225,East,30,2024-01-15,
18226,Customer 18226,North,9999999,2024-01-15,
18227,Customer 18227,West,9999999,2024-01-15,
18228,Customer 18228,West,30,2024-01-15,
18229,Customer 18229,West,9999999,2024-01-15,
18230,Customer 18230,West,10,2024-01-15,
18231,Customer 18231,West,20,2024-01-15,
18232,Customer 18232,South,10,2024-01-15,
18233,Customer 18233,East,30,2024-01-15,
18234,Customer 18234,South,30,2024-01-15,
18235,Customer 18235,North,10,2024-01-15,
18236,Customer 18236,West,30,2024-01-15,
18237,Customer 18237,South,20,2024-01-15,
18238,Customer 18238,North,30,2024-01-15,
18239,Customer 18239,East,10,2024-01-15,
18240,Customer 18240,South,9999999,2024-01-15,
18241,Customer 18241 ,West,9999999,2024-01-15,
18242,Customer 18242,South,9999999,2024-01-15,
18243,Customer 18243,South,9999999,2024-01-15,
18244,Customer 18244,East,9999999,2024-01-15,
18245,Customer 18245,West,30,2024-01-15,
18246,Customer 18246,North,9999999,2024-01-15,
18247,Customer 18247,South,9999999,2024-01-15,
18248,Customer 18248,North,20,2024-01-15,
18249,Customer 18249,North,10,2024-01-15,
18250,Customer 18250,North,10,2024-01-15,
18251,Customer 18251,East,10,2024-01-15,
18252,Customer 18252,West,20,2024-01-15,
18253,Customer 18253,North,9999999,2024-01-15,
18254,Customer 18254,South,9999999,2024-01-15,
18255,Customer 18255,North,30,2024-01-15,
18256,Customer 18256,West,30,2024-01-15,
18257,Customer 18257,East,30,2024-01-15,
18258,Customer 18258,East,10,2024-01-15,
18259,Customer 18259,West,10,2024-01-15,
18260,Customer 18260,North,9999999,2024-01-15,
18261,Customer 18261,North,10,2024-01-15,
18262,Customer 18262,East,10,2024-01-15,
18263,Customer 18263,West,30,2024-01-15,
18264,Customer 18264,East,20,2024-01-15,
18265,Customer 18265,South,20,2024-01-15,
18266,Customer 18266,East,9999999,2024-01-15,
18267,Customer 18267,West,9999999,2024-01-15,
18268,Customer 18268,South,30,2024-01-15,
18269,Customer 18269,South,30,2024-01-15,
18270,Customer 18270,East,10,2024-01-15,
18271,Customer 18271,West,10,2024-01-15,
18272,Customer 18272,West,10,2024-01-15,
18273,Customer 18273,East,20,2024-01-15,
18274,Customer 18274,South,10,2024-01-15,
18275,Customer 18275,East,20,2024-01-15,
18276,Customer 18276,South,20,2024-01-15,
18277,Customer 18277,South,30,2024-01-15,
18278,Customer 18278 ,West,9999999,2024-01-15,
18279,Customer 18279,West,30,2024-01-15,
18280,Customer 18280,West,9999999,2024-01-15,
18281,Customer 18281,South,9999999,2024-01-15,
18282,Customer 18282,South,30,2024-01-15,
18283,Customer 18283,East,9999999,2024-01-15,
18284,Customer 18284,East,9999999,2024-01-15,
18285,Customer 18285,South,10,2024-01-15,
18286,Customer 18286,North,10,2024-01-15,
18287,Customer 18287,West,30,2024-01-15,
18288,Customer 18288,East,10,2024-01-15,
18289,Customer 18289,West,10,2024-01-15,
18290,Customer 18290,North,9999999,2024-01-15,
18291,Customer 18291,North,20,2024-01-15,
18292,Customer 18292,North,9999999,2024-01-15,
18293,Customer 18293,West,10,2024-01-15,
18294,Customer 18294,West,30,2024-01-15,
18295,Customer 18295,West,9999999,2024-01-15,
18296,Customer 18296,East,9999999,2024-01-15,
18297,Customer 18297,South,9999999,2024-01-15,
18298,Customer 18298,West,10,2024-01-15,
18299,Customer 18299,South,10,2024-01-15,
18300,Customer 18300,South,30,2024-01-15,
18301,Customer 18301,West,30,2024-01-15,
18302,Customer 18302,South,9999999,2024-01-15,
18303,Customer 18303,South,10,2024-01-15,
18304,Customer 18304,East,20,2024-01-15,
18305,Customer 18305,West,20,2024-01-15,
18306,Customer 18306,South,30,2024-01-15,
18307,Customer 18307,East,30,2024-01-15,
18308,Customer 18308,West,9999999,2024-01-15,
18309,Customer 18309,South,9999999,2024-01-15,
18310,Customer 18310,North,30,2024-01-15,
18311,Customer 18311,North,9999999,2024-01-15,
18312,Customer 18312,West,10,2024-01-15,
18313,Customer 18313,South,20,2024-01-15,
18314,Customer 18314,West,30,2024-01-15,
18315,Customer 18315 ,East,9999999,2024-01-15,
18316,Customer 18316,North,9999999,2024-01-15,
18317,Customer 18317,West,20,2024-01-15,
18318,Customer 18318,East,10,2024-01-15,
18319,Customer 18319,West,20,2024-01-15,
18320,Customer 18320,North,20,2024-01-15,
18321,Customer 18321,South,9999999,2024-01-15,
18322,Customer 18322,East,9999999,2024-01-15,
18323,Customer 18323,East,9999999,2024-01-15,
18324,Customer 18324,South,30,2024-01-15,
18325,Customer 18325,East,10,2024-01-15,
18326,Customer 18326,East,10,2024-01-15,
18327,Customer 18327,West,9999999,2024-01-15,
18328,Customer 18328,North,20,2024-01-15,
18329,Customer 18329,West,10,2024-01-15,
18330,Customer 18330,West,20,2024-01-15,
18331,Customer 18331,North,20,2024-01-15,
18332,Customer 18332,East,10,2024-01-15,
18333,Customer 18333,West,10,2024-01-15,
18334,Customer 18334,North,30,2024-01-15,
18335,Customer 18335,West,9999999,2024-01-15,
18336,Customer 18336,East,10,2024-01-15,
18337,Customer 18337,North,10,2024-01-15,
18338,Customer 18338,East,20,2024-01-15,
18339,Customer 18339,West,20,2024-01-15,
18340,Customer 18340,West,20,2024-01-15,
18341,Customer 18341,South,30,2024-01-15,
18342,Customer 18342,South,9999999,2024-01-15,
18343,Customer 18343,West,30,2024-01-15,
18344,Customer 18344,West,9999999,2024-01-15,
18345,Customer 18345,North,9999999,2024-01-15,
18346,Customer 18346,East,30,2024-01-15,
18347,Customer 18347,North,30,2024-01-15,
18348,Customer 18348,North,9999999,2024-01-15,
18349,Customer 18349,West,20,2024-01-15,
18350,Customer 18350,East,10,2024-01-15,
18351,Customer 18351,South,30,2024-01-15,
18352,Customer 18352 ,North,9999999,2024-01-15,
18353,Customer 18353,South,10,2024-01-15,
18354,Customer 18354,South,20,2024-01-15,
18355,Customer 18355,South,10,2024-01-15,
18356,Customer 18356,West,20,2024-01-15,
18357,Customer 18357,West,20,2024-01-15,
18358,Customer 18358,West,30,2024-01-15,
18359,Customer 18359,South,10,2024-01-15,
18360,Customer 18360,South,10,2024-01-15,
18361,Customer 18361,East,9999999,2024-01-15,
18362,Customer 18362,East,10,2024-01-15,
18363,Customer 18363,West,9999999,2024-01-15,
18364,Customer 18364,South,10,2024-01-15,
18365,Customer 18365,East,10,2024-01-15,
18366,Customer 18366,East,20,2024-01-15,
18367,Customer 18367,East,10,2024-01-15,
18368,Customer 18368,North,9999999,2024-01-15,
18369,Customer 18369,West,9999999,2024-01-15,
18370,Customer 18370,East,30,2024-01-15,
18371,Customer 18371,South,20,2024-01-15,
18372,Customer 18372,East,20,2024-01-15,
18373,Customer 18373,South,30,2024-01-15,
18374,Customer 18374,West,30,2024-01-15,
18375,Customer 18375,West,10,2024-01-15,
18376,Customer 18376,North,20,2024-01-15,
18377,Customer 18377,South,20,2024-01-15,
18378,Customer 18378,South,20,2024-01-15,
18379,Customer 18379,East,20,2024-01-15,
18380,Customer 18380,West,20,2024-01-15,
18381,Customer 18381,North,9999999,2024-01-15,
18382,Customer 18382,South,30,2024-01-15,
18383,Customer 18383,West,30,2024-01-15,
18384,Customer 18384,West,30,2024-01-15,
18385,Customer 18385,West,20,2024-01-15,
18386,Customer 18386,West,30,2024-01-15,
18387,Customer 18387,West,30,2024-01-15,
18388,Customer 18388,East,30,2024-01-15,
18389,Customer 18389 ,North,30,2024-01-15,
18390,Customer 18390,South,9999999,2024-01-15,
18391,Customer 18391,North,20,2024-01-15,
18392,Customer 18392,North,10,2024-01-15,
18393,Customer 18393,North,30,2024-01-15,
18394,Customer 18394,West,10,2024-01-15,
18395,Customer 18395,West,30,2024-01-15,
18396,Customer 18396,East,30,2024-01-15,
18397,Customer 18397,East,10,2024-01-15,
18398,Customer 18398,North,10,2024-01-15,
18399,Customer 18399,North,30,2024-01-15,
18400,Customer 18400,North,10,2024-01-15,
18401,Customer 18401,West,9999999,2024-01-15,
18402,Customer 18402,East,9999999,2024-01-15,
18403,Customer 18403,West,30,2024-01-15,
18404,Customer 18404,North,9999999,2024-01-15,
18405,Customer 18405,West,20,2024-01-15,
18406,Customer 18406,West,9999999,2024-01-15,
18407,Customer 18407,West,20,2024-01-15,
18408,Customer 18408,West,30,2024-01-15,
18409,Customer 18409,South,30,2024-01-15,
18410,Customer 18410,South,20,2024-01-15,
18411,Customer 18411,West,30,2024-01-15,
18412,Customer 18412,East,9999999,2024-01-15,
18413,Customer 18413,South,9999999,2024-01-15,
18414,Customer 18414,West,20,2024-01-15,
18415,Customer 18415,South,20,2024-01-15,
18416,Customer 18416,South,9999999,2024-01-15,
18417,Customer 18417,North,10,2024-01-15,
18418,Customer 18418,North,30,2024-01-15,
18419,Customer 18419,South,20,2024-01-15,
18420,Customer 18420,East,9999999,2024-01-15,
18421,Customer 18421,West,20,2024-01-15,
18422,Customer 18422,East,20,2024-01-15,
18423,Customer 18423,North,30,2024-01-15,
18424,Customer 18424,South,30,2024-01-15,
18425,Customer 18425,East,10,2024-01-15,
18426,Customer 18426 ,East,10,2024-01-15,
18427,Customer 18427,East,10,2024-01-15,
18428,Customer 18428,South,9999999,2024-01-15,
18429,Customer 18429,North,9999999,2024-01-15,
18430,Customer 18430,West,9999999,2024-01-15,
18431,Customer 18431,North,20,2024-01-15,
18432,Customer 18432,East,30,2024-01-15,
18433,Customer 18433,West,9999999,2024-01-15,
18434,Customer 18434,West,20,2024-01-15,
18435,Customer 18435,North,9999999,2024-01-15,
18436,Customer 18436,North,30,2024-01-15,
18437,Customer 18437,West,10,2024-01-15,
18438,Customer 18438,West,30,2024-01-15,
18439,Customer 18439,West,20,2024-01-15,
18440,Customer 18440,East,9999999,2024-01-15,
18441,Customer 18441,West,20,2024-01-15,
18442,Customer 18442,West,30,2024-01-15,
18443,Customer 18443,East,30,2024-01-15,
18444,Customer 18444,West,30,2024-01-15,
18445,Customer 18445,South,10,2024-01-15,
18446,Customer 18446,East,10,2024-01-15,
18447,Customer 18447,East,30,2024-01-15,
18448,Customer 18448,North,9999999,2024-01-15,
18449,Customer 18449,South,9999999,2024-01-15,
18450,Customer 18450,South,30,2024-01-15,
18451,Customer 18451,West,30,2024-01-15,
18452,Customer 18452,West,30,2024-01-15,
18453,Customer 18453,West,9999999,2024-01-15,
18454,Customer 18454,South,30,2024-01-15,
18455,Customer 18455,South,9999999,2024-01-15,
18456,Customer 18456,South,10,2024-01-15,
18457,Customer 18457,East,20,2024-01-15,
18458,Customer 18458,West,9999999,2024-01-15,
18459,Customer 18459,West,30,2024-01-15,
18460,Customer 18460,North,10,2024-01-15,
18461,Customer 18461,East,9999999,2024-01-15,
18462,Customer 18462,West,30,2024-01-15,
18463,Customer 18463 ,South,20,2024-01-15,
18464,Customer 18464,North,20,2024-01-15,
18465,Customer 18465,North,10,2024-01-15,
18466,Customer 18466,North,30,2024-01-15,
18467,Customer 18467,East,30,2024-01-15,
18468,Customer 18468,North,30,2024-01-15,
18469,Customer 18469,South,9999999,2024-01-15,
18470,Customer 18470,East,9999999,2024-01-15,
18471,Customer 18471,East,30,2024-01-15,
18472,Customer 18472,East,10,2024-01-15,
18473,Customer 18473,South,10,2024-01-15,
18474,Customer 18474,East,30,2024-01-15,
18475,Customer 18475,East,20,2024-01-15,
18476,Customer 18476,South,9999999,2024-01-15,
18477,Customer 18477,North,9999999,2024-01-15,
18478,Customer 18478,South,20,2024-01-15,
18479,Customer 18479,South,20,2024-01-15,
18480,Customer 18480,West,10,2024-01-15,
18481,Customer 18481,South,30,2024-01-15,
18482,Customer 18482,East,20,2024-01-15,
18483,Customer 18483,East,20,2024-01-15,
18484,Customer 18484,East,9999999,2024-01-15,
18485,Customer 18485,West,10,2024-01-15,
18486,Customer 18486,South,20,2024-01-15,
18487,Customer 18487,West,10,2024-01-15,
18488,Customer 18488,West,10,2024-01-15,
18489,Customer 18489,East,9999999,2024-01-15,
18490,Customer 18490,South,9999999,2024-01-15,
18491,Customer 18491,South,9999999,2024-01-15,
18492,Customer 18492,West,9999999,2024-01-15,
18493,Customer 18493,North,20,2024-01-15,
18494,Customer 18494,West,9999999,2024-01-15,
18495,Customer 18495,South,20,2024-01-15,
18496,Customer 18496,West,9999999,2024-01-15,
18497,Customer 18497,North,9999999,2024-01-15,
18498,Customer 18498,West,9999999,2024-01-15,
18499,Customer 18499,East,30,2024-01-15,
18500,Customer 18500 ,North,N/A,2024-01-15,
18501,Customer 18501,East,10,2024-01-15,
18502,Customer 18502,East,30,2024-01-15,
18503,Customer 18503,West,10,2024-01-15,
18504,Customer 18504,West,20,2024-01-15,
18505,Customer 18505,North,20,2024-01-15,
18506,Customer 18506,North,10,2024-01-15,
18507,Customer 18507,South,9999999,2024-01-15,
18508,Customer 18508,South,20,2024-01-15,
18509,Customer 18509,East,9999999,2024-01-15,
18510,Customer 18510,West,20,2024-01-15,
18511,Customer 18511,East,20,2024-01-15,
18512,Customer 18512,West,30,2024-01-15,
18513,Customer 18513,North,20,2024-01-15,
18514,Customer 18514,East,30,2024-01-15,
18515,Customer 18515,East,10,2024-01-15,
18516,Customer 18516,West,9999999,2024-01-15,
18517,Customer 18517,North,10,2024-01-15,
18518,Customer 18518,West,9999999,2024-01-15,
18519,Customer 18519,South,30,2024-01-15,
18520,Customer 18520,South,9999999,2024-01-15,
18521,Customer 18521,East,30,2024-01-15,
18522,Customer 18522,West,10,2024-01-15,
18523,Customer 18523,East,10,2024-01-15,
18524,Customer 18524,West,10,2024-01-15,
18525,Customer 18525,East,30,2024-01-15,
18526,Customer 18526,North,20,2024-01-15,
18527,Customer 18527,South,30,2024-01-15,
18528,Customer 18528,East,9999999,2024-01-15,
18529,Customer 18529,South,9999999,2024-01-15,
18530,Customer 18530,South,9999999,2024-01-15,
18531,Customer 18531,North,30,2024-01-15,
18532,Customer 18532,North,9999999,2024-01-15,
18533,Customer 18533,North,30,2024-01-15,
18534,Customer 18534,North,20,2024-01-15,
18535,Customer 18535,West,9999999,2024-01-15,
18536,Customer 18536,South,9999999,2024-01-15,
18537,Customer 18537 ,South,10,2024-01-15,
18538,Customer 18538,East,10,2024-01-15,
18539,Customer 18539,South,9999999,2024-01-15,
18540,Customer 18540,North,9999999,2024-01-15,
18541,Customer 18541,West,20,2024-01-15,
18542,Customer 18542,South,30,2024-01-15,
18543,Customer 18543,South,9999999,2024-01-15,
18544,Customer 18544,East,10,2024-01-15,
18545,Customer 18545,East,20,2024-01-15,
18546,Customer 18546,South,10,2024-01-15,
18547,Customer 18547,North,9999999,2024-01-15,
18548,Customer 18548,South,9999999,2024-01-15,
18549,Customer 18549,West,10,2024-01-15,
18550,Customer 18550,North,20,2024-01-15,
18551,Customer 18551,South,30,2024-01-15,
18552,Customer 18552,West,10,2024-01-15,
18553,Customer 18553,South,30,2024-01-15,
18554,Customer 18554,North,9999999,2024-01-15,
18555,Customer 18555,West,9999999,2024-01-15,
18556,Customer 18556,South,20,2024-01-15,
18557,Customer 18557,West,9999999,2024-01-15,
18558,Customer 18558,West,30,2024-01-15,
18559,Customer 18559,West,10,2024-01-15,
18560,Customer 18560,West,9999999,2024-01-15,
18561,Customer 18561,East,30,2024-01-15,
18562,Customer 18562,West,30,2024-01-15,
18563,Customer 18563,East,20,2024-01-15,
18564,Customer 18564,North,30,2024-01-15,
18565,Customer 18565,East,10,2024-01-15,
18566,Customer 18566,West,9999999,2024-01-15,
18567,Customer 18567,East,20,2024-01-15,
18568,Customer 18568,East,10,2024-01-15,
18569,Customer 18569,South,10,2024-01-15,
18570,Customer 18570,North,30,2024-01-15,
18571,Customer 18571,East,10,2024-01-15,
18572,Customer 18572,West,30,2024-01-15,
18573,Customer 18573,South,20,2024-01-15,
18574,Customer 18574 ,West,30,2024-01-15,
18575,Customer 18575,East,30,2024-01-15,
18576,Customer 18576,South,9999999,2024-01-15,
18577,Customer 18577,North,10,2024-01-15,
18578,Customer 18578,East,20,2024-01-15,
18579,Customer 18579,North,10,2024-01-15,
18580,Customer 18580,North,30,2024-01-15,
18581,Customer 18581,North,30,2024-01-15,
18582,Customer 18582,East,9999999,2024-01-15,
18583,Customer 18583,North,20,2024-01-15,
18584,Customer 18584,West,9999999,2024-01-15,
18585,Customer 18585,North,10,2024-01-15,
18586,Customer 18586,North,9999999,2024-01-15,
18587,Customer 18587,East,10,2024-01-15,
18588,Customer 18588,West,30,2024-01-15,
18589,Customer 18589,North,9999999,2024-01-15,
18590,Customer 18590,East,20,2024-01-15,
18591,Customer 18591,East,10,2024-01-15,
18592,Customer 18592,East,9999999,2024-01-15,
18593,Customer 18593,North,10,2024-01-15,
18594,Customer 18594,East,10,2024-01-15,
18595,Customer 18595,East,30,2024-01-15,
18596,Customer 18596,South,10,2024-01-15,
18597,Customer 18597,West,20,2024-01-15,
18598,Customer 18598,West,10,2024-01-15,
18599,Customer 18599,West,10,2024-01-15,
18600,Customer 18600,East,30,2024-01-15,
18601,Customer 18601,East,20,2024-01-15,
18602,Customer 18602,East,9999999,2024-01-15,
18603,Customer 18603,South,10,2024-01-15,
18604,Customer 18604,South,9999999,2024-01-15,
18605,Customer 18605,West,20,2024-01-15,
18606,Customer 18606,West,30,2024-01-15,
18607,Customer 18607,South,20,2024-01-15,
18608,Customer 18608,East,30,2024-01-15,
18609,Customer 18609,North,30,2024-01-15,
18610,Customer 18610,North,9999999,2024-01-15,
18611,Customer 18611 ,South,20,2024-01-15,
18612,Customer 18612,North,30,2024-01-15,
18613,Customer 18613,South,30,2024-01-15,
18614,Customer 18614,East,30,2024-01-15,
18615,Customer 18615,West,9999999,2024-01-15,
18616,Customer 18616,North,20,2024-01-15,
18617,Customer 18617,North,10,2024-01-15,
18618,Customer 18618,East,30,2024-01-15,
18619,Customer 18619,North,20,2024-01-15,
18620,Customer 18620,West,30,2024-01-15,
18621,Customer 18621,South,9999999,2024-01-15,
18622,Customer 18622,North,30,2024-01-15,
18623,Customer 18623,North,30,2024-01-15,
18624,Customer 18624,North,9999999,2024-01-15,
18625,Customer 18625,North,9999999,2024-01-15,
18626,Customer 18626,South,9999999,2024-01-15,
18627,Customer 18627,West,10,2024-01-15,
18628,Customer 18628,North,10,2024-01-15,
18629,Customer 18629,West,9999999,2024-01-15,
18630,Customer 18630,South,10,2024-01-15,
18631,Customer 18631,South,10,2024-01-15,
18632,Customer 18632,West,30,2024-01-15,
18633,Customer 18633,South,10,2024-01-15,
18634,Customer 18634,East,10,2024-01-15,
18635,Customer 18635,North,10,2024-01-15,
18636,Customer 18636,East,9999999,2024-01-15,
18637,Customer 18637,East,30,2024-01-15,
18638,Customer 18638,West,9999999,2024-01-15,
18639,Customer 18639,East,20,2024-01-15,
18640,Customer 18640,South,9999999,2024-01-15,
18641,Customer 18641,South,10,2024-01-15,
18642,Customer 18642,South,30,2024-01-15,
18643,Customer 18643,North,9999999,2024-01-15,
18644,Customer 18644,West,20,2024-01-15,
18645,Customer 18645,West,9999999,2024-01-15,
18646,Customer 18646,South,9999999,2024-01-15,
18647,Customer 18647,East,20,2024-01-15,
18648,Customer 18648 ,East,9999999,2024-01-15,
18649,Customer 18649,East,9999999,2024-01-15,
18650,Customer 18650,North,30,2024-01-15,
18651,Customer 18651,West,10,2024-01-15,
18652,Customer 18652,West,10,2024-01-15,
18653,Customer 18653,South,20,2024-01-15,
18654,Customer 18654,East,10,2024-01-15,
18655,Customer 18655,North,9999999,2024-01-15,
18656,Customer 18656,North,9999999,2024-01-15,
18657,Customer 18657,South,30,2024-01-15,
18658,Customer 18658,North,9999999,2024-01-15,
18659,Customer 18659,East,30,2024-01-15,
18660,Customer 18660,North,9999999,2024-01-15,
18661,Customer 18661,East,9999999,2024-01-15,
18662,Customer 18662,East,10,2024-01-15,
18663,Customer 18663,North,30,2024-01-15,
18664,Customer 18664,South,30,2024-01-15,
18665,Customer 18665,East,9999999,2024-01-15,
18666,Customer 18666,East,30,2024-01-15,
18667,Customer 18667,West,20,2024-01-15,
18668,Customer 18668,East,30,2024-01-15,
18669,Customer 18669,North,30,2024-01-15,
18670,Customer 18670,South,10,2024-01-15,
18671,Customer 18671,North,9999999,2024-01-15,
18672,Customer 18672,West,30,2024-01-15,
18673,Customer 18673,South,9999999,2024-01-15,
18674,Customer 18674,South,10,2024-01-15,
18675,Customer 18675,West,20,2024-01-15,
18676,Customer 18676,West,20,2024-01-15,
18677,Customer 18677,South,30,2024-01-15,
18678,Customer 18678,South,30,2024-01-15,
18679,Customer 18679,West,9999999,2024-01-15,
18680,Customer 18680,West,10,2024-01-15,
18681,Customer 18681,North,30,2024-01-15,
18682,Customer 18682,West,30,2024-01-15,
18683,Customer 18683,East,30,2024-01-15,
18684,Customer 18684,South,10,2024-01-15,
18685,Customer 18685 ,North,9999999,2024-01-15,
18686,Customer 18686,East,20,2024-01-15,
18687,Customer 18687,East,20,2024-01-15,
18688,Customer 18688,East,20,2024-01-15,
18689,Customer 18689,East,30,2024-01-15,
18690,Customer 18690,North,9999999,2024-01-15,
18691,Customer 18691,South,20,2024-01-15,
18692,Customer 18692,South,9999999,2024-01-15,
18693,Customer 18693,South,10,2024-01-15,
18694,Customer 18694,North,30,2024-01-15,
18695,Customer 18695,East,30,2024-01-15,
18696,Customer 18696,North,10,2024-01-15,
18697,Customer 18697,East,30,2024-01-15,
18698,Customer 18698,East,20,2024-01-15,
18699,Customer 18699,West,20,2024-01-15,
18700,Customer 18700,North,30,2024-01-15,
18701,Customer 18701,West,30,2024-01-15,
18702,Customer 18702,East,10,2024-01-15,
18703,Customer 18703,North,20,2024-01-15,
18704,Customer 18704,South,9999999,2024-01-15,
18705,Customer 18705,North,9999999,2024-01-15,
18706,Customer 18706,West,20,2024-01-15,
18707,Customer 18707,South,20,2024-01-15,
18708,Customer 18708,North,30,2024-01-15,
18709,Customer 18709,South,20,2024-01-15,
18710,Customer 18710,North,9999999,2024-01-15,
18711,Customer 18711,South,20,2024-01-15,
18712,Customer 18712,West,9999999,2024-01-15,
18713,Customer 18713,West,20,2024-01-15,
18714,Customer 18714,South,20,2024-01-15,
18715,Customer 18715,West,20,2024-01-15,
18716,Customer 18716,West,20,2024-01-15,
18717,Customer 18717,West,9999999,2024-01-15,
18718,Customer 18718,East,9999999,2024-01-15,
18719,Customer 18719,East,9999999,2024-01-15,
18720,Customer 18720,East,10,2024-01-15,
18721,Customer 18721,West,9999999,2024-01-15,
18722,Customer 18722 ,East,9999999,2024-01-15,
18723,Customer 18723,East,20,2024-01-15,
18724,Customer 18724,South,30,2024-01-15,
18725,Customer 18725,South,10,2024-01-15,
18726,Customer 18726,West,9999999,2024-01-15,
18727,Customer 18727,West,30,2024-01-15,
18728,Customer 18728,West,20,2024-01-15,
18729,Customer 18729,East,9999999,2024-01-15,
18730,Customer 18730,East,10,2024-01-15,
18731,Customer 18731,West,20,2024-01-15,
18732,Customer 18732,West,9999999,2024-01-15,
18733,Customer 18733,South,20,2024-01-15,
18734,Customer 18734,South,10,2024-01-15,
18735,Customer 18735,West,10,2024-01-15,
18736,Customer 18736,South,10,2024-01-15,
18737,Customer 18737,West,10,2024-01-15,
18738,Customer 18738,North,9999999,2024-01-15,
18739,Customer 18739,South,30,2024-01-15,
18740,Customer 18740,North,30,2024-01-15,
18741,Customer 18741,South,20,2024-01-15,
18742,Customer 18742,South,20,2024-01-15,
18743,Customer 18743,East,10,2024-01-15,
18744,Customer 18744,North,10,2024-01-15,
18745,Customer 18745,West,10,2024-01-15,
18746,Customer 18746,East,9999999,2024-01-15,
18747,Customer 18747,South,10,2024-01-15,
18748,Customer 18748,West,20,2024-01-15,
18749,Customer 18749,North,20,2024-01-15,
18750,Customer 18750,South,10,2024-01-15,
18751,Customer 18751,South,30,2024-01-15,
18752,Customer 18752,North,10,2024-01-15,
18753,Customer 18753,East,30,2024-01-15,
18754,Customer 18754,West,20,2024-01-15,
18755,Customer 18755,East,10,2024-01-15,
18756,Customer 18756,South,9999999,2024-01-15,
18757,Customer 18757,North,30,2024-01-15,
18758,Customer 18758,North,30,2024-01-15,
18759,Customer 18759 ,West,10,2024-01-15,
18760,Customer 18760,North,9999999,2024-01-15,
18761,Customer 18761,South,9999999,2024-01-15,
18762,Customer 18762,West,20,2024-01-15,
18763,Customer 18763,North,30,2024-01-15,
18764,Customer 18764,West,30,2024-01-15,
18765,Customer 18765,South,10,2024-01-15,
18766,Customer 18766,South,9999999,2024-01-15,
18767,Customer 18767,East,20,2024-01-15,
18768,Customer 18768,South,9999999,2024-01-15,
18769,Customer 18769,East,20,2024-01-15,
18770,Customer 18770,South,10,2024-01-15,
18771,Customer 18771,North,9999999,2024-01-15,
18772,Customer 18772,East,20,2024-01-15,
18773,Customer 18773,West,10,2024-01-15,
18774,Customer 18774,North,20,2024-01-15,
18775,Customer 18775,East,10,2024-01-15,
18776,Customer 18776,North,10,2024-01-15,
18777,Customer 18777,West,30,2024-01-15,
18778,Customer 18778,North,9999999,2024-01-15,
18779,Customer 18779,South,9999999,2024-01-15,
18780,Customer 18780,North,10,2024-01-15,
18781,Customer 18781,East,9999999,2024-01-15,
18782,Customer 18782,West,20,2024-01-15,
18783,Customer 18783,West,9999999,2024-01-15,
18784,Customer 18784,North,30,2024-01-15,
18785,Customer 18785,West,20,2024-01-15,
18786,Customer 18786,West,10,2024-01-15,
18787,Customer 18787,North,20,2024-01-15,
18788,Customer 18788,North,30,2024-01-15,
18789,Customer 18789,South,9999999,2024-01-15,
18790,Customer 18790,South,9999999,2024-01-15,
18791,Customer 18791,West,10,2024-01-15,
18792,Customer 18792,East,10,2024-01-15,
18793,Customer 18793,North,20,2024-01-15,
18794,Customer 18794,North,20,2024-01-15,
18795,Customer 18795,North,20,2024-01-15,
18796,Customer 18796 ,East,10,2024-01-15,
18797,Customer 18797,South,9999999,2024-01-15,
18798,Customer 18798,North,9999999,2024-01-15,
18799,Customer 18799,North,9999999,2024-01-15,
18800,Customer 18800,East,20,2024-01-15,
18801,Customer 18801,East,9999999,2024-01-15,
18802,Customer 18802,West,30,2024-01-15,
18803,Customer 18803,North,20,2024-01-15,
18804,Customer 18804,South,20,2024-01-15,
18805,Customer 18805,South,9999999,2024-01-15,
18806,Customer 18806,East,10,2024-01-15,
18807,Customer 18807,South,20,2024-01-15,
18808,Customer 18808,South,20,2024-01-15,
18809,Customer 18809,West,20,2024-01-15,
18810,Customer 18810,East,20,2024-01-15,
18811,Customer 18811,North,30,2024-01-15,
18812,Customer 18812,East,10,2024-01-15,
18813,Customer 18813,East,20,2024-01-15,
18814,Customer 18814,East,9999999,2024-01-15,
18815,Customer 18815,South,30,2024-01-15,
18816,Customer 18816,West,10,2024-01-15,
18817,Customer 18817,East,30,2024-01-15,
18818,Customer 18818,West,30,2024-01-15,
18819,Customer 18819,North,10,2024-01-15,
18820,Customer 18820,South,9999999,2024-01-15,
18821,Customer 18821,West,30,2024-01-15,
18822,Customer 18822,West,20,2024-01-15,
18823,Customer 18823,South,9999999,2024-01-15,
18824,Customer 18824,East,9999999,2024-01-15,
18825,Customer 18825,East,30,2024-01-15,
18826,Customer 18826,East,10,2024-01-15,
18827,Customer 18827,South,30,2024-01-15,
18828,Customer 18828,East,9999999,2024-01-15,
18829,Customer 18829,North,10,2024-01-15,
18830,Customer 18830,West,9999999,2024-01-15,
18831,Customer 18831,North,10,2024-01-15,
18832,Customer 18832,North,20,2024-01-15,
18833,Customer 18833 ,South,9999999,2024-01-15,
18834,Customer 18834,North,10,2024-01-15,
18835,Customer 18835,East,20,2024-01-15,
18836,Customer 18836,East,10,2024-01-15,
18837,Customer 18837,South,20,2024-01-15,
18838,Customer 18838,North,20,2024-01-15,
18839,Customer 18839,West,30,2024-01-15,
18840,Customer 18840,East,9999999,2024-01-15,
18841,Customer 18841,North,10,2024-01-15,
18842,Customer 18842,North,10,2024-01-15,
18843,Customer 18843,West,30,2024-01-15,
18844,Customer 18844,North,10,2024-01-15,
18845,Customer 18845,South,20,2024-01-15,
18846,Customer 18846,South,30,2024-01-15,
18847,Customer 18847,West,10,2024-01-15,
18848,Customer 18848,South,20,2024-01-15,
18849,Customer 18849,North,9999999,2024-01-15,
18850,Customer 18850,North,20,2024-01-15,
18851,Customer 18851,East,9999999,2024-01-15,
18852,Customer 18852,West,20,2024-01-15,
18853,Customer 18853,South,9999999,2024-01-15,
18854,Customer 18854,North,20,2024-01-15,
18855,Customer 18855,North,9999999,2024-01-15,
18856,Customer 18856,North,30,2024-01-15,
18857,Customer 18857,South,20,2024-01-15,
18858,Customer 18858,North,10,2024-01-15,
18859,Customer 18859,West,10,2024-01-15,
18860,Customer 18860,West,10,2024-01-15,
18861,Customer 18861,East,10,2024-01-15,
18862,Customer 18862,West,30,2024-01-15,
18863,Customer 18863,North,30,2024-01-15,
18864,Customer 18864,North,30,2024-01-15,
18865,Customer 18865,North,30,2024-01-15,
18866,Customer 18866,North,10,2024-01-15,
18867,Customer 18867,East,10,2024-01-15,
18868,Customer 18868,West,9999999,2024-01-15,
18869,Customer 18869,East,20,2024-01-15,
18870,Customer 18870 ,West,20,2024-01-15,
18871,Customer 18871,East,20,2024-01-15,
18872,Customer 18872,North,30,2024-01-15,
18873,Customer 18873,West,9999999,2024-01-15,
18874,Customer 18874,East,20,2024-01-15,
18875,Customer 18875,East,20,2024-01-15,
18876,Customer 18876,South,10,2024-01-15,
18877,Customer 18877,South,10,2024-01-15,
18878,Customer 18878,West,20,2024-01-15,
18879,Customer 18879,North,9999999,2024-01-15,
18880,Customer 18880,West,10,2024-01-15,
18881,Customer 18881,East,9999999,2024-01-15,
18882,Customer 18882,North,9999999,2024-01-15,
18883,Customer 18883,East,20,2024-01-15,
18884,Customer 18884,South,20,2024-01-15,
18885,Customer 18885,West,30,2024-01-15,
18886,Customer 18886,West,9999999,2024-01-15,
18887,Customer 18887,North,30,2024-01-15,
18888,Customer 18888,North,30,2024-01-15,
18889,Customer 18889,West,30,2024-01-15,
18890,Customer 18890,West,10,2024-01-15,
18891,Customer 18891,South,30,2024-01-15,
18892,Customer 18892,South,20,2024-01-15,
18893,Customer 18893,West,9999999,2024-01-15,
18894,Customer 18894,South,30,2024-01-15,
18895,Customer 18895,North,9999999,2024-01-15,
18896,Customer 18896,West,30,2024-01-15,
18897,Customer 18897,West,10,2024-01-15,
18898,Customer 18898,North,20,2024-01-15,
18899,Customer 18899,North,9999999,2024-01-15,
18900,Customer 18900,North,30,2024-01-15,
18901,Customer 18901,North,10,2024-01-15,
18902,Customer 18902,South,30,2024-01-15,
18903,Customer 18903,North,30,2024-01-15,
18904,Customer 18904,East,20,2024-01-15,
18905,Customer 18905,East,30,2024-01-15,
18906,Customer 18906,West,30,2024-01-15,
18907,Customer 18907 ,South,9999999,2024-01-15,
18908,Customer 18908,South,10,2024-01-15,
18909,Customer 18909,North,9999999,2024-01-15,
18910,Customer 18910,East,9999999,2024-01-15,
18911,Customer 18911,North,10,2024-01-15,
18912,Customer 18912,West,9999999,2024-01-15,
18913,Customer 18913,East,30,2024-01-15,
18914,Customer 18914,North,30,2024-01-15,
18915,Customer 18915,West,30,2024-01-15,
18916,Customer 18916,South,10,2024-01-15,
18917,Customer 18917,North,30,2024-01-15,
18918,Customer 18918,North,10,2024-01-15,
18919,Customer 18919,West,9999999,2024-01-15,
18920,Customer 18920,West,10,2024-01-15,
18921,Customer 18921,West,10,2024-01-15,
18922,Customer 18922,South,10,2024-01-15,
18923,Customer 18923,North,10,2024-01-15,
18924,Customer 18924,South,10,2024-01-15,
18925,Customer 18925,South,9999999,2024-01-15,
18926,Customer 18926,North,20,2024-01-15,
18927,Customer 18927,West,10,2024-01-15,
18928,Customer 18928,North,20,2024-01-15,
18929,Customer 18929,East,20,2024-01-15,
18930,Customer 18930,West,9999999,2024-01-15,
18931,Customer 18931,West,30,2024-01-15,
18932,Customer 18932,North,30,2024-01-15,
18933,Customer 18933,North,10,2024-01-15,
18934,Customer 18934,East,10,2024-01-15,
18935,Customer 18935,South,30,2024-01-15,
18936,Customer 18936,North,9999999,2024-01-15,
18937,Customer 18937,South,9999999,2024-01-15,
18938,Customer 18938,North,30,2024-01-15,
18939,Customer 18939,West,10,2024-01-15,
18940,Customer 18940,South,30,2024-01-15,
18941,Customer 18941,South,30,2024-01-15,
18942,Customer 18942,North,30,2024-01-15,
18943,Customer 18943,East,10,2024-01-15,
18944,Customer 18944 ,East,9999999,2024-01-15,
18945,Customer 18945,West,30,2024-01-15,
18946,Customer 18946,South,9999999,2024-01-15,
18947,Customer 18947,South,30,2024-01-15,
18948,Customer 18948,South,20,2024-01-15,
18949,Customer 18949,West,10,2024-01-15,
18950,Customer 18950,South,30,2024-01-15,
18951,Customer 18951,North,10,2024-01-15,
18952,Customer 18952,East,9999999,2024-01-15,
18953,Customer 18953,North,9999999,2024-01-15,
18954,Customer 18954,East,20,2024-01-15,
18955,Customer 18955,East,10,2024-01-15,
18956,Customer 18956,South,20,2024-01-15,
18957,Customer 18957,West,30,2024-01-15,
18958,Customer 18958,East,9999999,2024-01-15,
18959,Customer 18959,North,20,2024-01-15,
18960,Customer 18960,East,9999999,2024-01-15,
18961,Customer 18961,East,9999999,2024-01-15,
18962,Customer 18962,South,30,2024-01-15,
18963,Customer 18963,North,20,2024-01-15,
18964,Customer 18964,East,9999999,2024-01-15,
18965,Customer 18965,North,30,2024-01-15,
18966,Customer 18966,North,9999999,2024-01-15,
18967,Customer 18967,East,30,2024-01-15,
18968,Customer 18968,North,10,2024-01-15,
18969,Customer 18969,West,20,2024-01-15,
18970,Customer 18970,South,10,2024-01-15,
18971,Customer 18971,West,30,2024-01-15,
18972,Customer 18972,North,20,2024-01-15,
18973,Customer 18973,West,10,2024-01-15,
18974,Customer 18974,West,10,2024-01-15,
18975,Customer 18975,East,9999999,2024-01-15,
18976,Customer 18976,West,9999999,2024-01-15,
18977,Customer 18977,North,10,2024-01-15,
18978,Customer 18978,North,20,2024-01-15,
18979,Customer 18979,North,30,2024-01-15,
18980,Customer 18980,East,30,2024-01-15,
18981,Customer 18981 ,West,30,2024-01-15,
18982,Customer 18982,West,30,2024-01-15,
18983,Customer 18983,South,20,2024-01-15,
18984,Customer 18984,South,30,2024-01-15,
18985,Customer 18985,West,30,2024-01-15,
18986,Customer 18986,West,20,2024-01-15,
18987,Customer 18987,North,9999999,2024-01-15,
18988,Customer 18988,West,10,2024-01-15,
18989,Customer 18989,South,30,2024-01-15,
18990,Customer 18990,South,30,2024-01-15,
18991,Customer 18991,West,10,2024-01-15,
18992,Customer 18992,North,30,2024-01-15,
18993,Customer 18993,North,30,2024-01-15,
18994,Customer 18994,West,20,2024-01-15,
18995,Customer 18995,North,10,2024-01-15,
18996,Customer 18996,East,10,2024-01-15,
18997,Customer 18997,West,9999999,2024-01-15,
18998,Customer 18998,North,30,2024-01-15,
18999,Customer 18999,South,30,2024-01-15,
19000,Customer 19000,North,N/A,2024-01-15,
19001,Customer 19001,East,30,2024-01-15,
19002,Customer 19002,East,10,2024-01-15,
19003,Customer 19003,South,9999999,2024-01-15,
19004,Customer 19004,East,10,2024-01-15,
19005,Customer 19005,South,9999999,2024-01-15,
19006,Customer 19006,West,9999999,2024-01-15,
19007,Customer 19007,West,10,2024-01-15,
19008,Customer 19008,South,20,2024-01-15,
19009,Customer 19009,North,30,2024-01-15,
19010,Customer 19010,North,9999999,2024-01-15,
19011,Customer 19011,East,10,2024-01-15,
19012,Customer 19012,North,30,2024-01-15,
19013,Customer 19013,South,9999999,2024-01-15,
19014,Customer 19014,North,9999999,2024-01-15,
19015,Customer 19015,West,10,2024-01-15,
19016,Customer 19016,North,20,2024-01-15,
19017,Customer 19017,South,10,2024-01-15,
19018,Customer 19018 ,West,10,2024-01-15,
19019,Customer 19019,South,30,2024-01-15,
19020,Customer 19020,South,20,2024-01-15,
19021,Customer 19021,South,20,2024-01-15,
19022,Customer 19022,South,10,2024-01-15,
19023,Customer 19023,West,30,2024-01-15,
19024,Customer 19024,West,9999999,2024-01-15,
19025,Customer 19025,East,20,2024-01-15,
19026,Customer 19026,South,10,2024-01-15,
19027,Customer 19027,West,30,2024-01-15,
19028,Customer 19028,West,10,2024-01-15,
19029,Customer 19029,West,20,2024-01-15,
19030,Customer 19030,East,10,2024-01-15,
19031,Customer 19031,South,10,2024-01-15,
19032,Customer 19032,South,30,2024-01-15,
19033,Customer 19033,West,9999999,2024-01-15,
19034,Customer 19034,South,20,2024-01-15,
19035,Customer 19035,East,20,2024-01-15,
19036,Customer 19036,South,9999999,2024-01-15,
19037,Customer 19037,East,9999999,2024-01-15,
19038,Customer 19038,North,20,2024-01-15,
19039,Customer 19039,South,30,2024-01-15,
19040,Customer 19040,East,10,2024-01-15,
19041,Customer 19041,North,20,2024-01-15,
19042,Customer 19042,South,9999999,2024-01-15,
19043,Customer 19043,East,9999999,2024-01-15,
19044,Customer 19044,East,10,2024-01-15,
19045,Customer 19045,North,9999999,2024-01-15,
19046,Customer 19046,South,30,2024-01-15,
19047,Customer 19047,North,30,2024-01-15,
19048,Customer 19048,South,30,2024-01-15,
19049,Customer 19049,South,30,2024-01-15,
19050,Customer 19050,East,10,2024-01-15,
19051,Customer 19051,West,30,2024-01-15,
19052,Customer 19052,South,9999999,2024-01-15,
19053,Customer 19053,East,9999999,2024-01-15,
19054,Customer 19054,West,20,2024-01-15,
19055,Customer 19055 ,West,20,2024-01-15,
19056,Customer 19056,West,30,2024-01-15,
19057,Customer 19057,South,20,2024-01-15,
19058,Customer 19058,West,10,2024-01-15,
19059,Customer 19059,South,10,2024-01-15,
19060,Customer 19060,North,20,2024-01-15,
19061,Customer 19061,East,20,2024-01-15,
19062,Customer 19062,North,10,2024-01-15,
19063,Customer 19063,South,10,2024-01-15,
19064,Customer 19064,North,20,2024-01-15,
19065,Customer 19065,North,10,2024-01-15,
19066,Customer 19066,East,9999999,2024-01-15,
19067,Customer 19067,East,20,2024-01-15,
19068,Customer 19068,South,10,2024-01-15,
19069,Customer 19069,West,30,2024-01-15,
19070,Customer 19070,East,30,2024-01-15,
19071,Customer 19071,South,10,2024-01-15,
19072,Customer 19072,South,20,2024-01-15,
19073,Customer 19073,South,20,2024-01-15,
19074,Customer 19074,South,20,2024-01-15,
19075,Customer 19075,West,10,2024-01-15,
19076,Customer 19076,East,20,2024-01-15,
19077,Customer 19077,North,9999999,2024-01-15,
19078,Customer 19078,South,30,2024-01-15,
19079,Customer 19079,South,10,2024-01-15,
19080,Customer 19080,North,9999999,2024-01-15,
19081,Customer 19081,West,30,2024-01-15,
19082,Customer 19082,West,20,2024-01-15,
19083,Customer 19083,North,20,2024-01-15,
19084,Customer 19084,North,20,2024-01-15,
19085,Customer 19085,South,9999999,2024-01-15,
19086,Customer 19086,West,20,2024-01-15,
19087,Customer 19087,North,10,2024-01-15,
19088,Customer 19088,West,20,2024-01-15,
19089,Customer 19089,East,10,2024-01-15,
19090,Customer 19090,South,10,2024-01-15,
19091,Customer 19091,West,10,2024-01-15,
19092,Customer 19092 ,East,30,2024-01-15,
19093,Customer 19093,North,20,2024-01-15,
19094,Customer 19094,West,20,2024-01-15,
19095,Customer 19095,West,30,2024-01-15,
19096,Customer 19096,North,20,2024-01-15,
19097,Customer 19097,South,10,2024-01-15,
19098,Customer 19098,West,20,2024-01-15,
19099,Customer 19099,East,10,2024-01-15,
19100,Customer 19100,West,30,2024-01-15,
19101,Customer 19101,East,20,2024-01-15,
19102,Customer 19102,East,30,2024-01-15,
19103,Customer 19103,North,30,2024-01-15,
19104,Customer 19104,West,9999999,2024-01-15,
19105,Customer 19105,North,10,2024-01-15,
19106,Customer 19106,South,30,2024-01-15,
19107,Customer 19107,East,30,2024-01-15,
19108,Customer 19108,South,20,2024-01-15,
19109,Customer 19109,North,30,2024-01-15,
19110,Customer 19110,North,10,2024-01-15,
19111,Customer 19111,South,20,2024-01-15,
19112,Customer 19112,North,30,2024-01-15,
19113,Customer 19113,East,20,2024-01-15,
19114,Customer 19114,West,9999999,2024-01-15,
19115,Customer 19115,East,20,2024-01-15,
19116,Customer 19116,East,9999999,2024-01-15,
19117,Customer 19117,West,20,2024-01-15,
19118,Customer 19118,East,10,2024-01-15,
19119,Customer 19119,East,9999999,2024-01-15,
19120,Customer 19120,East,10,2024-01-15,
19121,Customer 19121,South,20,2024-01-15,
19122,Customer 19122,West,10,2024-01-15,
19123,Customer 19123,West,10,2024-01-15,
19124,Customer 19124,West,9999999,2024-01-15,
19125,Customer 19125,North,9999999,2024-01-15,
19126,Customer 19126,South,9999999,2024-01-15,
19127,Customer 19127,North,20,2024-01-15,
19128,Customer 19128,North,10,2024-01-15,
19129,Customer 19129 ,North,9999999,2024-01-15,
19130,Customer 19130,East,10,2024-01-15,
19131,Customer 19131,South,30,2024-01-15,
19132,Customer 19132,South,10,2024-01-15,
19133,Customer 19133,South,9999999,2024-01-15,
19134,Customer 19134,South,10,2024-01-15,
19135,Customer 19135,North,30,2024-01-15,
19136,Customer 19136,West,20,2024-01-15,
19137,Customer 19137,North,9999999,2024-01-15,
19138,Customer 19138,North,9999999,2024-01-15,
19139,Customer 19139,West,20,2024-01-15,
19140,Customer 19140,North,20,2024-01-15,
19141,Customer 19141,North,9999999,2024-01-15,
19142,Customer 19142,North,20,2024-01-15,
19143,Customer 19143,East,10,2024-01-15,
19144,Customer 19144,South,30,2024-01-15,
19145,Customer 19145,West,10,2024-01-15,
19146,Customer 19146,North,20,2024-01-15,
19147,Customer 19147,South,9999999,2024-01-15,
19148,Customer 19148,West,30,2024-01-15,
19149,Customer 19149,South,30,2024-01-15,
19150,Customer 19150,West,30,2024-01-15,
19151,Customer 19151,West,30,2024-01-15,
19152,Customer 19152,South,20,2024-01-15,
19153,Customer 19153,East,30,2024-01-15,
19154,Customer 19154,West,10,2024-01-15,
19155,Customer 19155,South,30,2024-01-15,
19156,Customer 19156,East,10,2024-01-15,
19157,Customer 19157,West,20,2024-01-15,
19158,Customer 19158,North,9999999,2024-01-15,
19159,Customer 19159,North,20,2024-01-15,
19160,Customer 19160,South,9999999,2024-01-15,
19161,Customer 19161,East,10,2024-01-15,
19162,Customer 19162,North,9999999,2024-01-15,
19163,Customer 19163,East,20,2024-01-15,
19164,Customer 19164,North,30,2024-01-15,
19165,Customer 19165,West,10,2024-01-15,
19166,Customer 19166 ,East,30,2024-01-15,
19167,Customer 19167,West,30,2024-01-15,
19168,Customer 19168,West,30,2024-01-15,
19169,Customer 19169,West,10,2024-01-15,
19170,Customer 19170,East,30,2024-01-15,
19171,Customer 19171,North,20,2024-01-15,
19172,Customer 19172,East,30,2024-01-15,
19173,Customer 19173,East,10,2024-01-15,
19174,Customer 19174,East,10,2024-01-15,
19175,Customer 19175,West,30,2024-01-15,
19176,Customer 19176,East,9999999,2024-01-15,
19177,Customer 19177,South,10,2024-01-15,
19178,Customer 19178,North,10,2024-01-15,
19179,Customer 19179,West,9999999,2024-01-15,
19180,Customer 19180,South,30,2024-01-15,
19181,Customer 19181,North,10,2024-01-15,
19182,Customer 19182,South,10,2024-01-15,
19183,Customer 19183,North,30,2024-01-15,
19184,Customer 19184,North,30,2024-01-15,
19185,Customer 19185,North,30,2024-01-15,
19186,Customer 19186,West,9999999,2024-01-15,
19187,Customer 19187,North,10,2024-01-15,
19188,Customer 19188,East,30,2024-01-15,
19189,Customer 19189,East,9999999,2024-01-15,
19190,Customer 19190,East,30,2024-01-15,
19191,Customer 19191,North,10,2024-01-15,
19192,Customer 19192,North,10,2024-01-15,
19193,Customer 19193,North,30,2024-01-15,
19194,Customer 19194,East,10,2024-01-15,
19195,Customer 19195,East,9999999,2024-01-15,
19196,Customer 19196,East,30,2024-01-15,
19197,Customer 19197,West,9999999,2024-01-15,
19198,Customer 19198,East,20,2024-01-15,
19199,Customer 19199,East,9999999,2024-01-15,
19200,Customer 19200,East,20,2024-01-15,
19201,Customer 19201,North,9999999,2024-01-15,
19202,Customer 19202,South,30,2024-01-15,
19203,Customer 19203 ,West,30,2024-01-15,
19204,Customer 19204,South,9999999,2024-01-15,
19205,Customer 19205,West,30,2024-01-15,
19206,Customer 19206,North,9999999,2024-01-15,
19207,Customer 19207,South,10,2024-01-15,
19208,Customer 19208,West,10,2024-01-15,
19209,Customer 19209,North,30,2024-01-15,
19210,Customer 19210,North,10,2024-01-15,
19211,Customer 19211,North,20,2024-01-15,
19212,Customer 19212,East,9999999,2024-01-15,
19213,Customer 19213,East,20,2024-01-15,
19214,Customer 19214,North,10,2024-01-15,
19215,Customer 19215,East,30,2024-01-15,
19216,Customer 19216,East,10,2024-01-15,
19217,Customer 19217,North,20,2024-01-15,
19218,Customer 19218,North,30,2024-01-15,
19219,Customer 19219,North,9999999,2024-01-15,
19220,Customer 19220,East,9999999,2024-01-15,
19221,Customer 19221,West,10,2024-01-15,
19222,Customer 19222,West,30,2024-01-15,
19223,Customer 19223,West,9999999,2024-01-15,
19224,Customer 19224,North,20,2024-01-15,
19225,Customer 19225,South,10,2024-01-15,
19226,Customer 19226,South,20,2024-01-15,
19227,Customer 19227,West,10,2024-01-15,
19228,Customer 19228,West,9999999,2024-01-15,
19229,Customer 19229,South,10,2024-01-15,
19230,Customer 19230,East,30,2024-01-15,
19231,Customer 19231,North,9999999,2024-01-15,
19232,Customer 19232,East,9999999,2024-01-15,
19233,Customer 19233,East,30,2024-01-15,
19234,Customer 19234,West,9999999,2024-01-15,
19235,Customer 19235,East,30,2024-01-15,
19236,Customer 19236,East,20,2024-01-15,
19237,Customer 19237,North,30,2024-01-15,
19238,Customer 19238,South,20,2024-01-15,
19239,Customer 19239,North,10,2024-01-15,
19240,Customer 19240 ,West,20,2024-01-15,
19241,Customer 19241,East,20,2024-01-15,
19242,Customer 19242,West,30,2024-01-15,
19243,Customer 19243,West,20,2024-01-15,
19244,Customer 19244,North,30,2024-01-15,
19245,Customer 19245,East,30,2024-01-15,
19246,Customer 19246,North,30,2024-01-15,
19247,Customer 19247,East,10,2024-01-15,
19248,Customer 19248,East,9999999,2024-01-15,
19249,Customer 19249,West,30,2024-01-15,
19250,Customer 19250,South,20,2024-01-15,
19251,Customer 19251,West,30,2024-01-15,
19252,Customer 19252,West,10,2024-01-15,
19253,Customer 19253,West,20,2024-01-15,
19254,Customer 19254,West,9999999,2024-01-15,
19255,Customer 19255,East,9999999,2024-01-15,
19256,Customer 19256,South,9999999,2024-01-15,
19257,Customer 19257,North,9999999,2024-01-15,
19258,Customer 19258,South,30,2024-01-15,
19259,Customer 19259,South,30,2024-01-15,
19260,Customer 19260,North,30,2024-01-15,
19261,Customer 19261,West,10,2024-01-15,
19262,Customer 19262,West,10,2024-01-15,
19263,Customer 19263,West,20,2024-01-15,
19264,Customer 19264,West,30,2024-01-15,
19265,Customer 19265,West,9999999,2024-01-15,
19266,Customer 19266,West,9999999,2024-01-15,
19267,Customer 19267,North,9999999,2024-01-15,
19268,Customer 19268,North,10,2024-01-15,
19269,Customer 19269,East,20,2024-01-15,
19270,Customer 19270,West,20,2024-01-15,
19271,Customer 19271,South,30,2024-01-15,
19272,Customer 19272,South,30,2024-01-15,
19273,Customer 19273,West,10,2024-01-15,
19274,Customer 19274,West,9999999,2024-01-15,
19275,Customer 19275,East,10,2024-01-15,
19276,Customer 19276,West,9999999,2024-01-15,
19277,Customer 19277 ,North,30,2024-01-15,
19278,Customer 19278,East,10,2024-01-15,
19279,Customer 19279,South,9999999,2024-01-15,
19280,Customer 19280,West,9999999,2024-01-15,
19281,Customer 19281,East,10,2024-01-15,
19282,Customer 19282,West,30,2024-01-15,
19283,Customer 19283,West,9999999,2024-01-15,
19284,Customer 19284,East,10,2024-01-15,
19285,Customer 19285,East,10,2024-01-15,
19286,Customer 19286,West,9999999,2024-01-15,
19287,Customer 19287,South,10,2024-01-15,
19288,Customer 19288,North,30,2024-01-15,
19289,Customer 19289,East,10,2024-01-15,
19290,Customer 19290,East,30,2024-01-15,
19291,Customer 19291,East,30,2024-01-15,
19292,Customer 19292,East,10,2024-01-15,
19293,Customer 19293,East,9999999,2024-01-15,
19294,Customer 19294,East,20,2024-01-15,
19295,Customer 19295,South,9999999,2024-01-15,
19296,Customer 19296,East,9999999,2024-01-15,
19297,Customer 19297,East,30,2024-01-15,
19298,Customer 19298,East,30,2024-01-15,
19299,Customer 19299,West,30,2024-01-15,
19300,Customer 19300,West,9999999,2024-01-15,
19301,Customer 19301,South,20,2024-01-15,
19302,Customer 19302,East,30,2024-01-15,
19303,Customer 19303,North,20,2024-01-15,
19304,Customer 19304,North,30,2024-01-15,
19305,Customer 19305,South,30,2024-01-15,
19306,Customer 19306,West,10,2024-01-15,
19307,Customer 19307,West,20,2024-01-15,
19308,Customer 19308,South,9999999,2024-01-15,
19309,Customer 19309,West,20,2024-01-15,
19310,Customer 19310,East,9999999,2024-01-15,
19311,Customer 19311,North,9999999,2024-01-15,
19312,Customer 19312,South,30,2024-01-15,
19313,Customer 19313,West,9999999,2024-01-15,
19314,Customer 19314 ,South,10,2024-01-15,
19315,Customer 19315,West,9999999,2024-01-15,
19316,Customer 19316,South,10,2024-01-15,
19317,Customer 19317,West,9999999,2024-01-15,
19318,Customer 19318,East,30,2024-01-15,
19319,Customer 19319,East,20,2024-01-15,
19320,Customer 19320,East,20,2024-01-15,
19321,Customer 19321,North,10,2024-01-15,
19322,Customer 19322,West,9999999,2024-01-15,
19323,Customer 19323,West,10,2024-01-15,
19324,Customer 19324,South,30,2024-01-15,
19325,Customer 19325,West,9999999,2024-01-15,
19326,Customer 19326,East,9999999,2024-01-15,
19327,Customer 19327,East,20,2024-01-15,
19328,Customer 19328,North,9999999,2024-01-15,
19329,Customer 19329,East,9999999,2024-01-15,
19330,Customer 19330,North,10,2024-01-15,
19331,Customer 19331,South,9999999,2024-01-15,
19332,Customer 19332,East,9999999,2024-01-15,
19333,Customer 19333,West,10,2024-01-15,
19334,Customer 19334,East,20,2024-01-15,
19335,Customer 19335,East,20,2024-01-15,
19336,Customer 19336,North,10,2024-01-15,
19337,Customer 19337,North,9999999,2024-01-15,
19338,Customer 19338,West,30,2024-01-15,
19339,Customer 19339,North,9999999,2024-01-15,
19340,Customer 19340,South,9999999,2024-01-15,
19341,Customer 19341,North,20,2024-01-15,
19342,Customer 19342,North,9999999,2024-01-15,
19343,Customer 19343,North,10,2024-01-15,
19344,Customer 19344,South,20,2024-01-15,
19345,Customer 19345,North,30,2024-01-15,
19346,Customer 19346,South,20,2024-01-15,
19347,Customer 19347,East,9999999,2024-01-15,
19348,Customer 19348,South,20,2024-01-15,
19349,Customer 19349,South,9999999,2024-01-15,
19350,Customer 19350,East,30,2024-01-15,
19351,Customer 19351 ,North,10,2024-01-15,
19352,Customer 19352,West,10,2024-01-15,
19353,Customer 19353,North,30,2024-01-15,
19354,Customer 19354,South,10,2024-01-15,
19355,Customer 19355,West,30,2024-01-15,
19356,Customer 19356,North,30,2024-01-15,
19357,Customer 19357,North,20,2024-01-15,
19358,Customer 19358,South,10,2024-01-15,
19359,Customer 19359,North,9999999,2024-01-15,
19360,Customer 19360,West,30,2024-01-15,
19361,Customer 19361,East,30,2024-01-15,
19362,Customer 19362,North,10,2024-01-15,
19363,Customer 19363,North,20,2024-01-15,
19364,Customer 19364,South,20,2024-01-15,
19365,Customer 19365,East,10,2024-01-15,
19366,Customer 19366,West,9999999,2024-01-15,
19367,Customer 19367,East,9999999,2024-01-15,
19368,Customer 19368,South,20,2024-01-15,
19369,Customer 19369,South,30,2024-01-15,
19370,Customer 19370,West,20,2024-01-15,
19371,Customer 19371,East,30,2024-01-15,
19372,Customer 19372,East,20,2024-01-15,
19373,Customer 19373,South,9999999,2024-01-15,
19374,Customer 19374,West,9999999,2024-01-15,
19375,Customer 19375,East,20,2024-01-15,
19376,Customer 19376,North,30,2024-01-15,
19377,Customer 19377,North,20,2024-01-15,
19378,Customer 19378,West,20,2024-01-15,
19379,Customer 19379,South,9999999,2024-01-15,
19380,Customer 19380,West,10,2024-01-15,
19381,Customer 19381,North,20,2024-01-15,
19382,Customer 19382,South,9999999,2024-01-15,
19383,Customer 19383,North,30,2024-01-15,
19384,Customer 19384,East,30,2024-01-15,
19385,Customer 19385,South,20,2024-01-15,
19386,Customer 19386,West,9999999,2024-01-15,
19387,Customer 19387,East,20,2024-01-15,
19388,Customer 19388 ,South,30,2024-01-15,
19389,Customer 19389,South,9999999,2024-01-15,
19390,Customer 19390,West,9999999,2024-01-15,
19391,Customer 19391,South,9999999,2024-01-15,
19392,Customer 19392,North,30,2024-01-15,
19393,Customer 19393,West,20,2024-01-15,
19394,Customer 19394,South,9999999,2024-01-15,
19395,Customer 19395,West,9999999,2024-01-15,
19396,Customer 19396,West,30,2024-01-15,
19397,Customer 19397,North,9999999,2024-01-15,
19398,Customer 19398,East,10,2024-01-15,
19399,Customer 19399,West,10,2024-01-15,
19400,Customer 19400,South,9999999,2024-01-15,
19401,Customer 19401,West,9999999,2024-01-15,
19402,Customer 19402,South,30,2024-01-15,
19403,Customer 19403,North,30,2024-01-15,
19404,Customer 19404,West,30,2024-01-15,
19405,Customer 19405,North,20,2024-01-15,
19406,Customer 19406,South,10,2024-01-15,
19407,Customer 19407,East,10,2024-01-15,
19408,Customer 19408,East,10,2024-01-15,
19409,Customer 19409,North,10,2024-01-15,
19410,Customer 19410,North,9999999,2024-01-15,
19411,Customer 19411,South,10,2024-01-15,
19412,Customer 19412,South,30,2024-01-15,
19413,Customer 19413,West,20,2024-01-15,
19414,Customer 19414,South,10,2024-01-15,
19415,Customer 19415,East,9999999,2024-01-15,
19416,Customer 19416,North,9999999,2024-01-15,
19417,Customer 19417,West,30,2024-01-15,
19418,Customer 19418,East,20,2024-01-15,
19419,Customer 19419,North,30,2024-01-15,
19420,Customer 19420,South,10,2024-01-15,
19421,Customer 19421,South,30,2024-01-15,
19422,Customer 19422,North,10,2024-01-15,
19423,Customer 19423,North,10,2024-01-15,
19424,Customer 19424,East,30,2024-01-15,
19425,Customer 19425 ,West,30,2024-01-15,
19426,Customer 19426,South,9999999,2024-01-15,
19427,Customer 19427,South,10,2024-01-15,
19428,Customer 19428,North,9999999,2024-01-15,
19429,Customer 19429,North,10,2024-01-15,
19430,Customer 19430,East,9999999,2024-01-15,
19431,Customer 19431,North,20,2024-01-15,
19432,Customer 19432,East,9999999,2024-01-15,
19433,Customer 19433,North,9999999,2024-01-15,
19434,Customer 19434,South,9999999,2024-01-15,
19435,Customer 19435,South,10,2024-01-15,
19436,Customer 19436,West,10,2024-01-15,
19437,Customer 19437,West,20,2024-01-15,
19438,Customer 19438,South,20,2024-01-15,
19439,Customer 19439,North,9999999,2024-01-15,
19440,Customer 19440,North,10,2024-01-15,
19441,Customer 19441,East,10,2024-01-15,
19442,Customer 19442,West,20,2024-01-15,
19443,Customer 19443,North,20,2024-01-15,
19444,Customer 19444,South,20,2024-01-15,
19445,Customer 19445,North,30,2024-01-15,
19446,Customer 19446,West,10,2024-01-15,
19447,Customer 19447,South,10,2024-01-15,
19448,Customer 19448,East,9999999,2024-01-15,
19449,Customer 19449,West,30,2024-01-15,
19450,Customer 19450,North,9999999,2024-01-15,
19451,Customer 19451,East,20,2024-01-15,
19452,Customer 19452,East,10,2024-01-15,
19453,Customer 19453,East,20,2024-01-15,
19454,Customer 19454,East,10,2024-01-15,
19455,Customer 19455,North,9999999,2024-01-15,
19456,Customer 19456,North,10,2024-01-15,
19457,Customer 19457,East,10,2024-01-15,
19458,Customer 19458,North,30,2024-01-15,
19459,Customer 19459,East,10,2024-01-15,
19460,Customer 19460,North,20,2024-01-15,
19461,Customer 19461,East,10,2024-01-15,
19462,Customer 19462 ,North,9999999,2024-01-15,
19463,Customer 19463,West,20,2024-01-15,
19464,Customer 19464,South,9999999,2024-01-15,
19465,Customer 19465,West,30,2024-01-15,
19466,Customer 19466,West,9999999,2024-01-15,
19467,Customer 19467,North,9999999,2024-01-15,
19468,Customer 19468,East,30,2024-01-15,
19469,Customer 19469,West,30,2024-01-15,
19470,Customer 19470,East,20,2024-01-15,
19471,Customer 19471,East,9999999,2024-01-15,
19472,Customer 19472,East,10,2024-01-15,
19473,Customer 19473,South,20,2024-01-15,
19474,Customer 19474,West,30,2024-01-15,
19475,Customer 19475,North,30,2024-01-15,
19476,Customer 19476,East,9999999,2024-01-15,
19477,Customer 19477,North,9999999,2024-01-15,
19478,Customer 19478,East,9999999,2024-01-15,
19479,Customer 19479,North,30,2024-01-15,
19480,Customer 19480,West,20,2024-01-15,
19481,Customer 19481,North,9999999,2024-01-15,
19482,Customer 19482,East,10,2024-01-15,
19483,Customer 19483,West,10,2024-01-15,
19484,Customer 19484,East,10,2024-01-15,
19485,Customer 19485,North,10,2024-01-15,
19486,Customer 19486,East,9999999,2024-01-15,
19487,Customer 19487,West,30,2024-01-15,
19488,Customer 19488,South,10,2024-01-15,
19489,Customer 19489,West,9999999,2024-01-15,
19490,Customer 19490,East,9999999,2024-01-15,
19491,Customer 19491,East,10,2024-01-15,
19492,Customer 19492,East,30,2024-01-15,
19493,Customer 19493,East,10,2024-01-15,
19494,Customer 19494,South,30,2024-01-15,
19495,Customer 19495,South,30,2024-01-15,
19496,Customer 19496,West,9999999,2024-01-15,
19497,Customer 19497,North,10,2024-01-15,
19498,Customer 19498,North,30,2024-01-15,
19499,Customer 19499 ,East,10,2024-01-15,
19500,Customer 19500,North,N/A,2024-01-15,
19501,Customer 19501,West,20,2024-01-15,
19502,Customer 19502,South,9999999,2024-01-15,
19503,Customer 19503,East,9999999,2024-01-15,
19504,Customer 19504,North,9999999,2024-01-15,
19505,Customer 19505,South,30,2024-01-15,
19506,Customer 19506,North,30,2024-01-15,
19507,Customer 19507,North,9999999,2024-01-15,
19508,Customer 19508,South,30,2024-01-15,
19509,Customer 19509,West,10,2024-01-15,
19510,Customer 19510,North,9999999,2024-01-15,
19511,Customer 19511,North,9999999,2024-01-15,
19512,Customer 19512,West,10,2024-01-15,
19513,Customer 19513,East,10,2024-01-15,
19514,Customer 19514,West,20,2024-01-15,
19515,Customer 19515,West,30,2024-01-15,
19516,Customer 19516,South,20,2024-01-15,
19517,Customer 19517,West,9999999,2024-01-15,
19518,Customer 19518,North,9999999,2024-01-15,
19519,Customer 19519,East,10,2024-01-15,
19520,Customer 19520,North,30,2024-01-15,
19521,Customer 19521,North,9999999,2024-01-15,
19522,Customer 19522,North,30,2024-01-15,
19523,Customer 19523,West,10,2024-01-15,
19524,Customer 19524,North,9999999,2024-01-15,
19525,Customer 19525,West,10,2024-01-15,
19526,Customer 19526,North,30,2024-01-15,
19527,Customer 19527,North,10,2024-01-15,
19528,Customer 19528,West,9999999,2024-01-15,
19529,Customer 19529,South,30,2024-01-15,
19530,Customer 19530,East,30,2024-01-15,
19531,Customer 19531,West,30,2024-01-15,
19532,Customer 19532,North,9999999,2024-01-15,
19533,Customer 19533,West,9999999,2024-01-15,
19534,Customer 19534,North,9999999,2024-01-15,
19535,Customer 19535,West,9999999,2024-01-15,
19536,Customer 19536 ,South,9999999,2024-01-15,
19537,Customer 19537,South,10,2024-01-15,
19538,Customer 19538,South,20,2024-01-15,
19539,Customer 19539,North,30,2024-01-15,
19540,Customer 19540,South,30,2024-01-15,
19541,Customer 19541,South,10,2024-01-15,
19542,Customer 19542,East,10,2024-01-15,
19543,Customer 19543,West,20,2024-01-15,
19544,Customer 19544,East,20,2024-01-15,
19545,Customer 19545,South,9999999,2024-01-15,
19546,Customer 19546,West,20,2024-01-15,
19547,Customer 19547,East,9999999,2024-01-15,
19548,Customer 19548,North,10,2024-01-15,
19549,Customer 19549,North,20,2024-01-15,
19550,Customer 19550,East,30,2024-01-15,
19551,Customer 19551,West,30,2024-01-15,
19552,Customer 19552,North,9999999,2024-01-15,
19553,Customer 19553,South,10,2024-01-15,
19554,Customer 19554,East,20,2024-01-15,
19555,Customer 19555,South,9999999,2024-01-15,
19556,Customer 19556,South,10,2024-01-15,
19557,Customer 19557,North,9999999,2024-01-15,
19558,Customer 19558,North,10,2024-01-15,
19559,Customer 19559,East,20,2024-01-15,
19560,Customer 19560,North,9999999,2024-01-15,
19561,Customer 19561,West,10,2024-01-15,
19562,Customer 19562,North,20,2024-01-15,
19563,Customer 19563,South,9999999,2024-01-15,
19564,Customer 19564,North,9999999,2024-01-15,
19565,Customer 19565,East,20,2024-01-15,
19566,Customer 19566,East,30,2024-01-15,
19567,Customer 19567,East,10,2024-01-15,
19568,Customer 19568,West,10,2024-01-15,
19569,Customer 19569,West,9999999,2024-01-15,
19570,Customer 19570,West,10,2024-01-15,
19571,Customer 19571,South,9999999,2024-01-15,
19572,Customer 19572,East,9999999,2024-01-15,
19573,Customer 19573 ,South,9999999,2024-01-15,
19574,Customer 19574,North,9999999,2024-01-15,
19575,Customer 19575,East,20,2024-01-15,
19576,Customer 19576,West,20,2024-01-15,
19577,Customer 19577,South,9999999,2024-01-15,
19578,Customer 19578,North,20,2024-01-15,
19579,Customer 19579,South,20,2024-01-15,
19580,Customer 19580,East,30,2024-01-15,
19581,Customer 19581,North,30,2024-01-15,
19582,Customer 19582,West,10,2024-01-15,
19583,Customer 19583,North,30,2024-01-15,
19584,Customer 19584,West,9999999,2024-01-15,
19585,Customer 19585,West,20,2024-01-15,
19586,Customer 19586,South,10,2024-01-15,
19587,Customer 19587,North,30,2024-01-15,
19588,Customer 19588,North,10,2024-01-15,
19589,Customer 19589,West,10,2024-01-15,
19590,Customer 19590,East,9999999,2024-01-15,
19591,Customer 19591,East,30,2024-01-15,
19592,Customer 19592,South,20,2024-01-15,
19593,Customer 19593,North,10,2024-01-15,
19594,Customer 19594,West,30,2024-01-15,
19595,Customer 19595,South,10,2024-01-15,
19596,Customer 19596,West,30,2024-01-15,
19597,Customer 19597,West,10,2024-01-15,
19598,Customer 19598,West,10,2024-01-15,
19599,Customer 19599,South,30,2024-01-15,
19600,Customer 19600,East,9999999,2024-01-15,
19601,Customer 19601,East,10,2024-01-15,
19602,Customer 19602,West,30,2024-01-15,
19603,Customer 19603,East,10,2024-01-15,
19604,Customer 19604,North,20,2024-01-15,
19605,Customer 19605,West,30,2024-01-15,
19606,Customer 19606,South,10,2024-01-15,
19607,Customer 19607,North,9999999,2024-01-15,
19608,Customer 19608,West,20,2024-01-15,
19609,Customer 19609,East,9999999,2024-01-15,
19610,Customer 19610 ,North,30,2024-01-15,
19611,Customer 19611,North,20,2024-01-15,
19612,Customer 19612,East,10,2024-01-15,
19613,Customer 19613,North,10,2024-01-15,
19614,Customer 19614,West,30,2024-01-15,
19615,Customer 19615,East,30,2024-01-15,
19616,Customer 19616,South,9999999,2024-01-15,
19617,Customer 19617,East,10,2024-01-15,
19618,Customer 19618,West,20,2024-01-15,
19619,Customer 19619,North,30,2024-01-15,
19620,Customer 19620,South,9999999,2024-01-15,
19621,Customer 19621,East,20,2024-01-15,
19622,Customer 19622,West,10,2024-01-15,
19623,Customer 19623,East,20,2024-01-15,
19624,Customer 19624,South,30,2024-01-15,
19625,Customer 19625,North,20,2024-01-15,
19626,Customer 19626,South,30,2024-01-15,
19627,Customer 19627,North,30,2024-01-15,
19628,Customer 19628,East,30,2024-01-15,
19629,Customer 19629,North,10,2024-01-15,
19630,Customer 19630,East,20,2024-01-15,
19631,Customer 19631,East,20,2024-01-15,
19632,Customer 19632,North,9999999,2024-01-15,
19633,Customer 19633,West,10,2024-01-15,
19634,Customer 19634,East,9999999,2024-01-15,
19635,Customer 19635,East,10,2024-01-15,
19636,Customer 19636,South,10,2024-01-15,
19637,Customer 19637,East,10,2024-01-15,
19638,Customer 19638,North,10,2024-01-15,
19639,Customer 19639,North,30,2024-01-15,
19640,Customer 19640,North,30,2024-01-15,
19641,Customer 19641,North,20,2024-01-15,
19642,Customer 19642,West,10,2024-01-15,
19643,Customer 19643,North,30,2024-01-15,
19644,Customer 19644,East,30,2024-01-15,
19645,Customer 19645,East,10,2024-01-15,
19646,Customer 19646,South,9999999,2024-01-15,
19647,Customer 19647 ,South,20,2024-01-15,
19648,Customer 19648,West,9999999,2024-01-15,
19649,Customer 19649,West,20,2024-01-15,
19650,Customer 19650,West,30,2024-01-15,
19651,Customer 19651,West,20,2024-01-15,
19652,Customer 19652,North,20,2024-01-15,
19653,Customer 19653,East,20,2024-01-15,
19654,Customer 19654,South,20,2024-01-15,
19655,Customer 19655,West,10,2024-01-15,
19656,Customer 19656,East,10,2024-01-15,
19657,Customer 19657,South,9999999,2024-01-15,
19658,Customer 19658,North,9999999,2024-01-15,
19659,Customer 19659,North,9999999,2024-01-15,
19660,Customer 19660,East,20,2024-01-15,
19661,Customer 19661,South,10,2024-01-15,
19662,Customer 19662,South,9999999,2024-01-15,
19663,Customer 19663,North,30,2024-01-15,
19664,Customer 19664,East,20,2024-01-15,
19665,Customer 19665,South,10,2024-01-15,
19666,Customer 19666,West,9999999,2024-01-15,
19667,Customer 19667,South,30,2024-01-15,
19668,Customer 19668,East,9999999,2024-01-15,
19669,Customer 19669,West,20,2024-01-15,
19670,Customer 19670,South,30,2024-01-15,
19671,Customer 19671,East,10,2024-01-15,
19672,Customer 19672,East,30,2024-01-15,
19673,Customer 19673,West,30,2024-01-15,
19674,Customer 19674,East,10,2024-01-15,
19675,Customer 19675,East,10,2024-01-15,
19676,Customer 19676,East,10,2024-01-15,
19677,Customer 19677,South,9999999,2024-01-15,
19678,Customer 19678,West,10,2024-01-15,
19679,Customer 19679,West,9999999,2024-01-15,
19680,Customer 19680,South,20,2024-01-15,
19681,Customer 19681,South,10,2024-01-15,
19682,Customer 19682,North,20,2024-01-15,
19683,Customer 19683,South,30,2024-01-15,
19684,Customer 19684 ,South,20,2024-01-15,
19685,Customer 19685,South,20,2024-01-15,
19686,Customer 19686,West,10,2024-01-15,
19687,Customer 19687,South,10,2024-01-15,
19688,Customer 19688,North,30,2024-01-15,
19689,Customer 19689,West,20,2024-01-15,
19690,Customer 19690,East,10,2024-01-15,
19691,Customer 19691,North,10,2024-01-15,
19692,Customer 19692,South,30,2024-01-15,
19693,Customer 19693,West,9999999,2024-01-15,
19694,Customer 19694,East,9999999,2024-01-15,
19695,Customer 19695,North,9999999,2024-01-15,
19696,Customer 19696,South,9999999,2024-01-15,
19697,Customer 19697,North,9999999,2024-01-15,
19698,Customer 19698,West,20,2024-01-15,
19699,Customer 19699,West,30,2024-01-15,
19700,Customer 19700,West,9999999,2024-01-15,
19701,Customer 19701,West,20,2024-01-15,
19702,Customer 19702,East,10,2024-01-15,
19703,Customer 19703,West,20,2024-01-15,
19704,Customer 19704,North,20,2024-01-15,
19705,Customer 19705,South,20,2024-01-15,
19706,Customer 19706,North,20,2024-01-15,
19707,Customer 19707,North,9999999,2024-01-15,
19708,Customer 19708,South,10,2024-01-15,
19709,Customer 19709,West,30,2024-01-15,
19710,Customer 19710,North,9999999,2024-01-15,
19711,Customer 19711,East,9999999,2024-01-15,
19712,Customer 19712,West,10,2024-01-15,
19713,Customer 19713,North,20,2024-01-15,
19714,Customer 19714,West,10,2024-01-15,
19715,Customer 19715,West,20,2024-01-15,
19716,Customer 19716,South,9999999,2024-01-15,
19717,Customer 19717,West,10,2024-01-15,
19718,Customer 19718,North,9999999,2024-01-15,
19719,Customer 19719,West,10,2024-01-15,
19720,Customer 19720,North,9999999,2024-01-15,
19721,Customer 19721 ,West,20,2024-01-15,
19722,Customer 19722,East,10,2024-01-15,
19723,Customer 19723,East,20,2024-01-15,
19724,Customer 19724,East,20,2024-01-15,
19725,Customer 19725,East,9999999,2024-01-15,
19726,Customer 19726,West,10,2024-01-15,
19727,Customer 19727,West,10,2024-01-15,
19728,Customer 19728,South,20,2024-01-15,
19729,Customer 19729,North,30,2024-01-15,
19730,Customer 19730,West,9999999,2024-01-15,
19731,Customer 19731,South,10,2024-01-15,
19732,Customer 19732,North,10,2024-01-15,
19733,Customer 19733,South,10,2024-01-15,
19734,Customer 19734,North,30,2024-01-15,
19735,Customer 19735,East,30,2024-01-15,
19736,Customer 19736,West,30,2024-01-15,
19737,Customer 19737,East,10,2024-01-15,
19738,Customer 19738,South,20,2024-01-15,
19739,Customer 19739,West,30,2024-01-15,
19740,Customer 19740,West,30,2024-01-15,
19741,Customer 19741,South,9999999,2024-01-15,
19742,Customer 19742,North,9999999,2024-01-15,
19743,Customer 19743,North,20,2024-01-15,
19744,Customer 19744,North,20,2024-01-15,
19745,Customer 19745,West,10,2024-01-15,
19746,Customer 19746,West,9999999,2024-01-15,
19747,Customer 19747,North,30,2024-01-15,
19748,Customer 19748,West,30,2024-01-15,
19749,Customer 19749,South,30,2024-01-15,
19750,Customer 19750,West,10,2024-01-15,
19751,Customer 19751,South,10,2024-01-15,
19752,Customer 19752,South,9999999,2024-01-15,
19753,Customer 19753,South,30,2024-01-15,
19754,Customer 19754,North,9999999,2024-01-15,
19755,Customer 19755,West,20,2024-01-15,
19756,Customer 19756,North,9999999,2024-01-15,
19757,Customer 19757,North,30,2024-01-15,
19758,Customer 19758 ,East,30,2024-01-15,
19759,Customer 19759,North,9999999,2024-01-15,
19760,Customer 19760,West,20,2024-01-15,
19761,Customer 19761,North,20,2024-01-15,
19762,Customer 19762,South,30,2024-01-15,
19763,Customer 19763,West,10,2024-01-15,
19764,Customer 19764,West,30,2024-01-15,
19765,Customer 19765,East,20,2024-01-15,
19766,Customer 19766,East,9999999,2024-01-15,
19767,Customer 19767,South,30,2024-01-15,
19768,Customer 19768,North,20,2024-01-15,
19769,Customer 19769,South,9999999,2024-01-15,
19770,Customer 19770,South,9999999,2024-01-15,
19771,Customer 19771,East,10,2024-01-15,
19772,Customer 19772,West,9999999,2024-01-15,
19773,Customer 19773,South,9999999,2024-01-15,
19774,Customer 19774,East,10,2024-01-15,
19775,Customer 19775,West,10,2024-01-15,
19776,Customer 19776,West,30,2024-01-15,
19777,Customer 19777,North,30,2024-01-15,
19778,Customer 19778,East,10,2024-01-15,
19779,Customer 19779,West,9999999,2024-01-15,
19780,Customer 19780,West,30,2024-01-15,
19781,Customer 19781,South,9999999,2024-01-15,
19782,Customer 19782,West,10,2024-01-15,
19783,Customer 19783,West,30,2024-01-15,
19784,Customer 19784,South,30,2024-01-15,
19785,Customer 19785,East,30,2024-01-15,
19786,Customer 19786,South,30,2024-01-15,
19787,Customer 19787,East,30,2024-01-15,
19788,Customer 19788,West,9999999,2024-01-15,
19789,Customer 19789,South,9999999,2024-01-15,
19790,Customer 19790,North,20,2024-01-15,
19791,Customer 19791,South,9999999,2024-01-15,
19792,Customer 19792,West,20,2024-01-15,
19793,Customer 19793,East,9999999,2024-01-15,
19794,Customer 19794,West,10,2024-01-15,
19795,Customer 19795 ,North,10,2024-01-15,
19796,Customer 19796,East,30,2024-01-15,
19797,Customer 19797,South,10,2024-01-15,
19798,Customer 19798,West,20,2024-01-15,
19799,Customer 19799,West,20,2024-01-15,
19800,Customer 19800,South,20,2024-01-15,
19801,Customer 19801,South,20,2024-01-15,
19802,Customer 19802,South,9999999,2024-01-15,
19803,Customer 19803,East,20,2024-01-15,
19804,Customer 19804,West,30,2024-01-15,
19805,Customer 19805,South,9999999,2024-01-15,
19806,Customer 19806,West,9999999,2024-01-15,
19807,Customer 19807,North,10,2024-01-15,
19808,Customer 19808,East,20,2024-01-15,
19809,Customer 19809,East,9999999,2024-01-15,
19810,Customer 19810,East,9999999,2024-01-15,
19811,Customer 19811,East,10,2024-01-15,
19812,Customer 19812,West,20,2024-01-15,
19813,Customer 19813,East,10,2024-01-15,
19814,Customer 19814,West,20,2024-01-15,
19815,Customer 19815,West,20,2024-01-15,
19816,Customer 19816,East,20,2024-01-15,
19817,Customer 19817,West,10,2024-01-15,
19818,Customer 19818,North,10,2024-01-15,
19819,Customer 19819,South,10,2024-01-15,
19820,Customer 19820,West,9999999,2024-01-15,
19821,Customer 19821,West,30,2024-01-15,
19822,Customer 19822,West,10,2024-01-15,
19823,Customer 19823,East,10,2024-01-15,
19824,Customer 19824,North,10,2024-01-15,
19825,Customer 19825,North,10,2024-01-15,
19826,Customer 19826,West,10,2024-01-15,
19827,Customer 19827,East,9999999,2024-01-15,
19828,Customer 19828,East,30,2024-01-15,
19829,Customer 19829,East,30,2024-01-15,
19830,Customer 19830,North,20,2024-01-15,
19831,Customer 19831,North,10,2024-01-15,
19832,Customer 19832 ,East,9999999,2024-01-15,
19833,Customer 19833,South,9999999,2024-01-15,
19834,Customer 19834,East,9999999,2024-01-15,
19835,Customer 19835,North,20,2024-01-15,
19836,Customer 19836,South,30,2024-01-15,
19837,Customer 19837,East,20,2024-01-15,
19838,Customer 19838,South,9999999,2024-01-15,
19839,Customer 19839,West,10,2024-01-15,
19840,Customer 19840,South,20,2024-01-15,
19841,Customer 19841,West,10,2024-01-15,
19842,Customer 19842,East,9999999,2024-01-15,
19843,Customer 19843,North,9999999,2024-01-15,
19844,Customer 19844,West,10,2024-01-15,
19845,Customer 19845,West,10,2024-01-15,
19846,Customer 19846,North,10,2024-01-15,
19847,Customer 19847,North,9999999,2024-01-15,
19848,Customer 19848,East,20,2024-01-15,
19849,Customer 19849,South,10,2024-01-15,
19850,Customer 19850,North,30,2024-01-15,
19851,Customer 19851,West,10,2024-01-15,
19852,Customer 19852,South,30,2024-01-15,
19853,Customer 19853,West,20,2024-01-15,
19854,Customer 19854,East,9999999,2024-01-15,
19855,Customer 19855,East,20,2024-01-15,
19856,Customer 19856,West,30,2024-01-15,
19857,Customer 19857,South,30,2024-01-15,
19858,Customer 19858,East,9999999,2024-01-15,
19859,Customer 19859,East,10,2024-01-15,
19860,Customer 19860,East,20,2024-01-15,
19861,Customer 19861,West,9999999,2024-01-15,
19862,Customer 19862,North,30,2024-01-15,
19863,Customer 19863,West,10,2024-01-15,
19864,Customer 19864,South,10,2024-01-15,
19865,Customer 19865,East,30,2024-01-15,
19866,Customer 19866,West,20,2024-01-15,
19867,Customer 19867,East,30,2024-01-15,
19868,Customer 19868,East,9999999,2024-01-15,
19869,Customer 19869 ,North,20,2024-01-15,
19870,Customer 19870,North,30,2024-01-15,
19871,Customer 19871,East,30,2024-01-15,
19872,Customer 19872,South,20,2024-01-15,
19873,Customer 19873,North,20,2024-01-15,
19874,Customer 19874,West,10,2024-01-15,
19875,Customer 19875,South,30,2024-01-15,
19876,Customer 19876,South,10,2024-01-15,
19877,Customer 19877,West,20,2024-01-15,
19878,Customer 19878,East,9999999,2024-01-15,
19879,Customer 19879,East,30,2024-01-15,
19880,Customer 19880,South,20,2024-01-15,
19881,Customer 19881,East,20,2024-01-15,
19882,Customer 19882,West,30,2024-01-15,
19883,Customer 19883,West,9999999,2024-01-15,
19884,Customer 19884,North,30,2024-01-15,
19885,Customer 19885,West,30,2024-01-15,
19886,Customer 19886,South,9999999,2024-01-15,
19887,Customer 19887,West,30,2024-01-15,
19888,Customer 19888,West,30,2024-01-15,
19889,Customer 19889,South,20,2024-01-15,
19890,Customer 19890,North,30,2024-01-15,
19891,Customer 19891,West,10,2024-01-15,
19892,Customer 19892,North,9999999,2024-01-15,
19893,Customer 19893,North,10,2024-01-15,
19894,Customer 19894,East,9999999,2024-01-15,
19895,Customer 19895,South,30,2024-01-15,
19896,Customer 19896,South,20,2024-01-15,
19897,Customer 19897,West,10,2024-01-15,
19898,Customer 19898,South,30,2024-01-15,
19899,Customer 19899,South,10,2024-01-15,
19900,Customer 19900,West,20,2024-01-15,
19901,Customer 19901,East,30,2024-01-15,
19902,Customer 19902,North,9999999,2024-01-15,
19903,Customer 19903,East,20,2024-01-15,
19904,Customer 19904,North,10,2024-01-15,
19905,Customer 19905,East,30,2024-01-15,
19906,Customer 19906 ,North,9999999,2024-01-15,
19907,Customer 19907,East,30,2024-01-15,
19908,Customer 19908,East,20,2024-01-15,
19909,Customer 19909,West,30,2024-01-15,
19910,Customer 19910,North,30,2024-01-15,
19911,Customer 19911,South,20,2024-01-15,
19912,Customer 19912,South,30,2024-01-15,
19913,Customer 19913,East,30,2024-01-15,
19914,Customer 19914,West,10,2024-01-15,
19915,Customer 19915,North,10,2024-01-15,
19916,Customer 19916,South,9999999,2024-01-15,
19917,Customer 19917,South,10,2024-01-15,
19918,Customer 19918,East,30,2024-01-15,
19919,Customer 19919,East,20,2024-01-15,
19920,Customer 19920,East,9999999,2024-01-15,
19921,Customer 19921,North,30,2024-01-15,
19922,Customer 19922,South,9999999,2024-01-15,
19923,Customer 19923,South,10,2024-01-15,
19924,Customer 19924,North,20,2024-01-15,
19925,Customer 19925,North,10,2024-01-15,
19926,Customer 19926,West,20,2024-01-15,
19927,Customer 19927,South,30,2024-01-15,
19928,Customer 19928,North,10,2024-01-15,
19929,Customer 19929,East,30,2024-01-15,
19930,Customer 19930,West,30,2024-01-15,
19931,Customer 19931,West,20,2024-01-15,
19932,Customer 19932,North,9999999,2024-01-15,
19933,Customer 19933,North,9999999,2024-01-15,
19934,Customer 19934,North,30,2024-01-15,
19935,Customer 19935,North,9999999,2024-01-15,
19936,Customer 19936,North,30,2024-01-15,
19937,Customer 19937,South,9999999,2024-01-15,
19938,Customer 19938,South,9999999,2024-01-15,
19939,Customer 19939,West,20,2024-01-15,
19940,Customer 19940,South,9999999,2024-01-15,
19941,Customer 19941,South,30,2024-01-15,
19942,Customer 19942,West,20,2024-01-15,
19943,Customer 19943 ,West,30,2024-01-15,
19944,Customer 19944,North,20,2024-01-15,
19945,Customer 19945,North,9999999,2024-01-15,
19946,Customer 19946,West,30,2024-01-15,
19947,Customer 19947,West,10,2024-01-15,
19948,Customer 19948,West,20,2024-01-15,
19949,Customer 19949,West,9999999,2024-01-15,
19950,Customer 19950,South,30,2024-01-15,
19951,Customer 19951,West,20,2024-01-15,
19952,Customer 19952,West,20,2024-01-15,
19953,Customer 19953,East,10,2024-01-15,
19954,Customer 19954,East,30,2024-01-15,
19955,Customer 19955,North,30,2024-01-15,
19956,Customer 19956,East,20,2024-01-15,
19957,Customer 19957,South,9999999,2024-01-15,
19958,Customer 19958,West,20,2024-01-15,
19959,Customer 19959,North,20,2024-01-15,
19960,Customer 19960,West,10,2024-01-15,
19961,Customer 19961,North,30,2024-01-15,
19962,Customer 19962,East,30,2024-01-15,
19963,Customer 19963,West,20,2024-01-15,
19964,Customer 19964,West,30,2024-01-15,
19965,Customer 19965,North,9999999,2024-01-15,
19966,Customer 19966,East,30,2024-01-15,
19967,Customer 19967,South,20,2024-01-15,
19968,Customer 19968,North,20,2024-01-15,
19969,Customer 19969,South,9999999,2024-01-15,
19970,Customer 19970,South,10,2024-01-15,
19971,Customer 19971,West,30,2024-01-15,
19972,Customer 19972,West,30,2024-01-15,
19973,Customer 19973,West,10,2024-01-15,
19974,Customer 19974,West,10,2024-01-15,
19975,Customer 19975,East,9999999,2024-01-15,
19976,Customer 19976,South,10,2024-01-15,
19977,Customer 19977,North,10,2024-01-15,
19978,Customer 19978,North,10,2024-01-15,
19979,Customer 19979,West,20,2024-01-15,
19980,Customer 19980 ,East,9999999,2024-01-15,
19981,Customer 19981,West,30,2024-01-15,
19982,Customer 19982,North,10,2024-01-15,
19983,Customer 19983,North,30,2024-01-15,
19984,Customer 19984,East,20,2024-01-15,
19985,Customer 19985,North,20,2024-01-15,
19986,Customer 19986,South,9999999,2024-01-15,
19987,Customer 19987,North,10,2024-01-15,
19988,Customer 19988,South,30,2024-01-15,
19989,Customer 19989,West,9999999,2024-01-15,
19990,Customer 19990,South,20,2024-01-15,
19991,Customer 19991,South,9999999,2024-01-15,
19992,Customer 19992,East,9999999,2024-01-15,
19993,Customer 19993,South,9999999,2024-01-15,
19994,Customer 19994,West,20,2024-01-15,
19995,Customer 19995,East,9999999,2024-01-15,
19996,Customer 19996,North,20,2024-01-15,
19997,Customer 19997,East,10,2024-01-15,
19998,Customer 19998,East,20,2024-01-15,
19999,Customer 19999,West,20,2024-01-15,
20000,Customer 20000,South,N/A,2024-01-15,
