id,name,category,amount,signup_date
1,Customer 1,West,20,2024-01-15
2,Customer 2,east,10,2024-01-15
3,Customer 3,EAST,10,2024-01-15
4,Customer 4,EAST,-999999,2024-01-15
5,Customer 5,South,-999999,2024-01-15
6,Customer 6,EAST,10,2024-01-15
7,Customer 7,EAST,10,31/02/2024
8,Customer 8,West,-999999,2024-01-15
9,Customer 9,unknown,10,2024-01-15
10,Customer 10,east,-999999,2024-01-15
11,Customer 11,West,20,2024-01-15
12,Customer 12,east,10,2024-01-15
13,  Customer 13  ,North,10,2024-01-15
14,Customer 14,unknown,10,31/02/2024
15,Customer 15,North,"1,000",2024-01-15
16,Customer 16,unknown,-999999,2024-01-15
17,Customer 17,EAST,20,2024-01-15
18,Customer 18,West,10,2024-01-15
19,Customer 19,EAST,20,2024-01-15
20,Customer 20,West,-999999,2024-01-15
21,Customer 21,east,20,31/02/2024
22,Customer 22,unknown,20,2024-01-15
23,Customer 23,EAST,20,2024-01-15
24,Customer 24,North,N/A,2024-01-15
25,Customer 25,West,-999999,2024-01-15
26,  Customer 26  ,South,10,2024-01-15
27,Customer 27,North,N/A,2024-01-15
28,Customer 28,unknown,N/A,31/02/2024
29,Customer 29,EAST,"1,000",2024-01-15
30,Customer 30,unknown,"1,000",2024-01-15
31,Customer 31,east,20,2024-01-15
32,Customer 32,West,N/A,2024-01-15
33,Customer 33,West,-999999,2024-01-15
34,Customer 34,West,-999999,2024-01-15
35,Customer 35,EAST,10,31/02/2024
36,Customer 36,unknown,20,2024-01-15
37,Customer 37,EAST,-999999,2024-01-15
38,Customer 38,east,20,2024-01-15
39,  Customer 39  ,unknown,"1,000",2024-01-15
40,Customer 40,North,N/A,2024-01-15
41,Customer 41,unknown,-999999,2024-01-15
42,Customer 42,North,"1,000",31/02/2024
43,Customer 43,West,20,2024-01-15
44,Customer 44,east,-999999,2024-01-15
45,Customer 45,unknown,-999999,2024-01-15
46,Customer 46,EAST,10,2024-01-15
47,Customer 47,east,10,2024-01-15
48,Customer 48,West,"1,000",2024-01-15
49,Customer 49,EAST,"1,000",31/02/2024
50,Customer 50,South,20,2024-01-15
51,Customer 51,South,"1,000",2024-01-15
52,  Customer 52  ,South,10,2024-01-15
53,Customer 53,West,"1,000",2024-01-15
54,Customer 54,EAST,20,2024-01-15
55,Customer 55,east,"1,000",2024-01-15
56,Customer 56,east,"1,000",31/02/2024
57,Customer 57,east,-999999,2024-01-15
58,Customer 58,West,"1,000",2024-01-15
59,Customer 59,EAST,10,2024-01-15
60,Customer 60,South,"1,000",2024-01-15
61,Customer 61,West,"1,000",2024-01-15
62,Customer 62,EAST,20,2024-01-15
63,Customer 63,EAST,10,31/02/2024
64,Customer 64,West,N/A,2024-01-15
65,  Customer 65  ,South,"1,000",2024-01-15
66,Customer 66,EAST,"1,000",2024-01-15
67,Customer 67,east,-999999,2024-01-15
68,Customer 68,east,-999999,2024-01-15
69,Customer 69,West,10,2024-01-15
70,Customer 70,West,"1,000",31/02/2024
71,Customer 71,east,"1,000",2024-01-15
72,Customer 72,West,-999999,2024-01-15
73,Customer 73,South,10,2024-01-15
74,Customer 74,West,20,2024-01-15
75,Customer 75,South,"1,000",2024-01-15
76,Customer 76,West,10,2024-01-15
77,Customer 77,North,N/A,31/02/2024
78,  Customer 78  ,North,10,2024-01-15
79,Customer 79,EAST,10,2024-01-15
80,Customer 80,east,10,2024-01-15
81,Customer 81,east,20,2024-01-15
82,Customer 82,West,10,2024-01-15
83,Customer 83,east,20,2024-01-15
84,Customer 84,North,N/A,31/02/2024
85,Customer 85,South,20,2024-01-15
86,Customer 86,West,N/A,2024-01-15
87,Customer 87,unknown,20,2024-01-15
88,Customer 88,unknown,N/A,2024-01-15
89,Customer 89,EAST,N/A,2024-01-15
90,Customer 90,EAST,N/A,2024-01-15
91,  Customer 91  ,North,-999999,31/02/2024
92,Customer 92,east,10,2024-01-15
93,Customer 93,east,-999999,2024-01-15
94,Customer 94,South,-999999,2024-01-15
95,Customer 95,North,N/A,2024-01-15
96,Customer 96,unknown,N/A,2024-01-15
97,Customer 97,South,"1,000",2024-01-15
98,Customer 98,EAST,"1,000",31/02/2024
99,Customer 99,South,10,2024-01-15
100,Customer 100,EAST,10,2024-01-15
101,Customer 101,North,20,2024-01-15
102,Customer 102,EAST,20,2024-01-15
103,Customer 103,unknown,"1,000",2024-01-15
104,  Customer 104  ,West,-999999,2024-01-15
105,Customer 105,unknown,20,31/02/2024
106,Customer 106,EAST,"1,000",2024-01-15
107,Customer 107,West,20,2024-01-15
108,Customer 108,EAST,10,2024-01-15
109,Customer 109,east,"1,000",2024-01-15
110,Customer 110,North,-999999,2024-01-15
111,Customer 111,South,N/A,2024-01-15
112,Customer 112,North,20,31/02/2024
113,Customer 113,North,N/A,2024-01-15
114,Customer 114,east,10,2024-01-15
115,Customer 115,unknown,N/A,2024-01-15
116,Customer 116,EAST,20,2024-01-15
117,  Customer 117  ,east,"1,000",2024-01-15
118,Customer 118,North,20,2024-01-15
119,Customer 119,North,"1,000",31/02/2024
120,Customer 120,South,"1,000",2024-01-15
121,Customer 121,EAST,"1,000",2024-01-15
122,Customer 122,unknown,20,2024-01-15
123,Customer 123,West,"1,000",2024-01-15
124,Customer 124,EAST,10,2024-01-15
125,Customer 125,east,20,2024-01-15
126,Customer 126,South,10,31/02/2024
127,Customer 127,unknown,"1,000",2024-01-15
128,Customer 128,West,-999999,2024-01-15
129,Customer 129,EAST,20,2024-01-15
130,  Customer 130  ,unknown,10,2024-01-15
131,Customer 131,east,-999999,2024-01-15
132,Customer 132,EAST,"1,000",2024-01-15
133,Customer 133,east,10,31/02/2024
134,Customer 134,EAST,"1,000",2024-01-15
135,Customer 135,North,N/A,2024-01-15
136,Customer 136,South,20,2024-01-15
137,Customer 137,West,N/A,2024-01-15
138,Customer 138,east,20,2024-01-15
139,Customer 139,South,-999999,2024-01-15
140,Customer 140,unknown,N/A,31/02/2024
141,Customer 141,EAST,10,2024-01-15
142,Customer 142,east,"1,000",2024-01-15
143,  Customer 143  ,EAST,"1,000",2024-01-15
144,Customer 144,South,"1,000",2024-01-15
145,Customer 145,unknown,10,2024-01-15
146,Customer 146,North,10,2024-01-15
147,Customer 147,South,20,31/02/2024
148,Customer 148,West,20,2024-01-15
149,Customer 149,east,20,2024-01-15
150,Customer 150,West,N/A,2024-01-15
151,Customer 151,east,"1,000",2024-01-15
152,Customer 152,east,N/A,2024-01-15
153,Customer 153,North,N/A,2024-01-15
154,Customer 154,South,N/A,31/02/2024
155,Customer 155,unknown,"1,000",2024-01-15
156,  Customer 156  ,South,-999999,2024-01-15
157,Customer 157,West,"1,000",2024-01-15
158,Customer 158,east,10,2024-01-15
159,Customer 159,EAST,10,2024-01-15
160,Customer 160,EAST,10,2024-01-15
161,Customer 161,South,20,31/02/2024
162,Customer 162,North,N/A,2024-01-15
163,Customer 163,West,"1,000",2024-01-15
164,Customer 164,North,-999999,2024-01-15
165,Customer 165,West,"1,000",2024-01-15
166,Customer 166,West,20,2024-01-15
167,Customer 167,east,10,2024-01-15
168,Customer 168,east,N/A,31/02/2024
169,  Customer 169  ,West,"1,000",2024-01-15
170,Customer 170,EAST,10,2024-01-15
171,Customer 171,North,N/A,2024-01-15
172,Customer 172,east,10,2024-01-15
173,Customer 173,West,10,2024-01-15
174,Customer 174,North,10,2024-01-15
175,Customer 175,North,-999999,31/02/2024
176,Customer 176,South,10,2024-01-15
177,Customer 177,West,20,2024-01-15
178,Customer 178,South,-999999,2024-01-15
179,Customer 179,EAST,10,2024-01-15
180,Customer 180,unknown,20,2024-01-15
181,Customer 181,South,20,2024-01-15
182,  Customer 182  ,EAST,10,31/02/2024
183,Customer 183,West,-999999,2024-01-15
184,Customer 184,West,N/A,2024-01-15
185,Customer 185,unknown,N/A,2024-01-15
186,Customer 186,east,-999999,2024-01-15
187,Customer 187,South,10,2024-01-15
188,Customer 188,North,N/A,2024-01-15
189,Customer 189,North,10,31/02/2024
190,Customer 190,unknown,N/A,2024-01-15
191,Customer 191,east,"1,000",2024-01-15
192,Customer 192,EAST,-999999,2024-01-15
193,Customer 193,EAST,N/A,2024-01-15
194,Customer 194,North,10,2024-01-15
195,  Customer 195  ,West,N/A,2024-01-15
196,Customer 196,North,-999999,31/02/2024
197,Customer 197,South,N/A,2024-01-15
198,Customer 198,West,"1,000",2024-01-15
199,Customer 199,unknown,-999999,2024-01-15
200,Customer 200,east,N/A,2024-01-15
201,Customer 201,West,20,2024-01-15
202,Customer 202,east,20,2024-01-15
203,Customer 203,South,20,31/02/2024
204,Customer 204,North,N/A,2024-01-15
205,Customer 205,North,N/A,2024-01-15
206,Customer 206,North,-999999,2024-01-15
207,Customer 207,unknown,"1,000",2024-01-15
208,  Customer 208  ,South,N/A,2024-01-15
209,Customer 209,east,-999999,2024-01-15
210,Customer 210,east,10,31/02/2024
211,Customer 211,east,20,2024-01-15
212,Customer 212,east,"1,000",2024-01-15
213,Customer 213,east,20,2024-01-15
214,Customer 214,West,10,2024-01-15
215,Customer 215,West,"1,000",2024-01-15
216,Customer 216,North,"1,000",2024-01-15
217,Customer 217,South,20,31/02/2024
218,Customer 218,South,10,2024-01-15
219,Customer 219,North,-999999,2024-01-15
220,Customer 220,West,N/A,2024-01-15
221,  Customer 221  ,unknown,10,2024-01-15
222,Customer 222,North,10,2024-01-15
223,Customer 223,east,10,2024-01-15
224,Customer 224,EAST,N/A,31/02/2024
225,Customer 225,South,-999999,2024-01-15
226,Customer 226,West,10,2024-01-15
227,Customer 227,North,N/A,2024-01-15
228,Customer 228,unknown,"1,000",2024-01-15
229,Customer 229,South,20,2024-01-15
230,Customer 230,South,20,2024-01-15
231,Customer 231,east,N/A,31/02/2024
232,Customer 232,unknown,10,2024-01-15
233,Customer 233,West,"1,000",2024-01-15
234,  Customer 234  ,South,N/A,2024-01-15
235,Customer 235,South,20,2024-01-15
236,Customer 236,unknown,"1,000",2024-01-15
237,Customer 237,east,10,2024-01-15
238,Customer 238,unknown,"1,000",31/02/2024
239,Customer 239,unknown,"1,000",2024-01-15
240,Customer 240,South,20,2024-01-15
241,Customer 241,EAST,N/A,2024-01-15
242,Customer 242,South,"1,000",2024-01-15
243,Customer 243,unknown,10,2024-01-15
244,Customer 244,east,20,2024-01-15
245,Customer 245,unknown,10,31/02/2024
246,Customer 246,EAST,-999999,2024-01-15
247,  Customer 247  ,east,"1,000",2024-01-15
248,Customer 248,EAST,"1,000",2024-01-15
249,Customer 249,EAST,"1,000",2024-01-15
250,Customer 250,EAST,10,2024-01-15
251,Customer 251,South,N/A,2024-01-15
252,Customer 252,EAST,N/A,31/02/2024
253,Customer 253,unknown,10,2024-01-15
254,Customer 254,West,-999999,2024-01-15
255,Customer 255,North,10,2024-01-15
256,Customer 256,West,N/A,2024-01-15
257,Customer 257,West,20,2024-01-15
258,Customer 258,South,20,2024-01-15
259,Customer 259,east,N/A,31/02/2024
260,  Customer 260  ,West,-999999,2024-01-15
261,Customer 261,South,-999999,2024-01-15
262,Customer 262,North,"1,000",2024-01-15
263,Customer 263,EAST,20,2024-01-15
264,Customer 264,South,10,2024-01-15
265,Customer 265,east,"1,000",2024-01-15
266,Customer 266,unknown,"1,000",31/02/2024
267,Customer 267,unknown,-999999,2024-01-15
268,Customer 268,South,20,2024-01-15
269,Customer 269,EAST,N/A,2024-01-15
270,Customer 270,South,-999999,2024-01-15
271,Customer 271,east,-999999,2024-01-15
272,Customer 272,West,"1,000",2024-01-15
273,  Customer 273  ,unknown,N/A,31/02/2024
274,Customer 274,North,20,2024-01-15
275,Customer 275,West,10,2024-01-15
276,Customer 276,South,N/A,2024-01-15
277,Customer 277,South,"1,000",2024-01-15
278,Customer 278,east,N/A,2024-01-15
279,Customer 279,West,N/A,2024-01-15
280,Customer 280,South,N/A,31/02/2024
281,Customer 281,West,-999999,2024-01-15
282,Customer 282,North,10,2024-01-15
283,Customer 283,West,"1,000",2024-01-15
284,Customer 284,EAST,"1,000",2024-01-15
285,Customer 285,South,20,2024-01-15
286,  Customer 286  ,EAST,N/A,2024-01-15
287,Customer 287,West,20,31/02/2024
288,Customer 288,EAST,10,2024-01-15
289,Customer 289,unknown,-999999,2024-01-15
290,Customer 290,EAST,N/A,2024-01-15
291,Customer 291,South,"1,000",2024-01-15
292,Customer 292,unknown,"1,000",2024-01-15
293,Customer 293,West,10,2024-01-15
294,Customer 294,east,10,31/02/2024
295,Customer 295,east,10,2024-01-15
296,Customer 296,South,10,2024-01-15
297,Customer 297,unknown,"1,000",2024-01-15
298,Customer 298,EAST,10,2024-01-15
299,  Customer 299  ,EAST,20,2024-01-15
300,Customer 300,EAST,-999999,2024-01-15
301,Customer 301,east,20,31/02/2024
302,Customer 302,South,-999999,2024-01-15
303,Customer 303,EAST,"1,000",2024-01-15
304,Customer 304,North,20,2024-01-15
305,Customer 305,West,-999999,2024-01-15
306,Customer 306,EAST,"1,000",2024-01-15
307,Customer 307,unknown,10,2024-01-15
308,Customer 308,east,N/A,31/02/2024
309,Customer 309,EAST,20,2024-01-15
310,Customer 310,North,"1,000",2024-01-15
311,Customer 311,West,20,2024-01-15
312,  Customer 312  ,West,-999999,2024-01-15
313,Customer 313,North,10,2024-01-15
314,Customer 314,South,"1,000",2024-01-15
315,Customer 315,South,N/A,31/02/2024
316,Customer 316,east,20,2024-01-15
317,Customer 317,West,20,2024-01-15
318,Customer 318,east,20,2024-01-15
319,Customer 319,West,N/A,2024-01-15
320,Customer 320,unknown,N/A,2024-01-15
321,Customer 321,South,-999999,2024-01-15
322,Customer 322,east,"1,000",31/02/2024
323,Customer 323,EAST,-999999,2024-01-15
324,Customer 324,South,10,2024-01-15
325,  Customer 325  ,EAST,"1,000",2024-01-15
326,Customer 326,east,20,2024-01-15
327,Customer 327,North,10,2024-01-15
328,Customer 328,West,10,2024-01-15
329,Customer 329,West,10,31/02/2024
330,Customer 330,unknown,N/A,2024-01-15
331,Customer 331,North,20,2024-01-15
332,Customer 332,east,"1,000",2024-01-15
333,Customer 333,east,"1,000",2024-01-15
334,Customer 334,West,-999999,2024-01-15
335,Customer 335,West,N/A,2024-01-15
336,Customer 336,North,N/A,31/02/2024
337,Customer 337,EAST,10,2024-01-15
338,  Customer 338  ,east,-999999,2024-01-15
339,Customer 339,West,N/A,2024-01-15
340,Customer 340,east,-999999,2024-01-15
341,Customer 341,EAST,"1,000",2024-01-15
342,Customer 342,unknown,10,2024-01-15
343,Customer 343,EAST,-999999,31/02/2024
344,Customer 344,West,20,2024-01-15
345,Customer 345,east,10,2024-01-15
346,Customer 346,unknown,"1,000",2024-01-15
347,Customer 347,South,"1,000",2024-01-15
348,Customer 348,West,-999999,2024-01-15
349,Customer 349,EAST,"1,000",2024-01-15
350,Customer 350,unknown,N/A,31/02/2024
351,  Customer 351  ,EAST,20,2024-01-15
352,Customer 352,unknown,"1,000",2024-01-15
353,Customer 353,South,"1,000",2024-01-15
354,Customer 354,West,N/A,2024-01-15
355,Customer 355,unknown,10,2024-01-15
356,Customer 356,West,-999999,2024-01-15
357,Customer 357,EAST,-999999,31/02/2024
358,Customer 358,West,N/A,2024-01-15
359,Customer 359,unknown,"1,000",2024-01-15
360,Customer 360,EAST,10,2024-01-15
361,Customer 361,unknown,20,2024-01-15
362,Customer 362,unknown,N/A,2024-01-15
363,Customer 363,EAST,10,2024-01-15
364,  Customer 364  ,unknown,20,31/02/2024
365,Customer 365,east,-999999,2024-01-15
366,Customer 366,North,20,2024-01-15
367,Customer 367,North,"1,000",2024-01-15
368,Customer 368,east,N/A,2024-01-15
369,Customer 369,unknown,-999999,2024-01-15
370,Customer 370,east,"1,000",2024-01-15
371,Customer 371,EAST,20,31/02/2024
372,Customer 372,EAST,N/A,2024-01-15
373,Customer 373,EAST,20,2024-01-15
374,Customer 374,North,"1,000",2024-01-15
375,Customer 375,West,N/A,2024-01-15
376,Customer 376,unknown,10,2024-01-15
377,  Customer 377  ,EAST,"1,000",2024-01-15
378,Customer 378,east,10,31/02/2024
379,Customer 379,unknown,10,2024-01-15
380,Customer 380,North,-999999,2024-01-15
381,Customer 381,West,20,2024-01-15
382,Customer 382,unknown,20,2024-01-15
383,Customer 383,EAST,10,2024-01-15
384,Customer 384,West,N/A,2024-01-15
385,Customer 385,South,N/A,31/02/2024
386,Customer 386,South,"1,000",2024-01-15
387,Customer 387,east,20,2024-01-15
388,Customer 388,North,N/A,2024-01-15
389,Customer 389,unknown,10,2024-01-15
390,  Customer 390  ,unknown,"1,000",2024-01-15
391,Customer 391,EAST,N/A,2024-01-15
392,Customer 392,West,"1,000",31/02/2024
393,Customer 393,South,10,2024-01-15
394,Customer 394,unknown,N/A,2024-01-15
395,Customer 395,east,"1,000",2024-01-15
396,Customer 396,West,N/A,2024-01-15
397,Customer 397,EAST,20,2024-01-15
398,Customer 398,EAST,"1,000",2024-01-15
399,Customer 399,EAST,20,31/02/2024
400,Customer 400,West,N/A,2024-01-15
401,Customer 401,unknown,N/A,2024-01-15
402,Customer 402,east,20,2024-01-15
403,  Customer 403  ,unknown,"1,000",2024-01-15
404,Customer 404,unknown,20,2024-01-15
405,Customer 405,West,10,2024-01-15
406,Customer 406,east,-999999,31/02/2024
407,Customer 407,South,-999999,2024-01-15
408,Customer 408,South,N/A,2024-01-15
409,Customer 409,unknown,10,2024-01-15
410,Customer 410,West,20,2024-01-15
411,Customer 411,West,-999999,2024-01-15
412,Customer 412,West,20,2024-01-15
413,Customer 413,EAST,N/A,31/02/2024
414,Customer 414,South,"1,000",2024-01-15
415,Customer 415,South,20,2024-01-15
416,  Customer 416  ,east,-999999,2024-01-15
417,Customer 417,EAST,N/A,2024-01-15
418,Customer 418,North,20,2024-01-15
419,Customer 419,unknown,20,2024-01-15
420,Customer 420,North,N/A,31/02/2024
421,Customer 421,South,10,2024-01-15
422,Customer 422,east,-999999,2024-01-15
423,Customer 423,North,-999999,2024-01-15
424,Customer 424,North,20,2024-01-15
425,Customer 425,West,10,2024-01-15
426,Customer 426,South,10,2024-01-15
427,Customer 427,EAST,10,31/02/2024
428,Customer 428,unknown,"1,000",2024-01-15
429,  Customer 429  ,EAST,"1,000",2024-01-15
430,Customer 430,unknown,N/A,2024-01-15
431,Customer 431,North,N/A,2024-01-15
432,Customer 432,unknown,"1,000",2024-01-15
433,Customer 433,North,20,2024-01-15
434,Customer 434,EAST,20,31/02/2024
435,Customer 435,EAST,20,2024-01-15
436,Customer 436,EAST,-999999,2024-01-15
437,Customer 437,South,20,2024-01-15
438,Customer 438,east,20,2024-01-15
439,Customer 439,West,-999999,2024-01-15
440,Customer 440,EAST,"1,000",2024-01-15
441,Customer 441,EAST,20,31/02/2024
442,  Customer 442  ,east,N/A,2024-01-15
443,Customer 443,West,-999999,2024-01-15
444,Customer 444,South,10,2024-01-15
445,Customer 445,North,10,2024-01-15
446,Customer 446,North,10,2024-01-15
447,Customer 447,east,-999999,2024-01-15
448,Customer 448,West,-999999,31/02/2024
449,Customer 449,South,N/A,2024-01-15
450,Customer 450,South,-999999,2024-01-15
451,Customer 451,North,20,2024-01-15
452,Customer 452,EAST,10,2024-01-15
453,Customer 453,unknown,20,2024-01-15
454,Customer 454,North,"1,000",2024-01-15
455,  Customer 455  ,EAST,"1,000",31/02/2024
456,Customer 456,South,N/A,2024-01-15
457,Customer 457,EAST,10,2024-01-15
458,Customer 458,North,N/A,2024-01-15
459,Customer 459,West,10,2024-01-15
460,Customer 460,West,10,2024-01-15
461,Customer 461,North,20,2024-01-15
462,Customer 462,North,N/A,31/02/2024
463,Customer 463,North,-999999,2024-01-15
464,Customer 464,North,20,2024-01-15
465,Customer 465,unknown,-999999,2024-01-15
466,Customer 466,unknown,20,2024-01-15
467,Customer 467,unknown,N/A,2024-01-15
468,  Customer 468  ,unknown,20,2024-01-15
469,Customer 469,EAST,-999999,31/02/2024
470,Customer 470,unknown,N/A,2024-01-15
471,Customer 471,east,N/A,2024-01-15
472,Customer 472,South,20,2024-01-15
473,Customer 473,West,10,2024-01-15
474,Customer 474,South,"1,000",2024-01-15
475,Customer 475,EAST,N/A,2024-01-15
476,Customer 476,unknown,"1,000",31/02/2024
477,Customer 477,unknown,"1,000",2024-01-15
478,Customer 478,North,"1,000",2024-01-15
479,Customer 479,West,N/A,2024-01-15
480,Customer 480,West,-999999,2024-01-15
481,  Customer 481  ,unknown,20,2024-01-15
482,Customer 482,EAST,"1,000",2024-01-15
483,Customer 483,unknown,10,31/02/2024
484,Customer 484,unknown,N/A,2024-01-15
485,Customer 485,unknown,"1,000",2024-01-15
486,Customer 486,east,10,2024-01-15
487,Customer 487,North,20,2024-01-15
488,Customer 488,North,20,2024-01-15
489,Customer 489,EAST,20,2024-01-15
490,Customer 490,North,10,31/02/2024
491,Customer 491,West,10,2024-01-15
492,Customer 492,West,-999999,2024-01-15
493,Customer 493,North,N/A,2024-01-15
494,  Customer 494  ,North,N/A,2024-01-15
495,Customer 495,West,20,2024-01-15
496,Customer 496,EAST,10,2024-01-15
497,Customer 497,EAST,20,31/02/2024
498,Customer 498,North,-999999,2024-01-15
499,Customer 499,east,"1,000",2024-01-15
499,Customer 500,east,10,2024-01-15
501,Customer 501,North,N/A,2024-01-15
502,Customer 502,North,N/A,2024-01-15
503,Customer 503,North,-999999,2024-01-15
504,Customer 504,east,N/A,31/02/2024
505,Customer 505,east,20,2024-01-15
506,Customer 506,North,-999999,2024-01-15
507,  Customer 507  ,North,N/A,2024-01-15
508,Customer 508,South,-999999,2024-01-15
509,Customer 509,West,"1,000",2024-01-15
510,Customer 510,east,20,2024-01-15
511,Customer 511,West,N/A,31/02/2024
512,Customer 512,West,-999999,2024-01-15
513,Customer 513,North,-999999,2024-01-15
514,Customer 514,unknown,20,2024-01-15
515,Customer 515,West,-999999,2024-01-15
516,Customer 516,unknown,"1,000",2024-01-15
517,Customer 517,unknown,"1,000",2024-01-15
518,Customer 518,West,"1,000",31/02/2024
519,Customer 519,east,10,2024-01-15
520,  Customer 520  ,South,20,2024-01-15
521,Customer 521,EAST,N/A,2024-01-15
522,Customer 522,east,"1,000",2024-01-15
523,Customer 523,EAST,10,2024-01-15
524,Customer 524,South,N/A,2024-01-15
525,Customer 525,North,"1,000",31/02/2024
526,Customer 526,east,10,2024-01-15
527,Customer 527,east,"1,000",2024-01-15
528,Customer 528,east,-999999,2024-01-15
529,Customer 529,east,N/A,2024-01-15
530,Customer 530,east,N/A,2024-01-15
531,Customer 531,West,"1,000",2024-01-15
532,Customer 532,West,10,31/02/2024
533,  Customer 533  ,South,10,2024-01-15
534,Customer 534,unknown,N/A,2024-01-15
535,Customer 535,east,N/A,2024-01-15
536,Customer 536,North,"1,000",2024-01-15
537,Customer 537,east,-999999,2024-01-15
538,Customer 538,EAST,-999999,2024-01-15
539,Customer 539,unknown,N/A,31/02/2024
540,Customer 540,North,-999999,2024-01-15
541,Customer 541,North,"1,000",2024-01-15
542,Customer 542,North,20,2024-01-15
543,Customer 543,EAST,"1,000",2024-01-15
544,Customer 544,east,"1,000",2024-01-15
545,Customer 545,unknown,20,2024-01-15
546,  Customer 546  ,unknown,"1,000",31/02/2024
547,Customer 547,east,N/A,2024-01-15
548,Customer 548,EAST,N/A,2024-01-15
549,Customer 549,EAST,N/A,2024-01-15
550,Customer 550,east,"1,000",2024-01-15
551,Customer 551,West,"1,000",2024-01-15
552,Customer 552,North,20,2024-01-15
553,Customer 553,east,20,31/02/2024
554,Customer 554,West,20,2024-01-15
555,Customer 555,North,20,2024-01-15
556,Customer 556,EAST,20,2024-01-15
557,Customer 557,North,"1,000",2024-01-15
558,Customer 558,West,10,2024-01-15
559,  Customer 559  ,unknown,N/A,2024-01-15
560,Customer 560,South,10,31/02/2024
561,Customer 561,North,N/A,2024-01-15
562,Customer 562,West,"1,000",2024-01-15
563,Customer 563,North,10,2024-01-15
564,Customer 564,unknown,20,2024-01-15
565,Customer 565,West,20,2024-01-15
566,Customer 566,North,-999999,2024-01-15
567,Customer 567,east,"1,000",31/02/2024
568,Customer 568,unknown,-999999,2024-01-15
569,Customer 569,South,N/A,2024-01-15
570,Customer 570,West,20,2024-01-15
571,Customer 571,South,-999999,2024-01-15
572,  Customer 572  ,EAST,-999999,2024-01-15
573,Customer 573,West,N/A,2024-01-15
574,Customer 574,EAST,20,31/02/2024
575,Customer 575,east,10,2024-01-15
576,Customer 576,South,-999999,2024-01-15
577,Customer 577,unknown,10,2024-01-15
578,Customer 578,EAST,"1,000",2024-01-15
579,Customer 579,EAST,"1,000",2024-01-15
580,Customer 580,EAST,10,2024-01-15
581,Customer 581,West,"1,000",31/02/2024
582,Customer 582,West,"1,000",2024-01-15
583,Customer 583,North,-999999,2024-01-15
584,Customer 584,EAST,N/A,2024-01-15
585,  Customer 585  ,South,10,2024-01-15
586,Customer 586,unknown,N/A,2024-01-15
587,Customer 587,West,10,2024-01-15
588,Customer 588,east,10,31/02/2024
589,Customer 589,unknown,"1,000",2024-01-15
590,Customer 590,West,N/A,2024-01-15
591,Customer 591,West,"1,000",2024-01-15
592,Customer 592,West,N/A,2024-01-15
593,Customer 593,West,-999999,2024-01-15
594,Customer 594,EAST,"1,000",2024-01-15
595,Customer 595,unknown,"1,000",31/02/2024
596,Customer 596,east,"1,000",2024-01-15
597,Customer 597,east,-999999,2024-01-15
598,  Customer 598  ,West,20,2024-01-15
599,Customer 599,West,-999999,2024-01-15
600,Customer 600,West,20,2024-01-15
601,Customer 601,east,20,2024-01-15
602,Customer 602,EAST,10,31/02/2024
603,Customer 603,North,"1,000",2024-01-15
604,Customer 604,EAST,N/A,2024-01-15
605,Customer 605,east,-999999,2024-01-15
606,Customer 606,North,10,2024-01-15
607,Customer 607,North,10,2024-01-15
608,Customer 608,east,-999999,2024-01-15
609,Customer 609,east,-999999,31/02/2024
610,Customer 610,unknown,N/A,2024-01-15
611,  Customer 611  ,east,-999999,2024-01-15
612,Customer 612,EAST,-999999,2024-01-15
613,Customer 613,EAST,10,2024-01-15
614,Customer 614,South,N/A,2024-01-15
615,Customer 615,South,-999999,2024-01-15
616,Customer 616,South,10,31/02/2024
617,Customer 617,east,N/A,2024-01-15
618,Customer 618,West,20,2024-01-15
619,Customer 619,EAST,N/A,2024-01-15
620,Customer 620,West,N/A,2024-01-15
621,Customer 621,unknown,N/A,2024-01-15
622,Customer 622,unknown,-999999,2024-01-15
623,Customer 623,EAST,N/A,31/02/2024
624,  Customer 624  ,EAST,N/A,2024-01-15
625,Customer 625,unknown,20,2024-01-15
626,Customer 626,EAST,-999999,2024-01-15
627,Customer 627,North,-999999,2024-01-15
628,Customer 628,South,10,2024-01-15
629,Customer 629,South,20,2024-01-15
630,Customer 630,unknown,20,31/02/2024
631,Customer 631,North,10,2024-01-15
632,Customer 632,South,N/A,2024-01-15
633,Customer 633,North,-999999,2024-01-15
634,Customer 634,unknown,-999999,2024-01-15
635,Customer 635,North,20,2024-01-15
636,Customer 636,EAST,10,2024-01-15
637,  Customer 637  ,North,"1,000",31/02/2024
638,Customer 638,South,"1,000",2024-01-15
639,Customer 639,EAST,"1,000",2024-01-15
640,Customer 640,North,N/A,2024-01-15
641,Customer 641,unknown,10,2024-01-15
642,Customer 642,unknown,"1,000",2024-01-15
643,Customer 643,unknown,-999999,2024-01-15
644,Customer 644,east,10,31/02/2024
645,Customer 645,South,N/A,2024-01-15
646,Customer 646,unknown,-999999,2024-01-15
647,Customer 647,South,10,2024-01-15
648,Customer 648,EAST,10,2024-01-15
649,Customer 649,unknown,10,2024-01-15
650,  Customer 650  ,east,-999999,2024-01-15
651,Customer 651,EAST,"1,000",31/02/2024
652,Customer 652,North,-999999,2024-01-15
653,Customer 653,EAST,"1,000",2024-01-15
654,Customer 654,South,10,2024-01-15
655,Customer 655,West,-999999,2024-01-15
656,Customer 656,South,20,2024-01-15
657,Customer 657,east,"1,000",2024-01-15
658,Customer 658,unknown,-999999,31/02/2024
659,Customer 659,east,"1,000",2024-01-15
660,Customer 660,unknown,-999999,2024-01-15
661,Customer 661,South,"1,000",2024-01-15
662,Customer 662,east,"1,000",2024-01-15
663,  Customer 663  ,North,-999999,2024-01-15
664,Customer 664,unknown,10,2024-01-15
665,Customer 665,unknown,N/A,31/02/2024
666,Customer 666,North,N/A,2024-01-15
667,Customer 667,unknown,"1,000",2024-01-15
668,Customer 668,east,-999999,2024-01-15
669,Customer 669,South,10,2024-01-15
670,Customer 670,east,"1,000",2024-01-15
671,Customer 671,unknown,N/A,2024-01-15
672,Customer 672,EAST,20,31/02/2024
673,Customer 673,South,20,2024-01-15
674,Customer 674,South,N/A,2024-01-15
675,Customer 675,West,-999999,2024-01-15
676,  Customer 676  ,North,"1,000",2024-01-15
677,Customer 677,West,"1,000",2024-01-15
678,Customer 678,South,"1,000",2024-01-15
679,Customer 679,east,-999999,31/02/2024
680,Customer 680,EAST,N/A,2024-01-15
681,Customer 681,east,N/A,2024-01-15
682,Customer 682,South,-999999,2024-01-15
683,Customer 683,east,-999999,2024-01-15
684,Customer 684,EAST,"1,000",2024-01-15
685,Customer 685,east,20,2024-01-15
686,Customer 686,West,20,31/02/2024
687,Customer 687,unknown,20,2024-01-15
688,Customer 688,unknown,"1,000",2024-01-15
689,  Customer 689  ,West,-999999,2024-01-15
690,Customer 690,North,20,2024-01-15
691,Customer 691,east,"1,000",2024-01-15
692,Customer 692,unknown,"1,000",2024-01-15
693,Customer 693,unknown,20,31/02/2024
694,Customer 694,east,20,2024-01-15
695,Customer 695,EAST,"1,000",2024-01-15
696,Customer 696,east,-999999,2024-01-15
697,Customer 697,South,10,2024-01-15
698,Customer 698,unknown,20,2024-01-15
699,Customer 699,South,N/A,2024-01-15
700,Customer 700,unknown,10,31/02/2024
701,Customer 701,unknown,"1,000",2024-01-15
702,  Customer 702  ,West,10,2024-01-15
703,Customer 703,unknown,20,2024-01-15
704,Customer 704,South,10,2024-01-15
705,Customer 705,South,"1,000",2024-01-15
706,Customer 706,West,"1,000",2024-01-15
707,Customer 707,EAST,N/A,31/02/2024
708,Customer 708,North,N/A,2024-01-15
709,Customer 709,east,10,2024-01-15
710,Customer 710,South,"1,000",2024-01-15
711,Customer 711,unknown,10,2024-01-15
712,Customer 712,east,20,2024-01-15
713,Customer 713,east,N/A,2024-01-15
714,Customer 714,unknown,"1,000",31/02/2024
715,  Customer 715  ,EAST,"1,000",2024-01-15
716,Customer 716,North,10,2024-01-15
717,Customer 717,east,N/A,2024-01-15
718,Customer 718,North,20,2024-01-15
719,Customer 719,South,N/A,2024-01-15
720,Customer 720,North,"1,000",2024-01-15
721,Customer 721,North,N/A,31/02/2024
722,Customer 722,unknown,10,2024-01-15
723,Customer 723,east,10,2024-01-15
724,Customer 724,South,N/A,2024-01-15
725,Customer 725,West,N/A,2024-01-15
726,Customer 726,east,10,2024-01-15
727,Customer 727,North,10,2024-01-15
728,  Customer 728  ,EAST,20,31/02/2024
729,Customer 729,unknown,N/A,2024-01-15
730,Customer 730,North,20,2024-01-15
731,Customer 731,east,N/A,2024-01-15
732,Customer 732,West,10,2024-01-15
733,Customer 733,North,N/A,2024-01-15
734,Customer 734,unknown,N/A,2024-01-15
735,Customer 735,West,20,31/02/2024
736,Customer 736,EAST,N/A,2024-01-15
737,Customer 737,unknown,10,2024-01-15
738,Customer 738,West,"1,000",2024-01-15
739,Customer 739,EAST,"1,000",2024-01-15
740,Customer 740,EAST,"1,000",2024-01-15
741,  Customer 741  ,EAST,"1,000",2024-01-15
742,Customer 742,South,N/A,31/02/2024
743,Customer 743,West,N/A,2024-01-15
744,Customer 744,North,20,2024-01-15
745,Customer 745,West,"1,000",2024-01-15
746,Customer 746,South,10,2024-01-15
747,Customer 747,South,20,2024-01-15
748,Customer 748,east,-999999,2024-01-15
749,Customer 749,North,"1,000",31/02/2024
750,Customer 750,West,N/A,2024-01-15
751,Customer 751,West,N/A,2024-01-15
752,Customer 752,EAST,N/A,2024-01-15
753,Customer 753,EAST,20,2024-01-15
754,  Customer 754  ,unknown,10,2024-01-15
755,Customer 755,North,N/A,2024-01-15
756,Customer 756,east,"1,000",31/02/2024
757,Customer 757,West,"1,000",2024-01-15
758,Customer 758,unknown,"1,000",2024-01-15
759,Customer 759,North,"1,000",2024-01-15
760,Customer 760,east,"1,000",2024-01-15
761,Customer 761,unknown,-999999,2024-01-15
762,Customer 762,South,20,2024-01-15
763,Customer 763,West,10,31/02/2024
764,Customer 764,unknown,20,2024-01-15
765,Customer 765,EAST,20,2024-01-15
766,Customer 766,east,N/A,2024-01-15
767,  Customer 767  ,South,N/A,2024-01-15
768,Customer 768,EAST,20,2024-01-15
769,Customer 769,EAST,-999999,2024-01-15
770,Customer 770,West,10,31/02/2024
771,Customer 771,east,20,2024-01-15
772,Customer 772,unknown,N/A,2024-01-15
773,Customer 773,North,"1,000",2024-01-15
774,Customer 774,North,"1,000",2024-01-15
775,Customer 775,EAST,20,2024-01-15
776,Customer 776,North,"1,000",2024-01-15
777,Customer 777,North,-999999,31/02/2024
778,Customer 778,West,-999999,2024-01-15
779,Customer 779,east,-999999,2024-01-15
780,  Customer 780  ,EAST,N/A,2024-01-15
781,Customer 781,West,-999999,2024-01-15
782,Customer 782,North,-999999,2024-01-15
783,Customer 783,EAST,10,2024-01-15
784,Customer 784,unknown,10,31/02/2024
785,Customer 785,North,10,2024-01-15
786,Customer 786,West,10,2024-01-15
787,Customer 787,West,20,2024-01-15
788,Customer 788,east,"1,000",2024-01-15
789,Customer 789,east,"1,000",2024-01-15
790,Customer 790,unknown,"1,000",2024-01-15
791,Customer 791,EAST,N/A,31/02/2024
792,Customer 792,West,20,2024-01-15
793,  Customer 793  ,North,20,2024-01-15
794,Customer 794,east,"1,000",2024-01-15
795,Customer 795,North,20,2024-01-15
796,Customer 796,unknown,10,2024-01-15
797,Customer 797,EAST,N/A,2024-01-15
798,Customer 798,east,N/A,31/02/2024
799,Customer 799,West,10,2024-01-15
800,Customer 800,EAST,-999999,2024-01-15
801,Customer 801,east,-999999,2024-01-15
802,Customer 802,east,N/A,2024-01-15
803,Customer 803,unknown,-999999,2024-01-15
804,Customer 804,unknown,20,2024-01-15
805,Customer 805,West,"1,000",31/02/2024
806,  Customer 806  ,North,20,2024-01-15
807,Customer 807,unknown,N/A,2024-01-15
808,Customer 808,West,10,2024-01-15
809,Customer 809,West,20,2024-01-15
810,Customer 810,east,-999999,2024-01-15
811,Customer 811,West,10,2024-01-15
812,Customer 812,EAST,10,31/02/2024
813,Customer 813,EAST,20,2024-01-15
814,Customer 814,EAST,20,2024-01-15
815,Customer 815,North,20,2024-01-15
816,Customer 816,east,20,2024-01-15
817,Customer 817,unknown,N/A,2024-01-15
818,Customer 818,unknown,20,2024-01-15
819,  Customer 819  ,unknown,-999999,31/02/2024
820,Customer 820,east,-999999,2024-01-15
821,Customer 821,unknown,-999999,2024-01-15
822,Customer 822,EAST,20,2024-01-15
823,Customer 823,EAST,-999999,2024-01-15
824,Customer 824,North,"1,000",2024-01-15
825,Customer 825,EAST,"1,000",2024-01-15
826,Customer 826,South,N/A,31/02/2024
827,Customer 827,North,20,2024-01-15
828,Customer 828,EAST,-999999,2024-01-15
829,Customer 829,North,10,2024-01-15
830,Customer 830,South,10,2024-01-15
831,Customer 831,EAST,-999999,2024-01-15
832,  Customer 832  ,east,"1,000",2024-01-15
833,Customer 833,South,20,31/02/2024
834,Customer 834,North,"1,000",2024-01-15
835,Customer 835,North,N/A,2024-01-15
836,Customer 836,EAST,-999999,2024-01-15
837,Customer 837,West,20,2024-01-15
838,Customer 838,North,-999999,2024-01-15
839,Customer 839,South,"1,000",2024-01-15
840,Customer 840,South,-999999,31/02/2024
841,Customer 841,east,20,2024-01-15
842,Customer 842,North,20,2024-01-15
843,Customer 843,West,"1,000",2024-01-15
844,Customer 844,South,20,2024-01-15
845,  Customer 845  ,West,-999999,2024-01-15
846,Customer 846,West,10,2024-01-15
847,Customer 847,EAST,20,31/02/2024
848,Customer 848,North,20,2024-01-15
849,Customer 849,unknown,"1,000",2024-01-15
850,Customer 850,unknown,20,2024-01-15
851,Customer 851,unknown,"1,000",2024-01-15
852,Customer 852,unknown,"1,000",2024-01-15
853,Customer 853,North,"1,000",2024-01-15
854,Customer 854,EAST,20,31/02/2024
855,Customer 855,North,-999999,2024-01-15
856,Customer 856,unknown,"1,000",2024-01-15
857,Customer 857,EAST,10,2024-01-15
858,  Customer 858  ,West,10,2024-01-15
859,Customer 859,unknown,10,2024-01-15
860,Customer 860,North,-999999,2024-01-15
861,Customer 861,South,"1,000",31/02/2024
862,Customer 862,North,10,2024-01-15
863,Customer 863,EAST,N/A,2024-01-15
864,Customer 864,unknown,N/A,2024-01-15
865,Customer 865,South,-999999,2024-01-15
866,Customer 866,South,"1,000",2024-01-15
867,Customer 867,unknown,"1,000",2024-01-15
868,Customer 868,West,N/A,31/02/2024
869,Customer 869,West,-999999,2024-01-15
870,Customer 870,West,-999999,2024-01-15
871,  Customer 871  ,unknown,20,2024-01-15
872,Customer 872,unknown,-999999,2024-01-15
873,Customer 873,South,-999999,2024-01-15
874,Customer 874,east,-999999,2024-01-15
875,Customer 875,South,N/A,31/02/2024
876,Customer 876,West,N/A,2024-01-15
877,Customer 877,South,N/A,2024-01-15
878,Customer 878,North,"1,000",2024-01-15
879,Customer 879,east,N/A,2024-01-15
880,Customer 880,east,20,2024-01-15
881,Customer 881,east,N/A,2024-01-15
882,Customer 882,EAST,N/A,31/02/2024
883,Customer 883,West,N/A,2024-01-15
884,  Customer 884  ,North,-999999,2024-01-15
885,Customer 885,South,20,2024-01-15
886,Customer 886,South,N/A,2024-01-15
887,Customer 887,North,20,2024-01-15
888,Customer 888,West,"1,000",2024-01-15
889,Customer 889,South,"1,000",31/02/2024
890,Customer 890,EAST,"1,000",2024-01-15
891,Customer 891,West,20,2024-01-15
892,Customer 892,West,20,2024-01-15
893,Customer 893,EAST,-999999,2024-01-15
894,Customer 894,North,20,2024-01-15
895,Customer 895,South,10,2024-01-15
896,Customer 896,North,10,31/02/2024
897,  Customer 897  ,EAST,-999999,2024-01-15
898,Customer 898,unknown,-999999,2024-01-15
899,Customer 899,West,20,2024-01-15
900,Customer 900,South,"1,000",2024-01-15
901,Customer 901,West,"1,000",2024-01-15
902,Customer 902,South,10,2024-01-15
903,Customer 903,South,-999999,31/02/2024
904,Customer 904,South,N/A,2024-01-15
905,Customer 905,east,-999999,2024-01-15
906,Customer 906,South,20,2024-01-15
907,Customer 907,unknown,N/A,2024-01-15
908,Customer 908,east,20,2024-01-15
909,Customer 909,West,-999999,2024-01-15
910,  Customer 910  ,North,N/A,31/02/2024
911,Customer 911,east,"1,000",2024-01-15
912,Customer 912,unknown,20,2024-01-15
913,Customer 913,North,-999999,2024-01-15
914,Customer 914,West,N/A,2024-01-15
915,Customer 915,North,"1,000",2024-01-15
916,Customer 916,east,"1,000",2024-01-15
917,Customer 917,east,-999999,31/02/2024
918,Customer 918,North,"1,000",2024-01-15
919,Customer 919,east,10,2024-01-15
920,Customer 920,South,20,2024-01-15
921,Customer 921,North,10,2024-01-15
922,Customer 922,unknown,-999999,2024-01-15
923,  Customer 923  ,South,"1,000",2024-01-15
924,Customer 924,West,20,31/02/2024
925,Customer 925,EAST,"1,000",2024-01-15
926,Customer 926,unknown,10,2024-01-15
927,Customer 927,EAST,20,2024-01-15
928,Customer 928,South,"1,000",2024-01-15
929,Customer 929,east,"1,000",2024-01-15
930,Customer 930,unknown,10,2024-01-15
931,Customer 931,South,10,31/02/2024
932,Customer 932,EAST,"1,000",2024-01-15
933,Customer 933,West,-999999,2024-01-15
934,Customer 934,South,"1,000",2024-01-15
935,Customer 935,North,N/A,2024-01-15
936,  Customer 936  ,unknown,20,2024-01-15
937,Customer 937,West,"1,000",2024-01-15
938,Customer 938,EAST,20,31/02/2024
939,Customer 939,unknown,N/A,2024-01-15
940,Customer 940,EAST,-999999,2024-01-15
941,Customer 941,EAST,N/A,2024-01-15
942,Customer 942,unknown,10,2024-01-15
943,Customer 943,South,20,2024-01-15
944,Customer 944,North,"1,000",2024-01-15
945,Customer 945,North,-999999,31/02/2024
946,Customer 946,South,-999999,2024-01-15
947,Customer 947,unknown,-999999,2024-01-15
948,Customer 948,east,"1,000",2024-01-15
949,  Customer 949  ,North,20,2024-01-15
950,Customer 950,unknown,10,2024-01-15
951,Customer 951,EAST,10,2024-01-15
952,Customer 952,South,-999999,31/02/2024
953,Customer 953,West,20,2024-01-15
954,Customer 954,South,"1,000",2024-01-15
955,Customer 955,EAST,"1,000",2024-01-15
956,Customer 956,east,"1,000",2024-01-15
957,Customer 957,South,20,2024-01-15
958,Customer 958,unknown,N/A,2024-01-15
959,Customer 959,North,"1,000",31/02/2024
960,Customer 960,North,N/A,2024-01-15
961,Customer 961,North,-999999,2024-01-15
962,  Customer 962  ,South,"1,000",2024-01-15
963,Customer 963,east,20,2024-01-15
964,Customer 964,North,-999999,2024-01-15
965,Customer 965,West,"1,000",2024-01-15
966,Customer 966,West,10,31/02/2024
967,Customer 967,North,-999999,2024-01-15
968,Customer 968,West,-999999,2024-01-15
969,Customer 969,unknown,"1,000",2024-01-15
970,Customer 970,EAST,N/A,2024-01-15
971,Customer 971,east,N/A,2024-01-15
972,Customer 972,North,-999999,2024-01-15
973,Customer 973,EAST,"1,000",31/02/2024
974,Customer 974,EAST,10,2024-01-15
975,  Customer 975  ,West,N/A,2024-01-15
976,Customer 976,South,N/A,2024-01-15
977,Customer 977,West,"1,000",2024-01-15
978,Customer 978,east,"1,000",2024-01-15
979,Customer 979,West,10,2024-01-15
980,Customer 980,EAST,N/A,31/02/2024
981,Customer 981,West,-999999,2024-01-15
982,Customer 982,West,10,2024-01-15
983,Customer 983,North,"1,000",2024-01-15
984,Customer 984,West,10,2024-01-15
985,Customer 985,North,"1,000",2024-01-15
986,Customer 986,east,10,2024-01-15
987,Customer 987,east,N/A,31/02/2024
988,  Customer 988  ,North,"1,000",2024-01-15
989,Customer 989,West,N/A,2024-01-15
990,Customer 990,EAST,10,2024-01-15
991,Customer 991,West,10,2024-01-15
992,Customer 992,east,-999999,2024-01-15
993,Customer 993,West,"1,000",2024-01-15
994,Customer 994,South,10,31/02/2024
995,Customer 995,east,N/A,2024-01-15
996,Customer 996,South,20,2024-01-15
997,Customer 997,South,"1,000",2024-01-15
998,Customer 998,North,"1,000",2024-01-15
999,Customer 999,east,-999999,2024-01-15
999,Customer 1000,EAST,"1,000",2024-01-15
1001,  Customer 1001  ,east,N/A,31/02/2024
1002,Customer 1002,West,N/A,2024-01-15
1003,Customer 1003,North,N/A,2024-01-15
1004,Customer 1004,unknown,10,2024-01-15
1005,Customer 1005,east,20,2024-01-15
1006,Customer 1006,West,-999999,2024-01-15
1007,Customer 1007,West,N/A,2024-01-15
1008,Customer 1008,North,"1,000",31/02/2024
1009,Customer 1009,unknown,10,2024-01-15
1010,Customer 1010,east,20,2024-01-15
1011,Customer 1011,North,-999999,2024-01-15
1012,Customer 1012,east,20,2024-01-15
1013,Customer 1013,unknown,"1,000",2024-01-15
1014,  Customer 1014  ,South,N/A,2024-01-15
1015,Customer 1015,North,20,31/02/2024
1016,Customer 1016,unknown,N/A,2024-01-15
1017,Customer 1017,North,-999999,2024-01-15
1018,Customer 1018,east,"1,000",2024-01-15
1019,Customer 1019,West,20,2024-01-15
1020,Customer 1020,West,10,2024-01-15
1021,Customer 1021,east,N/A,2024-01-15
1022,Customer 1022,West,N/A,31/02/2024
1023,Customer 1023,North,20,2024-01-15
1024,Customer 1024,east,-999999,2024-01-15
1025,Customer 1025,North,10,2024-01-15
1026,Customer 1026,EAST,N/A,2024-01-15
1027,  Customer 1027  ,West,20,2024-01-15
1028,Customer 1028,unknown,10,2024-01-15
1029,Customer 1029,unknown,"1,000",31/02/2024
1030,Customer 1030,EAST,"1,000",2024-01-15
1031,Customer 1031,South,20,2024-01-15
1032,Customer 1032,North,20,2024-01-15
1033,Customer 1033,South,"1,000",2024-01-15
1034,Customer 1034,West,"1,000",2024-01-15
1035,Customer 1035,unknown,10,2024-01-15
1036,Customer 1036,EAST,N/A,31/02/2024
1037,Customer 1037,North,20,2024-01-15
1038,Customer 1038,EAST,N/A,2024-01-15
1039,Customer 1039,West,N/A,2024-01-15
1040,  Customer 1040  ,South,N/A,2024-01-15
1041,Customer 1041,North,10,2024-01-15
1042,Customer 1042,North,-999999,2024-01-15
1043,Customer 1043,east,20,31/02/2024
1044,Customer 1044,North,"1,000",2024-01-15
1045,Customer 1045,South,10,2024-01-15
1046,Customer 1046,West,10,2024-01-15
1047,Customer 1047,North,20,2024-01-15
1048,Customer 1048,South,"1,000",2024-01-15
1049,Customer 1049,EAST,20,2024-01-15
1050,Customer 1050,South,N/A,31/02/2024
1051,Customer 1051,West,-999999,2024-01-15
1052,Customer 1052,east,N/A,2024-01-15
1053,  Customer 1053  ,unknown,-999999,2024-01-15
1054,Customer 1054,South,10,2024-01-15
1055,Customer 1055,South,"1,000",2024-01-15
1056,Customer 1056,unknown,20,2024-01-15
1057,Customer 1057,east,"1,000",31/02/2024
1058,Customer 1058,EAST,"1,000",2024-01-15
1059,Customer 1059,EAST,"1,000",2024-01-15
1060,Customer 1060,North,N/A,2024-01-15
1061,Customer 1061,North,-999999,2024-01-15
1062,Customer 1062,unknown,10,2024-01-15
1063,Customer 1063,unknown,"1,000",2024-01-15
1064,Customer 1064,EAST,"1,000",31/02/2024
1065,Customer 1065,east,"1,000",2024-01-15
1066,  Customer 1066  ,North,N/A,2024-01-15
1067,Customer 1067,South,-999999,2024-01-15
1068,Customer 1068,EAST,"1,000",2024-01-15
1069,Customer 1069,West,"1,000",2024-01-15
1070,Customer 1070,West,"1,000",2024-01-15
1071,Customer 1071,West,-999999,31/02/2024
1072,Customer 1072,EAST,"1,000",2024-01-15
1073,Customer 1073,EAST,"1,000",2024-01-15
1074,Customer 1074,east,20,2024-01-15
1075,Customer 1075,east,"1,000",2024-01-15
1076,Customer 1076,EAST,"1,000",2024-01-15
1077,Customer 1077,West,"1,000",2024-01-15
1078,Customer 1078,east,N/A,31/02/2024
1079,  Customer 1079  ,North,N/A,2024-01-15
1080,Customer 1080,North,"1,000",2024-01-15
1081,Customer 1081,EAST,-999999,2024-01-15
1082,Customer 1082,South,N/A,2024-01-15
1083,Customer 1083,EAST,"1,000",2024-01-15
1084,Customer 1084,unknown,20,2024-01-15
1085,Customer 1085,east,-999999,31/02/2024
1086,Customer 1086,EAST,20,2024-01-15
1087,Customer 1087,North,-999999,2024-01-15
1088,Customer 1088,east,10,2024-01-15
1089,Customer 1089,east,10,2024-01-15
1090,Customer 1090,unknown,"1,000",2024-01-15
1091,Customer 1091,east,10,2024-01-15
1092,  Customer 1092  ,North,-999999,31/02/2024
1093,Customer 1093,east,N/A,2024-01-15
1094,Customer 1094,West,N/A,2024-01-15
1095,Customer 1095,South,10,2024-01-15
1096,Customer 1096,east,10,2024-01-15
1097,Customer 1097,unknown,10,2024-01-15
1098,Customer 1098,South,10,2024-01-15
1099,Customer 1099,EAST,N/A,31/02/2024
1100,Customer 1100,east,"1,000",2024-01-15
1101,Customer 1101,North,20,2024-01-15
1102,Customer 1102,West,20,2024-01-15
1103,Customer 1103,unknown,"1,000",2024-01-15
1104,Customer 1104,east,N/A,2024-01-15
1105,  Customer 1105  ,EAST,N/A,2024-01-15
1106,Customer 1106,West,-999999,31/02/2024
1107,Customer 1107,North,-999999,2024-01-15
1108,Customer 1108,EAST,20,2024-01-15
1109,Customer 1109,West,20,2024-01-15
1110,Customer 1110,West,10,2024-01-15
1111,Customer 1111,unknown,20,2024-01-15
1112,Customer 1112,South,20,2024-01-15
1113,Customer 1113,EAST,-999999,31/02/2024
1114,Customer 1114,West,20,2024-01-15
1115,Customer 1115,unknown,20,2024-01-15
1116,Customer 1116,unknown,N/A,2024-01-15
1117,Customer 1117,North,N/A,2024-01-15
1118,  Customer 1118  ,EAST,N/A,2024-01-15
1119,Customer 1119,South,-999999,2024-01-15
1120,Customer 1120,North,20,31/02/2024
1121,Customer 1121,EAST,N/A,2024-01-15
1122,Customer 1122,east,"1,000",2024-01-15
1123,Customer 1123,EAST,"1,000",2024-01-15
1124,Customer 1124,West,N/A,2024-01-15
1125,Customer 1125,West,10,2024-01-15
1126,Customer 1126,West,N/A,2024-01-15
1127,Customer 1127,EAST,N/A,31/02/2024
1128,Customer 1128,east,10,2024-01-15
1129,Customer 1129,unknown,10,2024-01-15
1130,Customer 1130,North,-999999,2024-01-15
1131,  Customer 1131  ,South,"1,000",2024-01-15
1132,Customer 1132,unknown,"1,000",2024-01-15
1133,Customer 1133,EAST,N/A,2024-01-15
1134,Customer 1134,South,N/A,31/02/2024
1135,Customer 1135,North,10,2024-01-15
1136,Customer 1136,West,"1,000",2024-01-15
1137,Customer 1137,West,"1,000",2024-01-15
1138,Customer 1138,South,20,2024-01-15
1139,Customer 1139,North,N/A,2024-01-15
1140,Customer 1140,South,10,2024-01-15
1141,Customer 1141,unknown,10,31/02/2024
1142,Customer 1142,EAST,10,2024-01-15
1143,Customer 1143,North,10,2024-01-15
1144,  Customer 1144  ,North,10,2024-01-15
1145,Customer 1145,West,10,2024-01-15
1146,Customer 1146,east,N/A,2024-01-15
1147,Customer 1147,West,10,2024-01-15
1148,Customer 1148,West,10,31/02/2024
1149,Customer 1149,EAST,20,2024-01-15
1150,Customer 1150,east,20,2024-01-15
1151,Customer 1151,West,N/A,2024-01-15
1152,Customer 1152,West,"1,000",2024-01-15
1153,Customer 1153,South,N/A,2024-01-15
1154,Customer 1154,South,20,2024-01-15
1155,Customer 1155,North,-999999,31/02/2024
1156,Customer 1156,West,20,2024-01-15
1157,  Customer 1157  ,North,-999999,2024-01-15
1158,Customer 1158,east,N/A,2024-01-15
1159,Customer 1159,North,-999999,2024-01-15
1160,Customer 1160,West,10,2024-01-15
1161,Customer 1161,West,20,2024-01-15
1162,Customer 1162,South,10,31/02/2024
1163,Customer 1163,South,20,2024-01-15
1164,Customer 1164,east,20,2024-01-15
1165,Customer 1165,North,10,2024-01-15
1166,Customer 1166,unknown,N/A,2024-01-15
1167,Customer 1167,North,20,2024-01-15
1168,Customer 1168,South,-999999,2024-01-15
1169,Customer 1169,North,20,31/02/2024
1170,  Customer 1170  ,east,N/A,2024-01-15
1171,Customer 1171,West,10,2024-01-15
1172,Customer 1172,EAST,10,2024-01-15
1173,Customer 1173,South,20,2024-01-15
1174,Customer 1174,North,20,2024-01-15
1175,Customer 1175,South,10,2024-01-15
1176,Customer 1176,unknown,10,31/02/2024
1177,Customer 1177,North,10,2024-01-15
1178,Customer 1178,east,20,2024-01-15
1179,Customer 1179,West,N/A,2024-01-15
1180,Customer 1180,South,-999999,2024-01-15
1181,Customer 1181,unknown,10,2024-01-15
1182,Customer 1182,South,N/A,2024-01-15
1183,  Customer 1183  ,east,N/A,31/02/2024
1184,Customer 1184,EAST,N/A,2024-01-15
1185,Customer 1185,EAST,"1,000",2024-01-15
1186,Customer 1186,North,-999999,2024-01-15
1187,Customer 1187,South,-999999,2024-01-15
1188,Customer 1188,east,-999999,2024-01-15
1189,Customer 1189,West,20,2024-01-15
1190,Customer 1190,South,10,31/02/2024
1191,Customer 1191,EAST,10,2024-01-15
1192,Customer 1192,West,N/A,2024-01-15
1193,Customer 1193,east,N/A,2024-01-15
1194,Customer 1194,EAST,N/A,2024-01-15
1195,Customer 1195,east,-999999,2024-01-15
1196,  Customer 1196  ,east,N/A,2024-01-15
1197,Customer 1197,EAST,-999999,31/02/2024
1198,Customer 1198,North,"1,000",2024-01-15
1199,Customer 1199,South,N/A,2024-01-15
1200,Customer 1200,South,N/A,2024-01-15
1201,Customer 1201,West,N/A,2024-01-15
1202,Customer 1202,West,20,2024-01-15
1203,Customer 1203,South,20,2024-01-15
1204,Customer 1204,unknown,-999999,31/02/2024
1205,Customer 1205,South,20,2024-01-15
1206,Customer 1206,North,20,2024-01-15
1207,Customer 1207,east,"1,000",2024-01-15
1208,Customer 1208,east,20,2024-01-15
1209,  Customer 1209  ,South,N/A,2024-01-15
1210,Customer 1210,EAST,N/A,2024-01-15
1211,Customer 1211,North,N/A,31/02/2024
1212,Customer 1212,South,-999999,2024-01-15
1213,Customer 1213,east,"1,000",2024-01-15
1214,Customer 1214,North,-999999,2024-01-15
1215,Customer 1215,unknown,20,2024-01-15
1216,Customer 1216,North,N/A,2024-01-15
1217,Customer 1217,EAST,20,2024-01-15
1218,Customer 1218,North,"1,000",31/02/2024
1219,Customer 1219,unknown,10,2024-01-15
1220,Customer 1220,unknown,20,2024-01-15
1221,Customer 1221,unknown,N/A,2024-01-15
1222,  Customer 1222  ,West,N/A,2024-01-15
1223,Customer 1223,West,N/A,2024-01-15
1224,Customer 1224,east,N/A,2024-01-15
1225,Customer 1225,South,10,31/02/2024
1226,Customer 1226,North,-999999,2024-01-15
1227,Customer 1227,West,N/A,2024-01-15
1228,Customer 1228,North,20,2024-01-15
1229,Customer 1229,east,20,2024-01-15
1230,Customer 1230,West,N/A,2024-01-15
1231,Customer 1231,South,-999999,2024-01-15
1232,Customer 1232,North,N/A,31/02/2024
1233,Customer 1233,east,20,2024-01-15
1234,Customer 1234,North,"1,000",2024-01-15
1235,  Customer 1235  ,North,20,2024-01-15
1236,Customer 1236,South,20,2024-01-15
1237,Customer 1237,West,N/A,2024-01-15
1238,Customer 1238,South,N/A,2024-01-15
1239,Customer 1239,South,20,31/02/2024
1240,Customer 1240,east,10,2024-01-15
1241,Customer 1241,West,"1,000",2024-01-15
1242,Customer 1242,West,"1,000",2024-01-15
1243,Customer 1243,West,"1,000",2024-01-15
1244,Customer 1244,EAST,-999999,2024-01-15
1245,Customer 1245,West,"1,000",2024-01-15
1246,Customer 1246,South,-999999,31/02/2024
1247,Customer 1247,east,"1,000",2024-01-15
1248,  Customer 1248  ,EAST,20,2024-01-15
1249,Customer 1249,east,10,2024-01-15
1250,Customer 1250,South,20,2024-01-15
1251,Customer 1251,South,20,2024-01-15
1252,Customer 1252,North,20,2024-01-15
1253,Customer 1253,EAST,20,31/02/2024
1254,Customer 1254,South,N/A,2024-01-15
1255,Customer 1255,east,10,2024-01-15
1256,Customer 1256,West,10,2024-01-15
1257,Customer 1257,unknown,20,2024-01-15
1258,Customer 1258,North,20,2024-01-15
1259,Customer 1259,unknown,-999999,2024-01-15
1260,Customer 1260,West,20,31/02/2024
1261,  Customer 1261  ,South,N/A,2024-01-15
1262,Customer 1262,unknown,"1,000",2024-01-15
1263,Customer 1263,South,10,2024-01-15
1264,Customer 1264,EAST,N/A,2024-01-15
1265,Customer 1265,North,"1,000",2024-01-15
1266,Customer 1266,east,10,2024-01-15
1267,Customer 1267,West,-999999,31/02/2024
1268,Customer 1268,South,N/A,2024-01-15
1269,Customer 1269,North,-999999,2024-01-15
1270,Customer 1270,east,"1,000",2024-01-15
1271,Customer 1271,unknown,"1,000",2024-01-15
1272,Customer 1272,West,N/A,2024-01-15
1273,Customer 1273,West,N/A,2024-01-15
1274,  Customer 1274  ,EAST,10,31/02/2024
1275,Customer 1275,EAST,N/A,2024-01-15
1276,Customer 1276,east,10,2024-01-15
1277,Customer 1277,unknown,10,2024-01-15
1278,Customer 1278,North,N/A,2024-01-15
1279,Customer 1279,east,20,2024-01-15
1280,Customer 1280,east,20,2024-01-15
1281,Customer 1281,east,N/A,31/02/2024
1282,Customer 1282,EAST,N/A,2024-01-15
1283,Customer 1283,North,-999999,2024-01-15
1284,Customer 1284,South,N/A,2024-01-15
1285,Customer 1285,North,N/A,2024-01-15
1286,Customer 1286,EAST,10,2024-01-15
1287,  Customer 1287  ,West,-999999,2024-01-15
1288,Customer 1288,east,20,31/02/2024
1289,Customer 1289,unknown,N/A,2024-01-15
1290,Customer 1290,EAST,"1,000",2024-01-15
1291,Customer 1291,east,"1,000",2024-01-15
1292,Customer 1292,east,"1,000",2024-01-15
1293,Customer 1293,east,20,2024-01-15
1294,Customer 1294,east,20,2024-01-15
1295,Customer 1295,EAST,10,31/02/2024
1296,Customer 1296,West,N/A,2024-01-15
1297,Customer 1297,unknown,"1,000",2024-01-15
1298,Customer 1298,EAST,20,2024-01-15
1299,Customer 1299,South,-999999,2024-01-15
1300,  Customer 1300  ,unknown,-999999,2024-01-15
1301,Customer 1301,North,20,2024-01-15
1302,Customer 1302,North,20,31/02/2024
1303,Customer 1303,North,10,2024-01-15
1304,Customer 1304,West,"1,000",2024-01-15
1305,Customer 1305,West,-999999,2024-01-15
1306,Customer 1306,unknown,-999999,2024-01-15
1307,Customer 1307,West,N/A,2024-01-15
1308,Customer 1308,West,20,2024-01-15
1309,Customer 1309,EAST,-999999,31/02/2024
1310,Customer 1310,EAST,10,2024-01-15
1311,Customer 1311,unknown,"1,000",2024-01-15
1312,Customer 1312,unknown,"1,000",2024-01-15
1313,  Customer 1313  ,South,-999999,2024-01-15
1314,Customer 1314,West,"1,000",2024-01-15
1315,Customer 1315,North,N/A,2024-01-15
1316,Customer 1316,east,N/A,31/02/2024
1317,Customer 1317,South,-999999,2024-01-15
1318,Customer 1318,east,"1,000",2024-01-15
1319,Customer 1319,EAST,10,2024-01-15
1320,Customer 1320,South,N/A,2024-01-15
1321,Customer 1321,South,20,2024-01-15
1322,Customer 1322,North,-999999,2024-01-15
1323,Customer 1323,West,N/A,31/02/2024
1324,Customer 1324,South,N/A,2024-01-15
1325,Customer 1325,EAST,"1,000",2024-01-15
1326,  Customer 1326  ,North,-999999,2024-01-15
1327,Customer 1327,South,"1,000",2024-01-15
1328,Customer 1328,North,"1,000",2024-01-15
1329,Customer 1329,unknown,-999999,2024-01-15
1330,Customer 1330,West,20,31/02/2024
1331,Customer 1331,EAST,20,2024-01-15
1332,Customer 1332,North,-999999,2024-01-15
1333,Customer 1333,east,N/A,2024-01-15
1334,Customer 1334,South,20,2024-01-15
1335,Customer 1335,South,N/A,2024-01-15
1336,Customer 1336,unknown,20,2024-01-15
1337,Customer 1337,West,"1,000",31/02/2024
1338,Customer 1338,South,N/A,2024-01-15
1339,  Customer 1339  ,unknown,"1,000",2024-01-15
1340,Customer 1340,EAST,-999999,2024-01-15
1341,Customer 1341,West,-999999,2024-01-15
1342,Customer 1342,east,"1,000",2024-01-15
1343,Customer 1343,West,20,2024-01-15
1344,Customer 1344,West,"1,000",31/02/2024
1345,Customer 1345,West,N/A,2024-01-15
1346,Customer 1346,east,20,2024-01-15
1347,Customer 1347,unknown,20,2024-01-15
1348,Customer 1348,east,10,2024-01-15
1349,Customer 1349,EAST,10,2024-01-15
1350,Customer 1350,unknown,-999999,2024-01-15
1351,Customer 1351,unknown,"1,000",31/02/2024
1352,  Customer 1352  ,West,20,2024-01-15
1353,Customer 1353,EAST,-999999,2024-01-15
1354,Customer 1354,EAST,"1,000",2024-01-15
1355,Customer 1355,South,N/A,2024-01-15
1356,Customer 1356,North,10,2024-01-15
1357,Customer 1357,North,10,2024-01-15
1358,Customer 1358,EAST,"1,000",31/02/2024
1359,Customer 1359,EAST,20,2024-01-15
1360,Customer 1360,South,-999999,2024-01-15
1361,Customer 1361,EAST,-999999,2024-01-15
1362,Customer 1362,West,"1,000",2024-01-15
1363,Customer 1363,West,10,2024-01-15
1364,Customer 1364,West,20,2024-01-15
1365,  Customer 1365  ,EAST,-999999,31/02/2024
1366,Customer 1366,east,-999999,2024-01-15
1367,Customer 1367,South,N/A,2024-01-15
1368,Customer 1368,east,"1,000",2024-01-15
1369,Customer 1369,North,20,2024-01-15
1370,Customer 1370,North,"1,000",2024-01-15
1371,Customer 1371,West,10,2024-01-15
1372,Customer 1372,EAST,20,31/02/2024
1373,Customer 1373,EAST,N/A,2024-01-15
1374,Customer 1374,unknown,N/A,2024-01-15
1375,Customer 1375,EAST,10,2024-01-15
1376,Customer 1376,unknown,10,2024-01-15
1377,Customer 1377,east,-999999,2024-01-15
1378,  Customer 1378  ,EAST,-999999,2024-01-15
1379,Customer 1379,West,N/A,31/02/2024
1380,Customer 1380,South,10,2024-01-15
1381,Customer 1381,West,-999999,2024-01-15
1382,Customer 1382,West,-999999,2024-01-15
1383,Customer 1383,West,-999999,2024-01-15
1384,Customer 1384,east,20,2024-01-15
1385,Customer 1385,east,20,2024-01-15
1386,Customer 1386,West,20,31/02/2024
1387,Customer 1387,South,20,2024-01-15
1388,Customer 1388,EAST,20,2024-01-15
1389,Customer 1389,North,20,2024-01-15
1390,Customer 1390,EAST,10,2024-01-15
1391,  Customer 1391  ,EAST,10,2024-01-15
1392,Customer 1392,east,20,2024-01-15
1393,Customer 1393,east,"1,000",31/02/2024
1394,Customer 1394,EAST,N/A,2024-01-15
1395,Customer 1395,EAST,10,2024-01-15
1396,Customer 1396,unknown,-999999,2024-01-15
1397,Customer 1397,east,-999999,2024-01-15
1398,Customer 1398,unknown,N/A,2024-01-15
1399,Customer 1399,EAST,"1,000",2024-01-15
1400,Customer 1400,east,N/A,31/02/2024
1401,Customer 1401,North,20,2024-01-15
1402,Customer 1402,South,-999999,2024-01-15
1403,Customer 1403,South,-999999,2024-01-15
1404,  Customer 1404  ,North,-999999,2024-01-15
1405,Customer 1405,North,"1,000",2024-01-15
1406,Customer 1406,east,"1,000",2024-01-15
1407,Customer 1407,EAST,N/A,31/02/2024
1408,Customer 1408,unknown,"1,000",2024-01-15
1409,Customer 1409,unknown,N/A,2024-01-15
1410,Customer 1410,east,"1,000",2024-01-15
1411,Customer 1411,West,"1,000",2024-01-15
1412,Customer 1412,east,-999999,2024-01-15
1413,Customer 1413,unknown,-999999,2024-01-15
1414,Customer 1414,West,-999999,31/02/2024
1415,Customer 1415,South,20,2024-01-15
1416,Customer 1416,West,20,2024-01-15
1417,  Customer 1417  ,West,20,2024-01-15
1418,Customer 1418,North,20,2024-01-15
1419,Customer 1419,West,N/A,2024-01-15
1420,Customer 1420,east,10,2024-01-15
1421,Customer 1421,North,-999999,31/02/2024
1422,Customer 1422,east,N/A,2024-01-15
1423,Customer 1423,West,N/A,2024-01-15
1424,Customer 1424,unknown,"1,000",2024-01-15
1425,Customer 1425,South,-999999,2024-01-15
1426,Customer 1426,South,N/A,2024-01-15
1427,Customer 1427,EAST,N/A,2024-01-15
1428,Customer 1428,unknown,-999999,31/02/2024
1429,Customer 1429,North,20,2024-01-15
1430,  Customer 1430  ,unknown,-999999,2024-01-15
1431,Customer 1431,West,N/A,2024-01-15
1432,Customer 1432,South,"1,000",2024-01-15
1433,Customer 1433,North,20,2024-01-15
1434,Customer 1434,east,"1,000",2024-01-15
1435,Customer 1435,South,-999999,31/02/2024
1436,Customer 1436,North,N/A,2024-01-15
1437,Customer 1437,North,-999999,2024-01-15
1438,Customer 1438,North,N/A,2024-01-15
1439,Customer 1439,South,-999999,2024-01-15
1440,Customer 1440,West,10,2024-01-15
1441,Customer 1441,east,20,2024-01-15
1442,Customer 1442,EAST,20,31/02/2024
1443,  Customer 1443  ,east,-999999,2024-01-15
1444,Customer 1444,unknown,"1,000",2024-01-15
1445,Customer 1445,east,"1,000",2024-01-15
1446,Customer 1446,South,20,2024-01-15
1447,Customer 1447,South,20,2024-01-15
1448,Customer 1448,South,"1,000",2024-01-15
1449,Customer 1449,North,20,31/02/2024
1450,Customer 1450,West,-999999,2024-01-15
1451,Customer 1451,South,"1,000",2024-01-15
1452,Customer 1452,South,-999999,2024-01-15
1453,Customer 1453,West,N/A,2024-01-15
1454,Customer 1454,West,N/A,2024-01-15
1455,Customer 1455,North,20,2024-01-15
1456,  Customer 1456  ,South,N/A,31/02/2024
1457,Customer 1457,South,20,2024-01-15
1458,Customer 1458,West,-999999,2024-01-15
1459,Customer 1459,North,-999999,2024-01-15
1460,Customer 1460,South,10,2024-01-15
1461,Customer 1461,EAST,"1,000",2024-01-15
1462,Customer 1462,South,"1,000",2024-01-15
1463,Customer 1463,east,20,31/02/2024
1464,Customer 1464,east,20,2024-01-15
1465,Customer 1465,North,N/A,2024-01-15
1466,Customer 1466,EAST,-999999,2024-01-15
1467,Customer 1467,West,10,2024-01-15
1468,Customer 1468,South,-999999,2024-01-15
1469,  Customer 1469  ,South,20,2024-01-15
1470,Customer 1470,unknown,10,31/02/2024
1471,Customer 1471,North,N/A,2024-01-15
1472,Customer 1472,West,N/A,2024-01-15
1473,Customer 1473,North,20,2024-01-15
1474,Customer 1474,North,10,2024-01-15
1475,Customer 1475,east,-999999,2024-01-15
1476,Customer 1476,EAST,10,2024-01-15
1477,Customer 1477,West,"1,000",31/02/2024
1478,Customer 1478,unknown,-999999,2024-01-15
1479,Customer 1479,South,N/A,2024-01-15
1480,Customer 1480,east,-999999,2024-01-15
1481,Customer 1481,EAST,N/A,2024-01-15
1482,  Customer 1482  ,EAST,-999999,2024-01-15
1483,Customer 1483,West,N/A,2024-01-15
1484,Customer 1484,South,20,31/02/2024
1485,Customer 1485,South,10,2024-01-15
1486,Customer 1486,South,20,2024-01-15
1487,Customer 1487,South,10,2024-01-15
1488,Customer 1488,EAST,-999999,2024-01-15
1489,Customer 1489,EAST,"1,000",2024-01-15
1490,Customer 1490,North,"1,000",2024-01-15
1491,Customer 1491,South,10,31/02/2024
1492,Customer 1492,North,"1,000",2024-01-15
1493,Customer 1493,EAST,10,2024-01-15
1494,Customer 1494,EAST,N/A,2024-01-15
1495,  Customer 1495  ,South,20,2024-01-15
1496,Customer 1496,EAST,N/A,2024-01-15
1497,Customer 1497,West,N/A,2024-01-15
1498,Customer 1498,West,10,31/02/2024
1499,Customer 1499,South,-999999,2024-01-15
1499,Customer 1500,east,"1,000",2024-01-15
1501,Customer 1501,North,"1,000",2024-01-15
1502,Customer 1502,North,N/A,2024-01-15
1503,Customer 1503,unknown,20,2024-01-15
1504,Customer 1504,EAST,10,2024-01-15
1505,Customer 1505,North,20,31/02/2024
1506,Customer 1506,South,N/A,2024-01-15
1507,Customer 1507,east,20,2024-01-15
1508,  Customer 1508  ,EAST,10,2024-01-15
1509,Customer 1509,EAST,10,2024-01-15
1510,Customer 1510,West,10,2024-01-15
1511,Customer 1511,North,-999999,2024-01-15
1512,Customer 1512,West,-999999,31/02/2024
1513,Customer 1513,West,"1,000",2024-01-15
1514,Customer 1514,South,10,2024-01-15
1515,Customer 1515,unknown,"1,000",2024-01-15
1516,Customer 1516,unknown,-999999,2024-01-15
1517,Customer 1517,West,"1,000",2024-01-15
1518,Customer 1518,South,-999999,2024-01-15
1519,Customer 1519,EAST,"1,000",31/02/2024
1520,Customer 1520,unknown,-999999,2024-01-15
1521,  Customer 1521  ,EAST,N/A,2024-01-15
1522,Customer 1522,North,10,2024-01-15
1523,Customer 1523,West,20,2024-01-15
1524,Customer 1524,unknown,"1,000",2024-01-15
1525,Customer 1525,North,N/A,2024-01-15
1526,Customer 1526,east,10,31/02/2024
1527,Customer 1527,South,10,2024-01-15
1528,Customer 1528,unknown,10,2024-01-15
1529,Customer 1529,North,"1,000",2024-01-15
1530,Customer 1530,West,10,2024-01-15
1531,Customer 1531,South,-999999,2024-01-15
1532,Customer 1532,east,10,2024-01-15
1533,Customer 1533,West,-999999,31/02/2024
1534,  Customer 1534  ,West,10,2024-01-15
1535,Customer 1535,West,-999999,2024-01-15
1536,Customer 1536,EAST,N/A,2024-01-15
1537,Customer 1537,unknown,10,2024-01-15
1538,Customer 1538,North,"1,000",2024-01-15
1539,Customer 1539,West,N/A,2024-01-15
1540,Customer 1540,EAST,-999999,31/02/2024
1541,Customer 1541,east,20,2024-01-15
1542,Customer 1542,EAST,N/A,2024-01-15
1543,Customer 1543,West,-999999,2024-01-15
1544,Customer 1544,east,10,2024-01-15
1545,Customer 1545,South,"1,000",2024-01-15
1546,Customer 1546,EAST,-999999,2024-01-15
1547,  Customer 1547  ,West,N/A,31/02/2024
1548,Customer 1548,South,"1,000",2024-01-15
1549,Customer 1549,West,N/A,2024-01-15
1550,Customer 1550,unknown,-999999,2024-01-15
1551,Customer 1551,unknown,-999999,2024-01-15
1552,Customer 1552,West,"1,000",2024-01-15
1553,Customer 1553,EAST,-999999,2024-01-15
1554,Customer 1554,east,20,31/02/2024
1555,Customer 1555,North,10,2024-01-15
1556,Customer 1556,EAST,20,2024-01-15
1557,Customer 1557,east,10,2024-01-15
1558,Customer 1558,east,N/A,2024-01-15
1559,Customer 1559,east,"1,000",2024-01-15
1560,  Customer 1560  ,North,20,2024-01-15
1561,Customer 1561,South,"1,000",31/02/2024
1562,Customer 1562,North,-999999,2024-01-15
1563,Customer 1563,EAST,-999999,2024-01-15
1564,Customer 1564,east,"1,000",2024-01-15
1565,Customer 1565,east,"1,000",2024-01-15
1566,Customer 1566,unknown,20,2024-01-15
1567,Customer 1567,West,10,2024-01-15
1568,Customer 1568,east,20,31/02/2024
1569,Customer 1569,North,"1,000",2024-01-15
1570,Customer 1570,east,-999999,2024-01-15
1571,Customer 1571,unknown,10,2024-01-15
1572,Customer 1572,unknown,N/A,2024-01-15
1573,  Customer 1573  ,unknown,"1,000",2024-01-15
1574,Customer 1574,West,10,2024-01-15
1575,Customer 1575,North,-999999,31/02/2024
1576,Customer 1576,unknown,10,2024-01-15
1577,Customer 1577,West,N/A,2024-01-15
1578,Customer 1578,unknown,"1,000",2024-01-15
1579,Customer 1579,EAST,"1,000",2024-01-15
1580,Customer 1580,West,10,2024-01-15
1581,Customer 1581,West,-999999,2024-01-15
1582,Customer 1582,West,N/A,31/02/2024
1583,Customer 1583,South,10,2024-01-15
1584,Customer 1584,North,20,2024-01-15
1585,Customer 1585,North,"1,000",2024-01-15
1586,  Customer 1586  ,North,10,2024-01-15
1587,Customer 1587,West,"1,000",2024-01-15
1588,Customer 1588,South,N/A,2024-01-15
1589,Customer 1589,West,20,31/02/2024
1590,Customer 1590,South,20,2024-01-15
1591,Customer 1591,North,20,2024-01-15
1592,Customer 1592,east,"1,000",2024-01-15
1593,Customer 1593,EAST,"1,000",2024-01-15
1594,Customer 1594,West,N/A,2024-01-15
1595,Customer 1595,east,20,2024-01-15
1596,Customer 1596,South,"1,000",31/02/2024
1597,Customer 1597,West,10,2024-01-15
1598,Customer 1598,North,N/A,2024-01-15
1599,  Customer 1599  ,EAST,10,2024-01-15
1600,Customer 1600,east,"1,000",2024-01-15
1601,Customer 1601,EAST,-999999,2024-01-15
1602,Customer 1602,North,-999999,2024-01-15
1603,Customer 1603,South,20,31/02/2024
1604,Customer 1604,unknown,10,2024-01-15
1605,Customer 1605,EAST,-999999,2024-01-15
1606,Customer 1606,east,N/A,2024-01-15
1607,Customer 1607,South,"1,000",2024-01-15
1608,Customer 1608,South,20,2024-01-15
1609,Customer 1609,North,20,2024-01-15
1610,Customer 1610,North,N/A,31/02/2024
1611,Customer 1611,east,-999999,2024-01-15
1612,  Customer 1612  ,South,20,2024-01-15
1613,Customer 1613,South,N/A,2024-01-15
1614,Customer 1614,EAST,"1,000",2024-01-15
1615,Customer 1615,EAST,10,2024-01-15
1616,Customer 1616,North,"1,000",2024-01-15
1617,Customer 1617,east,-999999,31/02/2024
1618,Customer 1618,unknown,N/A,2024-01-15
1619,Customer 1619,South,N/A,2024-01-15
1620,Customer 1620,unknown,20,2024-01-15
1621,Customer 1621,unknown,-999999,2024-01-15
1622,Customer 1622,EAST,10,2024-01-15
1623,Customer 1623,West,-999999,2024-01-15
1624,Customer 1624,South,10,31/02/2024
1625,  Customer 1625  ,EAST,20,2024-01-15
1626,Customer 1626,east,10,2024-01-15
1627,Customer 1627,EAST,"1,000",2024-01-15
1628,Customer 1628,West,20,2024-01-15
1629,Customer 1629,North,N/A,2024-01-15
1630,Customer 1630,South,20,2024-01-15
1631,Customer 1631,West,-999999,31/02/2024
1632,Customer 1632,South,10,2024-01-15
1633,Customer 1633,east,-999999,2024-01-15
1634,Customer 1634,unknown,"1,000",2024-01-15
1635,Customer 1635,EAST,"1,000",2024-01-15
1636,Customer 1636,West,-999999,2024-01-15
1637,Customer 1637,North,-999999,2024-01-15
1638,  Customer 1638  ,South,-999999,31/02/2024
1639,Customer 1639,South,-999999,2024-01-15
1640,Customer 1640,east,10,2024-01-15
1641,Customer 1641,West,-999999,2024-01-15
1642,Customer 1642,unknown,-999999,2024-01-15
1643,Customer 1643,South,10,2024-01-15
1644,Customer 1644,east,"1,000",2024-01-15
1645,Customer 1645,West,-999999,31/02/2024
1646,Customer 1646,east,-999999,2024-01-15
1647,Customer 1647,North,"1,000",2024-01-15
1648,Customer 1648,South,N/A,2024-01-15
1649,Customer 1649,unknown,"1,000",2024-01-15
1650,Customer 1650,east,"1,000",2024-01-15
1651,  Customer 1651  ,West,10,2024-01-15
1652,Customer 1652,east,10,31/02/2024
1653,Customer 1653,east,-999999,2024-01-15
1654,Customer 1654,east,10,2024-01-15
1655,Customer 1655,North,20,2024-01-15
1656,Customer 1656,unknown,-999999,2024-01-15
1657,Customer 1657,North,-999999,2024-01-15
1658,Customer 1658,West,-999999,2024-01-15
1659,Customer 1659,West,20,31/02/2024
1660,Customer 1660,EAST,-999999,2024-01-15
1661,Customer 1661,West,20,2024-01-15
1662,Customer 1662,EAST,10,2024-01-15
1663,Customer 1663,EAST,10,2024-01-15
1664,  Customer 1664  ,North,"1,000",2024-01-15
1665,Customer 1665,unknown,20,2024-01-15
1666,Customer 1666,EAST,10,31/02/2024
1667,Customer 1667,east,10,2024-01-15
1668,Customer 1668,North,"1,000",2024-01-15
1669,Customer 1669,North,N/A,2024-01-15
1670,Customer 1670,North,10,2024-01-15
1671,Customer 1671,West,10,2024-01-15
1672,Customer 1672,east,N/A,2024-01-15
1673,Customer 1673,North,N/A,31/02/2024
1674,Customer 1674,EAST,"1,000",2024-01-15
1675,Customer 1675,east,"1,000",2024-01-15
1676,Customer 1676,South,N/A,2024-01-15
1677,  Customer 1677  ,West,N/A,2024-01-15
1678,Customer 1678,east,20,2024-01-15
1679,Customer 1679,South,"1,000",2024-01-15
1680,Customer 1680,unknown,20,31/02/2024
1681,Customer 1681,east,20,2024-01-15
1682,Customer 1682,West,N/A,2024-01-15
1683,Customer 1683,unknown,N/A,2024-01-15
1684,Customer 1684,West,N/A,2024-01-15
1685,Customer 1685,unknown,10,2024-01-15
1686,Customer 1686,east,-999999,2024-01-15
1687,Customer 1687,South,20,31/02/2024
1688,Customer 1688,South,20,2024-01-15
1689,Customer 1689,east,10,2024-01-15
1690,  Customer 1690  ,South,-999999,2024-01-15
1691,Customer 1691,South,20,2024-01-15
1692,Customer 1692,West,"1,000",2024-01-15
1693,Customer 1693,east,10,2024-01-15
1694,Customer 1694,unknown,-999999,31/02/2024
1695,Customer 1695,South,20,2024-01-15
1696,Customer 1696,EAST,10,2024-01-15
1697,Customer 1697,EAST,20,2024-01-15
1698,Customer 1698,unknown,10,2024-01-15
1699,Customer 1699,South,N/A,2024-01-15
1700,Customer 1700,West,N/A,2024-01-15
1701,Customer 1701,east,-999999,31/02/2024
1702,Customer 1702,North,10,2024-01-15
1703,  Customer 1703  ,South,10,2024-01-15
1704,Customer 1704,West,10,2024-01-15
1705,Customer 1705,unknown,-999999,2024-01-15
1706,Customer 1706,EAST,"1,000",2024-01-15
1707,Customer 1707,West,10,2024-01-15
1708,Customer 1708,EAST,20,31/02/2024
1709,Customer 1709,West,-999999,2024-01-15
1710,Customer 1710,South,10,2024-01-15
1711,Customer 1711,South,10,2024-01-15
1712,Customer 1712,South,N/A,2024-01-15
1713,Customer 1713,West,"1,000",2024-01-15
1714,Customer 1714,east,N/A,2024-01-15
1715,Customer 1715,east,N/A,31/02/2024
1716,  Customer 1716  ,east,N/A,2024-01-15
1717,Customer 1717,North,10,2024-01-15
1718,Customer 1718,unknown,10,2024-01-15
1719,Customer 1719,North,-999999,2024-01-15
1720,Customer 1720,North,20,2024-01-15
1721,Customer 1721,EAST,N/A,2024-01-15
1722,Customer 1722,North,N/A,31/02/2024
1723,Customer 1723,unknown,20,2024-01-15
1724,Customer 1724,South,10,2024-01-15
1725,Customer 1725,South,10,2024-01-15
1726,Customer 1726,West,20,2024-01-15
1727,Customer 1727,unknown,"1,000",2024-01-15
1728,Customer 1728,EAST,10,2024-01-15
1729,  Customer 1729  ,West,10,31/02/2024
1730,Customer 1730,EAST,20,2024-01-15
1731,Customer 1731,West,20,2024-01-15
1732,Customer 1732,South,10,2024-01-15
1733,Customer 1733,North,20,2024-01-15
1734,Customer 1734,South,10,2024-01-15
1735,Customer 1735,West,N/A,2024-01-15
1736,Customer 1736,West,10,31/02/2024
1737,Customer 1737,east,"1,000",2024-01-15
1738,Customer 1738,EAST,20,2024-01-15
1739,Customer 1739,West,10,2024-01-15
1740,Customer 1740,east,N/A,2024-01-15
1741,Customer 1741,West,N/A,2024-01-15
1742,  Customer 1742  ,EAST,-999999,2024-01-15
1743,Customer 1743,West,"1,000",31/02/2024
1744,Customer 1744,EAST,"1,000",2024-01-15
1745,Customer 1745,North,N/A,2024-01-15
1746,Customer 1746,EAST,20,2024-01-15
1747,Customer 1747,EAST,"1,000",2024-01-15
1748,Customer 1748,West,20,2024-01-15
1749,Customer 1749,West,20,2024-01-15
1750,Customer 1750,West,10,31/02/2024
1751,Customer 1751,east,10,2024-01-15
1752,Customer 1752,South,20,2024-01-15
1753,Customer 1753,EAST,N/A,2024-01-15
1754,Customer 1754,EAST,10,2024-01-15
1755,  Customer 1755  ,EAST,"1,000",2024-01-15
1756,Customer 1756,North,"1,000",2024-01-15
1757,Customer 1757,South,10,31/02/2024
1758,Customer 1758,EAST,"1,000",2024-01-15
1759,Customer 1759,EAST,"1,000",2024-01-15
1760,Customer 1760,east,"1,000",2024-01-15
1761,Customer 1761,North,"1,000",2024-01-15
1762,Customer 1762,South,20,2024-01-15
1763,Customer 1763,unknown,N/A,2024-01-15
1764,Customer 1764,east,-999999,31/02/2024
1765,Customer 1765,North,"1,000",2024-01-15
1766,Customer 1766,east,"1,000",2024-01-15
1767,Customer 1767,West,20,2024-01-15
1768,  Customer 1768  ,unknown,"1,000",2024-01-15
1769,Customer 1769,South,"1,000",2024-01-15
1770,Customer 1770,North,20,2024-01-15
1771,Customer 1771,EAST,20,31/02/2024
1772,Customer 1772,North,20,2024-01-15
1773,Customer 1773,east,-999999,2024-01-15
1774,Customer 1774,South,10,2024-01-15
1775,Customer 1775,North,10,2024-01-15
1776,Customer 1776,EAST,"1,000",2024-01-15
1777,Customer 1777,South,-999999,2024-01-15
1778,Customer 1778,West,20,31/02/2024
1779,Customer 1779,unknown,-999999,2024-01-15
1780,Customer 1780,unknown,10,2024-01-15
1781,  Customer 1781  ,South,-999999,2024-01-15
1782,Customer 1782,South,10,2024-01-15
1783,Customer 1783,West,N/A,2024-01-15
1784,Customer 1784,EAST,-999999,2024-01-15
1785,Customer 1785,unknown,"1,000",31/02/2024
1786,Customer 1786,EAST,N/A,2024-01-15
1787,Customer 1787,South,"1,000",2024-01-15
1788,Customer 1788,east,-999999,2024-01-15
1789,Customer 1789,east,-999999,2024-01-15
1790,Customer 1790,West,-999999,2024-01-15
1791,Customer 1791,EAST,20,2024-01-15
1792,Customer 1792,North,"1,000",31/02/2024
1793,Customer 1793,unknown,20,2024-01-15
1794,  Customer 1794  ,unknown,"1,000",2024-01-15
1795,Customer 1795,North,N/A,2024-01-15
1796,Customer 1796,EAST,10,2024-01-15
1797,Customer 1797,EAST,"1,000",2024-01-15
1798,Customer 1798,EAST,10,2024-01-15
1799,Customer 1799,unknown,10,31/02/2024
1800,Customer 1800,EAST,20,2024-01-15
1801,Customer 1801,West,N/A,2024-01-15
1802,Customer 1802,east,10,2024-01-15
1803,Customer 1803,east,10,2024-01-15
1804,Customer 1804,West,"1,000",2024-01-15
1805,Customer 1805,east,"1,000",2024-01-15
1806,Customer 1806,West,20,31/02/2024
1807,  Customer 1807  ,EAST,20,2024-01-15
1808,Customer 1808,unknown,N/A,2024-01-15
1809,Customer 1809,unknown,-999999,2024-01-15
1810,Customer 1810,EAST,20,2024-01-15
1811,Customer 1811,North,-999999,2024-01-15
1812,Customer 1812,east,"1,000",2024-01-15
1813,Customer 1813,east,10,31/02/2024
1814,Customer 1814,North,N/A,2024-01-15
1815,Customer 1815,North,"1,000",2024-01-15
1816,Customer 1816,unknown,N/A,2024-01-15
1817,Customer 1817,unknown,"1,000",2024-01-15
1818,Customer 1818,South,20,2024-01-15
1819,Customer 1819,unknown,N/A,2024-01-15
1820,  Customer 1820  ,South,10,31/02/2024
1821,Customer 1821,east,-999999,2024-01-15
1822,Customer 1822,unknown,-999999,2024-01-15
1823,Customer 1823,unknown,-999999,2024-01-15
1824,Customer 1824,unknown,-999999,2024-01-15
1825,Customer 1825,West,10,2024-01-15
1826,Customer 1826,West,-999999,2024-01-15
1827,Customer 1827,unknown,10,31/02/2024
1828,Customer 1828,North,10,2024-01-15
1829,Customer 1829,east,10,2024-01-15
1830,Customer 1830,east,10,2024-01-15
1831,Customer 1831,South,N/A,2024-01-15
1832,Customer 1832,EAST,"1,000",2024-01-15
1833,  Customer 1833  ,unknown,"1,000",2024-01-15
1834,Customer 1834,North,N/A,31/02/2024
1835,Customer 1835,east,-999999,2024-01-15
1836,Customer 1836,South,20,2024-01-15
1837,Customer 1837,unknown,N/A,2024-01-15
1838,Customer 1838,North,10,2024-01-15
1839,Customer 1839,West,-999999,2024-01-15
1840,Customer 1840,EAST,20,2024-01-15
1841,Customer 1841,South,20,31/02/2024
1842,Customer 1842,North,20,2024-01-15
1843,Customer 1843,North,-999999,2024-01-15
1844,Customer 1844,east,20,2024-01-15
1845,Customer 1845,EAST,10,2024-01-15
1846,  Customer 1846  ,West,"1,000",2024-01-15
1847,Customer 1847,South,"1,000",2024-01-15
1848,Customer 1848,EAST,10,31/02/2024
1849,Customer 1849,east,20,2024-01-15
1850,Customer 1850,EAST,"1,000",2024-01-15
1851,Customer 1851,North,20,2024-01-15
1852,Customer 1852,unknown,"1,000",2024-01-15
1853,Customer 1853,EAST,-999999,2024-01-15
1854,Customer 1854,West,-999999,2024-01-15
1855,Customer 1855,east,-999999,31/02/2024
1856,Customer 1856,east,-999999,2024-01-15
1857,Customer 1857,North,"1,000",2024-01-15
1858,Customer 1858,EAST,10,2024-01-15
1859,  Customer 1859  ,South,-999999,2024-01-15
1860,Customer 1860,South,-999999,2024-01-15
1861,Customer 1861,West,"1,000",2024-01-15
1862,Customer 1862,unknown,"1,000",31/02/2024
1863,Customer 1863,West,"1,000",2024-01-15
1864,Customer 1864,east,20,2024-01-15
1865,Customer 1865,unknown,-999999,2024-01-15
1866,Customer 1866,east,-999999,2024-01-15
1867,Customer 1867,unknown,N/A,2024-01-15
1868,Customer 1868,EAST,-999999,2024-01-15
1869,Customer 1869,EAST,"1,000",31/02/2024
1870,Customer 1870,South,N/A,2024-01-15
1871,Customer 1871,West,N/A,2024-01-15
1872,  Customer 1872  ,unknown,"1,000",2024-01-15
1873,Customer 1873,South,"1,000",2024-01-15
1874,Customer 1874,North,N/A,2024-01-15
1875,Customer 1875,east,10,2024-01-15
1876,Customer 1876,South,-999999,31/02/2024
1877,Customer 1877,West,N/A,2024-01-15
1878,Customer 1878,EAST,N/A,2024-01-15
1879,Customer 1879,South,10,2024-01-15
1880,Customer 1880,North,-999999,2024-01-15
1881,Customer 1881,South,20,2024-01-15
1882,Customer 1882,EAST,10,2024-01-15
1883,Customer 1883,South,10,31/02/2024
1884,Customer 1884,North,10,2024-01-15
1885,  Customer 1885  ,West,-999999,2024-01-15
1886,Customer 1886,North,-999999,2024-01-15
1887,Customer 1887,east,10,2024-01-15
1888,Customer 1888,West,10,2024-01-15
1889,Customer 1889,unknown,-999999,2024-01-15
1890,Customer 1890,east,20,31/02/2024
1891,Customer 1891,EAST,"1,000",2024-01-15
1892,Customer 1892,east,10,2024-01-15
1893,Customer 1893,EAST,N/A,2024-01-15
1894,Customer 1894,east,-999999,2024-01-15
1895,Customer 1895,South,10,2024-01-15
1896,Customer 1896,West,-999999,2024-01-15
1897,Customer 1897,EAST,N/A,31/02/2024
1898,  Customer 1898  ,unknown,-999999,2024-01-15
1899,Customer 1899,West,-999999,2024-01-15
1900,Customer 1900,South,N/A,2024-01-15
1901,Customer 1901,North,20,2024-01-15
1902,Customer 1902,east,N/A,2024-01-15
1903,Customer 1903,North,-999999,2024-01-15
1904,Customer 1904,east,"1,000",31/02/2024
1905,Customer 1905,South,"1,000",2024-01-15
1906,Customer 1906,unknown,20,2024-01-15
1907,Customer 1907,West,10,2024-01-15
1908,Customer 1908,EAST,20,2024-01-15
1909,Customer 1909,east,20,2024-01-15
1910,Customer 1910,West,"1,000",2024-01-15
1911,  Customer 1911  ,South,20,31/02/2024
1912,Customer 1912,South,N/A,2024-01-15
1913,Customer 1913,unknown,20,2024-01-15
1914,Customer 1914,EAST,-999999,2024-01-15
1915,Customer 1915,east,-999999,2024-01-15
1916,Customer 1916,West,10,2024-01-15
1917,Customer 1917,North,10,2024-01-15
1918,Customer 1918,South,N/A,31/02/2024
1919,Customer 1919,South,20,2024-01-15
1920,Customer 1920,EAST,-999999,2024-01-15
1921,Customer 1921,West,"1,000",2024-01-15
1922,Customer 1922,EAST,N/A,2024-01-15
1923,Customer 1923,east,"1,000",2024-01-15
1924,  Customer 1924  ,east,-999999,2024-01-15
1925,Customer 1925,West,10,31/02/2024
1926,Customer 1926,North,"1,000",2024-01-15
1927,Customer 1927,West,20,2024-01-15
1928,Customer 1928,South,-999999,2024-01-15
1929,Customer 1929,North,10,2024-01-15
1930,Customer 1930,North,10,2024-01-15
1931,Customer 1931,east,20,2024-01-15
1932,Customer 1932,unknown,20,31/02/2024
1933,Customer 1933,EAST,-999999,2024-01-15
1934,Customer 1934,West,"1,000",2024-01-15
1935,Customer 1935,unknown,N/A,2024-01-15
1936,Customer 1936,West,N/A,2024-01-15
1937,  Customer 1937  ,North,-999999,2024-01-15
1938,Customer 1938,EAST,-999999,2024-01-15
1939,Customer 1939,North,20,31/02/2024
1940,Customer 1940,South,N/A,2024-01-15
1941,Customer 1941,North,"1,000",2024-01-15
1942,Customer 1942,unknown,-999999,2024-01-15
1943,Customer 1943,east,10,2024-01-15
1944,Customer 1944,unknown,N/A,2024-01-15
1945,Customer 1945,unknown,10,2024-01-15
1946,Customer 1946,EAST,"1,000",31/02/2024
1947,Customer 1947,West,N/A,2024-01-15
1948,Customer 1948,West,10,2024-01-15
1949,Customer 1949,unknown,N/A,2024-01-15
1950,  Customer 1950  ,unknown,-999999,2024-01-15
1951,Customer 1951,West,10,2024-01-15
1952,Customer 1952,unknown,-999999,2024-01-15
1953,Customer 1953,EAST,10,31/02/2024
1954,Customer 1954,unknown,-999999,2024-01-15
1955,Customer 1955,West,10,2024-01-15
1956,Customer 1956,North,10,2024-01-15
1957,Customer 1957,West,"1,000",2024-01-15
1958,Customer 1958,east,-999999,2024-01-15
1959,Customer 1959,EAST,20,2024-01-15
1960,Customer 1960,South,10,31/02/2024
1961,Customer 1961,West,N/A,2024-01-15
1962,Customer 1962,EAST,"1,000",2024-01-15
1963,  Customer 1963  ,West,20,2024-01-15
1964,Customer 1964,unknown,-999999,2024-01-15
1965,Customer 1965,West,N/A,2024-01-15
1966,Customer 1966,east,"1,000",2024-01-15
1967,Customer 1967,EAST,10,31/02/2024
1968,Customer 1968,West,"1,000",2024-01-15
1969,Customer 1969,South,-999999,2024-01-15
1970,Customer 1970,South,N/A,2024-01-15
1971,Customer 1971,EAST,-999999,2024-01-15
1972,Customer 1972,West,"1,000",2024-01-15
1973,Customer 1973,West,20,2024-01-15
1974,Customer 1974,West,10,31/02/2024
1975,Customer 1975,West,"1,000",2024-01-15
1976,  Customer 1976  ,east,-999999,2024-01-15
1977,Customer 1977,EAST,-999999,2024-01-15
1978,Customer 1978,unknown,10,2024-01-15
1979,Customer 1979,South,N/A,2024-01-15
1980,Customer 1980,EAST,N/A,2024-01-15
1981,Customer 1981,North,N/A,31/02/2024
1982,Customer 1982,North,N/A,2024-01-15
1983,Customer 1983,unknown,10,2024-01-15
1984,Customer 1984,EAST,10,2024-01-15
1985,Customer 1985,EAST,20,2024-01-15
1986,Customer 1986,South,20,2024-01-15
1987,Customer 1987,South,10,2024-01-15
1988,Customer 1988,North,10,31/02/2024
1989,  Customer 1989  ,unknown,10,2024-01-15
1990,Customer 1990,West,10,2024-01-15
1991,Customer 1991,North,10,2024-01-15
1992,Customer 1992,EAST,N/A,2024-01-15
1993,Customer 1993,east,20,2024-01-15
1994,Customer 1994,North,10,2024-01-15
1995,Customer 1995,West,-999999,31/02/2024
1996,Customer 1996,South,"1,000",2024-01-15
1997,Customer 1997,West,20,2024-01-15
1998,Customer 1998,EAST,"1,000",2024-01-15
1999,Customer 1999,east,20,2024-01-15
1999,Customer 2000,EAST,"1,000",2024-01-15
2001,Customer 2001,West,"1,000",2024-01-15
2002,  Customer 2002  ,east,20,31/02/2024
2003,Customer 2003,North,"1,000",2024-01-15
2004,Customer 2004,North,10,2024-01-15
2005,Customer 2005,east,"1,000",2024-01-15
2006,Customer 2006,EAST,10,2024-01-15
2007,Customer 2007,North,10,2024-01-15
2008,Customer 2008,unknown,10,2024-01-15
2009,Customer 2009,West,N/A,31/02/2024
2010,Customer 2010,West,N/A,2024-01-15
2011,Customer 2011,east,"1,000",2024-01-15
2012,Customer 2012,EAST,-999999,2024-01-15
2013,Customer 2013,unknown,10,2024-01-15
2014,Customer 2014,east,20,2024-01-15
2015,  Customer 2015  ,West,20,2024-01-15
2016,Customer 2016,unknown,"1,000",31/02/2024
2017,Customer 2017,east,10,2024-01-15
2018,Customer 2018,North,-999999,2024-01-15
2019,Customer 2019,unknown,-999999,2024-01-15
2020,Customer 2020,east,20,2024-01-15
2021,Customer 2021,east,10,2024-01-15
2022,Customer 2022,South,N/A,2024-01-15
2023,Customer 2023,West,N/A,31/02/2024
2024,Customer 2024,West,20,2024-01-15
2025,Customer 2025,West,20,2024-01-15
2026,Customer 2026,South,10,2024-01-15
2027,Customer 2027,east,-999999,2024-01-15
2028,  Customer 2028  ,EAST,20,2024-01-15
2029,Customer 2029,EAST,N/A,2024-01-15
2030,Customer 2030,EAST,"1,000",31/02/2024
2031,Customer 2031,east,10,2024-01-15
2032,Customer 2032,West,10,2024-01-15
2033,Customer 2033,unknown,N/A,2024-01-15
2034,Customer 2034,east,"1,000",2024-01-15
2035,Customer 2035,South,20,2024-01-15
2036,Customer 2036,unknown,20,2024-01-15
2037,Customer 2037,EAST,20,31/02/2024
2038,Customer 2038,east,N/A,2024-01-15
2039,Customer 2039,EAST,10,2024-01-15
2040,Customer 2040,South,"1,000",2024-01-15
2041,  Customer 2041  ,EAST,-999999,2024-01-15
2042,Customer 2042,West,10,2024-01-15
2043,Customer 2043,North,N/A,2024-01-15
2044,Customer 2044,North,20,31/02/2024
2045,Customer 2045,EAST,-999999,2024-01-15
2046,Customer 2046,North,20,2024-01-15
2047,Customer 2047,West,-999999,2024-01-15
2048,Customer 2048,South,20,2024-01-15
2049,Customer 2049,east,20,2024-01-15
2050,Customer 2050,unknown,N/A,2024-01-15
2051,Customer 2051,east,N/A,31/02/2024
2052,Customer 2052,West,N/A,2024-01-15
2053,Customer 2053,North,20,2024-01-15
2054,  Customer 2054  ,east,20,2024-01-15
2055,Customer 2055,West,-999999,2024-01-15
2056,Customer 2056,North,"1,000",2024-01-15
2057,Customer 2057,North,N/A,2024-01-15
2058,Customer 2058,unknown,20,31/02/2024
2059,Customer 2059,east,20,2024-01-15
2060,Customer 2060,North,20,2024-01-15
2061,Customer 2061,unknown,-999999,2024-01-15
2062,Customer 2062,unknown,N/A,2024-01-15
2063,Customer 2063,South,N/A,2024-01-15
2064,Customer 2064,North,10,2024-01-15
2065,Customer 2065,east,-999999,31/02/2024
2066,Customer 2066,east,"1,000",2024-01-15
2067,  Customer 2067  ,east,-999999,2024-01-15
2068,Customer 2068,unknown,"1,000",2024-01-15
2069,Customer 2069,EAST,N/A,2024-01-15
2070,Customer 2070,east,"1,000",2024-01-15
2071,Customer 2071,West,N/A,2024-01-15
2072,Customer 2072,EAST,10,31/02/2024
2073,Customer 2073,West,20,2024-01-15
2074,Customer 2074,east,-999999,2024-01-15
2075,Customer 2075,unknown,N/A,2024-01-15
2076,Customer 2076,North,10,2024-01-15
2077,Customer 2077,West,"1,000",2024-01-15
2078,Customer 2078,South,10,2024-01-15
2079,Customer 2079,South,"1,000",31/02/2024
2080,  Customer 2080  ,EAST,"1,000",2024-01-15
2081,Customer 2081,EAST,N/A,2024-01-15
2082,Customer 2082,West,-999999,2024-01-15
2083,Customer 2083,North,10,2024-01-15
2084,Customer 2084,South,-999999,2024-01-15
2085,Customer 2085,South,"1,000",2024-01-15
2086,Customer 2086,unknown,-999999,31/02/2024
2087,Customer 2087,EAST,-999999,2024-01-15
2088,Customer 2088,EAST,10,2024-01-15
2089,Customer 2089,unknown,20,2024-01-15
2090,Customer 2090,South,-999999,2024-01-15
2091,Customer 2091,West,N/A,2024-01-15
2092,Customer 2092,east,10,2024-01-15
2093,  Customer 2093  ,South,N/A,31/02/2024
2094,Customer 2094,unknown,N/A,2024-01-15
2095,Customer 2095,east,"1,000",2024-01-15
2096,Customer 2096,South,-999999,2024-01-15
2097,Customer 2097,east,-999999,2024-01-15
2098,Customer 2098,east,"1,000",2024-01-15
2099,Customer 2099,east,20,2024-01-15
2100,Customer 2100,east,10,31/02/2024
2101,Customer 2101,West,"1,000",2024-01-15
2102,Customer 2102,EAST,N/A,2024-01-15
2103,Customer 2103,east,N/A,2024-01-15
2104,Customer 2104,east,20,2024-01-15
2105,Customer 2105,east,N/A,2024-01-15
2106,  Customer 2106  ,east,20,2024-01-15
2107,Customer 2107,unknown,-999999,31/02/2024
2108,Customer 2108,unknown,-999999,2024-01-15
2109,Customer 2109,unknown,-999999,2024-01-15
2110,Customer 2110,EAST,20,2024-01-15
2111,Customer 2111,North,10,2024-01-15
2112,Customer 2112,South,"1,000",2024-01-15
2113,Customer 2113,North,N/A,2024-01-15
2114,Customer 2114,unknown,"1,000",31/02/2024
2115,Customer 2115,North,N/A,2024-01-15
2116,Customer 2116,North,-999999,2024-01-15
2117,Customer 2117,unknown,"1,000",2024-01-15
2118,Customer 2118,South,N/A,2024-01-15
2119,  Customer 2119  ,east,10,2024-01-15
2120,Customer 2120,West,20,2024-01-15
2121,Customer 2121,West,N/A,31/02/2024
2122,Customer 2122,unknown,-999999,2024-01-15
2123,Customer 2123,West,20,2024-01-15
2124,Customer 2124,North,10,2024-01-15
2125,Customer 2125,North,N/A,2024-01-15
2126,Customer 2126,North,-999999,2024-01-15
2127,Customer 2127,unknown,20,2024-01-15
2128,Customer 2128,unknown,N/A,31/02/2024
2129,Customer 2129,South,"1,000",2024-01-15
2130,Customer 2130,east,-999999,2024-01-15
2131,Customer 2131,North,20,2024-01-15
2132,  Customer 2132  ,EAST,10,2024-01-15
2133,Customer 2133,West,-999999,2024-01-15
2134,Customer 2134,EAST,10,2024-01-15
2135,Customer 2135,EAST,N/A,31/02/2024
2136,Customer 2136,South,10,2024-01-15
2137,Customer 2137,EAST,N/A,2024-01-15
2138,Customer 2138,West,"1,000",2024-01-15
2139,Customer 2139,West,-999999,2024-01-15
2140,Customer 2140,West,20,2024-01-15
2141,Customer 2141,unknown,"1,000",2024-01-15
2142,Customer 2142,east,10,31/02/2024
2143,Customer 2143,unknown,-999999,2024-01-15
2144,Customer 2144,South,20,2024-01-15
2145,  Customer 2145  ,EAST,"1,000",2024-01-15
2146,Customer 2146,unknown,10,2024-01-15
2147,Customer 2147,unknown,-999999,2024-01-15
2148,Customer 2148,South,-999999,2024-01-15
2149,Customer 2149,North,N/A,31/02/2024
2150,Customer 2150,North,N/A,2024-01-15
2151,Customer 2151,North,N/A,2024-01-15
2152,Customer 2152,West,20,2024-01-15
2153,Customer 2153,EAST,N/A,2024-01-15
2154,Customer 2154,east,-999999,2024-01-15
2155,Customer 2155,east,10,2024-01-15
2156,Customer 2156,EAST,10,31/02/2024
2157,Customer 2157,east,20,2024-01-15
2158,  Customer 2158  ,South,"1,000",2024-01-15
2159,Customer 2159,North,20,2024-01-15
2160,Customer 2160,West,-999999,2024-01-15
2161,Customer 2161,West,10,2024-01-15
2162,Customer 2162,east,"1,000",2024-01-15
2163,Customer 2163,unknown,10,31/02/2024
2164,Customer 2164,east,-999999,2024-01-15
2165,Customer 2165,east,10,2024-01-15
2166,Customer 2166,West,20,2024-01-15
2167,Customer 2167,North,20,2024-01-15
2168,Customer 2168,unknown,20,2024-01-15
2169,Customer 2169,unknown,"1,000",2024-01-15
2170,Customer 2170,West,-999999,31/02/2024
2171,  Customer 2171  ,unknown,"1,000",2024-01-15
2172,Customer 2172,South,10,2024-01-15
2173,Customer 2173,unknown,-999999,2024-01-15
2174,Customer 2174,unknown,10,2024-01-15
2175,Customer 2175,West,10,2024-01-15
2176,Customer 2176,West,-999999,2024-01-15
2177,Customer 2177,North,20,31/02/2024
2178,Customer 2178,unknown,-999999,2024-01-15
2179,Customer 2179,South,-999999,2024-01-15
2180,Customer 2180,South,20,2024-01-15
2181,Customer 2181,West,10,2024-01-15
2182,Customer 2182,West,-999999,2024-01-15
2183,Customer 2183,east,"1,000",2024-01-15
2184,  Customer 2184  ,South,N/A,31/02/2024
2185,Customer 2185,West,"1,000",2024-01-15
2186,Customer 2186,EAST,N/A,2024-01-15
2187,Customer 2187,unknown,20,2024-01-15
2188,Customer 2188,West,N/A,2024-01-15
2189,Customer 2189,unknown,N/A,2024-01-15
2190,Customer 2190,unknown,20,2024-01-15
2191,Customer 2191,east,N/A,31/02/2024
2192,Customer 2192,unknown,"1,000",2024-01-15
2193,Customer 2193,West,N/A,2024-01-15
2194,Customer 2194,South,20,2024-01-15
2195,Customer 2195,unknown,"1,000",2024-01-15
2196,Customer 2196,North,10,2024-01-15
2197,  Customer 2197  ,east,20,2024-01-15
2198,Customer 2198,unknown,20,31/02/2024
2199,Customer 2199,South,N/A,2024-01-15
2200,Customer 2200,unknown,20,2024-01-15
2201,Customer 2201,West,10,2024-01-15
2202,Customer 2202,EAST,20,2024-01-15
2203,Customer 2203,east,N/A,2024-01-15
2204,Customer 2204,unknown,20,2024-01-15
2205,Customer 2205,EAST,N/A,31/02/2024
2206,Customer 2206,North,10,2024-01-15
2207,Customer 2207,unknown,20,2024-01-15
2208,Customer 2208,EAST,-999999,2024-01-15
2209,Customer 2209,east,N/A,2024-01-15
2210,  Customer 2210  ,east,-999999,2024-01-15
2211,Customer 2211,South,"1,000",2024-01-15
2212,Customer 2212,east,N/A,31/02/2024
2213,Customer 2213,EAST,N/A,2024-01-15
2214,Customer 2214,South,"1,000",2024-01-15
2215,Customer 2215,east,"1,000",2024-01-15
2216,Customer 2216,EAST,20,2024-01-15
2217,Customer 2217,North,10,2024-01-15
2218,Customer 2218,North,N/A,2024-01-15
2219,Customer 2219,South,-999999,31/02/2024
2220,Customer 2220,east,-999999,2024-01-15
2221,Customer 2221,east,10,2024-01-15
2222,Customer 2222,North,N/A,2024-01-15
2223,  Customer 2223  ,EAST,"1,000",2024-01-15
2224,Customer 2224,EAST,-999999,2024-01-15
2225,Customer 2225,east,-999999,2024-01-15
2226,Customer 2226,unknown,"1,000",31/02/2024
2227,Customer 2227,South,-999999,2024-01-15
2228,Customer 2228,EAST,-999999,2024-01-15
2229,Customer 2229,North,N/A,2024-01-15
2230,Customer 2230,unknown,10,2024-01-15
2231,Customer 2231,unknown,20,2024-01-15
2232,Customer 2232,east,N/A,2024-01-15
2233,Customer 2233,EAST,"1,000",31/02/2024
2234,Customer 2234,North,-999999,2024-01-15
2235,Customer 2235,North,-999999,2024-01-15
2236,  Customer 2236  ,West,-999999,2024-01-15
2237,Customer 2237,North,20,2024-01-15
2238,Customer 2238,unknown,20,2024-01-15
2239,Customer 2239,EAST,-999999,2024-01-15
2240,Customer 2240,unknown,20,31/02/2024
2241,Customer 2241,South,20,2024-01-15
2242,Customer 2242,North,"1,000",2024-01-15
2243,Customer 2243,east,N/A,2024-01-15
2244,Customer 2244,EAST,"1,000",2024-01-15
2245,Customer 2245,EAST,20,2024-01-15
2246,Customer 2246,West,-999999,2024-01-15
2247,Customer 2247,North,20,31/02/2024
2248,Customer 2248,South,"1,000",2024-01-15
2249,  Customer 2249  ,South,20,2024-01-15
2250,Customer 2250,east,10,2024-01-15
2251,Customer 2251,North,"1,000",2024-01-15
2252,Customer 2252,east,10,2024-01-15
2253,Customer 2253,South,N/A,2024-01-15
2254,Customer 2254,east,10,31/02/2024
2255,Customer 2255,South,20,2024-01-15
2256,Customer 2256,unknown,10,2024-01-15
2257,Customer 2257,West,20,2024-01-15
2258,Customer 2258,east,-999999,2024-01-15
2259,Customer 2259,North,20,2024-01-15
2260,Customer 2260,South,20,2024-01-15
2261,Customer 2261,EAST,"1,000",31/02/2024
2262,  Customer 2262  ,EAST,20,2024-01-15
2263,Customer 2263,EAST,"1,000",2024-01-15
2264,Customer 2264,West,20,2024-01-15
2265,Customer 2265,EAST,10,2024-01-15
2266,Customer 2266,South,20,2024-01-15
2267,Customer 2267,unknown,10,2024-01-15
2268,Customer 2268,South,20,31/02/2024
2269,Customer 2269,West,20,2024-01-15
2270,Customer 2270,unknown,"1,000",2024-01-15
2271,Customer 2271,West,20,2024-01-15
2272,Customer 2272,North,N/A,2024-01-15
2273,Customer 2273,east,"1,000",2024-01-15
2274,Customer 2274,east,10,2024-01-15
2275,  Customer 2275  ,east,"1,000",31/02/2024
2276,Customer 2276,unknown,20,2024-01-15
2277,Customer 2277,EAST,"1,000",2024-01-15
2278,Customer 2278,West,-999999,2024-01-15
2279,Customer 2279,unknown,"1,000",2024-01-15
2280,Customer 2280,South,"1,000",2024-01-15
2281,Customer 2281,West,20,2024-01-15
2282,Customer 2282,North,"1,000",31/02/2024
2283,Customer 2283,unknown,-999999,2024-01-15
2284,Customer 2284,east,-999999,2024-01-15
2285,Customer 2285,EAST,20,2024-01-15
2286,Customer 2286,EAST,"1,000",2024-01-15
2287,Customer 2287,unknown,N/A,2024-01-15
2288,  Customer 2288  ,South,"1,000",2024-01-15
2289,Customer 2289,North,10,31/02/2024
2290,Customer 2290,West,N/A,2024-01-15
2291,Customer 2291,South,-999999,2024-01-15
2292,Customer 2292,West,-999999,2024-01-15
2293,Customer 2293,east,N/A,2024-01-15
2294,Customer 2294,EAST,20,2024-01-15
2295,Customer 2295,West,20,2024-01-15
2296,Customer 2296,West,-999999,31/02/2024
2297,Customer 2297,West,N/A,2024-01-15
2298,Customer 2298,South,20,2024-01-15
2299,Customer 2299,South,"1,000",2024-01-15
2300,Customer 2300,North,N/A,2024-01-15
2301,  Customer 2301  ,unknown,10,2024-01-15
2302,Customer 2302,EAST,20,2024-01-15
2303,Customer 2303,South,"1,000",31/02/2024
2304,Customer 2304,EAST,N/A,2024-01-15
2305,Customer 2305,EAST,10,2024-01-15
2306,Customer 2306,unknown,20,2024-01-15
2307,Customer 2307,east,10,2024-01-15
2308,Customer 2308,West,N/A,2024-01-15
2309,Customer 2309,EAST,20,2024-01-15
2310,Customer 2310,EAST,10,31/02/2024
2311,Customer 2311,EAST,N/A,2024-01-15
2312,Customer 2312,unknown,20,2024-01-15
2313,Customer 2313,South,10,2024-01-15
2314,  Customer 2314  ,North,"1,000",2024-01-15
2315,Customer 2315,South,-999999,2024-01-15
2316,Customer 2316,West,10,2024-01-15
2317,Customer 2317,EAST,-999999,31/02/2024
2318,Customer 2318,West,N/A,2024-01-15
2319,Customer 2319,North,-999999,2024-01-15
2320,Customer 2320,unknown,"1,000",2024-01-15
2321,Customer 2321,EAST,-999999,2024-01-15
2322,Customer 2322,West,20,2024-01-15
2323,Customer 2323,West,10,2024-01-15
2324,Customer 2324,unknown,10,31/02/2024
2325,Customer 2325,unknown,20,2024-01-15
2326,Customer 2326,North,N/A,2024-01-15
2327,  Customer 2327  ,EAST,20,2024-01-15
2328,Customer 2328,EAST,20,2024-01-15
2329,Customer 2329,South,20,2024-01-15
2330,Customer 2330,West,N/A,2024-01-15
2331,Customer 2331,unknown,-999999,31/02/2024
2332,Customer 2332,West,10,2024-01-15
2333,Customer 2333,North,10,2024-01-15
2334,Customer 2334,EAST,-999999,2024-01-15
2335,Customer 2335,South,N/A,2024-01-15
2336,Customer 2336,West,10,2024-01-15
2337,Customer 2337,South,-999999,2024-01-15
2338,Customer 2338,South,-999999,31/02/2024
2339,Customer 2339,South,20,2024-01-15
2340,  Customer 2340  ,West,20,2024-01-15
2341,Customer 2341,unknown,N/A,2024-01-15
2342,Customer 2342,EAST,N/A,2024-01-15
2343,Customer 2343,West,"1,000",2024-01-15
2344,Customer 2344,South,"1,000",2024-01-15
2345,Customer 2345,east,20,31/02/2024
2346,Customer 2346,West,10,2024-01-15
2347,Customer 2347,North,10,2024-01-15
2348,Customer 2348,east,"1,000",2024-01-15
2349,Customer 2349,West,10,2024-01-15
2350,Customer 2350,EAST,20,2024-01-15
2351,Customer 2351,North,"1,000",2024-01-15
2352,Customer 2352,unknown,-999999,31/02/2024
2353,  Customer 2353  ,West,20,2024-01-15
2354,Customer 2354,unknown,10,2024-01-15
2355,Customer 2355,east,20,2024-01-15
2356,Customer 2356,EAST,N/A,2024-01-15
2357,Customer 2357,EAST,20,2024-01-15
2358,Customer 2358,North,-999999,2024-01-15
2359,Customer 2359,east,-999999,31/02/2024
2360,Customer 2360,east,10,2024-01-15
2361,Customer 2361,West,20,2024-01-15
2362,Customer 2362,east,N/A,2024-01-15
2363,Customer 2363,North,10,2024-01-15
2364,Customer 2364,EAST,-999999,2024-01-15
2365,Customer 2365,unknown,N/A,2024-01-15
2366,  Customer 2366  ,east,20,31/02/2024
2367,Customer 2367,unknown,20,2024-01-15
2368,Customer 2368,east,N/A,2024-01-15
2369,Customer 2369,North,20,2024-01-15
2370,Customer 2370,North,10,2024-01-15
2371,Customer 2371,West,20,2024-01-15
2372,Customer 2372,east,-999999,2024-01-15
2373,Customer 2373,east,10,31/02/2024
2374,Customer 2374,West,"1,000",2024-01-15
2375,Customer 2375,North,N/A,2024-01-15
2376,Customer 2376,North,20,2024-01-15
2377,Customer 2377,EAST,20,2024-01-15
2378,Customer 2378,east,N/A,2024-01-15
2379,  Customer 2379  ,North,-999999,2024-01-15
2380,Customer 2380,North,-999999,31/02/2024
2381,Customer 2381,unknown,N/A,2024-01-15
2382,Customer 2382,South,-999999,2024-01-15
2383,Customer 2383,West,20,2024-01-15
2384,Customer 2384,EAST,"1,000",2024-01-15
2385,Customer 2385,east,"1,000",2024-01-15
2386,Customer 2386,North,10,2024-01-15
2387,Customer 2387,EAST,20,31/02/2024
2388,Customer 2388,east,20,2024-01-15
2389,Customer 2389,West,10,2024-01-15
2390,Customer 2390,West,20,2024-01-15
2391,Customer 2391,South,"1,000",2024-01-15
2392,  Customer 2392  ,EAST,20,2024-01-15
2393,Customer 2393,West,20,2024-01-15
2394,Customer 2394,South,N/A,31/02/2024
2395,Customer 2395,South,20,2024-01-15
2396,Customer 2396,unknown,"1,000",2024-01-15
2397,Customer 2397,South,10,2024-01-15
2398,Customer 2398,West,10,2024-01-15
2399,Customer 2399,east,N/A,2024-01-15
2400,Customer 2400,North,N/A,2024-01-15
2401,Customer 2401,unknown,20,31/02/2024
2402,Customer 2402,North,10,2024-01-15
2403,Customer 2403,unknown,-999999,2024-01-15
2404,Customer 2404,unknown,-999999,2024-01-15
2405,  Customer 2405  ,east,-999999,2024-01-15
2406,Customer 2406,EAST,20,2024-01-15
2407,Customer 2407,east,-999999,2024-01-15
2408,Customer 2408,east,-999999,31/02/2024
2409,Customer 2409,EAST,N/A,2024-01-15
2410,Customer 2410,east,20,2024-01-15
2411,Customer 2411,east,10,2024-01-15
2412,Customer 2412,unknown,20,2024-01-15
2413,Customer 2413,EAST,10,2024-01-15
2414,Customer 2414,North,10,2024-01-15
2415,Customer 2415,West,10,31/02/2024
2416,Customer 2416,North,-999999,2024-01-15
2417,Customer 2417,South,20,2024-01-15
2418,  Customer 2418  ,unknown,-999999,2024-01-15
2419,Customer 2419,EAST,"1,000",2024-01-15
2420,Customer 2420,West,20,2024-01-15
2421,Customer 2421,east,"1,000",2024-01-15
2422,Customer 2422,unknown,20,31/02/2024
2423,Customer 2423,South,20,2024-01-15
2424,Customer 2424,east,10,2024-01-15
2425,Customer 2425,North,N/A,2024-01-15
2426,Customer 2426,West,10,2024-01-15
2427,Customer 2427,South,20,2024-01-15
2428,Customer 2428,West,N/A,2024-01-15
2429,Customer 2429,EAST,"1,000",31/02/2024
2430,Customer 2430,EAST,10,2024-01-15
2431,  Customer 2431  ,east,"1,000",2024-01-15
2432,Customer 2432,South,20,2024-01-15
2433,Customer 2433,North,"1,000",2024-01-15
2434,Customer 2434,South,N/A,2024-01-15
2435,Customer 2435,West,-999999,2024-01-15
2436,Customer 2436,EAST,10,31/02/2024
2437,Customer 2437,South,-999999,2024-01-15
2438,Customer 2438,North,10,2024-01-15
2439,Customer 2439,east,N/A,2024-01-15
2440,Customer 2440,east,-999999,2024-01-15
2441,Customer 2441,east,"1,000",2024-01-15
2442,Customer 2442,West,-999999,2024-01-15
2443,Customer 2443,West,"1,000",31/02/2024
2444,  Customer 2444  ,South,10,2024-01-15
2445,Customer 2445,east,-999999,2024-01-15
2446,Customer 2446,unknown,"1,000",2024-01-15
2447,Customer 2447,east,-999999,2024-01-15
2448,Customer 2448,EAST,10,2024-01-15
2449,Customer 2449,North,N/A,2024-01-15
2450,Customer 2450,east,20,31/02/2024
2451,Customer 2451,unknown,-999999,2024-01-15
2452,Customer 2452,South,20,2024-01-15
2453,Customer 2453,unknown,N/A,2024-01-15
2454,Customer 2454,West,"1,000",2024-01-15
2455,Customer 2455,South,10,2024-01-15
2456,Customer 2456,east,"1,000",2024-01-15
2457,  Customer 2457  ,unknown,10,31/02/2024
2458,Customer 2458,east,10,2024-01-15
2459,Customer 2459,North,"1,000",2024-01-15
2460,Customer 2460,unknown,20,2024-01-15
2461,Customer 2461,EAST,"1,000",2024-01-15
2462,Customer 2462,South,"1,000",2024-01-15
2463,Customer 2463,EAST,-999999,2024-01-15
2464,Customer 2464,South,10,31/02/2024
2465,Customer 2465,east,-999999,2024-01-15
2466,Customer 2466,east,"1,000",2024-01-15
2467,Customer 2467,North,-999999,2024-01-15
2468,Customer 2468,EAST,"1,000",2024-01-15
2469,Customer 2469,unknown,20,2024-01-15
2470,  Customer 2470  ,South,"1,000",2024-01-15
2471,Customer 2471,EAST,-999999,31/02/2024
2472,Customer 2472,West,10,2024-01-15
2473,Customer 2473,West,N/A,2024-01-15
2474,Customer 2474,South,"1,000",2024-01-15
2475,Customer 2475,unknown,10,2024-01-15
2476,Customer 2476,South,20,2024-01-15
2477,Customer 2477,east,10,2024-01-15
2478,Customer 2478,South,20,31/02/2024
2479,Customer 2479,West,"1,000",2024-01-15
2480,Customer 2480,West,-999999,2024-01-15
2481,Customer 2481,South,-999999,2024-01-15
2482,Customer 2482,North,20,2024-01-15
2483,  Customer 2483  ,West,20,2024-01-15
2484,Customer 2484,North,"1,000",2024-01-15
2485,Customer 2485,West,20,31/02/2024
2486,Customer 2486,North,10,2024-01-15
2487,Customer 2487,West,20,2024-01-15
2488,Customer 2488,South,N/A,2024-01-15
2489,Customer 2489,east,N/A,2024-01-15
2490,Customer 2490,North,20,2024-01-15
2491,Customer 2491,EAST,N/A,2024-01-15
2492,Customer 2492,West,N/A,31/02/2024
2493,Customer 2493,West,10,2024-01-15
2494,Customer 2494,unknown,10,2024-01-15
2495,Customer 2495,North,-999999,2024-01-15
2496,  Customer 2496  ,east,N/A,2024-01-15
2497,Customer 2497,unknown,N/A,2024-01-15
2498,Customer 2498,east,-999999,2024-01-15
2499,Customer 2499,EAST,-999999,31/02/2024
2499,Customer 2500,unknown,N/A,2024-01-15
2501,Customer 2501,West,10,2024-01-15
2502,Customer 2502,unknown,10,2024-01-15
2503,Customer 2503,EAST,10,2024-01-15
2504,Customer 2504,South,10,2024-01-15
2505,Customer 2505,unknown,10,2024-01-15
2506,Customer 2506,South,10,31/02/2024
2507,Customer 2507,North,-999999,2024-01-15
2508,Customer 2508,east,20,2024-01-15
2509,  Customer 2509  ,east,20,2024-01-15
2510,Customer 2510,EAST,N/A,2024-01-15
2511,Customer 2511,unknown,-999999,2024-01-15
2512,Customer 2512,West,"1,000",2024-01-15
2513,Customer 2513,South,"1,000",31/02/2024
2514,Customer 2514,EAST,-999999,2024-01-15
2515,Customer 2515,unknown,10,2024-01-15
2516,Customer 2516,North,10,2024-01-15
2517,Customer 2517,unknown,N/A,2024-01-15
2518,Customer 2518,EAST,"1,000",2024-01-15
2519,Customer 2519,unknown,20,2024-01-15
2520,Customer 2520,EAST,N/A,31/02/2024
2521,Customer 2521,unknown,20,2024-01-15
2522,  Customer 2522  ,unknown,"1,000",2024-01-15
2523,Customer 2523,EAST,-999999,2024-01-15
2524,Customer 2524,South,-999999,2024-01-15
2525,Customer 2525,EAST,20,2024-01-15
2526,Customer 2526,east,10,2024-01-15
2527,Customer 2527,EAST,N/A,31/02/2024
2528,Customer 2528,east,-999999,2024-01-15
2529,Customer 2529,West,10,2024-01-15
2530,Customer 2530,South,10,2024-01-15
2531,Customer 2531,EAST,-999999,2024-01-15
2532,Customer 2532,EAST,20,2024-01-15
2533,Customer 2533,unknown,10,2024-01-15
2534,Customer 2534,unknown,20,31/02/2024
2535,  Customer 2535  ,EAST,-999999,2024-01-15
2536,Customer 2536,West,N/A,2024-01-15
2537,Customer 2537,North,20,2024-01-15
2538,Customer 2538,unknown,"1,000",2024-01-15
2539,Customer 2539,North,20,2024-01-15
2540,Customer 2540,South,"1,000",2024-01-15
2541,Customer 2541,West,"1,000",31/02/2024
2542,Customer 2542,unknown,-999999,2024-01-15
2543,Customer 2543,east,N/A,2024-01-15
2544,Customer 2544,South,-999999,2024-01-15
2545,Customer 2545,unknown,10,2024-01-15
2546,Customer 2546,EAST,-999999,2024-01-15
2547,Customer 2547,east,"1,000",2024-01-15
2548,  Customer 2548  ,unknown,-999999,31/02/2024
2549,Customer 2549,South,N/A,2024-01-15
2550,Customer 2550,South,N/A,2024-01-15
2551,Customer 2551,West,-999999,2024-01-15
2552,Customer 2552,east,-999999,2024-01-15
2553,Customer 2553,EAST,"1,000",2024-01-15
2554,Customer 2554,east,N/A,2024-01-15
2555,Customer 2555,North,-999999,31/02/2024
2556,Customer 2556,east,10,2024-01-15
2557,Customer 2557,unknown,-999999,2024-01-15
2558,Customer 2558,West,N/A,2024-01-15
2559,Customer 2559,West,20,2024-01-15
2560,Customer 2560,South,N/A,2024-01-15
2561,  Customer 2561  ,South,20,2024-01-15
2562,Customer 2562,unknown,N/A,31/02/2024
2563,Customer 2563,EAST,20,2024-01-15
2564,Customer 2564,unknown,10,2024-01-15
2565,Customer 2565,EAST,-999999,2024-01-15
2566,Customer 2566,South,20,2024-01-15
2567,Customer 2567,North,10,2024-01-15
2568,Customer 2568,EAST,20,2024-01-15
2569,Customer 2569,unknown,"1,000",31/02/2024
2570,Customer 2570,South,-999999,2024-01-15
2571,Customer 2571,West,N/A,2024-01-15
2572,Customer 2572,east,-999999,2024-01-15
2573,Customer 2573,east,10,2024-01-15
2574,  Customer 2574  ,North,20,2024-01-15
2575,Customer 2575,east,-999999,2024-01-15
2576,Customer 2576,unknown,N/A,31/02/2024
2577,Customer 2577,West,-999999,2024-01-15
2578,Customer 2578,unknown,10,2024-01-15
2579,Customer 2579,North,20,2024-01-15
2580,Customer 2580,West,20,2024-01-15
2581,Customer 2581,EAST,-999999,2024-01-15
2582,Customer 2582,North,10,2024-01-15
2583,Customer 2583,unknown,N/A,31/02/2024
2584,Customer 2584,east,N/A,2024-01-15
2585,Customer 2585,east,10,2024-01-15
2586,Customer 2586,North,-999999,2024-01-15
2587,  Customer 2587  ,east,N/A,2024-01-15
2588,Customer 2588,unknown,"1,000",2024-01-15
2589,Customer 2589,east,20,2024-01-15
2590,Customer 2590,South,N/A,31/02/2024
2591,Customer 2591,West,N/A,2024-01-15
2592,Customer 2592,West,N/A,2024-01-15
2593,Customer 2593,unknown,10,2024-01-15
2594,Customer 2594,South,10,2024-01-15
2595,Customer 2595,EAST,20,2024-01-15
2596,Customer 2596,east,N/A,2024-01-15
2597,Customer 2597,South,-999999,31/02/2024
2598,Customer 2598,North,N/A,2024-01-15
2599,Customer 2599,North,N/A,2024-01-15
2600,  Customer 2600  ,unknown,"1,000",2024-01-15
2601,Customer 2601,West,"1,000",2024-01-15
2602,Customer 2602,EAST,10,2024-01-15
2603,Customer 2603,EAST,"1,000",2024-01-15
2604,Customer 2604,West,10,31/02/2024
2605,Customer 2605,EAST,"1,000",2024-01-15
2606,Customer 2606,North,10,2024-01-15
2607,Customer 2607,West,"1,000",2024-01-15
2608,Customer 2608,EAST,10,2024-01-15
2609,Customer 2609,EAST,10,2024-01-15
2610,Customer 2610,east,20,2024-01-15
2611,Customer 2611,North,"1,000",31/02/2024
2612,Customer 2612,EAST,-999999,2024-01-15
2613,  Customer 2613  ,east,"1,000",2024-01-15
2614,Customer 2614,North,20,2024-01-15
2615,Customer 2615,EAST,20,2024-01-15
2616,Customer 2616,east,-999999,2024-01-15
2617,Customer 2617,unknown,-999999,2024-01-15
2618,Customer 2618,North,"1,000",31/02/2024
2619,Customer 2619,EAST,-999999,2024-01-15
2620,Customer 2620,West,"1,000",2024-01-15
2621,Customer 2621,North,N/A,2024-01-15
2622,Customer 2622,EAST,10,2024-01-15
2623,Customer 2623,east,20,2024-01-15
2624,Customer 2624,North,20,2024-01-15
2625,Customer 2625,east,-999999,31/02/2024
2626,  Customer 2626  ,West,10,2024-01-15
2627,Customer 2627,east,"1,000",2024-01-15
2628,Customer 2628,South,10,2024-01-15
2629,Customer 2629,east,"1,000",2024-01-15
2630,Customer 2630,South,20,2024-01-15
2631,Customer 2631,North,N/A,2024-01-15
2632,Customer 2632,unknown,20,31/02/2024
2633,Customer 2633,West,N/A,2024-01-15
2634,Customer 2634,North,"1,000",2024-01-15
2635,Customer 2635,West,-999999,2024-01-15
2636,Customer 2636,West,-999999,2024-01-15
2637,Customer 2637,EAST,-999999,2024-01-15
2638,Customer 2638,West,N/A,2024-01-15
2639,  Customer 2639  ,EAST,"1,000",31/02/2024
2640,Customer 2640,unknown,20,2024-01-15
2641,Customer 2641,North,20,2024-01-15
2642,Customer 2642,east,20,2024-01-15
2643,Customer 2643,unknown,20,2024-01-15
2644,Customer 2644,South,20,2024-01-15
2645,Customer 2645,unknown,20,2024-01-15
2646,Customer 2646,EAST,20,31/02/2024
2647,Customer 2647,North,20,2024-01-15
2648,Customer 2648,West,-999999,2024-01-15
2649,Customer 2649,EAST,"1,000",2024-01-15
2650,Customer 2650,West,-999999,2024-01-15
2651,Customer 2651,West,-999999,2024-01-15
2652,  Customer 2652  ,unknown,"1,000",2024-01-15
2653,Customer 2653,EAST,-999999,31/02/2024
2654,Customer 2654,EAST,N/A,2024-01-15
2655,Customer 2655,unknown,20,2024-01-15
2656,Customer 2656,EAST,20,2024-01-15
2657,Customer 2657,east,10,2024-01-15
2658,Customer 2658,South,"1,000",2024-01-15
2659,Customer 2659,South,-999999,2024-01-15
2660,Customer 2660,EAST,20,31/02/2024
2661,Customer 2661,unknown,-999999,2024-01-15
2662,Customer 2662,east,10,2024-01-15
2663,Customer 2663,unknown,20,2024-01-15
2664,Customer 2664,east,20,2024-01-15
2665,  Customer 2665  ,unknown,"1,000",2024-01-15
2666,Customer 2666,EAST,"1,000",2024-01-15
2667,Customer 2667,South,N/A,31/02/2024
2668,Customer 2668,unknown,"1,000",2024-01-15
2669,Customer 2669,unknown,10,2024-01-15
2670,Customer 2670,EAST,"1,000",2024-01-15
2671,Customer 2671,North,10,2024-01-15
2672,Customer 2672,North,10,2024-01-15
2673,Customer 2673,North,10,2024-01-15
2674,Customer 2674,West,20,31/02/2024
2675,Customer 2675,North,N/A,2024-01-15
2676,Customer 2676,EAST,20,2024-01-15
2677,Customer 2677,unknown,N/A,2024-01-15
2678,  Customer 2678  ,unknown,N/A,2024-01-15
2679,Customer 2679,South,N/A,2024-01-15
2680,Customer 2680,EAST,20,2024-01-15
2681,Customer 2681,east,10,31/02/2024
2682,Customer 2682,EAST,10,2024-01-15
2683,Customer 2683,east,-999999,2024-01-15
2684,Customer 2684,North,"1,000",2024-01-15
2685,Customer 2685,unknown,10,2024-01-15
2686,Customer 2686,South,10,2024-01-15
2687,Customer 2687,West,-999999,2024-01-15
2688,Customer 2688,South,20,31/02/2024
2689,Customer 2689,unknown,10,2024-01-15
2690,Customer 2690,EAST,20,2024-01-15
2691,  Customer 2691  ,North,"1,000",2024-01-15
2692,Customer 2692,unknown,N/A,2024-01-15
2693,Customer 2693,east,"1,000",2024-01-15
2694,Customer 2694,South,N/A,2024-01-15
2695,Customer 2695,North,-999999,31/02/2024
2696,Customer 2696,east,10,2024-01-15
2697,Customer 2697,North,20,2024-01-15
2698,Customer 2698,east,"1,000",2024-01-15
2699,Customer 2699,South,10,2024-01-15
2700,Customer 2700,North,N/A,2024-01-15
2701,Customer 2701,east,20,2024-01-15
2702,Customer 2702,EAST,"1,000",31/02/2024
2703,Customer 2703,South,-999999,2024-01-15
2704,  Customer 2704  ,South,10,2024-01-15
2705,Customer 2705,North,N/A,2024-01-15
2706,Customer 2706,South,20,2024-01-15
2707,Customer 2707,South,20,2024-01-15
2708,Customer 2708,West,"1,000",2024-01-15
2709,Customer 2709,North,-999999,31/02/2024
2710,Customer 2710,South,10,2024-01-15
2711,Customer 2711,east,"1,000",2024-01-15
2712,Customer 2712,east,20,2024-01-15
2713,Customer 2713,North,10,2024-01-15
2714,Customer 2714,South,N/A,2024-01-15
2715,Customer 2715,east,-999999,2024-01-15
2716,Customer 2716,South,"1,000",31/02/2024
2717,  Customer 2717  ,South,N/A,2024-01-15
2718,Customer 2718,West,N/A,2024-01-15
2719,Customer 2719,east,10,2024-01-15
2720,Customer 2720,North,"1,000",2024-01-15
2721,Customer 2721,EAST,20,2024-01-15
2722,Customer 2722,unknown,-999999,2024-01-15
2723,Customer 2723,North,10,31/02/2024
2724,Customer 2724,EAST,-999999,2024-01-15
2725,Customer 2725,east,10,2024-01-15
2726,Customer 2726,EAST,-999999,2024-01-15
2727,Customer 2727,South,N/A,2024-01-15
2728,Customer 2728,EAST,20,2024-01-15
2729,Customer 2729,South,"1,000",2024-01-15
2730,  Customer 2730  ,unknown,"1,000",31/02/2024
2731,Customer 2731,unknown,"1,000",2024-01-15
2732,Customer 2732,South,20,2024-01-15
2733,Customer 2733,unknown,-999999,2024-01-15
2734,Customer 2734,unknown,20,2024-01-15
2735,Customer 2735,EAST,N/A,2024-01-15
2736,Customer 2736,North,20,2024-01-15
2737,Customer 2737,North,20,31/02/2024
2738,Customer 2738,North,N/A,2024-01-15
2739,Customer 2739,South,10,2024-01-15
2740,Customer 2740,east,-999999,2024-01-15
2741,Customer 2741,EAST,-999999,2024-01-15
2742,Customer 2742,EAST,-999999,2024-01-15
2743,  Customer 2743  ,unknown,"1,000",2024-01-15
2744,Customer 2744,unknown,"1,000",31/02/2024
2745,Customer 2745,east,-999999,2024-01-15
2746,Customer 2746,South,10,2024-01-15
2747,Customer 2747,South,N/A,2024-01-15
2748,Customer 2748,unknown,"1,000",2024-01-15
2749,Customer 2749,EAST,10,2024-01-15
2750,Customer 2750,east,20,2024-01-15
2751,Customer 2751,North,10,31/02/2024
2752,Customer 2752,South,20,2024-01-15
2753,Customer 2753,South,-999999,2024-01-15
2754,Customer 2754,east,N/A,2024-01-15
2755,Customer 2755,South,N/A,2024-01-15
2756,  Customer 2756  ,unknown,10,2024-01-15
2757,Customer 2757,West,20,2024-01-15
2758,Customer 2758,east,N/A,31/02/2024
2759,Customer 2759,unknown,20,2024-01-15
2760,Customer 2760,North,10,2024-01-15
2761,Customer 2761,unknown,N/A,2024-01-15
2762,Customer 2762,unknown,20,2024-01-15
2763,Customer 2763,EAST,"1,000",2024-01-15
2764,Customer 2764,EAST,-999999,2024-01-15
2765,Customer 2765,South,10,31/02/2024
2766,Customer 2766,east,"1,000",2024-01-15
2767,Customer 2767,North,10,2024-01-15
2768,Customer 2768,South,20,2024-01-15
2769,  Customer 2769  ,EAST,20,2024-01-15
2770,Customer 2770,unknown,20,2024-01-15
2771,Customer 2771,EAST,-999999,2024-01-15
2772,Customer 2772,east,"1,000",31/02/2024
2773,Customer 2773,North,10,2024-01-15
2774,Customer 2774,EAST,"1,000",2024-01-15
2775,Customer 2775,east,"1,000",2024-01-15
2776,Customer 2776,unknown,N/A,2024-01-15
2777,Customer 2777,unknown,N/A,2024-01-15
2778,Customer 2778,east,N/A,2024-01-15
2779,Customer 2779,North,10,31/02/2024
2780,Customer 2780,east,-999999,2024-01-15
2781,Customer 2781,North,N/A,2024-01-15
2782,  Customer 2782  ,EAST,"1,000",2024-01-15
2783,Customer 2783,North,N/A,2024-01-15
2784,Customer 2784,east,-999999,2024-01-15
2785,Customer 2785,unknown,-999999,2024-01-15
2786,Customer 2786,West,-999999,31/02/2024
2787,Customer 2787,West,"1,000",2024-01-15
2788,Customer 2788,South,20,2024-01-15
2789,Customer 2789,North,"1,000",2024-01-15
2790,Customer 2790,east,-999999,2024-01-15
2791,Customer 2791,east,20,2024-01-15
2792,Customer 2792,unknown,20,2024-01-15
2793,Customer 2793,West,10,31/02/2024
2794,Customer 2794,EAST,20,2024-01-15
2795,  Customer 2795  ,West,-999999,2024-01-15
2796,Customer 2796,West,N/A,2024-01-15
2797,Customer 2797,North,20,2024-01-15
2798,Customer 2798,South,N/A,2024-01-15
2799,Customer 2799,West,N/A,2024-01-15
2800,Customer 2800,EAST,20,31/02/2024
2801,Customer 2801,North,-999999,2024-01-15
2802,Customer 2802,east,20,2024-01-15
2803,Customer 2803,South,"1,000",2024-01-15
2804,Customer 2804,EAST,20,2024-01-15
2805,Customer 2805,EAST,10,2024-01-15
2806,Customer 2806,unknown,"1,000",2024-01-15
2807,Customer 2807,West,-999999,31/02/2024
2808,  Customer 2808  ,EAST,10,2024-01-15
2809,Customer 2809,unknown,10,2024-01-15
2810,Customer 2810,EAST,N/A,2024-01-15
2811,Customer 2811,North,-999999,2024-01-15
2812,Customer 2812,EAST,"1,000",2024-01-15
2813,Customer 2813,North,-999999,2024-01-15
2814,Customer 2814,West,N/A,31/02/2024
2815,Customer 2815,east,10,2024-01-15
2816,Customer 2816,east,N/A,2024-01-15
2817,Customer 2817,North,"1,000",2024-01-15
2818,Customer 2818,West,20,2024-01-15
2819,Customer 2819,South,10,2024-01-15
2820,Customer 2820,unknown,N/A,2024-01-15
2821,  Customer 2821  ,South,10,31/02/2024
2822,Customer 2822,unknown,N/A,2024-01-15
2823,Customer 2823,West,-999999,2024-01-15
2824,Customer 2824,North,20,2024-01-15
2825,Customer 2825,EAST,"1,000",2024-01-15
2826,Customer 2826,North,"1,000",2024-01-15
2827,Customer 2827,east,-999999,2024-01-15
2828,Customer 2828,EAST,20,31/02/2024
2829,Customer 2829,West,-999999,2024-01-15
2830,Customer 2830,unknown,N/A,2024-01-15
2831,Customer 2831,EAST,N/A,2024-01-15
2832,Customer 2832,North,"1,000",2024-01-15
2833,Customer 2833,South,"1,000",2024-01-15
2834,  Customer 2834  ,unknown,10,2024-01-15
2835,Customer 2835,South,10,31/02/2024
2836,Customer 2836,West,"1,000",2024-01-15
2837,Customer 2837,EAST,N/A,2024-01-15
2838,Customer 2838,South,"1,000",2024-01-15
2839,Customer 2839,unknown,20,2024-01-15
2840,Customer 2840,EAST,20,2024-01-15
2841,Customer 2841,North,10,2024-01-15
2842,Customer 2842,unknown,N/A,31/02/2024
2843,Customer 2843,unknown,N/A,2024-01-15
2844,Customer 2844,unknown,N/A,2024-01-15
2845,Customer 2845,east,N/A,2024-01-15
2846,Customer 2846,EAST,N/A,2024-01-15
2847,  Customer 2847  ,EAST,-999999,2024-01-15
2848,Customer 2848,east,-999999,2024-01-15
2849,Customer 2849,West,N/A,31/02/2024
2850,Customer 2850,South,-999999,2024-01-15
2851,Customer 2851,unknown,20,2024-01-15
2852,Customer 2852,east,-999999,2024-01-15
2853,Customer 2853,EAST,N/A,2024-01-15
2854,Customer 2854,EAST,"1,000",2024-01-15
2855,Customer 2855,North,"1,000",2024-01-15
2856,Customer 2856,West,N/A,31/02/2024
2857,Customer 2857,east,-999999,2024-01-15
2858,Customer 2858,South,-999999,2024-01-15
2859,Customer 2859,South,-999999,2024-01-15
2860,  Customer 2860  ,South,-999999,2024-01-15
2861,Customer 2861,east,20,2024-01-15
2862,Customer 2862,unknown,10,2024-01-15
2863,Customer 2863,West,"1,000",31/02/2024
2864,Customer 2864,east,"1,000",2024-01-15
2865,Customer 2865,EAST,20,2024-01-15
2866,Customer 2866,east,-999999,2024-01-15
2867,Customer 2867,South,N/A,2024-01-15
2868,Customer 2868,North,"1,000",2024-01-15
2869,Customer 2869,east,-999999,2024-01-15
2870,Customer 2870,east,10,31/02/2024
2871,Customer 2871,unknown,-999999,2024-01-15
2872,Customer 2872,EAST,-999999,2024-01-15
2873,  Customer 2873  ,EAST,10,2024-01-15
2874,Customer 2874,EAST,N/A,2024-01-15
2875,Customer 2875,South,"1,000",2024-01-15
2876,Customer 2876,South,N/A,2024-01-15
2877,Customer 2877,unknown,20,31/02/2024
2878,Customer 2878,North,-999999,2024-01-15
2879,Customer 2879,east,10,2024-01-15
2880,Customer 2880,EAST,20,2024-01-15
2881,Customer 2881,EAST,"1,000",2024-01-15
2882,Customer 2882,South,"1,000",2024-01-15
2883,Customer 2883,South,-999999,2024-01-15
2884,Customer 2884,South,10,31/02/2024
2885,Customer 2885,east,-999999,2024-01-15
2886,  Customer 2886  ,EAST,N/A,2024-01-15
2887,Customer 2887,North,N/A,2024-01-15
2888,Customer 2888,North,-999999,2024-01-15
2889,Customer 2889,North,20,2024-01-15
2890,Customer 2890,east,"1,000",2024-01-15
2891,Customer 2891,east,-999999,31/02/2024
2892,Customer 2892,east,20,2024-01-15
2893,Customer 2893,east,-999999,2024-01-15
2894,Customer 2894,east,-999999,2024-01-15
2895,Customer 2895,North,N/A,2024-01-15
2896,Customer 2896,North,N/A,2024-01-15
2897,Customer 2897,South,N/A,2024-01-15
2898,Customer 2898,North,"1,000",31/02/2024
2899,  Customer 2899  ,unknown,"1,000",2024-01-15
2900,Customer 2900,North,N/A,2024-01-15
2901,Customer 2901,east,N/A,2024-01-15
2902,Customer 2902,EAST,10,2024-01-15
2903,Customer 2903,east,-999999,2024-01-15
2904,Customer 2904,east,"1,000",2024-01-15
2905,Customer 2905,South,N/A,31/02/2024
2906,Customer 2906,North,-999999,2024-01-15
2907,Customer 2907,EAST,10,2024-01-15
2908,Customer 2908,east,-999999,2024-01-15
2909,Customer 2909,EAST,10,2024-01-15
2910,Customer 2910,South,20,2024-01-15
2911,Customer 2911,South,N/A,2024-01-15
2912,  Customer 2912  ,EAST,20,31/02/2024
2913,Customer 2913,east,20,2024-01-15
2914,Customer 2914,South,N/A,2024-01-15
2915,Customer 2915,West,20,2024-01-15
2916,Customer 2916,West,10,2024-01-15
2917,Customer 2917,east,-999999,2024-01-15
2918,Customer 2918,EAST,-999999,2024-01-15
2919,Customer 2919,east,-999999,31/02/2024
2920,Customer 2920,EAST,-999999,2024-01-15
2921,Customer 2921,South,10,2024-01-15
2922,Customer 2922,North,N/A,2024-01-15
2923,Customer 2923,North,N/A,2024-01-15
2924,Customer 2924,West,-999999,2024-01-15
2925,  Customer 2925  ,east,-999999,2024-01-15
2926,Customer 2926,South,20,31/02/2024
2927,Customer 2927,east,10,2024-01-15
2928,Customer 2928,EAST,-999999,2024-01-15
2929,Customer 2929,east,-999999,2024-01-15
2930,Customer 2930,West,-999999,2024-01-15
2931,Customer 2931,EAST,10,2024-01-15
2932,Customer 2932,east,"1,000",2024-01-15
2933,Customer 2933,unknown,"1,000",31/02/2024
2934,Customer 2934,unknown,10,2024-01-15
2935,Customer 2935,South,"1,000",2024-01-15
2936,Customer 2936,North,-999999,2024-01-15
2937,Customer 2937,EAST,20,2024-01-15
2938,  Customer 2938  ,EAST,10,2024-01-15
2939,Customer 2939,South,"1,000",2024-01-15
2940,Customer 2940,North,20,31/02/2024
2941,Customer 2941,unknown,"1,000",2024-01-15
2942,Customer 2942,North,"1,000",2024-01-15
2943,Customer 2943,North,10,2024-01-15
2944,Customer 2944,North,N/A,2024-01-15
2945,Customer 2945,West,"1,000",2024-01-15
2946,Customer 2946,EAST,N/A,2024-01-15
2947,Customer 2947,North,-999999,31/02/2024
2948,Customer 2948,unknown,-999999,2024-01-15
2949,Customer 2949,east,-999999,2024-01-15
2950,Customer 2950,EAST,-999999,2024-01-15
2951,  Customer 2951  ,West,-999999,2024-01-15
2952,Customer 2952,West,"1,000",2024-01-15
2953,Customer 2953,EAST,20,2024-01-15
2954,Customer 2954,EAST,"1,000",31/02/2024
2955,Customer 2955,North,-999999,2024-01-15
2956,Customer 2956,east,N/A,2024-01-15
2957,Customer 2957,east,20,2024-01-15
2958,Customer 2958,North,10,2024-01-15
2959,Customer 2959,unknown,20,2024-01-15
2960,Customer 2960,North,10,2024-01-15
2961,Customer 2961,east,N/A,31/02/2024
2962,Customer 2962,South,10,2024-01-15
2963,Customer 2963,EAST,-999999,2024-01-15
2964,  Customer 2964  ,North,"1,000",2024-01-15
2965,Customer 2965,West,-999999,2024-01-15
2966,Customer 2966,EAST,"1,000",2024-01-15
2967,Customer 2967,unknown,10,2024-01-15
2968,Customer 2968,North,-999999,31/02/2024
2969,Customer 2969,South,10,2024-01-15
2970,Customer 2970,West,20,2024-01-15
2971,Customer 2971,unknown,-999999,2024-01-15
2972,Customer 2972,east,-999999,2024-01-15
2973,Customer 2973,east,20,2024-01-15
2974,Customer 2974,South,"1,000",2024-01-15
2975,Customer 2975,West,"1,000",31/02/2024
2976,Customer 2976,West,20,2024-01-15
2977,  Customer 2977  ,South,20,2024-01-15
2978,Customer 2978,South,"1,000",2024-01-15
2979,Customer 2979,North,20,2024-01-15
2980,Customer 2980,EAST,20,2024-01-15
2981,Customer 2981,EAST,"1,000",2024-01-15
2982,Customer 2982,EAST,N/A,31/02/2024
2983,Customer 2983,West,-999999,2024-01-15
2984,Customer 2984,EAST,10,2024-01-15
2985,Customer 2985,unknown,20,2024-01-15
2986,Customer 2986,east,-999999,2024-01-15
2987,Customer 2987,North,"1,000",2024-01-15
2988,Customer 2988,east,"1,000",2024-01-15
2989,Customer 2989,West,10,31/02/2024
2990,  Customer 2990  ,EAST,20,2024-01-15
2991,Customer 2991,South,N/A,2024-01-15
2992,Customer 2992,EAST,"1,000",2024-01-15
2993,Customer 2993,West,"1,000",2024-01-15
2994,Customer 2994,east,N/A,2024-01-15
2995,Customer 2995,unknown,10,2024-01-15
2996,Customer 2996,unknown,10,31/02/2024
2997,Customer 2997,EAST,N/A,2024-01-15
2998,Customer 2998,east,-999999,2024-01-15
2999,Customer 2999,unknown,-999999,2024-01-15
2999,Customer 3000,EAST,"1,000",2024-01-15
3001,Customer 3001,EAST,-999999,2024-01-15
3002,Customer 3002,North,"1,000",2024-01-15
3003,  Customer 3003  ,EAST,10,31/02/2024
3004,Customer 3004,South,N/A,2024-01-15
3005,Customer 3005,North,10,2024-01-15
3006,Customer 3006,North,N/A,2024-01-15
3007,Customer 3007,unknown,20,2024-01-15
3008,Customer 3008,North,-999999,2024-01-15
3009,Customer 3009,South,20,2024-01-15
3010,Customer 3010,unknown,-999999,31/02/2024
3011,Customer 3011,South,10,2024-01-15
3012,Customer 3012,EAST,N/A,2024-01-15
3013,Customer 3013,South,N/A,2024-01-15
3014,Customer 3014,North,20,2024-01-15
3015,Customer 3015,unknown,N/A,2024-01-15
3016,  Customer 3016  ,West,-999999,2024-01-15
3017,Customer 3017,EAST,"1,000",31/02/2024
3018,Customer 3018,east,"1,000",2024-01-15
3019,Customer 3019,North,20,2024-01-15
3020,Customer 3020,EAST,N/A,2024-01-15
3021,Customer 3021,South,20,2024-01-15
3022,Customer 3022,South,20,2024-01-15
3023,Customer 3023,North,N/A,2024-01-15
3024,Customer 3024,South,N/A,31/02/2024
3025,Customer 3025,unknown,-999999,2024-01-15
3026,Customer 3026,east,"1,000",2024-01-15
3027,Customer 3027,EAST,20,2024-01-15
3028,Customer 3028,unknown,-999999,2024-01-15
3029,  Customer 3029  ,east,10,2024-01-15
3030,Customer 3030,east,"1,000",2024-01-15
3031,Customer 3031,North,20,31/02/2024
3032,Customer 3032,West,"1,000",2024-01-15
3033,Customer 3033,EAST,20,2024-01-15
3034,Customer 3034,South,"1,000",2024-01-15
3035,Customer 3035,EAST,N/A,2024-01-15
3036,Customer 3036,east,20,2024-01-15
3037,Customer 3037,east,N/A,2024-01-15
3038,Customer 3038,South,10,31/02/2024
3039,Customer 3039,east,20,2024-01-15
3040,Customer 3040,unknown,20,2024-01-15
3041,Customer 3041,North,10,2024-01-15
3042,  Customer 3042  ,EAST,10,2024-01-15
3043,Customer 3043,South,N/A,2024-01-15
3044,Customer 3044,unknown,"1,000",2024-01-15
3045,Customer 3045,unknown,10,31/02/2024
3046,Customer 3046,West,10,2024-01-15
3047,Customer 3047,South,20,2024-01-15
3048,Customer 3048,North,20,2024-01-15
3049,Customer 3049,South,-999999,2024-01-15
3050,Customer 3050,EAST,20,2024-01-15
3051,Customer 3051,North,N/A,2024-01-15
3052,Customer 3052,West,-999999,31/02/2024
3053,Customer 3053,east,"1,000",2024-01-15
3054,Customer 3054,West,N/A,2024-01-15
3055,  Customer 3055  ,West,20,2024-01-15
3056,Customer 3056,West,"1,000",2024-01-15
3057,Customer 3057,South,10,2024-01-15
3058,Customer 3058,EAST,10,2024-01-15
3059,Customer 3059,South,-999999,31/02/2024
3060,Customer 3060,east,"1,000",2024-01-15
3061,Customer 3061,unknown,10,2024-01-15
3062,Customer 3062,South,N/A,2024-01-15
3063,Customer 3063,unknown,N/A,2024-01-15
3064,Customer 3064,east,-999999,2024-01-15
3065,Customer 3065,North,10,2024-01-15
3066,Customer 3066,east,10,31/02/2024
3067,Customer 3067,South,"1,000",2024-01-15
3068,  Customer 3068  ,east,10,2024-01-15
3069,Customer 3069,North,20,2024-01-15
3070,Customer 3070,North,10,2024-01-15
3071,Customer 3071,South,N/A,2024-01-15
3072,Customer 3072,unknown,10,2024-01-15
3073,Customer 3073,EAST,N/A,31/02/2024
3074,Customer 3074,unknown,"1,000",2024-01-15
3075,Customer 3075,east,-999999,2024-01-15
3076,Customer 3076,North,"1,000",2024-01-15
3077,Customer 3077,South,20,2024-01-15
3078,Customer 3078,unknown,N/A,2024-01-15
3079,Customer 3079,east,10,2024-01-15
3080,Customer 3080,east,20,31/02/2024
3081,  Customer 3081  ,EAST,20,2024-01-15
3082,Customer 3082,EAST,-999999,2024-01-15
3083,Customer 3083,West,N/A,2024-01-15
3084,Customer 3084,North,"1,000",2024-01-15
3085,Customer 3085,South,20,2024-01-15
3086,Customer 3086,South,10,2024-01-15
3087,Customer 3087,unknown,10,31/02/2024
3088,Customer 3088,West,N/A,2024-01-15
3089,Customer 3089,North,N/A,2024-01-15
3090,Customer 3090,West,10,2024-01-15
3091,Customer 3091,east,"1,000",2024-01-15
3092,Customer 3092,West,20,2024-01-15
3093,Customer 3093,unknown,N/A,2024-01-15
3094,  Customer 3094  ,North,N/A,31/02/2024
3095,Customer 3095,unknown,20,2024-01-15
3096,Customer 3096,South,-999999,2024-01-15
3097,Customer 3097,South,-999999,2024-01-15
3098,Customer 3098,North,20,2024-01-15
3099,Customer 3099,North,-999999,2024-01-15
3100,Customer 3100,South,-999999,2024-01-15
3101,Customer 3101,South,"1,000",31/02/2024
3102,Customer 3102,east,N/A,2024-01-15
3103,Customer 3103,West,"1,000",2024-01-15
3104,Customer 3104,EAST,"1,000",2024-01-15
3105,Customer 3105,North,-999999,2024-01-15
3106,Customer 3106,unknown,10,2024-01-15
3107,  Customer 3107  ,EAST,N/A,2024-01-15
3108,Customer 3108,unknown,-999999,31/02/2024
3109,Customer 3109,South,-999999,2024-01-15
3110,Customer 3110,east,"1,000",2024-01-15
3111,Customer 3111,unknown,20,2024-01-15
3112,Customer 3112,east,N/A,2024-01-15
3113,Customer 3113,West,20,2024-01-15
3114,Customer 3114,unknown,10,2024-01-15
3115,Customer 3115,east,-999999,31/02/2024
3116,Customer 3116,North,N/A,2024-01-15
3117,Customer 3117,South,20,2024-01-15
3118,Customer 3118,EAST,N/A,2024-01-15
3119,Customer 3119,West,N/A,2024-01-15
3120,  Customer 3120  ,North,10,2024-01-15
3121,Customer 3121,South,-999999,2024-01-15
3122,Customer 3122,EAST,-999999,31/02/2024
3123,Customer 3123,South,"1,000",2024-01-15
3124,Customer 3124,east,N/A,2024-01-15
3125,Customer 3125,South,"1,000",2024-01-15
3126,Customer 3126,North,N/A,2024-01-15
3127,Customer 3127,South,N/A,2024-01-15
3128,Customer 3128,east,N/A,2024-01-15
3129,Customer 3129,North,20,31/02/2024
3130,Customer 3130,South,-999999,2024-01-15
3131,Customer 3131,South,-999999,2024-01-15
3132,Customer 3132,West,"1,000",2024-01-15
3133,  Customer 3133  ,EAST,10,2024-01-15
3134,Customer 3134,EAST,10,2024-01-15
3135,Customer 3135,EAST,20,2024-01-15
3136,Customer 3136,West,N/A,31/02/2024
3137,Customer 3137,EAST,"1,000",2024-01-15
3138,Customer 3138,South,"1,000",2024-01-15
3139,Customer 3139,unknown,10,2024-01-15
3140,Customer 3140,South,"1,000",2024-01-15
3141,Customer 3141,EAST,20,2024-01-15
3142,Customer 3142,EAST,-999999,2024-01-15
3143,Customer 3143,east,N/A,31/02/2024
3144,Customer 3144,North,"1,000",2024-01-15
3145,Customer 3145,West,"1,000",2024-01-15
3146,  Customer 3146  ,North,N/A,2024-01-15
3147,Customer 3147,unknown,-999999,2024-01-15
3148,Customer 3148,EAST,"1,000",2024-01-15
3149,Customer 3149,South,20,2024-01-15
3150,Customer 3150,east,"1,000",31/02/2024
3151,Customer 3151,EAST,10,2024-01-15
3152,Customer 3152,unknown,10,2024-01-15
3153,Customer 3153,EAST,-999999,2024-01-15
3154,Customer 3154,EAST,10,2024-01-15
3155,Customer 3155,West,10,2024-01-15
3156,Customer 3156,South,10,2024-01-15
3157,Customer 3157,EAST,N/A,31/02/2024
3158,Customer 3158,unknown,"1,000",2024-01-15
3159,  Customer 3159  ,east,N/A,2024-01-15
3160,Customer 3160,South,N/A,2024-01-15
3161,Customer 3161,South,-999999,2024-01-15
3162,Customer 3162,unknown,20,2024-01-15
3163,Customer 3163,West,-999999,2024-01-15
3164,Customer 3164,South,10,31/02/2024
3165,Customer 3165,West,20,2024-01-15
3166,Customer 3166,West,20,2024-01-15
3167,Customer 3167,South,N/A,2024-01-15
3168,Customer 3168,South,10,2024-01-15
3169,Customer 3169,North,-999999,2024-01-15
3170,Customer 3170,east,"1,000",2024-01-15
3171,Customer 3171,unknown,"1,000",31/02/2024
3172,  Customer 3172  ,east,N/A,2024-01-15
3173,Customer 3173,South,-999999,2024-01-15
3174,Customer 3174,EAST,N/A,2024-01-15
3175,Customer 3175,South,10,2024-01-15
3176,Customer 3176,South,-999999,2024-01-15
3177,Customer 3177,unknown,N/A,2024-01-15
3178,Customer 3178,North,N/A,31/02/2024
3179,Customer 3179,West,-999999,2024-01-15
3180,Customer 3180,EAST,-999999,2024-01-15
3181,Customer 3181,North,N/A,2024-01-15
3182,Customer 3182,EAST,-999999,2024-01-15
3183,Customer 3183,east,20,2024-01-15
3184,Customer 3184,West,10,2024-01-15
3185,  Customer 3185  ,EAST,N/A,31/02/2024
3186,Customer 3186,east,20,2024-01-15
3187,Customer 3187,east,-999999,2024-01-15
3188,Customer 3188,West,-999999,2024-01-15
3189,Customer 3189,South,10,2024-01-15
3190,Customer 3190,unknown,20,2024-01-15
3191,Customer 3191,South,10,2024-01-15
3192,Customer 3192,east,N/A,31/02/2024
3193,Customer 3193,West,20,2024-01-15
3194,Customer 3194,EAST,20,2024-01-15
3195,Customer 3195,east,N/A,2024-01-15
3196,Customer 3196,unknown,10,2024-01-15
3197,Customer 3197,EAST,20,2024-01-15
3198,  Customer 3198  ,east,"1,000",2024-01-15
3199,Customer 3199,unknown,N/A,31/02/2024
3200,Customer 3200,West,"1,000",2024-01-15
3201,Customer 3201,east,-999999,2024-01-15
3202,Customer 3202,east,"1,000",2024-01-15
3203,Customer 3203,North,-999999,2024-01-15
3204,Customer 3204,North,10,2024-01-15
3205,Customer 3205,east,"1,000",2024-01-15
3206,Customer 3206,South,N/A,31/02/2024
3207,Customer 3207,West,-999999,2024-01-15
3208,Customer 3208,South,"1,000",2024-01-15
3209,Customer 3209,east,20,2024-01-15
3210,Customer 3210,EAST,10,2024-01-15
3211,  Customer 3211  ,unknown,-999999,2024-01-15
3212,Customer 3212,east,"1,000",2024-01-15
3213,Customer 3213,West,N/A,31/02/2024
3214,Customer 3214,North,-999999,2024-01-15
3215,Customer 3215,South,-999999,2024-01-15
3216,Customer 3216,EAST,20,2024-01-15
3217,Customer 3217,West,10,2024-01-15
3218,Customer 3218,West,N/A,2024-01-15
3219,Customer 3219,North,"1,000",2024-01-15
3220,Customer 3220,North,10,31/02/2024
3221,Customer 3221,South,N/A,2024-01-15
3222,Customer 3222,North,-999999,2024-01-15
3223,Customer 3223,North,20,2024-01-15
3224,  Customer 3224  ,South,-999999,2024-01-15
3225,Customer 3225,unknown,10,2024-01-15
3226,Customer 3226,North,-999999,2024-01-15
3227,Customer 3227,South,10,31/02/2024
3228,Customer 3228,South,-999999,2024-01-15
3229,Customer 3229,EAST,-999999,2024-01-15
3230,Customer 3230,east,-999999,2024-01-15
3231,Customer 3231,West,10,2024-01-15
3232,Customer 3232,West,N/A,2024-01-15
3233,Customer 3233,West,10,2024-01-15
3234,Customer 3234,unknown,10,31/02/2024
3235,Customer 3235,West,"1,000",2024-01-15
3236,Customer 3236,east,"1,000",2024-01-15
3237,  Customer 3237  ,South,10,2024-01-15
3238,Customer 3238,unknown,"1,000",2024-01-15
3239,Customer 3239,South,"1,000",2024-01-15
3240,Customer 3240,EAST,10,2024-01-15
3241,Customer 3241,South,10,31/02/2024
3242,Customer 3242,unknown,N/A,2024-01-15
3243,Customer 3243,West,-999999,2024-01-15
3244,Customer 3244,West,10,2024-01-15
3245,Customer 3245,east,-999999,2024-01-15
3246,Customer 3246,South,N/A,2024-01-15
3247,Customer 3247,EAST,-999999,2024-01-15
3248,Customer 3248,EAST,10,31/02/2024
3249,Customer 3249,North,N/A,2024-01-15
3250,  Customer 3250  ,east,10,2024-01-15
3251,Customer 3251,West,20,2024-01-15
3252,Customer 3252,EAST,"1,000",2024-01-15
3253,Customer 3253,EAST,10,2024-01-15
3254,Customer 3254,unknown,10,2024-01-15
3255,Customer 3255,North,"1,000",31/02/2024
3256,Customer 3256,North,20,2024-01-15
3257,Customer 3257,West,-999999,2024-01-15
3258,Customer 3258,West,-999999,2024-01-15
3259,Customer 3259,West,N/A,2024-01-15
3260,Customer 3260,South,10,2024-01-15
3261,Customer 3261,EAST,-999999,2024-01-15
3262,Customer 3262,east,"1,000",31/02/2024
3263,  Customer 3263  ,West,20,2024-01-15
3264,Customer 3264,South,10,2024-01-15
3265,Customer 3265,West,N/A,2024-01-15
3266,Customer 3266,EAST,10,2024-01-15
3267,Customer 3267,EAST,"1,000",2024-01-15
3268,Customer 3268,South,20,2024-01-15
3269,Customer 3269,EAST,N/A,31/02/2024
3270,Customer 3270,east,-999999,2024-01-15
3271,Customer 3271,EAST,"1,000",2024-01-15
3272,Customer 3272,east,"1,000",2024-01-15
3273,Customer 3273,unknown,-999999,2024-01-15
3274,Customer 3274,West,"1,000",2024-01-15
3275,Customer 3275,North,10,2024-01-15
3276,  Customer 3276  ,West,20,31/02/2024
3277,Customer 3277,South,20,2024-01-15
3278,Customer 3278,unknown,"1,000",2024-01-15
3279,Customer 3279,EAST,N/A,2024-01-15
3280,Customer 3280,North,"1,000",2024-01-15
3281,Customer 3281,North,10,2024-01-15
3282,Customer 3282,unknown,20,2024-01-15
3283,Customer 3283,South,N/A,31/02/2024
3284,Customer 3284,West,20,2024-01-15
3285,Customer 3285,West,20,2024-01-15
3286,Customer 3286,West,10,2024-01-15
3287,Customer 3287,North,20,2024-01-15
3288,Customer 3288,unknown,N/A,2024-01-15
3289,  Customer 3289  ,West,N/A,2024-01-15
3290,Customer 3290,east,N/A,31/02/2024
3291,Customer 3291,east,-999999,2024-01-15
3292,Customer 3292,North,20,2024-01-15
3293,Customer 3293,West,"1,000",2024-01-15
3294,Customer 3294,South,-999999,2024-01-15
3295,Customer 3295,EAST,20,2024-01-15
3296,Customer 3296,South,10,2024-01-15
3297,Customer 3297,east,10,31/02/2024
3298,Customer 3298,South,N/A,2024-01-15
3299,Customer 3299,unknown,-999999,2024-01-15
3300,Customer 3300,South,20,2024-01-15
3301,Customer 3301,unknown,-999999,2024-01-15
3302,  Customer 3302  ,South,"1,000",2024-01-15
3303,Customer 3303,West,-999999,2024-01-15
3304,Customer 3304,North,-999999,31/02/2024
3305,Customer 3305,West,20,2024-01-15
3306,Customer 3306,unknown,10,2024-01-15
3307,Customer 3307,North,20,2024-01-15
3308,Customer 3308,east,10,2024-01-15
3309,Customer 3309,West,20,2024-01-15
3310,Customer 3310,West,-999999,2024-01-15
3311,Customer 3311,South,N/A,31/02/2024
3312,Customer 3312,unknown,"1,000",2024-01-15
3313,Customer 3313,South,20,2024-01-15
3314,Customer 3314,South,"1,000",2024-01-15
3315,  Customer 3315  ,unknown,-999999,2024-01-15
3316,Customer 3316,EAST,10,2024-01-15
3317,Customer 3317,east,20,2024-01-15
3318,Customer 3318,east,N/A,31/02/2024
3319,Customer 3319,South,-999999,2024-01-15
3320,Customer 3320,unknown,"1,000",2024-01-15
3321,Customer 3321,unknown,10,2024-01-15
3322,Customer 3322,unknown,20,2024-01-15
3323,Customer 3323,east,20,2024-01-15
3324,Customer 3324,unknown,20,2024-01-15
3325,Customer 3325,unknown,-999999,31/02/2024
3326,Customer 3326,unknown,N/A,2024-01-15
3327,Customer 3327,east,20,2024-01-15
3328,  Customer 3328  ,EAST,-999999,2024-01-15
3329,Customer 3329,EAST,20,2024-01-15
3330,Customer 3330,unknown,"1,000",2024-01-15
3331,Customer 3331,east,"1,000",2024-01-15
3332,Customer 3332,South,10,31/02/2024
3333,Customer 3333,West,20,2024-01-15
3334,Customer 3334,EAST,20,2024-01-15
3335,Customer 3335,West,10,2024-01-15
3336,Customer 3336,EAST,10,2024-01-15
3337,Customer 3337,West,-999999,2024-01-15
3338,Customer 3338,West,-999999,2024-01-15
3339,Customer 3339,North,-999999,31/02/2024
3340,Customer 3340,North,20,2024-01-15
3341,  Customer 3341  ,South,-999999,2024-01-15
3342,Customer 3342,unknown,"1,000",2024-01-15
3343,Customer 3343,EAST,20,2024-01-15
3344,Customer 3344,unknown,"1,000",2024-01-15
3345,Customer 3345,unknown,"1,000",2024-01-15
3346,Customer 3346,West,"1,000",31/02/2024
3347,Customer 3347,EAST,"1,000",2024-01-15
3348,Customer 3348,unknown,N/A,2024-01-15
3349,Customer 3349,EAST,10,2024-01-15
3350,Customer 3350,West,N/A,2024-01-15
3351,Customer 3351,east,N/A,2024-01-15
3352,Customer 3352,EAST,20,2024-01-15
3353,Customer 3353,South,"1,000",31/02/2024
3354,  Customer 3354  ,North,20,2024-01-15
3355,Customer 3355,North,20,2024-01-15
3356,Customer 3356,unknown,N/A,2024-01-15
3357,Customer 3357,unknown,-999999,2024-01-15
3358,Customer 3358,EAST,20,2024-01-15
3359,Customer 3359,North,N/A,2024-01-15
3360,Customer 3360,east,-999999,31/02/2024
3361,Customer 3361,EAST,-999999,2024-01-15
3362,Customer 3362,South,-999999,2024-01-15
3363,Customer 3363,east,10,2024-01-15
3364,Customer 3364,South,20,2024-01-15
3365,Customer 3365,east,20,2024-01-15
3366,Customer 3366,unknown,"1,000",2024-01-15
3367,  Customer 3367  ,West,N/A,31/02/2024
3368,Customer 3368,EAST,"1,000",2024-01-15
3369,Customer 3369,unknown,-999999,2024-01-15
3370,Customer 3370,east,N/A,2024-01-15
3371,Customer 3371,east,N/A,2024-01-15
3372,Customer 3372,EAST,20,2024-01-15
3373,Customer 3373,unknown,-999999,2024-01-15
3374,Customer 3374,North,N/A,31/02/2024
3375,Customer 3375,South,"1,000",2024-01-15
3376,Customer 3376,unknown,10,2024-01-15
3377,Customer 3377,South,20,2024-01-15
3378,Customer 3378,South,N/A,2024-01-15
3379,Customer 3379,EAST,"1,000",2024-01-15
3380,  Customer 3380  ,east,-999999,2024-01-15
3381,Customer 3381,EAST,10,31/02/2024
3382,Customer 3382,South,N/A,2024-01-15
3383,Customer 3383,North,N/A,2024-01-15
3384,Customer 3384,EAST,20,2024-01-15
3385,Customer 3385,EAST,20,2024-01-15
3386,Customer 3386,West,"1,000",2024-01-15
3387,Customer 3387,North,"1,000",2024-01-15
3388,Customer 3388,South,-999999,31/02/2024
3389,Customer 3389,South,10,2024-01-15
3390,Customer 3390,North,-999999,2024-01-15
3391,Customer 3391,West,-999999,2024-01-15
3392,Customer 3392,unknown,"1,000",2024-01-15
3393,  Customer 3393  ,EAST,20,2024-01-15
3394,Customer 3394,West,-999999,2024-01-15
3395,Customer 3395,South,10,31/02/2024
3396,Customer 3396,east,10,2024-01-15
3397,Customer 3397,West,10,2024-01-15
3398,Customer 3398,South,-999999,2024-01-15
3399,Customer 3399,EAST,-999999,2024-01-15
3400,Customer 3400,unknown,20,2024-01-15
3401,Customer 3401,West,20,2024-01-15
3402,Customer 3402,east,10,31/02/2024
3403,Customer 3403,EAST,20,2024-01-15
3404,Customer 3404,unknown,N/A,2024-01-15
3405,Customer 3405,West,20,2024-01-15
3406,  Customer 3406  ,West,-999999,2024-01-15
3407,Customer 3407,EAST,"1,000",2024-01-15
3408,Customer 3408,South,10,2024-01-15
3409,Customer 3409,North,20,31/02/2024
3410,Customer 3410,EAST,N/A,2024-01-15
3411,Customer 3411,South,10,2024-01-15
3412,Customer 3412,EAST,10,2024-01-15
3413,Customer 3413,West,N/A,2024-01-15
3414,Customer 3414,east,20,2024-01-15
3415,Customer 3415,South,20,2024-01-15
3416,Customer 3416,West,N/A,31/02/2024
3417,Customer 3417,unknown,20,2024-01-15
3418,Customer 3418,EAST,N/A,2024-01-15
3419,  Customer 3419  ,South,"1,000",2024-01-15
3420,Customer 3420,South,"1,000",2024-01-15
3421,Customer 3421,South,10,2024-01-15
3422,Customer 3422,EAST,"1,000",2024-01-15
3423,Customer 3423,east,N/A,31/02/2024
3424,Customer 3424,North,-999999,2024-01-15
3425,Customer 3425,North,-999999,2024-01-15
3426,Customer 3426,EAST,20,2024-01-15
3427,Customer 3427,east,20,2024-01-15
3428,Customer 3428,South,N/A,2024-01-15
3429,Customer 3429,unknown,10,2024-01-15
3430,Customer 3430,EAST,-999999,31/02/2024
3431,Customer 3431,east,N/A,2024-01-15
3432,  Customer 3432  ,West,N/A,2024-01-15
3433,Customer 3433,unknown,"1,000",2024-01-15
3434,Customer 3434,South,"1,000",2024-01-15
3435,Customer 3435,South,"1,000",2024-01-15
3436,Customer 3436,EAST,20,2024-01-15
3437,Customer 3437,South,10,31/02/2024
3438,Customer 3438,east,N/A,2024-01-15
3439,Customer 3439,EAST,"1,000",2024-01-15
3440,Customer 3440,unknown,N/A,2024-01-15
3441,Customer 3441,North,-999999,2024-01-15
3442,Customer 3442,unknown,-999999,2024-01-15
3443,Customer 3443,South,-999999,2024-01-15
3444,Customer 3444,EAST,10,31/02/2024
3445,  Customer 3445  ,South,-999999,2024-01-15
3446,Customer 3446,West,N/A,2024-01-15
3447,Customer 3447,South,-999999,2024-01-15
3448,Customer 3448,unknown,"1,000",2024-01-15
3449,Customer 3449,unknown,-999999,2024-01-15
3450,Customer 3450,South,10,2024-01-15
3451,Customer 3451,east,-999999,31/02/2024
3452,Customer 3452,EAST,N/A,2024-01-15
3453,Customer 3453,North,N/A,2024-01-15
3454,Customer 3454,West,10,2024-01-15
3455,Customer 3455,South,N/A,2024-01-15
3456,Customer 3456,North,20,2024-01-15
3457,Customer 3457,EAST,N/A,2024-01-15
3458,  Customer 3458  ,West,20,31/02/2024
3459,Customer 3459,North,10,2024-01-15
3460,Customer 3460,EAST,10,2024-01-15
3461,Customer 3461,EAST,-999999,2024-01-15
3462,Customer 3462,South,-999999,2024-01-15
3463,Customer 3463,South,-999999,2024-01-15
3464,Customer 3464,South,10,2024-01-15
3465,Customer 3465,east,N/A,31/02/2024
3466,Customer 3466,North,20,2024-01-15
3467,Customer 3467,South,10,2024-01-15
3468,Customer 3468,unknown,-999999,2024-01-15
3469,Customer 3469,EAST,N/A,2024-01-15
3470,Customer 3470,east,N/A,2024-01-15
3471,  Customer 3471  ,unknown,10,2024-01-15
3472,Customer 3472,South,-999999,31/02/2024
3473,Customer 3473,east,N/A,2024-01-15
3474,Customer 3474,West,N/A,2024-01-15
3475,Customer 3475,east,"1,000",2024-01-15
3476,Customer 3476,east,10,2024-01-15
3477,Customer 3477,east,20,2024-01-15
3478,Customer 3478,West,-999999,2024-01-15
3479,Customer 3479,South,"1,000",31/02/2024
3480,Customer 3480,east,10,2024-01-15
3481,Customer 3481,North,-999999,2024-01-15
3482,Customer 3482,EAST,10,2024-01-15
3483,Customer 3483,east,N/A,2024-01-15
3484,  Customer 3484  ,South,10,2024-01-15
3485,Customer 3485,east,"1,000",2024-01-15
3486,Customer 3486,east,N/A,31/02/2024
3487,Customer 3487,South,-999999,2024-01-15
3488,Customer 3488,EAST,10,2024-01-15
3489,Customer 3489,South,N/A,2024-01-15
3490,Customer 3490,South,"1,000",2024-01-15
3491,Customer 3491,South,-999999,2024-01-15
3492,Customer 3492,EAST,"1,000",2024-01-15
3493,Customer 3493,EAST,"1,000",31/02/2024
3494,Customer 3494,east,10,2024-01-15
3495,Customer 3495,West,10,2024-01-15
3496,Customer 3496,South,-999999,2024-01-15
3497,  Customer 3497  ,EAST,"1,000",2024-01-15
3498,Customer 3498,unknown,-999999,2024-01-15
3499,Customer 3499,unknown,20,2024-01-15
3499,Customer 3500,North,10,31/02/2024
3501,Customer 3501,unknown,"1,000",2024-01-15
3502,Customer 3502,EAST,"1,000",2024-01-15
3503,Customer 3503,West,"1,000",2024-01-15
3504,Customer 3504,South,"1,000",2024-01-15
3505,Customer 3505,North,20,2024-01-15
3506,Customer 3506,east,"1,000",2024-01-15
3507,Customer 3507,unknown,-999999,31/02/2024
3508,Customer 3508,EAST,"1,000",2024-01-15
3509,Customer 3509,West,N/A,2024-01-15
3510,  Customer 3510  ,West,N/A,2024-01-15
3511,Customer 3511,West,N/A,2024-01-15
3512,Customer 3512,West,N/A,2024-01-15
3513,Customer 3513,South,10,2024-01-15
3514,Customer 3514,South,-999999,31/02/2024
3515,Customer 3515,unknown,-999999,2024-01-15
3516,Customer 3516,unknown,N/A,2024-01-15
3517,Customer 3517,unknown,N/A,2024-01-15
3518,Customer 3518,North,20,2024-01-15
3519,Customer 3519,east,"1,000",2024-01-15
3520,Customer 3520,West,N/A,2024-01-15
3521,Customer 3521,east,10,31/02/2024
3522,Customer 3522,EAST,-999999,2024-01-15
3523,  Customer 3523  ,North,20,2024-01-15
3524,Customer 3524,West,"1,000",2024-01-15
3525,Customer 3525,South,"1,000",2024-01-15
3526,Customer 3526,West,10,2024-01-15
3527,Customer 3527,West,"1,000",2024-01-15
3528,Customer 3528,east,N/A,31/02/2024
3529,Customer 3529,West,10,2024-01-15
3530,Customer 3530,South,"1,000",2024-01-15
3531,Customer 3531,unknown,"1,000",2024-01-15
3532,Customer 3532,South,20,2024-01-15
3533,Customer 3533,unknown,-999999,2024-01-15
3534,Customer 3534,east,"1,000",2024-01-15
3535,Customer 3535,West,20,31/02/2024
3536,  Customer 3536  ,unknown,-999999,2024-01-15
3537,Customer 3537,North,20,2024-01-15
3538,Customer 3538,North,20,2024-01-15
3539,Customer 3539,North,10,2024-01-15
3540,Customer 3540,east,-999999,2024-01-15
3541,Customer 3541,South,-999999,2024-01-15
3542,Customer 3542,North,20,31/02/2024
3543,Customer 3543,North,-999999,2024-01-15
3544,Customer 3544,North,20,2024-01-15
3545,Customer 3545,North,-999999,2024-01-15
3546,Customer 3546,east,N/A,2024-01-15
3547,Customer 3547,West,"1,000",2024-01-15
3548,Customer 3548,EAST,20,2024-01-15
3549,  Customer 3549  ,unknown,"1,000",31/02/2024
3550,Customer 3550,unknown,10,2024-01-15
3551,Customer 3551,EAST,N/A,2024-01-15
3552,Customer 3552,EAST,10,2024-01-15
3553,Customer 3553,EAST,20,2024-01-15
3554,Customer 3554,North,"1,000",2024-01-15
3555,Customer 3555,West,-999999,2024-01-15
3556,Customer 3556,EAST,"1,000",31/02/2024
3557,Customer 3557,east,10,2024-01-15
3558,Customer 3558,east,"1,000",2024-01-15
3559,Customer 3559,EAST,20,2024-01-15
3560,Customer 3560,EAST,-999999,2024-01-15
3561,Customer 3561,North,N/A,2024-01-15
3562,  Customer 3562  ,EAST,10,2024-01-15
3563,Customer 3563,EAST,"1,000",31/02/2024
3564,Customer 3564,South,"1,000",2024-01-15
3565,Customer 3565,east,20,2024-01-15
3566,Customer 3566,South,20,2024-01-15
3567,Customer 3567,EAST,-999999,2024-01-15
3568,Customer 3568,North,N/A,2024-01-15
3569,Customer 3569,east,N/A,2024-01-15
3570,Customer 3570,unknown,N/A,31/02/2024
3571,Customer 3571,EAST,10,2024-01-15
3572,Customer 3572,unknown,20,2024-01-15
3573,Customer 3573,South,10,2024-01-15
3574,Customer 3574,unknown,10,2024-01-15
3575,  Customer 3575  ,east,N/A,2024-01-15
3576,Customer 3576,North,N/A,2024-01-15
3577,Customer 3577,South,10,31/02/2024
3578,Customer 3578,South,20,2024-01-15
3579,Customer 3579,South,N/A,2024-01-15
3580,Customer 3580,EAST,20,2024-01-15
3581,Customer 3581,EAST,20,2024-01-15
3582,Customer 3582,South,N/A,2024-01-15
3583,Customer 3583,West,N/A,2024-01-15
3584,Customer 3584,EAST,20,31/02/2024
3585,Customer 3585,West,10,2024-01-15
3586,Customer 3586,unknown,20,2024-01-15
3587,Customer 3587,North,10,2024-01-15
3588,  Customer 3588  ,EAST,20,2024-01-15
3589,Customer 3589,West,N/A,2024-01-15
3590,Customer 3590,North,20,2024-01-15
3591,Customer 3591,West,10,31/02/2024
3592,Customer 3592,West,"1,000",2024-01-15
3593,Customer 3593,unknown,"1,000",2024-01-15
3594,Customer 3594,unknown,-999999,2024-01-15
3595,Customer 3595,unknown,N/A,2024-01-15
3596,Customer 3596,West,-999999,2024-01-15
3597,Customer 3597,EAST,-999999,2024-01-15
3598,Customer 3598,West,"1,000",31/02/2024
3599,Customer 3599,West,10,2024-01-15
3600,Customer 3600,North,N/A,2024-01-15
3601,  Customer 3601  ,South,N/A,2024-01-15
3602,Customer 3602,South,10,2024-01-15
3603,Customer 3603,South,10,2024-01-15
3604,Customer 3604,unknown,20,2024-01-15
3605,Customer 3605,EAST,-999999,31/02/2024
3606,Customer 3606,West,20,2024-01-15
3607,Customer 3607,West,20,2024-01-15
3608,Customer 3608,EAST,20,2024-01-15
3609,Customer 3609,unknown,"1,000",2024-01-15
3610,Customer 3610,unknown,20,2024-01-15
3611,Customer 3611,EAST,10,2024-01-15
3612,Customer 3612,east,-999999,31/02/2024
3613,Customer 3613,West,10,2024-01-15
3614,  Customer 3614  ,unknown,-999999,2024-01-15
3615,Customer 3615,North,-999999,2024-01-15
3616,Customer 3616,West,20,2024-01-15
3617,Customer 3617,South,N/A,2024-01-15
3618,Customer 3618,West,"1,000",2024-01-15
3619,Customer 3619,North,-999999,31/02/2024
3620,Customer 3620,North,N/A,2024-01-15
3621,Customer 3621,unknown,N/A,2024-01-15
3622,Customer 3622,east,"1,000",2024-01-15
3623,Customer 3623,West,20,2024-01-15
3624,Customer 3624,east,10,2024-01-15
3625,Customer 3625,South,10,2024-01-15
3626,Customer 3626,unknown,"1,000",31/02/2024
3627,  Customer 3627  ,South,20,2024-01-15
3628,Customer 3628,West,10,2024-01-15
3629,Customer 3629,North,"1,000",2024-01-15
3630,Customer 3630,North,10,2024-01-15
3631,Customer 3631,east,"1,000",2024-01-15
3632,Customer 3632,North,-999999,2024-01-15
3633,Customer 3633,unknown,"1,000",31/02/2024
3634,Customer 3634,North,"1,000",2024-01-15
3635,Customer 3635,EAST,-999999,2024-01-15
3636,Customer 3636,unknown,"1,000",2024-01-15
3637,Customer 3637,east,10,2024-01-15
3638,Customer 3638,EAST,N/A,2024-01-15
3639,Customer 3639,east,10,2024-01-15
3640,  Customer 3640  ,South,10,31/02/2024
3641,Customer 3641,West,20,2024-01-15
3642,Customer 3642,West,10,2024-01-15
3643,Customer 3643,South,-999999,2024-01-15
3644,Customer 3644,unknown,"1,000",2024-01-15
3645,Customer 3645,South,20,2024-01-15
3646,Customer 3646,North,-999999,2024-01-15
3647,Customer 3647,West,N/A,31/02/2024
3648,Customer 3648,West,-999999,2024-01-15
3649,Customer 3649,unknown,10,2024-01-15
3650,Customer 3650,West,"1,000",2024-01-15
3651,Customer 3651,West,20,2024-01-15
3652,Customer 3652,North,N/A,2024-01-15
3653,  Customer 3653  ,North,N/A,2024-01-15
3654,Customer 3654,North,"1,000",31/02/2024
3655,Customer 3655,east,"1,000",2024-01-15
3656,Customer 3656,EAST,"1,000",2024-01-15
3657,Customer 3657,unknown,"1,000",2024-01-15
3658,Customer 3658,east,"1,000",2024-01-15
3659,Customer 3659,east,-999999,2024-01-15
3660,Customer 3660,EAST,"1,000",2024-01-15
3661,Customer 3661,EAST,"1,000",31/02/2024
3662,Customer 3662,South,"1,000",2024-01-15
3663,Customer 3663,West,N/A,2024-01-15
3664,Customer 3664,North,N/A,2024-01-15
3665,Customer 3665,North,N/A,2024-01-15
3666,  Customer 3666  ,EAST,"1,000",2024-01-15
3667,Customer 3667,EAST,20,2024-01-15
3668,Customer 3668,unknown,"1,000",31/02/2024
3669,Customer 3669,unknown,N/A,2024-01-15
3670,Customer 3670,North,N/A,2024-01-15
3671,Customer 3671,east,"1,000",2024-01-15
3672,Customer 3672,South,-999999,2024-01-15
3673,Customer 3673,EAST,20,2024-01-15
3674,Customer 3674,West,"1,000",2024-01-15
3675,Customer 3675,EAST,10,31/02/2024
3676,Customer 3676,east,20,2024-01-15
3677,Customer 3677,unknown,10,2024-01-15
3678,Customer 3678,South,N/A,2024-01-15
3679,  Customer 3679  ,North,N/A,2024-01-15
3680,Customer 3680,EAST,N/A,2024-01-15
3681,Customer 3681,South,10,2024-01-15
3682,Customer 3682,EAST,20,31/02/2024
3683,Customer 3683,EAST,N/A,2024-01-15
3684,Customer 3684,North,-999999,2024-01-15
3685,Customer 3685,West,"1,000",2024-01-15
3686,Customer 3686,North,-999999,2024-01-15
3687,Customer 3687,South,-999999,2024-01-15
3688,Customer 3688,West,-999999,2024-01-15
3689,Customer 3689,unknown,"1,000",31/02/2024
3690,Customer 3690,West,N/A,2024-01-15
3691,Customer 3691,South,"1,000",2024-01-15
3692,  Customer 3692  ,EAST,20,2024-01-15
3693,Customer 3693,North,10,2024-01-15
3694,Customer 3694,EAST,10,2024-01-15
3695,Customer 3695,east,10,2024-01-15
3696,Customer 3696,EAST,"1,000",31/02/2024
3697,Customer 3697,South,N/A,2024-01-15
3698,Customer 3698,unknown,20,2024-01-15
3699,Customer 3699,West,-999999,2024-01-15
3700,Customer 3700,unknown,20,2024-01-15
3701,Customer 3701,EAST,20,2024-01-15
3702,Customer 3702,unknown,N/A,2024-01-15
3703,Customer 3703,east,-999999,31/02/2024
3704,Customer 3704,South,N/A,2024-01-15
3705,  Customer 3705  ,unknown,N/A,2024-01-15
3706,Customer 3706,West,10,2024-01-15
3707,Customer 3707,West,"1,000",2024-01-15
3708,Customer 3708,West,10,2024-01-15
3709,Customer 3709,EAST,"1,000",2024-01-15
3710,Customer 3710,West,"1,000",31/02/2024
3711,Customer 3711,South,"1,000",2024-01-15
3712,Customer 3712,EAST,10,2024-01-15
3713,Customer 3713,EAST,10,2024-01-15
3714,Customer 3714,West,"1,000",2024-01-15
3715,Customer 3715,North,20,2024-01-15
3716,Customer 3716,West,N/A,2024-01-15
3717,Customer 3717,West,-999999,31/02/2024
3718,  Customer 3718  ,West,20,2024-01-15
3719,Customer 3719,EAST,10,2024-01-15
3720,Customer 3720,North,20,2024-01-15
3721,Customer 3721,EAST,10,2024-01-15
3722,Customer 3722,West,N/A,2024-01-15
3723,Customer 3723,east,"1,000",2024-01-15
3724,Customer 3724,east,10,31/02/2024
3725,Customer 3725,unknown,"1,000",2024-01-15
3726,Customer 3726,South,-999999,2024-01-15
3727,Customer 3727,South,-999999,2024-01-15
3728,Customer 3728,West,"1,000",2024-01-15
3729,Customer 3729,North,-999999,2024-01-15
3730,Customer 3730,east,-999999,2024-01-15
3731,  Customer 3731  ,unknown,-999999,31/02/2024
3732,Customer 3732,West,"1,000",2024-01-15
3733,Customer 3733,North,"1,000",2024-01-15
3734,Customer 3734,EAST,10,2024-01-15
3735,Customer 3735,east,10,2024-01-15
3736,Customer 3736,North,-999999,2024-01-15
3737,Customer 3737,West,10,2024-01-15
3738,Customer 3738,North,N/A,31/02/2024
3739,Customer 3739,unknown,-999999,2024-01-15
3740,Customer 3740,EAST,-999999,2024-01-15
3741,Customer 3741,EAST,20,2024-01-15
3742,Customer 3742,east,10,2024-01-15
3743,Customer 3743,unknown,-999999,2024-01-15
3744,  Customer 3744  ,EAST,-999999,2024-01-15
3745,Customer 3745,North,-999999,31/02/2024
3746,Customer 3746,West,20,2024-01-15
3747,Customer 3747,North,20,2024-01-15
3748,Customer 3748,EAST,-999999,2024-01-15
3749,Customer 3749,North,20,2024-01-15
3750,Customer 3750,South,-999999,2024-01-15
3751,Customer 3751,unknown,-999999,2024-01-15
3752,Customer 3752,EAST,-999999,31/02/2024
3753,Customer 3753,east,10,2024-01-15
3754,Customer 3754,North,10,2024-01-15
3755,Customer 3755,unknown,-999999,2024-01-15
3756,Customer 3756,South,-999999,2024-01-15
3757,  Customer 3757  ,South,"1,000",2024-01-15
3758,Customer 3758,West,20,2024-01-15
3759,Customer 3759,east,-999999,31/02/2024
3760,Customer 3760,West,10,2024-01-15
3761,Customer 3761,EAST,10,2024-01-15
3762,Customer 3762,EAST,20,2024-01-15
3763,Customer 3763,east,20,2024-01-15
3764,Customer 3764,unknown,10,2024-01-15
3765,Customer 3765,West,N/A,2024-01-15
3766,Customer 3766,North,N/A,31/02/2024
3767,Customer 3767,West,"1,000",2024-01-15
3768,Customer 3768,east,N/A,2024-01-15
3769,Customer 3769,EAST,10,2024-01-15
3770,  Customer 3770  ,South,10,2024-01-15
3771,Customer 3771,EAST,"1,000",2024-01-15
3772,Customer 3772,east,-999999,2024-01-15
3773,Customer 3773,North,-999999,31/02/2024
3774,Customer 3774,North,-999999,2024-01-15
3775,Customer 3775,North,N/A,2024-01-15
3776,Customer 3776,South,N/A,2024-01-15
3777,Customer 3777,South,N/A,2024-01-15
3778,Customer 3778,South,20,2024-01-15
3779,Customer 3779,North,10,2024-01-15
3780,Customer 3780,South,10,31/02/2024
3781,Customer 3781,east,N/A,2024-01-15
3782,Customer 3782,West,-999999,2024-01-15
3783,  Customer 3783  ,West,"1,000",2024-01-15
3784,Customer 3784,North,-999999,2024-01-15
3785,Customer 3785,West,-999999,2024-01-15
3786,Customer 3786,EAST,"1,000",2024-01-15
3787,Customer 3787,unknown,20,31/02/2024
3788,Customer 3788,South,"1,000",2024-01-15
3789,Customer 3789,North,"1,000",2024-01-15
3790,Customer 3790,West,-999999,2024-01-15
3791,Customer 3791,South,-999999,2024-01-15
3792,Customer 3792,North,"1,000",2024-01-15
3793,Customer 3793,West,"1,000",2024-01-15
3794,Customer 3794,east,"1,000",31/02/2024
3795,Customer 3795,EAST,-999999,2024-01-15
3796,  Customer 3796  ,unknown,"1,000",2024-01-15
3797,Customer 3797,South,20,2024-01-15
3798,Customer 3798,South,-999999,2024-01-15
3799,Customer 3799,West,10,2024-01-15
3800,Customer 3800,unknown,10,2024-01-15
3801,Customer 3801,South,N/A,31/02/2024
3802,Customer 3802,EAST,N/A,2024-01-15
3803,Customer 3803,West,-999999,2024-01-15
3804,Customer 3804,West,20,2024-01-15
3805,Customer 3805,unknown,N/A,2024-01-15
3806,Customer 3806,east,20,2024-01-15
3807,Customer 3807,unknown,10,2024-01-15
3808,Customer 3808,east,"1,000",31/02/2024
3809,  Customer 3809  ,unknown,20,2024-01-15
3810,Customer 3810,West,"1,000",2024-01-15
3811,Customer 3811,east,20,2024-01-15
3812,Customer 3812,unknown,20,2024-01-15
3813,Customer 3813,North,20,2024-01-15
3814,Customer 3814,east,-999999,2024-01-15
3815,Customer 3815,West,20,31/02/2024
3816,Customer 3816,east,20,2024-01-15
3817,Customer 3817,EAST,10,2024-01-15
3818,Customer 3818,EAST,-999999,2024-01-15
3819,Customer 3819,South,10,2024-01-15
3820,Customer 3820,EAST,"1,000",2024-01-15
3821,Customer 3821,unknown,-999999,2024-01-15
3822,  Customer 3822  ,east,N/A,31/02/2024
3823,Customer 3823,South,N/A,2024-01-15
3824,Customer 3824,unknown,N/A,2024-01-15
3825,Customer 3825,unknown,"1,000",2024-01-15
3826,Customer 3826,North,N/A,2024-01-15
3827,Customer 3827,South,-999999,2024-01-15
3828,Customer 3828,North,N/A,2024-01-15
3829,Customer 3829,South,N/A,31/02/2024
3830,Customer 3830,east,10,2024-01-15
3831,Customer 3831,unknown,"1,000",2024-01-15
3832,Customer 3832,North,N/A,2024-01-15
3833,Customer 3833,east,"1,000",2024-01-15
3834,Customer 3834,North,"1,000",2024-01-15
3835,  Customer 3835  ,unknown,-999999,2024-01-15
3836,Customer 3836,North,10,31/02/2024
3837,Customer 3837,West,10,2024-01-15
3838,Customer 3838,EAST,20,2024-01-15
3839,Customer 3839,South,10,2024-01-15
3840,Customer 3840,North,N/A,2024-01-15
3841,Customer 3841,South,"1,000",2024-01-15
3842,Customer 3842,South,-999999,2024-01-15
3843,Customer 3843,West,-999999,31/02/2024
3844,Customer 3844,West,10,2024-01-15
3845,Customer 3845,unknown,N/A,2024-01-15
3846,Customer 3846,South,-999999,2024-01-15
3847,Customer 3847,unknown,N/A,2024-01-15
3848,  Customer 3848  ,North,20,2024-01-15
3849,Customer 3849,North,20,2024-01-15
3850,Customer 3850,South,-999999,31/02/2024
3851,Customer 3851,South,20,2024-01-15
3852,Customer 3852,North,N/A,2024-01-15
3853,Customer 3853,West,10,2024-01-15
3854,Customer 3854,North,20,2024-01-15
3855,Customer 3855,unknown,"1,000",2024-01-15
3856,Customer 3856,North,20,2024-01-15
3857,Customer 3857,unknown,-999999,31/02/2024
3858,Customer 3858,West,20,2024-01-15
3859,Customer 3859,east,-999999,2024-01-15
3860,Customer 3860,east,20,2024-01-15
3861,  Customer 3861  ,West,N/A,2024-01-15
3862,Customer 3862,North,-999999,2024-01-15
3863,Customer 3863,West,"1,000",2024-01-15
3864,Customer 3864,east,20,31/02/2024
3865,Customer 3865,EAST,10,2024-01-15
3866,Customer 3866,unknown,-999999,2024-01-15
3867,Customer 3867,South,20,2024-01-15
3868,Customer 3868,West,10,2024-01-15
3869,Customer 3869,EAST,N/A,2024-01-15
3870,Customer 3870,North,20,2024-01-15
3871,Customer 3871,South,10,31/02/2024
3872,Customer 3872,unknown,"1,000",2024-01-15
3873,Customer 3873,South,20,2024-01-15
3874,  Customer 3874  ,unknown,20,2024-01-15
3875,Customer 3875,east,"1,000",2024-01-15
3876,Customer 3876,West,"1,000",2024-01-15
3877,Customer 3877,West,10,2024-01-15
3878,Customer 3878,South,"1,000",31/02/2024
3879,Customer 3879,North,-999999,2024-01-15
3880,Customer 3880,South,10,2024-01-15
3881,Customer 3881,South,-999999,2024-01-15
3882,Customer 3882,West,-999999,2024-01-15
3883,Customer 3883,South,20,2024-01-15
3884,Customer 3884,east,10,2024-01-15
3885,Customer 3885,West,20,31/02/2024
3886,Customer 3886,EAST,20,2024-01-15
3887,  Customer 3887  ,South,"1,000",2024-01-15
3888,Customer 3888,east,N/A,2024-01-15
3889,Customer 3889,West,"1,000",2024-01-15
3890,Customer 3890,east,20,2024-01-15
3891,Customer 3891,South,"1,000",2024-01-15
3892,Customer 3892,West,10,31/02/2024
3893,Customer 3893,east,10,2024-01-15
3894,Customer 3894,West,N/A,2024-01-15
3895,Customer 3895,unknown,20,2024-01-15
3896,Customer 3896,EAST,20,2024-01-15
3897,Customer 3897,West,N/A,2024-01-15
3898,Customer 3898,West,N/A,2024-01-15
3899,Customer 3899,unknown,10,31/02/2024
3900,  Customer 3900  ,South,"1,000",2024-01-15
3901,Customer 3901,east,10,2024-01-15
3902,Customer 3902,North,-999999,2024-01-15
3903,Customer 3903,EAST,20,2024-01-15
3904,Customer 3904,EAST,10,2024-01-15
3905,Customer 3905,EAST,-999999,2024-01-15
3906,Customer 3906,West,"1,000",31/02/2024
3907,Customer 3907,EAST,20,2024-01-15
3908,Customer 3908,unknown,10,2024-01-15
3909,Customer 3909,unknown,20,2024-01-15
3910,Customer 3910,unknown,20,2024-01-15
3911,Customer 3911,West,N/A,2024-01-15
3912,Customer 3912,North,N/A,2024-01-15
3913,  Customer 3913  ,unknown,10,31/02/2024
3914,Customer 3914,North,-999999,2024-01-15
3915,Customer 3915,West,20,2024-01-15
3916,Customer 3916,east,N/A,2024-01-15
3917,Customer 3917,South,"1,000",2024-01-15
3918,Customer 3918,West,-999999,2024-01-15
3919,Customer 3919,EAST,20,2024-01-15
3920,Customer 3920,EAST,10,31/02/2024
3921,Customer 3921,EAST,"1,000",2024-01-15
3922,Customer 3922,North,-999999,2024-01-15
3923,Customer 3923,east,10,2024-01-15
3924,Customer 3924,South,N/A,2024-01-15
3925,Customer 3925,EAST,20,2024-01-15
3926,  Customer 3926  ,EAST,"1,000",2024-01-15
3927,Customer 3927,North,-999999,31/02/2024
3928,Customer 3928,South,"1,000",2024-01-15
3929,Customer 3929,east,10,2024-01-15
3930,Customer 3930,EAST,N/A,2024-01-15
3931,Customer 3931,unknown,20,2024-01-15
3932,Customer 3932,east,20,2024-01-15
3933,Customer 3933,east,"1,000",2024-01-15
3934,Customer 3934,West,"1,000",31/02/2024
3935,Customer 3935,North,N/A,2024-01-15
3936,Customer 3936,EAST,N/A,2024-01-15
3937,Customer 3937,EAST,"1,000",2024-01-15
3938,Customer 3938,EAST,-999999,2024-01-15
3939,  Customer 3939  ,North,20,2024-01-15
3940,Customer 3940,West,20,2024-01-15
3941,Customer 3941,EAST,"1,000",31/02/2024
3942,Customer 3942,EAST,"1,000",2024-01-15
3943,Customer 3943,North,10,2024-01-15
3944,Customer 3944,EAST,10,2024-01-15
3945,Customer 3945,east,-999999,2024-01-15
3946,Customer 3946,unknown,20,2024-01-15
3947,Customer 3947,West,-999999,2024-01-15
3948,Customer 3948,West,N/A,31/02/2024
3949,Customer 3949,West,-999999,2024-01-15
3950,Customer 3950,North,"1,000",2024-01-15
3951,Customer 3951,North,"1,000",2024-01-15
3952,  Customer 3952  ,EAST,20,2024-01-15
3953,Customer 3953,east,-999999,2024-01-15
3954,Customer 3954,east,"1,000",2024-01-15
3955,Customer 3955,South,10,31/02/2024
3956,Customer 3956,North,-999999,2024-01-15
3957,Customer 3957,South,10,2024-01-15
3958,Customer 3958,South,N/A,2024-01-15
3959,Customer 3959,east,20,2024-01-15
3960,Customer 3960,North,"1,000",2024-01-15
3961,Customer 3961,unknown,20,2024-01-15
3962,Customer 3962,EAST,10,31/02/2024
3963,Customer 3963,South,N/A,2024-01-15
3964,Customer 3964,West,20,2024-01-15
3965,  Customer 3965  ,West,20,2024-01-15
3966,Customer 3966,West,N/A,2024-01-15
3967,Customer 3967,North,20,2024-01-15
3968,Customer 3968,unknown,N/A,2024-01-15
3969,Customer 3969,South,-999999,31/02/2024
3970,Customer 3970,West,N/A,2024-01-15
3971,Customer 3971,unknown,10,2024-01-15
3972,Customer 3972,South,"1,000",2024-01-15
3973,Customer 3973,east,20,2024-01-15
3974,Customer 3974,South,"1,000",2024-01-15
3975,Customer 3975,unknown,20,2024-01-15
3976,Customer 3976,North,-999999,31/02/2024
3977,Customer 3977,West,N/A,2024-01-15
3978,  Customer 3978  ,unknown,"1,000",2024-01-15
3979,Customer 3979,South,N/A,2024-01-15
3980,Customer 3980,unknown,10,2024-01-15
3981,Customer 3981,east,"1,000",2024-01-15
3982,Customer 3982,West,-999999,2024-01-15
3983,Customer 3983,EAST,-999999,31/02/2024
3984,Customer 3984,east,10,2024-01-15
3985,Customer 3985,South,N/A,2024-01-15
3986,Customer 3986,east,N/A,2024-01-15
3987,Customer 3987,EAST,"1,000",2024-01-15
3988,Customer 3988,EAST,20,2024-01-15
3989,Customer 3989,EAST,20,2024-01-15
3990,Customer 3990,North,-999999,31/02/2024
3991,  Customer 3991  ,unknown,-999999,2024-01-15
3992,Customer 3992,West,10,2024-01-15
3993,Customer 3993,east,20,2024-01-15
3994,Customer 3994,EAST,N/A,2024-01-15
3995,Customer 3995,unknown,N/A,2024-01-15
3996,Customer 3996,South,N/A,2024-01-15
3997,Customer 3997,unknown,N/A,31/02/2024
3998,Customer 3998,unknown,20,2024-01-15
3999,Customer 3999,South,"1,000",2024-01-15
3999,Customer 4000,unknown,"1,000",2024-01-15
4001,Customer 4001,EAST,10,2024-01-15
4002,Customer 4002,east,20,2024-01-15
4003,Customer 4003,West,"1,000",2024-01-15
4004,  Customer 4004  ,South,20,31/02/2024
4005,Customer 4005,unknown,"1,000",2024-01-15
4006,Customer 4006,east,10,2024-01-15
4007,Customer 4007,unknown,10,2024-01-15
4008,Customer 4008,east,-999999,2024-01-15
4009,Customer 4009,unknown,10,2024-01-15
4010,Customer 4010,West,10,2024-01-15
4011,Customer 4011,North,20,31/02/2024
4012,Customer 4012,North,N/A,2024-01-15
4013,Customer 4013,unknown,20,2024-01-15
4014,Customer 4014,South,20,2024-01-15
4015,Customer 4015,unknown,20,2024-01-15
4016,Customer 4016,North,"1,000",2024-01-15
4017,  Customer 4017  ,West,"1,000",2024-01-15
4018,Customer 4018,unknown,"1,000",31/02/2024
4019,Customer 4019,North,"1,000",2024-01-15
4020,Customer 4020,EAST,-999999,2024-01-15
4021,Customer 4021,West,10,2024-01-15
4022,Customer 4022,West,20,2024-01-15
4023,Customer 4023,unknown,20,2024-01-15
4024,Customer 4024,east,10,2024-01-15
4025,Customer 4025,South,-999999,31/02/2024
4026,Customer 4026,West,10,2024-01-15
4027,Customer 4027,EAST,"1,000",2024-01-15
4028,Customer 4028,east,N/A,2024-01-15
4029,Customer 4029,EAST,10,2024-01-15
4030,  Customer 4030  ,EAST,N/A,2024-01-15
4031,Customer 4031,EAST,-999999,2024-01-15
4032,Customer 4032,east,-999999,31/02/2024
4033,Customer 4033,EAST,20,2024-01-15
4034,Customer 4034,unknown,10,2024-01-15
4035,Customer 4035,east,"1,000",2024-01-15
4036,Customer 4036,West,N/A,2024-01-15
4037,Customer 4037,North,10,2024-01-15
4038,Customer 4038,South,-999999,2024-01-15
4039,Customer 4039,South,-999999,31/02/2024
4040,Customer 4040,West,-999999,2024-01-15
4041,Customer 4041,unknown,"1,000",2024-01-15
4042,Customer 4042,South,-999999,2024-01-15
4043,  Customer 4043  ,West,20,2024-01-15
4044,Customer 4044,West,10,2024-01-15
4045,Customer 4045,EAST,20,2024-01-15
4046,Customer 4046,unknown,-999999,31/02/2024
4047,Customer 4047,unknown,"1,000",2024-01-15
4048,Customer 4048,South,10,2024-01-15
4049,Customer 4049,West,10,2024-01-15
4050,Customer 4050,EAST,"1,000",2024-01-15
4051,Customer 4051,unknown,10,2024-01-15
4052,Customer 4052,EAST,"1,000",2024-01-15
4053,Customer 4053,South,10,31/02/2024
4054,Customer 4054,unknown,20,2024-01-15
4055,Customer 4055,east,-999999,2024-01-15
4056,  Customer 4056  ,North,20,2024-01-15
4057,Customer 4057,east,-999999,2024-01-15
4058,Customer 4058,West,10,2024-01-15
4059,Customer 4059,South,10,2024-01-15
4060,Customer 4060,east,N/A,31/02/2024
4061,Customer 4061,unknown,10,2024-01-15
4062,Customer 4062,West,-999999,2024-01-15
4063,Customer 4063,EAST,N/A,2024-01-15
4064,Customer 4064,unknown,N/A,2024-01-15
4065,Customer 4065,South,"1,000",2024-01-15
4066,Customer 4066,West,20,2024-01-15
4067,Customer 4067,South,"1,000",31/02/2024
4068,Customer 4068,West,10,2024-01-15
4069,  Customer 4069  ,EAST,10,2024-01-15
4070,Customer 4070,South,20,2024-01-15
4071,Customer 4071,North,-999999,2024-01-15
4072,Customer 4072,EAST,10,2024-01-15
4073,Customer 4073,West,20,2024-01-15
4074,Customer 4074,West,N/A,31/02/2024
4075,Customer 4075,unknown,-999999,2024-01-15
4076,Customer 4076,West,20,2024-01-15
4077,Customer 4077,EAST,"1,000",2024-01-15
4078,Customer 4078,unknown,20,2024-01-15
4079,Customer 4079,east,N/A,2024-01-15
4080,Customer 4080,unknown,10,2024-01-15
4081,Customer 4081,West,10,31/02/2024
4082,  Customer 4082  ,EAST,10,2024-01-15
4083,Customer 4083,West,10,2024-01-15
4084,Customer 4084,east,-999999,2024-01-15
4085,Customer 4085,North,"1,000",2024-01-15
4086,Customer 4086,EAST,10,2024-01-15
4087,Customer 4087,North,N/A,2024-01-15
4088,Customer 4088,east,"1,000",31/02/2024
4089,Customer 4089,South,-999999,2024-01-15
4090,Customer 4090,EAST,N/A,2024-01-15
4091,Customer 4091,South,10,2024-01-15
4092,Customer 4092,West,N/A,2024-01-15
4093,Customer 4093,West,10,2024-01-15
4094,Customer 4094,unknown,10,2024-01-15
4095,  Customer 4095  ,EAST,10,31/02/2024
4096,Customer 4096,West,-999999,2024-01-15
4097,Customer 4097,EAST,10,2024-01-15
4098,Customer 4098,West,N/A,2024-01-15
4099,Customer 4099,South,"1,000",2024-01-15
4100,Customer 4100,EAST,"1,000",2024-01-15
4101,Customer 4101,unknown,-999999,2024-01-15
4102,Customer 4102,West,"1,000",31/02/2024
4103,Customer 4103,east,-999999,2024-01-15
4104,Customer 4104,EAST,-999999,2024-01-15
4105,Customer 4105,South,20,2024-01-15
4106,Customer 4106,West,"1,000",2024-01-15
4107,Customer 4107,South,20,2024-01-15
4108,  Customer 4108  ,east,10,2024-01-15
4109,Customer 4109,EAST,10,31/02/2024
4110,Customer 4110,unknown,-999999,2024-01-15
4111,Customer 4111,South,20,2024-01-15
4112,Customer 4112,West,N/A,2024-01-15
4113,Customer 4113,South,N/A,2024-01-15
4114,Customer 4114,South,10,2024-01-15
4115,Customer 4115,North,"1,000",2024-01-15
4116,Customer 4116,South,20,31/02/2024
4117,Customer 4117,South,-999999,2024-01-15
4118,Customer 4118,EAST,20,2024-01-15
4119,Customer 4119,east,N/A,2024-01-15
4120,Customer 4120,West,20,2024-01-15
4121,  Customer 4121  ,EAST,20,2024-01-15
4122,Customer 4122,unknown,N/A,2024-01-15
4123,Customer 4123,unknown,10,31/02/2024
4124,Customer 4124,South,20,2024-01-15
4125,Customer 4125,North,N/A,2024-01-15
4126,Customer 4126,South,10,2024-01-15
4127,Customer 4127,unknown,"1,000",2024-01-15
4128,Customer 4128,EAST,10,2024-01-15
4129,Customer 4129,North,"1,000",2024-01-15
4130,Customer 4130,North,"1,000",31/02/2024
4131,Customer 4131,unknown,20,2024-01-15
4132,Customer 4132,North,"1,000",2024-01-15
4133,Customer 4133,EAST,"1,000",2024-01-15
4134,  Customer 4134  ,unknown,-999999,2024-01-15
4135,Customer 4135,east,20,2024-01-15
4136,Customer 4136,South,-999999,2024-01-15
4137,Customer 4137,EAST,"1,000",31/02/2024
4138,Customer 4138,unknown,"1,000",2024-01-15
4139,Customer 4139,North,N/A,2024-01-15
4140,Customer 4140,unknown,"1,000",2024-01-15
4141,Customer 4141,North,N/A,2024-01-15
4142,Customer 4142,unknown,N/A,2024-01-15
4143,Customer 4143,North,"1,000",2024-01-15
4144,Customer 4144,North,N/A,31/02/2024
4145,Customer 4145,east,10,2024-01-15
4146,Customer 4146,North,N/A,2024-01-15
4147,  Customer 4147  ,EAST,"1,000",2024-01-15
4148,Customer 4148,unknown,N/A,2024-01-15
4149,Customer 4149,North,10,2024-01-15
4150,Customer 4150,east,"1,000",2024-01-15
4151,Customer 4151,east,N/A,31/02/2024
4152,Customer 4152,east,20,2024-01-15
4153,Customer 4153,east,-999999,2024-01-15
4154,Customer 4154,South,10,2024-01-15
4155,Customer 4155,EAST,-999999,2024-01-15
4156,Customer 4156,South,-999999,2024-01-15
4157,Customer 4157,EAST,"1,000",2024-01-15
4158,Customer 4158,EAST,-999999,31/02/2024
4159,Customer 4159,EAST,20,2024-01-15
4160,  Customer 4160  ,unknown,"1,000",2024-01-15
4161,Customer 4161,unknown,10,2024-01-15
4162,Customer 4162,EAST,"1,000",2024-01-15
4163,Customer 4163,South,-999999,2024-01-15
4164,Customer 4164,West,20,2024-01-15
4165,Customer 4165,North,20,31/02/2024
4166,Customer 4166,EAST,20,2024-01-15
4167,Customer 4167,east,N/A,2024-01-15
4168,Customer 4168,east,10,2024-01-15
4169,Customer 4169,east,20,2024-01-15
4170,Customer 4170,North,N/A,2024-01-15
4171,Customer 4171,EAST,N/A,2024-01-15
4172,Customer 4172,east,-999999,31/02/2024
4173,  Customer 4173  ,unknown,N/A,2024-01-15
4174,Customer 4174,unknown,10,2024-01-15
4175,Customer 4175,east,10,2024-01-15
4176,Customer 4176,unknown,-999999,2024-01-15
4177,Customer 4177,South,20,2024-01-15
4178,Customer 4178,east,"1,000",2024-01-15
4179,Customer 4179,EAST,"1,000",31/02/2024
4180,Customer 4180,South,10,2024-01-15
4181,Customer 4181,unknown,"1,000",2024-01-15
4182,Customer 4182,South,20,2024-01-15
4183,Customer 4183,South,10,2024-01-15
4184,Customer 4184,South,10,2024-01-15
4185,Customer 4185,North,20,2024-01-15
4186,  Customer 4186  ,unknown,-999999,31/02/2024
4187,Customer 4187,South,N/A,2024-01-15
4188,Customer 4188,EAST,10,2024-01-15
4189,Customer 4189,South,"1,000",2024-01-15
4190,Customer 4190,West,10,2024-01-15
4191,Customer 4191,unknown,10,2024-01-15
4192,Customer 4192,North,10,2024-01-15
4193,Customer 4193,east,20,31/02/2024
4194,Customer 4194,EAST,10,2024-01-15
4195,Customer 4195,West,"1,000",2024-01-15
4196,Customer 4196,unknown,20,2024-01-15
4197,Customer 4197,EAST,N/A,2024-01-15
4198,Customer 4198,South,N/A,2024-01-15
4199,  Customer 4199  ,east,"1,000",2024-01-15
4200,Customer 4200,east,N/A,31/02/2024
4201,Customer 4201,east,"1,000",2024-01-15
4202,Customer 4202,South,20,2024-01-15
4203,Customer 4203,unknown,10,2024-01-15
4204,Customer 4204,South,-999999,2024-01-15
4205,Customer 4205,east,N/A,2024-01-15
4206,Customer 4206,West,N/A,2024-01-15
4207,Customer 4207,West,"1,000",31/02/2024
4208,Customer 4208,North,N/A,2024-01-15
4209,Customer 4209,North,"1,000",2024-01-15
4210,Customer 4210,EAST,10,2024-01-15
4211,Customer 4211,West,N/A,2024-01-15
4212,  Customer 4212  ,West,N/A,2024-01-15
4213,Customer 4213,east,20,2024-01-15
4214,Customer 4214,east,"1,000",31/02/2024
4215,Customer 4215,West,-999999,2024-01-15
4216,Customer 4216,east,"1,000",2024-01-15
4217,Customer 4217,South,20,2024-01-15
4218,Customer 4218,North,"1,000",2024-01-15
4219,Customer 4219,South,"1,000",2024-01-15
4220,Customer 4220,unknown,20,2024-01-15
4221,Customer 4221,EAST,N/A,31/02/2024
4222,Customer 4222,east,-999999,2024-01-15
4223,Customer 4223,unknown,"1,000",2024-01-15
4224,Customer 4224,unknown,"1,000",2024-01-15
4225,  Customer 4225  ,east,N/A,2024-01-15
4226,Customer 4226,EAST,-999999,2024-01-15
4227,Customer 4227,EAST,10,2024-01-15
4228,Customer 4228,EAST,"1,000",31/02/2024
4229,Customer 4229,West,10,2024-01-15
4230,Customer 4230,east,10,2024-01-15
4231,Customer 4231,West,"1,000",2024-01-15
4232,Customer 4232,unknown,20,2024-01-15
4233,Customer 4233,North,10,2024-01-15
4234,Customer 4234,east,20,2024-01-15
4235,Customer 4235,east,-999999,31/02/2024
4236,Customer 4236,South,N/A,2024-01-15
4237,Customer 4237,unknown,N/A,2024-01-15
4238,  Customer 4238  ,unknown,10,2024-01-15
4239,Customer 4239,unknown,20,2024-01-15
4240,Customer 4240,east,-999999,2024-01-15
4241,Customer 4241,South,"1,000",2024-01-15
4242,Customer 4242,North,N/A,31/02/2024
4243,Customer 4243,North,10,2024-01-15
4244,Customer 4244,EAST,20,2024-01-15
4245,Customer 4245,unknown,-999999,2024-01-15
4246,Customer 4246,North,"1,000",2024-01-15
4247,Customer 4247,North,-999999,2024-01-15
4248,Customer 4248,unknown,"1,000",2024-01-15
4249,Customer 4249,North,20,31/02/2024
4250,Customer 4250,North,N/A,2024-01-15
4251,  Customer 4251  ,EAST,"1,000",2024-01-15
4252,Customer 4252,West,20,2024-01-15
4253,Customer 4253,South,20,2024-01-15
4254,Customer 4254,West,20,2024-01-15
4255,Customer 4255,EAST,"1,000",2024-01-15
4256,Customer 4256,West,20,31/02/2024
4257,Customer 4257,South,20,2024-01-15
4258,Customer 4258,unknown,N/A,2024-01-15
4259,Customer 4259,east,10,2024-01-15
4260,Customer 4260,unknown,10,2024-01-15
4261,Customer 4261,EAST,-999999,2024-01-15
4262,Customer 4262,North,10,2024-01-15
4263,Customer 4263,South,-999999,31/02/2024
4264,  Customer 4264  ,unknown,-999999,2024-01-15
4265,Customer 4265,North,N/A,2024-01-15
4266,Customer 4266,West,10,2024-01-15
4267,Customer 4267,South,10,2024-01-15
4268,Customer 4268,West,20,2024-01-15
4269,Customer 4269,West,N/A,2024-01-15
4270,Customer 4270,West,10,31/02/2024
4271,Customer 4271,South,N/A,2024-01-15
4272,Customer 4272,West,10,2024-01-15
4273,Customer 4273,EAST,10,2024-01-15
4274,Customer 4274,east,20,2024-01-15
4275,Customer 4275,West,10,2024-01-15
4276,Customer 4276,unknown,10,2024-01-15
4277,  Customer 4277  ,South,N/A,31/02/2024
4278,Customer 4278,South,20,2024-01-15
4279,Customer 4279,West,N/A,2024-01-15
4280,Customer 4280,east,-999999,2024-01-15
4281,Customer 4281,unknown,"1,000",2024-01-15
4282,Customer 4282,West,10,2024-01-15
4283,Customer 4283,unknown,10,2024-01-15
4284,Customer 4284,West,N/A,31/02/2024
4285,Customer 4285,South,"1,000",2024-01-15
4286,Customer 4286,unknown,10,2024-01-15
4287,Customer 4287,unknown,"1,000",2024-01-15
4288,Customer 4288,West,N/A,2024-01-15
4289,Customer 4289,West,N/A,2024-01-15
4290,  Customer 4290  ,unknown,20,2024-01-15
4291,Customer 4291,EAST,10,31/02/2024
4292,Customer 4292,South,"1,000",2024-01-15
4293,Customer 4293,West,N/A,2024-01-15
4294,Customer 4294,east,"1,000",2024-01-15
4295,Customer 4295,EAST,"1,000",2024-01-15
4296,Customer 4296,EAST,-999999,2024-01-15
4297,Customer 4297,EAST,N/A,2024-01-15
4298,Customer 4298,unknown,10,31/02/2024
4299,Customer 4299,North,10,2024-01-15
4300,Customer 4300,east,20,2024-01-15
4301,Customer 4301,North,20,2024-01-15
4302,Customer 4302,West,"1,000",2024-01-15
4303,  Customer 4303  ,West,10,2024-01-15
4304,Customer 4304,South,N/A,2024-01-15
4305,Customer 4305,EAST,"1,000",31/02/2024
4306,Customer 4306,North,-999999,2024-01-15
4307,Customer 4307,EAST,10,2024-01-15
4308,Customer 4308,east,"1,000",2024-01-15
4309,Customer 4309,east,"1,000",2024-01-15
4310,Customer 4310,North,10,2024-01-15
4311,Customer 4311,South,N/A,2024-01-15
4312,Customer 4312,EAST,N/A,31/02/2024
4313,Customer 4313,South,-999999,2024-01-15
4314,Customer 4314,EAST,20,2024-01-15
4315,Customer 4315,South,-999999,2024-01-15
4316,  Customer 4316  ,West,10,2024-01-15
4317,Customer 4317,South,20,2024-01-15
4318,Customer 4318,unknown,20,2024-01-15
4319,Customer 4319,West,10,31/02/2024
4320,Customer 4320,West,"1,000",2024-01-15
4321,Customer 4321,North,10,2024-01-15
4322,Customer 4322,EAST,20,2024-01-15
4323,Customer 4323,North,N/A,2024-01-15
4324,Customer 4324,east,-999999,2024-01-15
4325,Customer 4325,unknown,-999999,2024-01-15
4326,Customer 4326,EAST,20,31/02/2024
4327,Customer 4327,North,10,2024-01-15
4328,Customer 4328,South,20,2024-01-15
4329,  Customer 4329  ,North,20,2024-01-15
4330,Customer 4330,EAST,20,2024-01-15
4331,Customer 4331,EAST,-999999,2024-01-15
4332,Customer 4332,South,N/A,2024-01-15
4333,Customer 4333,EAST,20,31/02/2024
4334,Customer 4334,EAST,10,2024-01-15
4335,Customer 4335,east,N/A,2024-01-15
4336,Customer 4336,West,10,2024-01-15
4337,Customer 4337,West,-999999,2024-01-15
4338,Customer 4338,unknown,"1,000",2024-01-15
4339,Customer 4339,South,10,2024-01-15
4340,Customer 4340,east,N/A,31/02/2024
4341,Customer 4341,North,N/A,2024-01-15
4342,  Customer 4342  ,South,20,2024-01-15
4343,Customer 4343,east,-999999,2024-01-15
4344,Customer 4344,unknown,N/A,2024-01-15
4345,Customer 4345,EAST,"1,000",2024-01-15
4346,Customer 4346,unknown,-999999,2024-01-15
4347,Customer 4347,unknown,10,31/02/2024
4348,Customer 4348,North,"1,000",2024-01-15
4349,Customer 4349,east,20,2024-01-15
4350,Customer 4350,EAST,10,2024-01-15
4351,Customer 4351,unknown,N/A,2024-01-15
4352,Customer 4352,North,20,2024-01-15
4353,Customer 4353,North,N/A,2024-01-15
4354,Customer 4354,West,N/A,31/02/2024
4355,  Customer 4355  ,EAST,20,2024-01-15
4356,Customer 4356,West,N/A,2024-01-15
4357,Customer 4357,east,10,2024-01-15
4358,Customer 4358,EAST,10,2024-01-15
4359,Customer 4359,South,-999999,2024-01-15
4360,Customer 4360,West,20,2024-01-15
4361,Customer 4361,West,10,31/02/2024
4362,Customer 4362,South,10,2024-01-15
4363,Customer 4363,east,20,2024-01-15
4364,Customer 4364,North,"1,000",2024-01-15
4365,Customer 4365,EAST,"1,000",2024-01-15
4366,Customer 4366,West,-999999,2024-01-15
4367,Customer 4367,unknown,-999999,2024-01-15
4368,  Customer 4368  ,east,"1,000",31/02/2024
4369,Customer 4369,EAST,-999999,2024-01-15
4370,Customer 4370,West,N/A,2024-01-15
4371,Customer 4371,South,N/A,2024-01-15
4372,Customer 4372,West,20,2024-01-15
4373,Customer 4373,West,N/A,2024-01-15
4374,Customer 4374,unknown,10,2024-01-15
4375,Customer 4375,east,-999999,31/02/2024
4376,Customer 4376,unknown,-999999,2024-01-15
4377,Customer 4377,unknown,20,2024-01-15
4378,Customer 4378,North,10,2024-01-15
4379,Customer 4379,unknown,-999999,2024-01-15
4380,Customer 4380,EAST,10,2024-01-15
4381,  Customer 4381  ,West,20,2024-01-15
4382,Customer 4382,South,20,31/02/2024
4383,Customer 4383,North,"1,000",2024-01-15
4384,Customer 4384,West,-999999,2024-01-15
4385,Customer 4385,West,20,2024-01-15
4386,Customer 4386,east,-999999,2024-01-15
4387,Customer 4387,EAST,"1,000",2024-01-15
4388,Customer 4388,EAST,20,2024-01-15
4389,Customer 4389,east,"1,000",31/02/2024
4390,Customer 4390,unknown,20,2024-01-15
4391,Customer 4391,east,"1,000",2024-01-15
4392,Customer 4392,West,"1,000",2024-01-15
4393,Customer 4393,unknown,10,2024-01-15
4394,  Customer 4394  ,east,N/A,2024-01-15
4395,Customer 4395,east,"1,000",2024-01-15
4396,Customer 4396,South,20,31/02/2024
4397,Customer 4397,North,-999999,2024-01-15
4398,Customer 4398,North,N/A,2024-01-15
4399,Customer 4399,North,10,2024-01-15
4400,Customer 4400,EAST,10,2024-01-15
4401,Customer 4401,EAST,20,2024-01-15
4402,Customer 4402,West,-999999,2024-01-15
4403,Customer 4403,South,-999999,31/02/2024
4404,Customer 4404,EAST,10,2024-01-15
4405,Customer 4405,North,20,2024-01-15
4406,Customer 4406,EAST,N/A,2024-01-15
4407,  Customer 4407  ,South,10,2024-01-15
4408,Customer 4408,unknown,"1,000",2024-01-15
4409,Customer 4409,South,20,2024-01-15
4410,Customer 4410,South,20,31/02/2024
4411,Customer 4411,North,20,2024-01-15
4412,Customer 4412,unknown,-999999,2024-01-15
4413,Customer 4413,EAST,10,2024-01-15
4414,Customer 4414,east,"1,000",2024-01-15
4415,Customer 4415,east,N/A,2024-01-15
4416,Customer 4416,east,20,2024-01-15
4417,Customer 4417,West,N/A,31/02/2024
4418,Customer 4418,unknown,N/A,2024-01-15
4419,Customer 4419,east,10,2024-01-15
4420,  Customer 4420  ,South,-999999,2024-01-15
4421,Customer 4421,North,10,2024-01-15
4422,Customer 4422,EAST,10,2024-01-15
4423,Customer 4423,South,10,2024-01-15
4424,Customer 4424,West,-999999,31/02/2024
4425,Customer 4425,EAST,"1,000",2024-01-15
4426,Customer 4426,North,"1,000",2024-01-15
4427,Customer 4427,West,N/A,2024-01-15
4428,Customer 4428,North,-999999,2024-01-15
4429,Customer 4429,South,-999999,2024-01-15
4430,Customer 4430,West,10,2024-01-15
4431,Customer 4431,unknown,10,31/02/2024
4432,Customer 4432,EAST,N/A,2024-01-15
4433,  Customer 4433  ,east,10,2024-01-15
4434,Customer 4434,West,N/A,2024-01-15
4435,Customer 4435,North,-999999,2024-01-15
4436,Customer 4436,unknown,"1,000",2024-01-15
4437,Customer 4437,South,N/A,2024-01-15
4438,Customer 4438,North,20,31/02/2024
4439,Customer 4439,EAST,20,2024-01-15
4440,Customer 4440,West,10,2024-01-15
4441,Customer 4441,EAST,"1,000",2024-01-15
4442,Customer 4442,West,10,2024-01-15
4443,Customer 4443,West,10,2024-01-15
4444,Customer 4444,unknown,20,2024-01-15
4445,Customer 4445,North,-999999,31/02/2024
4446,  Customer 4446  ,West,10,2024-01-15
4447,Customer 4447,South,10,2024-01-15
4448,Customer 4448,North,20,2024-01-15
4449,Customer 4449,North,"1,000",2024-01-15
4450,Customer 4450,unknown,"1,000",2024-01-15
4451,Customer 4451,unknown,"1,000",2024-01-15
4452,Customer 4452,West,20,31/02/2024
4453,Customer 4453,unknown,-999999,2024-01-15
4454,Customer 4454,EAST,10,2024-01-15
4455,Customer 4455,east,N/A,2024-01-15
4456,Customer 4456,unknown,20,2024-01-15
4457,Customer 4457,South,20,2024-01-15
4458,Customer 4458,unknown,10,2024-01-15
4459,  Customer 4459  ,South,20,31/02/2024
4460,Customer 4460,North,N/A,2024-01-15
4461,Customer 4461,unknown,10,2024-01-15
4462,Customer 4462,South,20,2024-01-15
4463,Customer 4463,EAST,10,2024-01-15
4464,Customer 4464,east,N/A,2024-01-15
4465,Customer 4465,South,20,2024-01-15
4466,Customer 4466,West,20,31/02/2024
4467,Customer 4467,EAST,20,2024-01-15
4468,Customer 4468,east,10,2024-01-15
4469,Customer 4469,West,"1,000",2024-01-15
4470,Customer 4470,North,20,2024-01-15
4471,Customer 4471,unknown,"1,000",2024-01-15
4472,  Customer 4472  ,east,10,2024-01-15
4473,Customer 4473,West,10,31/02/2024
4474,Customer 4474,EAST,"1,000",2024-01-15
4475,Customer 4475,South,-999999,2024-01-15
4476,Customer 4476,North,"1,000",2024-01-15
4477,Customer 4477,unknown,N/A,2024-01-15
4478,Customer 4478,West,N/A,2024-01-15
4479,Customer 4479,West,"1,000",2024-01-15
4480,Customer 4480,unknown,"1,000",31/02/2024
4481,Customer 4481,South,N/A,2024-01-15
4482,Customer 4482,east,"1,000",2024-01-15
4483,Customer 4483,EAST,N/A,2024-01-15
4484,Customer 4484,east,"1,000",2024-01-15
4485,  Customer 4485  ,unknown,"1,000",2024-01-15
4486,Customer 4486,EAST,"1,000",2024-01-15
4487,Customer 4487,North,10,31/02/2024
4488,Customer 4488,North,10,2024-01-15
4489,Customer 4489,West,N/A,2024-01-15
4490,Customer 4490,unknown,-999999,2024-01-15
4491,Customer 4491,east,-999999,2024-01-15
4492,Customer 4492,West,N/A,2024-01-15
4493,Customer 4493,unknown,10,2024-01-15
4494,Customer 4494,West,20,31/02/2024
4495,Customer 4495,unknown,"1,000",2024-01-15
4496,Customer 4496,West,-999999,2024-01-15
4497,Customer 4497,South,-999999,2024-01-15
4498,  Customer 4498  ,east,"1,000",2024-01-15
4499,Customer 4499,east,-999999,2024-01-15
4499,Customer 4500,South,N/A,2024-01-15
4501,Customer 4501,North,10,31/02/2024
4502,Customer 4502,EAST,10,2024-01-15
4503,Customer 4503,unknown,10,2024-01-15
4504,Customer 4504,unknown,-999999,2024-01-15
4505,Customer 4505,east,N/A,2024-01-15
4506,Customer 4506,east,10,2024-01-15
4507,Customer 4507,North,-999999,2024-01-15
4508,Customer 4508,West,20,31/02/2024
4509,Customer 4509,EAST,"1,000",2024-01-15
4510,Customer 4510,North,"1,000",2024-01-15
4511,  Customer 4511  ,east,-999999,2024-01-15
4512,Customer 4512,North,"1,000",2024-01-15
4513,Customer 4513,North,N/A,2024-01-15
4514,Customer 4514,West,10,2024-01-15
4515,Customer 4515,EAST,20,31/02/2024
4516,Customer 4516,EAST,20,2024-01-15
4517,Customer 4517,North,N/A,2024-01-15
4518,Customer 4518,North,20,2024-01-15
4519,Customer 4519,EAST,10,2024-01-15
4520,Customer 4520,east,N/A,2024-01-15
4521,Customer 4521,West,"1,000",2024-01-15
4522,Customer 4522,east,20,31/02/2024
4523,Customer 4523,unknown,20,2024-01-15
4524,  Customer 4524  ,unknown,10,2024-01-15
4525,Customer 4525,North,20,2024-01-15
4526,Customer 4526,unknown,20,2024-01-15
4527,Customer 4527,EAST,N/A,2024-01-15
4528,Customer 4528,South,N/A,2024-01-15
4529,Customer 4529,South,20,31/02/2024
4530,Customer 4530,West,-999999,2024-01-15
4531,Customer 4531,South,20,2024-01-15
4532,Customer 4532,EAST,20,2024-01-15
4533,Customer 4533,West,20,2024-01-15
4534,Customer 4534,West,"1,000",2024-01-15
4535,Customer 4535,West,N/A,2024-01-15
4536,Customer 4536,South,N/A,31/02/2024
4537,  Customer 4537  ,West,N/A,2024-01-15
4538,Customer 4538,West,"1,000",2024-01-15
4539,Customer 4539,South,N/A,2024-01-15
4540,Customer 4540,South,20,2024-01-15
4541,Customer 4541,North,N/A,2024-01-15
4542,Customer 4542,South,20,2024-01-15
4543,Customer 4543,EAST,10,31/02/2024
4544,Customer 4544,east,10,2024-01-15
4545,Customer 4545,South,-999999,2024-01-15
4546,Customer 4546,South,-999999,2024-01-15
4547,Customer 4547,West,20,2024-01-15
4548,Customer 4548,unknown,N/A,2024-01-15
4549,Customer 4549,unknown,20,2024-01-15
4550,  Customer 4550  ,unknown,10,31/02/2024
4551,Customer 4551,east,N/A,2024-01-15
4552,Customer 4552,North,N/A,2024-01-15
4553,Customer 4553,east,"1,000",2024-01-15
4554,Customer 4554,unknown,20,2024-01-15
4555,Customer 4555,EAST,"1,000",2024-01-15
4556,Customer 4556,EAST,10,2024-01-15
4557,Customer 4557,West,-999999,31/02/2024
4558,Customer 4558,North,10,2024-01-15
4559,Customer 4559,North,10,2024-01-15
4560,Customer 4560,North,10,2024-01-15
4561,Customer 4561,east,20,2024-01-15
4562,Customer 4562,EAST,20,2024-01-15
4563,  Customer 4563  ,unknown,10,2024-01-15
4564,Customer 4564,South,10,31/02/2024
4565,Customer 4565,South,N/A,2024-01-15
4566,Customer 4566,South,"1,000",2024-01-15
4567,Customer 4567,West,20,2024-01-15
4568,Customer 4568,east,20,2024-01-15
4569,Customer 4569,South,"1,000",2024-01-15
4570,Customer 4570,West,20,2024-01-15
4571,Customer 4571,east,10,31/02/2024
4572,Customer 4572,West,20,2024-01-15
4573,Customer 4573,unknown,-999999,2024-01-15
4574,Customer 4574,North,-999999,2024-01-15
4575,Customer 4575,EAST,"1,000",2024-01-15
4576,  Customer 4576  ,North,10,2024-01-15
4577,Customer 4577,east,-999999,2024-01-15
4578,Customer 4578,east,"1,000",31/02/2024
4579,Customer 4579,EAST,N/A,2024-01-15
4580,Customer 4580,unknown,20,2024-01-15
4581,Customer 4581,North,10,2024-01-15
4582,Customer 4582,unknown,-999999,2024-01-15
4583,Customer 4583,South,N/A,2024-01-15
4584,Customer 4584,EAST,10,2024-01-15
4585,Customer 4585,West,10,31/02/2024
4586,Customer 4586,North,-999999,2024-01-15
4587,Customer 4587,South,"1,000",2024-01-15
4588,Customer 4588,east,N/A,2024-01-15
4589,  Customer 4589  ,North,N/A,2024-01-15
4590,Customer 4590,EAST,-999999,2024-01-15
4591,Customer 4591,West,10,2024-01-15
4592,Customer 4592,North,20,31/02/2024
4593,Customer 4593,West,-999999,2024-01-15
4594,Customer 4594,North,-999999,2024-01-15
4595,Customer 4595,North,20,2024-01-15
4596,Customer 4596,unknown,-999999,2024-01-15
4597,Customer 4597,West,"1,000",2024-01-15
4598,Customer 4598,West,10,2024-01-15
4599,Customer 4599,North,N/A,31/02/2024
4600,Customer 4600,South,10,2024-01-15
4601,Customer 4601,unknown,"1,000",2024-01-15
4602,  Customer 4602  ,east,-999999,2024-01-15
4603,Customer 4603,unknown,N/A,2024-01-15
4604,Customer 4604,South,10,2024-01-15
4605,Customer 4605,unknown,"1,000",2024-01-15
4606,Customer 4606,South,-999999,31/02/2024
4607,Customer 4607,West,-999999,2024-01-15
4608,Customer 4608,South,10,2024-01-15
4609,Customer 4609,West,"1,000",2024-01-15
4610,Customer 4610,unknown,N/A,2024-01-15
4611,Customer 4611,North,10,2024-01-15
4612,Customer 4612,North,-999999,2024-01-15
4613,Customer 4613,EAST,10,31/02/2024
4614,Customer 4614,EAST,"1,000",2024-01-15
4615,  Customer 4615  ,North,20,2024-01-15
4616,Customer 4616,east,-999999,2024-01-15
4617,Customer 4617,North,20,2024-01-15
4618,Customer 4618,West,10,2024-01-15
4619,Customer 4619,North,-999999,2024-01-15
4620,Customer 4620,east,20,31/02/2024
4621,Customer 4621,West,-999999,2024-01-15
4622,Customer 4622,unknown,20,2024-01-15
4623,Customer 4623,unknown,-999999,2024-01-15
4624,Customer 4624,east,N/A,2024-01-15
4625,Customer 4625,EAST,N/A,2024-01-15
4626,Customer 4626,unknown,20,2024-01-15
4627,Customer 4627,West,N/A,31/02/2024
4628,  Customer 4628  ,South,10,2024-01-15
4629,Customer 4629,North,20,2024-01-15
4630,Customer 4630,North,-999999,2024-01-15
4631,Customer 4631,east,10,2024-01-15
4632,Customer 4632,east,10,2024-01-15
4633,Customer 4633,South,20,2024-01-15
4634,Customer 4634,North,N/A,31/02/2024
4635,Customer 4635,North,-999999,2024-01-15
4636,Customer 4636,West,N/A,2024-01-15
4637,Customer 4637,North,"1,000",2024-01-15
4638,Customer 4638,West,-999999,2024-01-15
4639,Customer 4639,North,-999999,2024-01-15
4640,Customer 4640,West,"1,000",2024-01-15
4641,  Customer 4641  ,EAST,10,31/02/2024
4642,Customer 4642,EAST,"1,000",2024-01-15
4643,Customer 4643,EAST,N/A,2024-01-15
4644,Customer 4644,EAST,-999999,2024-01-15
4645,Customer 4645,EAST,-999999,2024-01-15
4646,Customer 4646,EAST,10,2024-01-15
4647,Customer 4647,unknown,N/A,2024-01-15
4648,Customer 4648,North,10,31/02/2024
4649,Customer 4649,EAST,20,2024-01-15
4650,Customer 4650,North,-999999,2024-01-15
4651,Customer 4651,unknown,10,2024-01-15
4652,Customer 4652,unknown,-999999,2024-01-15
4653,Customer 4653,West,"1,000",2024-01-15
4654,  Customer 4654  ,North,N/A,2024-01-15
4655,Customer 4655,West,10,31/02/2024
4656,Customer 4656,EAST,10,2024-01-15
4657,Customer 4657,South,"1,000",2024-01-15
4658,Customer 4658,east,-999999,2024-01-15
4659,Customer 4659,North,-999999,2024-01-15
4660,Customer 4660,unknown,"1,000",2024-01-15
4661,Customer 4661,South,"1,000",2024-01-15
4662,Customer 4662,east,-999999,31/02/2024
4663,Customer 4663,EAST,-999999,2024-01-15
4664,Customer 4664,unknown,-999999,2024-01-15
4665,Customer 4665,West,10,2024-01-15
4666,Customer 4666,unknown,"1,000",2024-01-15
4667,  Customer 4667  ,North,"1,000",2024-01-15
4668,Customer 4668,EAST,20,2024-01-15
4669,Customer 4669,South,"1,000",31/02/2024
4670,Customer 4670,South,N/A,2024-01-15
4671,Customer 4671,unknown,-999999,2024-01-15
4672,Customer 4672,east,20,2024-01-15
4673,Customer 4673,unknown,"1,000",2024-01-15
4674,Customer 4674,South,10,2024-01-15
4675,Customer 4675,unknown,"1,000",2024-01-15
4676,Customer 4676,North,-999999,31/02/2024
4677,Customer 4677,North,N/A,2024-01-15
4678,Customer 4678,North,"1,000",2024-01-15
4679,Customer 4679,EAST,N/A,2024-01-15
4680,  Customer 4680  ,EAST,20,2024-01-15
4681,Customer 4681,east,N/A,2024-01-15
4682,Customer 4682,east,N/A,2024-01-15
4683,Customer 4683,South,N/A,31/02/2024
4684,Customer 4684,West,"1,000",2024-01-15
4685,Customer 4685,West,20,2024-01-15
4686,Customer 4686,West,"1,000",2024-01-15
4687,Customer 4687,West,10,2024-01-15
4688,Customer 4688,east,20,2024-01-15
4689,Customer 4689,South,10,2024-01-15
4690,Customer 4690,unknown,10,31/02/2024
4691,Customer 4691,West,20,2024-01-15
4692,Customer 4692,unknown,"1,000",2024-01-15
4693,  Customer 4693  ,unknown,-999999,2024-01-15
4694,Customer 4694,North,"1,000",2024-01-15
4695,Customer 4695,West,"1,000",2024-01-15
4696,Customer 4696,South,20,2024-01-15
4697,Customer 4697,EAST,-999999,31/02/2024
4698,Customer 4698,South,"1,000",2024-01-15
4699,Customer 4699,east,10,2024-01-15
4700,Customer 4700,east,10,2024-01-15
4701,Customer 4701,South,20,2024-01-15
4702,Customer 4702,South,N/A,2024-01-15
4703,Customer 4703,North,"1,000",2024-01-15
4704,Customer 4704,unknown,-999999,31/02/2024
4705,Customer 4705,east,20,2024-01-15
4706,  Customer 4706  ,South,"1,000",2024-01-15
4707,Customer 4707,EAST,20,2024-01-15
4708,Customer 4708,east,N/A,2024-01-15
4709,Customer 4709,unknown,"1,000",2024-01-15
4710,Customer 4710,West,"1,000",2024-01-15
4711,Customer 4711,West,"1,000",31/02/2024
4712,Customer 4712,South,-999999,2024-01-15
4713,Customer 4713,unknown,20,2024-01-15
4714,Customer 4714,West,10,2024-01-15
4715,Customer 4715,EAST,20,2024-01-15
4716,Customer 4716,EAST,20,2024-01-15
4717,Customer 4717,North,20,2024-01-15
4718,Customer 4718,unknown,10,31/02/2024
4719,  Customer 4719  ,North,10,2024-01-15
4720,Customer 4720,North,"1,000",2024-01-15
4721,Customer 4721,EAST,"1,000",2024-01-15
4722,Customer 4722,unknown,-999999,2024-01-15
4723,Customer 4723,EAST,10,2024-01-15
4724,Customer 4724,east,N/A,2024-01-15
4725,Customer 4725,unknown,N/A,31/02/2024
4726,Customer 4726,EAST,-999999,2024-01-15
4727,Customer 4727,North,10,2024-01-15
4728,Customer 4728,unknown,N/A,2024-01-15
4729,Customer 4729,EAST,-999999,2024-01-15
4730,Customer 4730,South,20,2024-01-15
4731,Customer 4731,South,"1,000",2024-01-15
4732,  Customer 4732  ,unknown,10,31/02/2024
4733,Customer 4733,South,N/A,2024-01-15
4734,Customer 4734,east,10,2024-01-15
4735,Customer 4735,South,N/A,2024-01-15
4736,Customer 4736,east,20,2024-01-15
4737,Customer 4737,South,N/A,2024-01-15
4738,Customer 4738,North,10,2024-01-15
4739,Customer 4739,east,20,31/02/2024
4740,Customer 4740,unknown,20,2024-01-15
4741,Customer 4741,North,10,2024-01-15
4742,Customer 4742,West,N/A,2024-01-15
4743,Customer 4743,South,-999999,2024-01-15
4744,Customer 4744,West,N/A,2024-01-15
4745,  Customer 4745  ,EAST,10,2024-01-15
4746,Customer 4746,east,-999999,31/02/2024
4747,Customer 4747,east,N/A,2024-01-15
4748,Customer 4748,North,"1,000",2024-01-15
4749,Customer 4749,North,"1,000",2024-01-15
4750,Customer 4750,South,20,2024-01-15
4751,Customer 4751,North,10,2024-01-15
4752,Customer 4752,South,20,2024-01-15
4753,Customer 4753,east,-999999,31/02/2024
4754,Customer 4754,North,20,2024-01-15
4755,Customer 4755,West,-999999,2024-01-15
4756,Customer 4756,North,"1,000",2024-01-15
4757,Customer 4757,South,"1,000",2024-01-15
4758,  Customer 4758  ,South,10,2024-01-15
4759,Customer 4759,east,20,2024-01-15
4760,Customer 4760,unknown,20,31/02/2024
4761,Customer 4761,South,N/A,2024-01-15
4762,Customer 4762,east,N/A,2024-01-15
4763,Customer 4763,unknown,-999999,2024-01-15
4764,Customer 4764,North,N/A,2024-01-15
4765,Customer 4765,South,-999999,2024-01-15
4766,Customer 4766,EAST,10,2024-01-15
4767,Customer 4767,EAST,20,31/02/2024
4768,Customer 4768,South,-999999,2024-01-15
4769,Customer 4769,east,N/A,2024-01-15
4770,Customer 4770,EAST,20,2024-01-15
4771,  Customer 4771  ,EAST,-999999,2024-01-15
4772,Customer 4772,EAST,10,2024-01-15
4773,Customer 4773,unknown,N/A,2024-01-15
4774,Customer 4774,east,-999999,31/02/2024
4775,Customer 4775,EAST,10,2024-01-15
4776,Customer 4776,unknown,-999999,2024-01-15
4777,Customer 4777,unknown,"1,000",2024-01-15
4778,Customer 4778,unknown,"1,000",2024-01-15
4779,Customer 4779,EAST,-999999,2024-01-15
4780,Customer 4780,North,N/A,2024-01-15
4781,Customer 4781,EAST,"1,000",31/02/2024
4782,Customer 4782,North,20,2024-01-15
4783,Customer 4783,unknown,N/A,2024-01-15
4784,  Customer 4784  ,EAST,20,2024-01-15
4785,Customer 4785,east,20,2024-01-15
4786,Customer 4786,West,20,2024-01-15
4787,Customer 4787,unknown,N/A,2024-01-15
4788,Customer 4788,North,-999999,31/02/2024
4789,Customer 4789,West,20,2024-01-15
4790,Customer 4790,EAST,"1,000",2024-01-15
4791,Customer 4791,east,10,2024-01-15
4792,Customer 4792,West,N/A,2024-01-15
4793,Customer 4793,North,N/A,2024-01-15
4794,Customer 4794,North,-999999,2024-01-15
4795,Customer 4795,West,"1,000",31/02/2024
4796,Customer 4796,South,10,2024-01-15
4797,  Customer 4797  ,South,-999999,2024-01-15
4798,Customer 4798,east,-999999,2024-01-15
4799,Customer 4799,EAST,N/A,2024-01-15
4800,Customer 4800,West,"1,000",2024-01-15
4801,Customer 4801,unknown,N/A,2024-01-15
4802,Customer 4802,West,N/A,31/02/2024
4803,Customer 4803,EAST,20,2024-01-15
4804,Customer 4804,EAST,-999999,2024-01-15
4805,Customer 4805,South,"1,000",2024-01-15
4806,Customer 4806,EAST,20,2024-01-15
4807,Customer 4807,EAST,"1,000",2024-01-15
4808,Customer 4808,unknown,10,2024-01-15
4809,Customer 4809,North,-999999,31/02/2024
4810,  Customer 4810  ,unknown,10,2024-01-15
4811,Customer 4811,east,20,2024-01-15
4812,Customer 4812,North,20,2024-01-15
4813,Customer 4813,EAST,10,2024-01-15
4814,Customer 4814,North,20,2024-01-15
4815,Customer 4815,east,20,2024-01-15
4816,Customer 4816,unknown,10,31/02/2024
4817,Customer 4817,east,"1,000",2024-01-15
4818,Customer 4818,South,20,2024-01-15
4819,Customer 4819,West,-999999,2024-01-15
4820,Customer 4820,West,10,2024-01-15
4821,Customer 4821,east,20,2024-01-15
4822,Customer 4822,South,10,2024-01-15
4823,  Customer 4823  ,unknown,10,31/02/2024
4824,Customer 4824,West,10,2024-01-15
4825,Customer 4825,South,"1,000",2024-01-15
4826,Customer 4826,east,20,2024-01-15
4827,Customer 4827,South,20,2024-01-15
4828,Customer 4828,West,-999999,2024-01-15
4829,Customer 4829,North,10,2024-01-15
4830,Customer 4830,east,"1,000",31/02/2024
4831,Customer 4831,unknown,"1,000",2024-01-15
4832,Customer 4832,South,10,2024-01-15
4833,Customer 4833,unknown,10,2024-01-15
4834,Customer 4834,EAST,-999999,2024-01-15
4835,Customer 4835,South,10,2024-01-15
4836,  Customer 4836  ,West,N/A,2024-01-15
4837,Customer 4837,EAST,10,31/02/2024
4838,Customer 4838,West,N/A,2024-01-15
4839,Customer 4839,West,"1,000",2024-01-15
4840,Customer 4840,South,20,2024-01-15
4841,Customer 4841,North,N/A,2024-01-15
4842,Customer 4842,east,"1,000",2024-01-15
4843,Customer 4843,South,N/A,2024-01-15
4844,Customer 4844,West,"1,000",31/02/2024
4845,Customer 4845,North,10,2024-01-15
4846,Customer 4846,South,N/A,2024-01-15
4847,Customer 4847,South,20,2024-01-15
4848,Customer 4848,South,"1,000",2024-01-15
4849,  Customer 4849  ,east,-999999,2024-01-15
4850,Customer 4850,West,-999999,2024-01-15
4851,Customer 4851,unknown,-999999,31/02/2024
4852,Customer 4852,east,10,2024-01-15
4853,Customer 4853,EAST,10,2024-01-15
4854,Customer 4854,EAST,N/A,2024-01-15
4855,Customer 4855,North,10,2024-01-15
4856,Customer 4856,EAST,N/A,2024-01-15
4857,Customer 4857,South,10,2024-01-15
4858,Customer 4858,South,"1,000",31/02/2024
4859,Customer 4859,EAST,10,2024-01-15
4860,Customer 4860,South,10,2024-01-15
4861,Customer 4861,east,10,2024-01-15
4862,  Customer 4862  ,east,"1,000",2024-01-15
4863,Customer 4863,North,10,2024-01-15
4864,Customer 4864,east,N/A,2024-01-15
4865,Customer 4865,South,20,31/02/2024
4866,Customer 4866,unknown,"1,000",2024-01-15
4867,Customer 4867,South,"1,000",2024-01-15
4868,Customer 4868,North,-999999,2024-01-15
4869,Customer 4869,EAST,-999999,2024-01-15
4870,Customer 4870,North,10,2024-01-15
4871,Customer 4871,unknown,N/A,2024-01-15
4872,Customer 4872,east,-999999,31/02/2024
4873,Customer 4873,North,-999999,2024-01-15
4874,Customer 4874,east,-999999,2024-01-15
4875,  Customer 4875  ,unknown,-999999,2024-01-15
4876,Customer 4876,South,10,2024-01-15
4877,Customer 4877,east,N/A,2024-01-15
4878,Customer 4878,North,20,2024-01-15
4879,Customer 4879,West,20,31/02/2024
4880,Customer 4880,EAST,N/A,2024-01-15
4881,Customer 4881,West,"1,000",2024-01-15
4882,Customer 4882,unknown,"1,000",2024-01-15
4883,Customer 4883,West,N/A,2024-01-15
4884,Customer 4884,east,N/A,2024-01-15
4885,Customer 4885,South,-999999,2024-01-15
4886,Customer 4886,South,"1,000",31/02/2024
4887,Customer 4887,South,-999999,2024-01-15
4888,  Customer 4888  ,North,10,2024-01-15
4889,Customer 4889,North,20,2024-01-15
4890,Customer 4890,North,10,2024-01-15
4891,Customer 4891,West,-999999,2024-01-15
4892,Customer 4892,North,"1,000",2024-01-15
4893,Customer 4893,east,20,31/02/2024
4894,Customer 4894,West,"1,000",2024-01-15
4895,Customer 4895,South,20,2024-01-15
4896,Customer 4896,North,-999999,2024-01-15
4897,Customer 4897,North,-999999,2024-01-15
4898,Customer 4898,EAST,10,2024-01-15
4899,Customer 4899,EAST,N/A,2024-01-15
4900,Customer 4900,West,20,31/02/2024
4901,  Customer 4901  ,South,N/A,2024-01-15
4902,Customer 4902,South,"1,000",2024-01-15
4903,Customer 4903,east,-999999,2024-01-15
4904,Customer 4904,West,20,2024-01-15
4905,Customer 4905,North,"1,000",2024-01-15
4906,Customer 4906,EAST,N/A,2024-01-15
4907,Customer 4907,West,20,31/02/2024
4908,Customer 4908,South,-999999,2024-01-15
4909,Customer 4909,North,N/A,2024-01-15
4910,Customer 4910,South,20,2024-01-15
4911,Customer 4911,West,-999999,2024-01-15
4912,Customer 4912,North,20,2024-01-15
4913,Customer 4913,unknown,-999999,2024-01-15
4914,  Customer 4914  ,EAST,N/A,31/02/2024
4915,Customer 4915,EAST,"1,000",2024-01-15
4916,Customer 4916,South,20,2024-01-15
4917,Customer 4917,North,10,2024-01-15
4918,Customer 4918,EAST,20,2024-01-15
4919,Customer 4919,unknown,"1,000",2024-01-15
4920,Customer 4920,EAST,20,2024-01-15
4921,Customer 4921,EAST,N/A,31/02/2024
4922,Customer 4922,West,10,2024-01-15
4923,Customer 4923,North,10,2024-01-15
4924,Customer 4924,South,N/A,2024-01-15
4925,Customer 4925,unknown,20,2024-01-15
4926,Customer 4926,east,-999999,2024-01-15
4927,  Customer 4927  ,east,-999999,2024-01-15
4928,Customer 4928,unknown,"1,000",31/02/2024
4929,Customer 4929,EAST,20,2024-01-15
4930,Customer 4930,North,-999999,2024-01-15
4931,Customer 4931,unknown,10,2024-01-15
4932,Customer 4932,east,20,2024-01-15
4933,Customer 4933,east,-999999,2024-01-15
4934,Customer 4934,east,-999999,2024-01-15
4935,Customer 4935,unknown,-999999,31/02/2024
4936,Customer 4936,South,-999999,2024-01-15
4937,Customer 4937,unknown,20,2024-01-15
4938,Customer 4938,east,-999999,2024-01-15
4939,Customer 4939,West,N/A,2024-01-15
4940,  Customer 4940  ,West,N/A,2024-01-15
4941,Customer 4941,North,-999999,2024-01-15
4942,Customer 4942,North,N/A,31/02/2024
4943,Customer 4943,North,N/A,2024-01-15
4944,Customer 4944,unknown,20,2024-01-15
4945,Customer 4945,east,"1,000",2024-01-15
4946,Customer 4946,West,20,2024-01-15
4947,Customer 4947,unknown,"1,000",2024-01-15
4948,Customer 4948,EAST,N/A,2024-01-15
4949,Customer 4949,South,"1,000",31/02/2024
4950,Customer 4950,east,-999999,2024-01-15
4951,Customer 4951,North,N/A,2024-01-15
4952,Customer 4952,South,20,2024-01-15
4953,  Customer 4953  ,east,"1,000",2024-01-15
4954,Customer 4954,unknown,-999999,2024-01-15
4955,Customer 4955,unknown,-999999,2024-01-15
4956,Customer 4956,South,"1,000",31/02/2024
4957,Customer 4957,east,10,2024-01-15
4958,Customer 4958,EAST,10,2024-01-15
4959,Customer 4959,EAST,20,2024-01-15
4960,Customer 4960,EAST,N/A,2024-01-15
4961,Customer 4961,North,N/A,2024-01-15
4962,Customer 4962,South,"1,000",2024-01-15
4963,Customer 4963,North,-999999,31/02/2024
4964,Customer 4964,unknown,10,2024-01-15
4965,Customer 4965,West,10,2024-01-15
4966,  Customer 4966  ,South,"1,000",2024-01-15
4967,Customer 4967,North,20,2024-01-15
4968,Customer 4968,EAST,"1,000",2024-01-15
4969,Customer 4969,South,N/A,2024-01-15
4970,Customer 4970,North,20,31/02/2024
4971,Customer 4971,unknown,10,2024-01-15
4972,Customer 4972,unknown,N/A,2024-01-15
4973,Customer 4973,unknown,N/A,2024-01-15
4974,Customer 4974,South,10,2024-01-15
4975,Customer 4975,EAST,N/A,2024-01-15
4976,Customer 4976,east,-999999,2024-01-15
4977,Customer 4977,West,10,31/02/2024
4978,Customer 4978,North,N/A,2024-01-15
4979,  Customer 4979  ,South,-999999,2024-01-15
4980,Customer 4980,West,20,2024-01-15
4981,Customer 4981,West,"1,000",2024-01-15
4982,Customer 4982,West,20,2024-01-15
4983,Customer 4983,West,N/A,2024-01-15
4984,Customer 4984,EAST,"1,000",31/02/2024
4985,Customer 4985,unknown,N/A,2024-01-15
4986,Customer 4986,North,N/A,2024-01-15
4987,Customer 4987,unknown,"1,000",2024-01-15
4988,Customer 4988,South,N/A,2024-01-15
4989,Customer 4989,West,20,2024-01-15
4990,Customer 4990,South,"1,000",2024-01-15
4991,Customer 4991,unknown,-999999,31/02/2024
4992,  Customer 4992  ,EAST,N/A,2024-01-15
4993,Customer 4993,South,-999999,2024-01-15
4994,Customer 4994,EAST,20,2024-01-15
4995,Customer 4995,West,20,2024-01-15
4996,Customer 4996,east,"1,000",2024-01-15
4997,Customer 4997,South,20,2024-01-15
4998,Customer 4998,east,20,31/02/2024
4999,Customer 4999,unknown,10,2024-01-15
4999,Customer 5000,unknown,10,2024-01-15
5001,Customer 5001,North,20,2024-01-15
5002,Customer 5002,North,N/A,2024-01-15
5003,Customer 5003,EAST,20,2024-01-15
5004,Customer 5004,unknown,-999999,2024-01-15
5005,  Customer 5005  ,North,10,31/02/2024
5006,Customer 5006,North,"1,000",2024-01-15
5007,Customer 5007,EAST,20,2024-01-15
5008,Customer 5008,east,-999999,2024-01-15
5009,Customer 5009,South,20,2024-01-15
5010,Customer 5010,South,-999999,2024-01-15
5011,Customer 5011,South,"1,000",2024-01-15
5012,Customer 5012,east,"1,000",31/02/2024
5013,Customer 5013,EAST,"1,000",2024-01-15
5014,Customer 5014,West,-999999,2024-01-15
5015,Customer 5015,unknown,"1,000",2024-01-15
5016,Customer 5016,South,N/A,2024-01-15
5017,Customer 5017,South,"1,000",2024-01-15
5018,  Customer 5018  ,South,10,2024-01-15
5019,Customer 5019,South,"1,000",31/02/2024
5020,Customer 5020,North,"1,000",2024-01-15
5021,Customer 5021,east,"1,000",2024-01-15
5022,Customer 5022,West,"1,000",2024-01-15
5023,Customer 5023,unknown,20,2024-01-15
5024,Customer 5024,east,10,2024-01-15
5025,Customer 5025,West,-999999,2024-01-15
5026,Customer 5026,South,"1,000",31/02/2024
5027,Customer 5027,east,20,2024-01-15
5028,Customer 5028,unknown,20,2024-01-15
5029,Customer 5029,unknown,20,2024-01-15
5030,Customer 5030,West,20,2024-01-15
5031,  Customer 5031  ,unknown,-999999,2024-01-15
5032,Customer 5032,South,20,2024-01-15
5033,Customer 5033,North,20,31/02/2024
5034,Customer 5034,east,"1,000",2024-01-15
5035,Customer 5035,EAST,20,2024-01-15
5036,Customer 5036,unknown,-999999,2024-01-15
5037,Customer 5037,unknown,N/A,2024-01-15
5038,Customer 5038,North,20,2024-01-15
5039,Customer 5039,North,10,2024-01-15
5040,Customer 5040,east,10,31/02/2024
5041,Customer 5041,North,-999999,2024-01-15
5042,Customer 5042,unknown,10,2024-01-15
5043,Customer 5043,West,N/A,2024-01-15
5044,  Customer 5044  ,east,N/A,2024-01-15
5045,Customer 5045,South,20,2024-01-15
5046,Customer 5046,South,N/A,2024-01-15
5047,Customer 5047,east,20,31/02/2024
5048,Customer 5048,unknown,N/A,2024-01-15
5049,Customer 5049,east,N/A,2024-01-15
5050,Customer 5050,North,10,2024-01-15
5051,Customer 5051,South,20,2024-01-15
5052,Customer 5052,unknown,-999999,2024-01-15
5053,Customer 5053,South,-999999,2024-01-15
5054,Customer 5054,North,"1,000",31/02/2024
5055,Customer 5055,EAST,-999999,2024-01-15
5056,Customer 5056,east,-999999,2024-01-15
5057,  Customer 5057  ,EAST,N/A,2024-01-15
5058,Customer 5058,West,"1,000",2024-01-15
5059,Customer 5059,unknown,10,2024-01-15
5060,Customer 5060,unknown,N/A,2024-01-15
5061,Customer 5061,unknown,10,31/02/2024
5062,Customer 5062,EAST,10,2024-01-15
5063,Customer 5063,east,-999999,2024-01-15
5064,Customer 5064,South,-999999,2024-01-15
5065,Customer 5065,unknown,N/A,2024-01-15
5066,Customer 5066,West,20,2024-01-15
5067,Customer 5067,east,10,2024-01-15
5068,Customer 5068,EAST,10,31/02/2024
5069,Customer 5069,EAST,10,2024-01-15
5070,  Customer 5070  ,EAST,10,2024-01-15
5071,Customer 5071,West,20,2024-01-15
5072,Customer 5072,EAST,"1,000",2024-01-15
5073,Customer 5073,North,N/A,2024-01-15
5074,Customer 5074,unknown,"1,000",2024-01-15
5075,Customer 5075,South,20,31/02/2024
5076,Customer 5076,West,20,2024-01-15
5077,Customer 5077,South,N/A,2024-01-15
5078,Customer 5078,east,N/A,2024-01-15
5079,Customer 5079,EAST,10,2024-01-15
5080,Customer 5080,North,N/A,2024-01-15
5081,Customer 5081,North,-999999,2024-01-15
5082,Customer 5082,North,-999999,31/02/2024
5083,  Customer 5083  ,South,10,2024-01-15
5084,Customer 5084,North,20,2024-01-15
5085,Customer 5085,West,-999999,2024-01-15
5086,Customer 5086,South,-999999,2024-01-15
5087,Customer 5087,South,10,2024-01-15
5088,Customer 5088,EAST,20,2024-01-15
5089,Customer 5089,West,"1,000",31/02/2024
5090,Customer 5090,east,N/A,2024-01-15
5091,Customer 5091,unknown,10,2024-01-15
5092,Customer 5092,South,20,2024-01-15
5093,Customer 5093,South,10,2024-01-15
5094,Customer 5094,east,"1,000",2024-01-15
5095,Customer 5095,unknown,N/A,2024-01-15
5096,  Customer 5096  ,EAST,N/A,31/02/2024
5097,Customer 5097,EAST,N/A,2024-01-15
5098,Customer 5098,unknown,N/A,2024-01-15
5099,Customer 5099,North,20,2024-01-15
5100,Customer 5100,South,-999999,2024-01-15
5101,Customer 5101,unknown,N/A,2024-01-15
5102,Customer 5102,West,10,2024-01-15
5103,Customer 5103,east,"1,000",31/02/2024
5104,Customer 5104,east,20,2024-01-15
5105,Customer 5105,unknown,"1,000",2024-01-15
5106,Customer 5106,east,N/A,2024-01-15
5107,Customer 5107,unknown,20,2024-01-15
5108,Customer 5108,east,N/A,2024-01-15
5109,  Customer 5109  ,West,"1,000",2024-01-15
5110,Customer 5110,EAST,N/A,31/02/2024
5111,Customer 5111,EAST,10,2024-01-15
5112,Customer 5112,unknown,20,2024-01-15
5113,Customer 5113,unknown,-999999,2024-01-15
5114,Customer 5114,South,"1,000",2024-01-15
5115,Customer 5115,east,20,2024-01-15
5116,Customer 5116,EAST,-999999,2024-01-15
5117,Customer 5117,North,10,31/02/2024
5118,Customer 5118,South,N/A,2024-01-15
5119,Customer 5119,EAST,"1,000",2024-01-15
5120,Customer 5120,east,10,2024-01-15
5121,Customer 5121,West,"1,000",2024-01-15
5122,  Customer 5122  ,east,20,2024-01-15
5123,Customer 5123,EAST,N/A,2024-01-15
5124,Customer 5124,unknown,-999999,31/02/2024
5125,Customer 5125,South,"1,000",2024-01-15
5126,Customer 5126,South,N/A,2024-01-15
5127,Customer 5127,EAST,20,2024-01-15
5128,Customer 5128,east,"1,000",2024-01-15
5129,Customer 5129,West,"1,000",2024-01-15
5130,Customer 5130,unknown,"1,000",2024-01-15
5131,Customer 5131,east,10,31/02/2024
5132,Customer 5132,West,-999999,2024-01-15
5133,Customer 5133,unknown,N/A,2024-01-15
5134,Customer 5134,South,10,2024-01-15
5135,  Customer 5135  ,EAST,-999999,2024-01-15
5136,Customer 5136,North,10,2024-01-15
5137,Customer 5137,unknown,-999999,2024-01-15
5138,Customer 5138,unknown,-999999,31/02/2024
5139,Customer 5139,South,10,2024-01-15
5140,Customer 5140,unknown,-999999,2024-01-15
5141,Customer 5141,EAST,N/A,2024-01-15
5142,Customer 5142,EAST,-999999,2024-01-15
5143,Customer 5143,North,-999999,2024-01-15
5144,Customer 5144,South,-999999,2024-01-15
5145,Customer 5145,unknown,"1,000",31/02/2024
5146,Customer 5146,South,20,2024-01-15
5147,Customer 5147,unknown,10,2024-01-15
5148,  Customer 5148  ,east,-999999,2024-01-15
5149,Customer 5149,South,20,2024-01-15
5150,Customer 5150,unknown,-999999,2024-01-15
5151,Customer 5151,east,"1,000",2024-01-15
5152,Customer 5152,east,"1,000",31/02/2024
5153,Customer 5153,West,20,2024-01-15
5154,Customer 5154,South,20,2024-01-15
5155,Customer 5155,West,N/A,2024-01-15
5156,Customer 5156,unknown,20,2024-01-15
5157,Customer 5157,North,10,2024-01-15
5158,Customer 5158,West,20,2024-01-15
5159,Customer 5159,EAST,-999999,31/02/2024
5160,Customer 5160,east,10,2024-01-15
5161,  Customer 5161  ,North,20,2024-01-15
5162,Customer 5162,North,-999999,2024-01-15
5163,Customer 5163,South,N/A,2024-01-15
5164,Customer 5164,South,-999999,2024-01-15
5165,Customer 5165,unknown,N/A,2024-01-15
5166,Customer 5166,West,"1,000",31/02/2024
5167,Customer 5167,east,20,2024-01-15
5168,Customer 5168,EAST,20,2024-01-15
5169,Customer 5169,unknown,10,2024-01-15
5170,Customer 5170,North,10,2024-01-15
5171,Customer 5171,West,N/A,2024-01-15
5172,Customer 5172,North,N/A,2024-01-15
5173,Customer 5173,South,N/A,31/02/2024
5174,  Customer 5174  ,unknown,-999999,2024-01-15
5175,Customer 5175,unknown,20,2024-01-15
5176,Customer 5176,EAST,10,2024-01-15
5177,Customer 5177,east,10,2024-01-15
5178,Customer 5178,EAST,-999999,2024-01-15
5179,Customer 5179,West,-999999,2024-01-15
5180,Customer 5180,EAST,20,31/02/2024
5181,Customer 5181,EAST,N/A,2024-01-15
5182,Customer 5182,North,"1,000",2024-01-15
5183,Customer 5183,EAST,"1,000",2024-01-15
5184,Customer 5184,North,-999999,2024-01-15
5185,Customer 5185,east,10,2024-01-15
5186,Customer 5186,east,N/A,2024-01-15
5187,  Customer 5187  ,EAST,-999999,31/02/2024
5188,Customer 5188,South,-999999,2024-01-15
5189,Customer 5189,South,20,2024-01-15
5190,Customer 5190,North,20,2024-01-15
5191,Customer 5191,West,10,2024-01-15
5192,Customer 5192,EAST,20,2024-01-15
5193,Customer 5193,east,N/A,2024-01-15
5194,Customer 5194,North,N/A,31/02/2024
5195,Customer 5195,unknown,20,2024-01-15
5196,Customer 5196,West,"1,000",2024-01-15
5197,Customer 5197,unknown,20,2024-01-15
5198,Customer 5198,unknown,N/A,2024-01-15
5199,Customer 5199,North,20,2024-01-15
5200,  Customer 5200  ,east,"1,000",2024-01-15
5201,Customer 5201,EAST,"1,000",31/02/2024
5202,Customer 5202,West,N/A,2024-01-15
5203,Customer 5203,east,"1,000",2024-01-15
5204,Customer 5204,West,20,2024-01-15
5205,Customer 5205,West,-999999,2024-01-15
5206,Customer 5206,unknown,20,2024-01-15
5207,Customer 5207,South,N/A,2024-01-15
5208,Customer 5208,unknown,"1,000",31/02/2024
5209,Customer 5209,South,N/A,2024-01-15
5210,Customer 5210,South,"1,000",2024-01-15
5211,Customer 5211,unknown,-999999,2024-01-15
5212,Customer 5212,North,N/A,2024-01-15
5213,  Customer 5213  ,unknown,10,2024-01-15
5214,Customer 5214,EAST,10,2024-01-15
5215,Customer 5215,North,N/A,31/02/2024
5216,Customer 5216,EAST,"1,000",2024-01-15
5217,Customer 5217,unknown,"1,000",2024-01-15
5218,Customer 5218,unknown,-999999,2024-01-15
5219,Customer 5219,east,"1,000",2024-01-15
5220,Customer 5220,EAST,"1,000",2024-01-15
5221,Customer 5221,unknown,-999999,2024-01-15
5222,Customer 5222,east,N/A,31/02/2024
5223,Customer 5223,North,-999999,2024-01-15
5224,Customer 5224,South,10,2024-01-15
5225,Customer 5225,North,N/A,2024-01-15
5226,  Customer 5226  ,North,N/A,2024-01-15
5227,Customer 5227,unknown,10,2024-01-15
5228,Customer 5228,east,-999999,2024-01-15
5229,Customer 5229,South,20,31/02/2024
5230,Customer 5230,South,-999999,2024-01-15
5231,Customer 5231,east,N/A,2024-01-15
5232,Customer 5232,South,10,2024-01-15
5233,Customer 5233,east,20,2024-01-15
5234,Customer 5234,east,-999999,2024-01-15
5235,Customer 5235,EAST,-999999,2024-01-15
5236,Customer 5236,West,-999999,31/02/2024
5237,Customer 5237,east,-999999,2024-01-15
5238,Customer 5238,EAST,10,2024-01-15
5239,  Customer 5239  ,EAST,-999999,2024-01-15
5240,Customer 5240,EAST,"1,000",2024-01-15
5241,Customer 5241,South,"1,000",2024-01-15
5242,Customer 5242,east,"1,000",2024-01-15
5243,Customer 5243,South,-999999,31/02/2024
5244,Customer 5244,unknown,20,2024-01-15
5245,Customer 5245,EAST,"1,000",2024-01-15
5246,Customer 5246,east,"1,000",2024-01-15
5247,Customer 5247,West,"1,000",2024-01-15
5248,Customer 5248,South,10,2024-01-15
5249,Customer 5249,east,10,2024-01-15
5250,Customer 5250,unknown,10,31/02/2024
5251,Customer 5251,North,-999999,2024-01-15
5252,  Customer 5252  ,unknown,N/A,2024-01-15
5253,Customer 5253,North,10,2024-01-15
5254,Customer 5254,east,"1,000",2024-01-15
5255,Customer 5255,unknown,20,2024-01-15
5256,Customer 5256,east,10,2024-01-15
5257,Customer 5257,South,20,31/02/2024
5258,Customer 5258,South,N/A,2024-01-15
5259,Customer 5259,South,N/A,2024-01-15
5260,Customer 5260,EAST,"1,000",2024-01-15
5261,Customer 5261,North,"1,000",2024-01-15
5262,Customer 5262,east,10,2024-01-15
5263,Customer 5263,EAST,N/A,2024-01-15
5264,Customer 5264,EAST,10,31/02/2024
5265,  Customer 5265  ,east,-999999,2024-01-15
5266,Customer 5266,North,10,2024-01-15
5267,Customer 5267,EAST,N/A,2024-01-15
5268,Customer 5268,West,N/A,2024-01-15
5269,Customer 5269,east,"1,000",2024-01-15
5270,Customer 5270,EAST,20,2024-01-15
5271,Customer 5271,South,-999999,31/02/2024
5272,Customer 5272,unknown,"1,000",2024-01-15
5273,Customer 5273,North,N/A,2024-01-15
5274,Customer 5274,EAST,"1,000",2024-01-15
5275,Customer 5275,EAST,N/A,2024-01-15
5276,Customer 5276,South,N/A,2024-01-15
5277,Customer 5277,EAST,N/A,2024-01-15
5278,  Customer 5278  ,South,N/A,31/02/2024
5279,Customer 5279,east,-999999,2024-01-15
5280,Customer 5280,West,N/A,2024-01-15
5281,Customer 5281,South,20,2024-01-15
5282,Customer 5282,east,20,2024-01-15
5283,Customer 5283,North,10,2024-01-15
5284,Customer 5284,South,20,2024-01-15
5285,Customer 5285,West,20,31/02/2024
5286,Customer 5286,North,"1,000",2024-01-15
5287,Customer 5287,South,-999999,2024-01-15
5288,Customer 5288,east,20,2024-01-15
5289,Customer 5289,EAST,-999999,2024-01-15
5290,Customer 5290,North,10,2024-01-15
5291,  Customer 5291  ,South,-999999,2024-01-15
5292,Customer 5292,North,-999999,31/02/2024
5293,Customer 5293,South,"1,000",2024-01-15
5294,Customer 5294,West,10,2024-01-15
5295,Customer 5295,east,N/A,2024-01-15
5296,Customer 5296,West,20,2024-01-15
5297,Customer 5297,unknown,N/A,2024-01-15
5298,Customer 5298,West,10,2024-01-15
5299,Customer 5299,North,-999999,31/02/2024
5300,Customer 5300,unknown,"1,000",2024-01-15
5301,Customer 5301,South,10,2024-01-15
5302,Customer 5302,east,"1,000",2024-01-15
5303,Customer 5303,North,-999999,2024-01-15
5304,  Customer 5304  ,North,20,2024-01-15
5305,Customer 5305,North,"1,000",2024-01-15
5306,Customer 5306,North,"1,000",31/02/2024
5307,Customer 5307,unknown,N/A,2024-01-15
5308,Customer 5308,EAST,10,2024-01-15
5309,Customer 5309,South,"1,000",2024-01-15
5310,Customer 5310,West,"1,000",2024-01-15
5311,Customer 5311,east,"1,000",2024-01-15
5312,Customer 5312,North,20,2024-01-15
5313,Customer 5313,West,10,31/02/2024
5314,Customer 5314,South,20,2024-01-15
5315,Customer 5315,unknown,20,2024-01-15
5316,Customer 5316,unknown,10,2024-01-15
5317,  Customer 5317  ,North,N/A,2024-01-15
5318,Customer 5318,North,N/A,2024-01-15
5319,Customer 5319,South,"1,000",2024-01-15
5320,Customer 5320,North,20,31/02/2024
5321,Customer 5321,South,10,2024-01-15
5322,Customer 5322,EAST,20,2024-01-15
5323,Customer 5323,South,"1,000",2024-01-15
5324,Customer 5324,North,20,2024-01-15
5325,Customer 5325,EAST,"1,000",2024-01-15
5326,Customer 5326,North,-999999,2024-01-15
5327,Customer 5327,EAST,20,31/02/2024
5328,Customer 5328,EAST,N/A,2024-01-15
5329,Customer 5329,unknown,"1,000",2024-01-15
5330,  Customer 5330  ,West,N/A,2024-01-15
5331,Customer 5331,West,N/A,2024-01-15
5332,Customer 5332,EAST,-999999,2024-01-15
5333,Customer 5333,unknown,20,2024-01-15
5334,Customer 5334,EAST,N/A,31/02/2024
5335,Customer 5335,EAST,-999999,2024-01-15
5336,Customer 5336,South,10,2024-01-15
5337,Customer 5337,South,N/A,2024-01-15
5338,Customer 5338,east,10,2024-01-15
5339,Customer 5339,North,-999999,2024-01-15
5340,Customer 5340,east,20,2024-01-15
5341,Customer 5341,South,"1,000",31/02/2024
5342,Customer 5342,unknown,-999999,2024-01-15
5343,  Customer 5343  ,South,-999999,2024-01-15
5344,Customer 5344,West,20,2024-01-15
5345,Customer 5345,West,10,2024-01-15
5346,Customer 5346,east,"1,000",2024-01-15
5347,Customer 5347,unknown,-999999,2024-01-15
5348,Customer 5348,West,N/A,31/02/2024
5349,Customer 5349,east,N/A,2024-01-15
5350,Customer 5350,West,"1,000",2024-01-15
5351,Customer 5351,South,-999999,2024-01-15
5352,Customer 5352,South,"1,000",2024-01-15
5353,Customer 5353,east,N/A,2024-01-15
5354,Customer 5354,West,N/A,2024-01-15
5355,Customer 5355,West,N/A,31/02/2024
5356,  Customer 5356  ,east,-999999,2024-01-15
5357,Customer 5357,West,20,2024-01-15
5358,Customer 5358,North,"1,000",2024-01-15
5359,Customer 5359,South,-999999,2024-01-15
5360,Customer 5360,West,N/A,2024-01-15
5361,Customer 5361,South,"1,000",2024-01-15
5362,Customer 5362,West,"1,000",31/02/2024
5363,Customer 5363,EAST,10,2024-01-15
5364,Customer 5364,unknown,-999999,2024-01-15
5365,Customer 5365,east,N/A,2024-01-15
5366,Customer 5366,West,10,2024-01-15
5367,Customer 5367,South,"1,000",2024-01-15
5368,Customer 5368,unknown,20,2024-01-15
5369,  Customer 5369  ,east,20,31/02/2024
5370,Customer 5370,West,N/A,2024-01-15
5371,Customer 5371,West,"1,000",2024-01-15
5372,Customer 5372,South,"1,000",2024-01-15
5373,Customer 5373,unknown,20,2024-01-15
5374,Customer 5374,West,20,2024-01-15
5375,Customer 5375,South,20,2024-01-15
5376,Customer 5376,North,"1,000",31/02/2024
5377,Customer 5377,unknown,"1,000",2024-01-15
5378,Customer 5378,South,-999999,2024-01-15
5379,Customer 5379,EAST,-999999,2024-01-15
5380,Customer 5380,unknown,N/A,2024-01-15
5381,Customer 5381,east,10,2024-01-15
5382,  Customer 5382  ,South,20,2024-01-15
5383,Customer 5383,EAST,20,31/02/2024
5384,Customer 5384,EAST,"1,000",2024-01-15
5385,Customer 5385,West,20,2024-01-15
5386,Customer 5386,North,10,2024-01-15
5387,Customer 5387,North,"1,000",2024-01-15
5388,Customer 5388,West,10,2024-01-15
5389,Customer 5389,South,-999999,2024-01-15
5390,Customer 5390,West,10,31/02/2024
5391,Customer 5391,South,10,2024-01-15
5392,Customer 5392,EAST,10,2024-01-15
5393,Customer 5393,South,N/A,2024-01-15
5394,Customer 5394,unknown,N/A,2024-01-15
5395,  Customer 5395  ,unknown,-999999,2024-01-15
5396,Customer 5396,EAST,-999999,2024-01-15
5397,Customer 5397,EAST,"1,000",31/02/2024
5398,Customer 5398,unknown,-999999,2024-01-15
5399,Customer 5399,east,"1,000",2024-01-15
5400,Customer 5400,east,10,2024-01-15
5401,Customer 5401,North,N/A,2024-01-15
5402,Customer 5402,West,-999999,2024-01-15
5403,Customer 5403,east,-999999,2024-01-15
5404,Customer 5404,east,-999999,31/02/2024
5405,Customer 5405,east,10,2024-01-15
5406,Customer 5406,east,20,2024-01-15
5407,Customer 5407,South,10,2024-01-15
5408,  Customer 5408  ,South,20,2024-01-15
5409,Customer 5409,EAST,"1,000",2024-01-15
5410,Customer 5410,South,10,2024-01-15
5411,Customer 5411,South,-999999,31/02/2024
5412,Customer 5412,east,N/A,2024-01-15
5413,Customer 5413,West,"1,000",2024-01-15
5414,Customer 5414,EAST,20,2024-01-15
5415,Customer 5415,West,10,2024-01-15
5416,Customer 5416,east,-999999,2024-01-15
5417,Customer 5417,North,20,2024-01-15
5418,Customer 5418,South,10,31/02/2024
5419,Customer 5419,North,-999999,2024-01-15
5420,Customer 5420,West,10,2024-01-15
5421,  Customer 5421  ,east,N/A,2024-01-15
5422,Customer 5422,North,-999999,2024-01-15
5423,Customer 5423,West,20,2024-01-15
5424,Customer 5424,South,20,2024-01-15
5425,Customer 5425,EAST,20,31/02/2024
5426,Customer 5426,West,20,2024-01-15
5427,Customer 5427,EAST,20,2024-01-15
5428,Customer 5428,EAST,N/A,2024-01-15
5429,Customer 5429,EAST,20,2024-01-15
5430,Customer 5430,North,10,2024-01-15
5431,Customer 5431,South,10,2024-01-15
5432,Customer 5432,South,10,31/02/2024
5433,Customer 5433,east,N/A,2024-01-15
5434,  Customer 5434  ,EAST,10,2024-01-15
5435,Customer 5435,South,-999999,2024-01-15
5436,Customer 5436,east,10,2024-01-15
5437,Customer 5437,east,"1,000",2024-01-15
5438,Customer 5438,West,20,2024-01-15
5439,Customer 5439,EAST,N/A,31/02/2024
5440,Customer 5440,east,20,2024-01-15
5441,Customer 5441,North,N/A,2024-01-15
5442,Customer 5442,EAST,N/A,2024-01-15
5443,Customer 5443,West,10,2024-01-15
5444,Customer 5444,South,20,2024-01-15
5445,Customer 5445,West,10,2024-01-15
5446,Customer 5446,east,"1,000",31/02/2024
5447,  Customer 5447  ,EAST,20,2024-01-15
5448,Customer 5448,West,N/A,2024-01-15
5449,Customer 5449,South,10,2024-01-15
5450,Customer 5450,South,10,2024-01-15
5451,Customer 5451,North,"1,000",2024-01-15
5452,Customer 5452,South,N/A,2024-01-15
5453,Customer 5453,unknown,"1,000",31/02/2024
5454,Customer 5454,unknown,20,2024-01-15
5455,Customer 5455,South,10,2024-01-15
5456,Customer 5456,South,20,2024-01-15
5457,Customer 5457,unknown,20,2024-01-15
5458,Customer 5458,West,20,2024-01-15
5459,Customer 5459,South,20,2024-01-15
5460,  Customer 5460  ,east,"1,000",31/02/2024
5461,Customer 5461,West,"1,000",2024-01-15
5462,Customer 5462,South,-999999,2024-01-15
5463,Customer 5463,South,"1,000",2024-01-15
5464,Customer 5464,West,-999999,2024-01-15
5465,Customer 5465,South,"1,000",2024-01-15
5466,Customer 5466,EAST,20,2024-01-15
5467,Customer 5467,West,-999999,31/02/2024
5468,Customer 5468,unknown,20,2024-01-15
5469,Customer 5469,West,10,2024-01-15
5470,Customer 5470,South,"1,000",2024-01-15
5471,Customer 5471,South,"1,000",2024-01-15
5472,Customer 5472,EAST,20,2024-01-15
5473,  Customer 5473  ,EAST,20,2024-01-15
5474,Customer 5474,east,10,31/02/2024
5475,Customer 5475,EAST,10,2024-01-15
5476,Customer 5476,EAST,20,2024-01-15
5477,Customer 5477,West,20,2024-01-15
5478,Customer 5478,EAST,"1,000",2024-01-15
5479,Customer 5479,North,-999999,2024-01-15
5480,Customer 5480,South,10,2024-01-15
5481,Customer 5481,West,20,31/02/2024
5482,Customer 5482,South,"1,000",2024-01-15
5483,Customer 5483,West,N/A,2024-01-15
5484,Customer 5484,east,-999999,2024-01-15
5485,Customer 5485,North,10,2024-01-15
5486,  Customer 5486  ,EAST,-999999,2024-01-15
5487,Customer 5487,EAST,10,2024-01-15
5488,Customer 5488,EAST,20,31/02/2024
5489,Customer 5489,West,20,2024-01-15
5490,Customer 5490,North,10,2024-01-15
5491,Customer 5491,unknown,N/A,2024-01-15
5492,Customer 5492,South,10,2024-01-15
5493,Customer 5493,unknown,20,2024-01-15
5494,Customer 5494,unknown,20,2024-01-15
5495,Customer 5495,West,-999999,31/02/2024
5496,Customer 5496,unknown,N/A,2024-01-15
5497,Customer 5497,West,20,2024-01-15
5498,Customer 5498,east,20,2024-01-15
5499,  Customer 5499  ,EAST,N/A,2024-01-15
5499,Customer 5500,North,"1,000",2024-01-15
5501,Customer 5501,North,-999999,2024-01-15
5502,Customer 5502,unknown,"1,000",31/02/2024
5503,Customer 5503,east,-999999,2024-01-15
5504,Customer 5504,east,10,2024-01-15
5505,Customer 5505,South,10,2024-01-15
5506,Customer 5506,North,-999999,2024-01-15
5507,Customer 5507,unknown,N/A,2024-01-15
5508,Customer 5508,unknown,20,2024-01-15
5509,Customer 5509,South,"1,000",31/02/2024
5510,Customer 5510,North,"1,000",2024-01-15
5511,Customer 5511,EAST,-999999,2024-01-15
5512,  Customer 5512  ,North,"1,000",2024-01-15
5513,Customer 5513,unknown,20,2024-01-15
5514,Customer 5514,South,"1,000",2024-01-15
5515,Customer 5515,EAST,N/A,2024-01-15
5516,Customer 5516,unknown,"1,000",31/02/2024
5517,Customer 5517,South,-999999,2024-01-15
5518,Customer 5518,east,10,2024-01-15
5519,Customer 5519,West,-999999,2024-01-15
5520,Customer 5520,east,20,2024-01-15
5521,Customer 5521,South,"1,000",2024-01-15
5522,Customer 5522,EAST,20,2024-01-15
5523,Customer 5523,South,-999999,31/02/2024
5524,Customer 5524,unknown,-999999,2024-01-15
5525,  Customer 5525  ,South,10,2024-01-15
5526,Customer 5526,South,-999999,2024-01-15
5527,Customer 5527,North,-999999,2024-01-15
5528,Customer 5528,North,10,2024-01-15
5529,Customer 5529,South,20,2024-01-15
5530,Customer 5530,South,-999999,31/02/2024
5531,Customer 5531,EAST,"1,000",2024-01-15
5532,Customer 5532,North,"1,000",2024-01-15
5533,Customer 5533,EAST,N/A,2024-01-15
5534,Customer 5534,EAST,"1,000",2024-01-15
5535,Customer 5535,unknown,N/A,2024-01-15
5536,Customer 5536,EAST,20,2024-01-15
5537,Customer 5537,North,10,31/02/2024
5538,  Customer 5538  ,east,N/A,2024-01-15
5539,Customer 5539,EAST,-999999,2024-01-15
5540,Customer 5540,North,N/A,2024-01-15
5541,Customer 5541,West,N/A,2024-01-15
5542,Customer 5542,North,20,2024-01-15
5543,Customer 5543,North,10,2024-01-15
5544,Customer 5544,EAST,20,31/02/2024
5545,Customer 5545,EAST,N/A,2024-01-15
5546,Customer 5546,EAST,10,2024-01-15
5547,Customer 5547,unknown,10,2024-01-15
5548,Customer 5548,east,-999999,2024-01-15
5549,Customer 5549,EAST,20,2024-01-15
5550,Customer 5550,EAST,20,2024-01-15
5551,  Customer 5551  ,unknown,20,31/02/2024
5552,Customer 5552,EAST,N/A,2024-01-15
5553,Customer 5553,unknown,10,2024-01-15
5554,Customer 5554,West,-999999,2024-01-15
5555,Customer 5555,east,-999999,2024-01-15
5556,Customer 5556,North,20,2024-01-15
5557,Customer 5557,east,10,2024-01-15
5558,Customer 5558,West,10,31/02/2024
5559,Customer 5559,EAST,20,2024-01-15
5560,Customer 5560,West,20,2024-01-15
5561,Customer 5561,unknown,"1,000",2024-01-15
5562,Customer 5562,North,20,2024-01-15
5563,Customer 5563,east,10,2024-01-15
5564,  Customer 5564  ,West,10,2024-01-15
5565,Customer 5565,West,10,31/02/2024
5566,Customer 5566,unknown,10,2024-01-15
5567,Customer 5567,EAST,20,2024-01-15
5568,Customer 5568,North,20,2024-01-15
5569,Customer 5569,unknown,10,2024-01-15
5570,Customer 5570,South,20,2024-01-15
5571,Customer 5571,West,20,2024-01-15
5572,Customer 5572,EAST,10,31/02/2024
5573,Customer 5573,EAST,20,2024-01-15
5574,Customer 5574,unknown,20,2024-01-15
5575,Customer 5575,east,20,2024-01-15
5576,Customer 5576,West,10,2024-01-15
5577,  Customer 5577  ,east,"1,000",2024-01-15
5578,Customer 5578,North,-999999,2024-01-15
5579,Customer 5579,unknown,N/A,31/02/2024
5580,Customer 5580,South,10,2024-01-15
5581,Customer 5581,West,-999999,2024-01-15
5582,Customer 5582,South,-999999,2024-01-15
5583,Customer 5583,east,-999999,2024-01-15
5584,Customer 5584,east,20,2024-01-15
5585,Customer 5585,North,N/A,2024-01-15
5586,Customer 5586,West,10,31/02/2024
5587,Customer 5587,West,"1,000",2024-01-15
5588,Customer 5588,West,-999999,2024-01-15
5589,Customer 5589,West,-999999,2024-01-15
5590,  Customer 5590  ,West,"1,000",2024-01-15
5591,Customer 5591,South,10,2024-01-15
5592,Customer 5592,east,20,2024-01-15
5593,Customer 5593,North,N/A,31/02/2024
5594,Customer 5594,South,N/A,2024-01-15
5595,Customer 5595,unknown,-999999,2024-01-15
5596,Customer 5596,EAST,10,2024-01-15
5597,Customer 5597,South,10,2024-01-15
5598,Customer 5598,South,10,2024-01-15
5599,Customer 5599,EAST,20,2024-01-15
5600,Customer 5600,South,20,31/02/2024
5601,Customer 5601,West,20,2024-01-15
5602,Customer 5602,east,20,2024-01-15
5603,  Customer 5603  ,South,"1,000",2024-01-15
5604,Customer 5604,North,"1,000",2024-01-15
5605,Customer 5605,east,N/A,2024-01-15
5606,Customer 5606,North,10,2024-01-15
5607,Customer 5607,North,20,31/02/2024
5608,Customer 5608,West,10,2024-01-15
5609,Customer 5609,North,20,2024-01-15
5610,Customer 5610,South,N/A,2024-01-15
5611,Customer 5611,North,"1,000",2024-01-15
5612,Customer 5612,EAST,20,2024-01-15
5613,Customer 5613,EAST,10,2024-01-15
5614,Customer 5614,North,10,31/02/2024
5615,Customer 5615,North,20,2024-01-15
5616,  Customer 5616  ,North,10,2024-01-15
5617,Customer 5617,EAST,N/A,2024-01-15
5618,Customer 5618,EAST,"1,000",2024-01-15
5619,Customer 5619,unknown,N/A,2024-01-15
5620,Customer 5620,West,-999999,2024-01-15
5621,Customer 5621,West,10,31/02/2024
5622,Customer 5622,West,"1,000",2024-01-15
5623,Customer 5623,South,20,2024-01-15
5624,Customer 5624,West,N/A,2024-01-15
5625,Customer 5625,EAST,-999999,2024-01-15
5626,Customer 5626,east,10,2024-01-15
5627,Customer 5627,unknown,"1,000",2024-01-15
5628,Customer 5628,EAST,-999999,31/02/2024
5629,  Customer 5629  ,unknown,20,2024-01-15
5630,Customer 5630,South,-999999,2024-01-15
5631,Customer 5631,South,20,2024-01-15
5632,Customer 5632,east,10,2024-01-15
5633,Customer 5633,EAST,20,2024-01-15
5634,Customer 5634,North,10,2024-01-15
5635,Customer 5635,unknown,N/A,31/02/2024
5636,Customer 5636,West,10,2024-01-15
5637,Customer 5637,West,N/A,2024-01-15
5638,Customer 5638,South,20,2024-01-15
5639,Customer 5639,West,20,2024-01-15
5640,Customer 5640,east,"1,000",2024-01-15
5641,Customer 5641,unknown,20,2024-01-15
5642,  Customer 5642  ,South,N/A,31/02/2024
5643,Customer 5643,EAST,-999999,2024-01-15
5644,Customer 5644,EAST,20,2024-01-15
5645,Customer 5645,east,N/A,2024-01-15
5646,Customer 5646,east,N/A,2024-01-15
5647,Customer 5647,east,20,2024-01-15
5648,Customer 5648,east,10,2024-01-15
5649,Customer 5649,unknown,"1,000",31/02/2024
5650,Customer 5650,unknown,20,2024-01-15
5651,Customer 5651,South,"1,000",2024-01-15
5652,Customer 5652,South,N/A,2024-01-15
5653,Customer 5653,West,"1,000",2024-01-15
5654,Customer 5654,West,N/A,2024-01-15
5655,  Customer 5655  ,South,20,2024-01-15
5656,Customer 5656,South,-999999,31/02/2024
5657,Customer 5657,unknown,N/A,2024-01-15
5658,Customer 5658,unknown,N/A,2024-01-15
5659,Customer 5659,east,-999999,2024-01-15
5660,Customer 5660,east,20,2024-01-15
5661,Customer 5661,North,N/A,2024-01-15
5662,Customer 5662,West,10,2024-01-15
5663,Customer 5663,EAST,"1,000",31/02/2024
5664,Customer 5664,east,-999999,2024-01-15
5665,Customer 5665,South,N/A,2024-01-15
5666,Customer 5666,unknown,20,2024-01-15
5667,Customer 5667,North,"1,000",2024-01-15
5668,  Customer 5668  ,West,10,2024-01-15
5669,Customer 5669,West,"1,000",2024-01-15
5670,Customer 5670,North,10,31/02/2024
5671,Customer 5671,South,20,2024-01-15
5672,Customer 5672,North,N/A,2024-01-15
5673,Customer 5673,east,20,2024-01-15
5674,Customer 5674,EAST,-999999,2024-01-15
5675,Customer 5675,east,"1,000",2024-01-15
5676,Customer 5676,EAST,-999999,2024-01-15
5677,Customer 5677,unknown,10,31/02/2024
5678,Customer 5678,unknown,"1,000",2024-01-15
5679,Customer 5679,EAST,N/A,2024-01-15
5680,Customer 5680,EAST,"1,000",2024-01-15
5681,  Customer 5681  ,east,10,2024-01-15
5682,Customer 5682,unknown,"1,000",2024-01-15
5683,Customer 5683,east,10,2024-01-15
5684,Customer 5684,east,-999999,31/02/2024
5685,Customer 5685,EAST,10,2024-01-15
5686,Customer 5686,unknown,N/A,2024-01-15
5687,Customer 5687,EAST,-999999,2024-01-15
5688,Customer 5688,South,-999999,2024-01-15
5689,Customer 5689,east,20,2024-01-15
5690,Customer 5690,unknown,"1,000",2024-01-15
5691,Customer 5691,EAST,20,31/02/2024
5692,Customer 5692,West,20,2024-01-15
5693,Customer 5693,North,N/A,2024-01-15
5694,  Customer 5694  ,West,20,2024-01-15
5695,Customer 5695,North,10,2024-01-15
5696,Customer 5696,unknown,"1,000",2024-01-15
5697,Customer 5697,North,20,2024-01-15
5698,Customer 5698,east,-999999,31/02/2024
5699,Customer 5699,EAST,-999999,2024-01-15
5700,Customer 5700,West,20,2024-01-15
5701,Customer 5701,unknown,N/A,2024-01-15
5702,Customer 5702,North,20,2024-01-15
5703,Customer 5703,North,N/A,2024-01-15
5704,Customer 5704,North,10,2024-01-15
5705,Customer 5705,unknown,10,31/02/2024
5706,Customer 5706,South,-999999,2024-01-15
5707,  Customer 5707  ,east,"1,000",2024-01-15
5708,Customer 5708,West,N/A,2024-01-15
5709,Customer 5709,North,N/A,2024-01-15
5710,Customer 5710,east,20,2024-01-15
5711,Customer 5711,unknown,N/A,2024-01-15
5712,Customer 5712,North,"1,000",31/02/2024
5713,Customer 5713,EAST,"1,000",2024-01-15
5714,Customer 5714,EAST,N/A,2024-01-15
5715,Customer 5715,South,N/A,2024-01-15
5716,Customer 5716,east,"1,000",2024-01-15
5717,Customer 5717,east,10,2024-01-15
5718,Customer 5718,North,-999999,2024-01-15
5719,Customer 5719,West,"1,000",31/02/2024
5720,  Customer 5720  ,South,"1,000",2024-01-15
5721,Customer 5721,unknown,20,2024-01-15
5722,Customer 5722,unknown,10,2024-01-15
5723,Customer 5723,West,"1,000",2024-01-15
5724,Customer 5724,east,-999999,2024-01-15
5725,Customer 5725,North,N/A,2024-01-15
5726,Customer 5726,east,10,31/02/2024
5727,Customer 5727,unknown,-999999,2024-01-15
5728,Customer 5728,EAST,-999999,2024-01-15
5729,Customer 5729,North,-999999,2024-01-15
5730,Customer 5730,West,"1,000",2024-01-15
5731,Customer 5731,North,N/A,2024-01-15
5732,Customer 5732,South,10,2024-01-15
5733,  Customer 5733  ,South,-999999,31/02/2024
5734,Customer 5734,EAST,N/A,2024-01-15
5735,Customer 5735,unknown,-999999,2024-01-15
5736,Customer 5736,EAST,N/A,2024-01-15
5737,Customer 5737,EAST,-999999,2024-01-15
5738,Customer 5738,North,-999999,2024-01-15
5739,Customer 5739,east,"1,000",2024-01-15
5740,Customer 5740,east,-999999,31/02/2024
5741,Customer 5741,North,-999999,2024-01-15
5742,Customer 5742,unknown,20,2024-01-15
5743,Customer 5743,North,10,2024-01-15
5744,Customer 5744,EAST,"1,000",2024-01-15
5745,Customer 5745,east,20,2024-01-15
5746,  Customer 5746  ,North,20,2024-01-15
5747,Customer 5747,West,-999999,31/02/2024
5748,Customer 5748,South,10,2024-01-15
5749,Customer 5749,West,-999999,2024-01-15
5750,Customer 5750,West,20,2024-01-15
5751,Customer 5751,EAST,10,2024-01-15
5752,Customer 5752,South,10,2024-01-15
5753,Customer 5753,east,N/A,2024-01-15
5754,Customer 5754,South,10,31/02/2024
5755,Customer 5755,unknown,20,2024-01-15
5756,Customer 5756,EAST,10,2024-01-15
5757,Customer 5757,EAST,20,2024-01-15
5758,Customer 5758,South,N/A,2024-01-15
5759,  Customer 5759  ,east,"1,000",2024-01-15
5760,Customer 5760,West,"1,000",2024-01-15
5761,Customer 5761,EAST,N/A,31/02/2024
5762,Customer 5762,east,10,2024-01-15
5763,Customer 5763,North,N/A,2024-01-15
5764,Customer 5764,EAST,-999999,2024-01-15
5765,Customer 5765,North,-999999,2024-01-15
5766,Customer 5766,EAST,N/A,2024-01-15
5767,Customer 5767,east,-999999,2024-01-15
5768,Customer 5768,east,10,31/02/2024
5769,Customer 5769,unknown,20,2024-01-15
5770,Customer 5770,North,20,2024-01-15
5771,Customer 5771,east,10,2024-01-15
5772,  Customer 5772  ,EAST,-999999,2024-01-15
5773,Customer 5773,east,N/A,2024-01-15
5774,Customer 5774,unknown,"1,000",2024-01-15
5775,Customer 5775,North,N/A,31/02/2024
5776,Customer 5776,South,-999999,2024-01-15
5777,Customer 5777,EAST,10,2024-01-15
5778,Customer 5778,South,20,2024-01-15
5779,Customer 5779,West,"1,000",2024-01-15
5780,Customer 5780,east,"1,000",2024-01-15
5781,Customer 5781,east,20,2024-01-15
5782,Customer 5782,South,10,31/02/2024
5783,Customer 5783,east,-999999,2024-01-15
5784,Customer 5784,South,-999999,2024-01-15
5785,  Customer 5785  ,North,-999999,2024-01-15
5786,Customer 5786,east,N/A,2024-01-15
5787,Customer 5787,east,10,2024-01-15
5788,Customer 5788,east,20,2024-01-15
5789,Customer 5789,EAST,"1,000",31/02/2024
5790,Customer 5790,South,N/A,2024-01-15
5791,Customer 5791,unknown,N/A,2024-01-15
5792,Customer 5792,unknown,N/A,2024-01-15
5793,Customer 5793,east,-999999,2024-01-15
5794,Customer 5794,unknown,N/A,2024-01-15
5795,Customer 5795,unknown,-999999,2024-01-15
5796,Customer 5796,South,20,31/02/2024
5797,Customer 5797,east,20,2024-01-15
5798,  Customer 5798  ,North,-999999,2024-01-15
5799,Customer 5799,West,10,2024-01-15
5800,Customer 5800,east,10,2024-01-15
5801,Customer 5801,east,-999999,2024-01-15
5802,Customer 5802,unknown,20,2024-01-15
5803,Customer 5803,unknown,10,31/02/2024
5804,Customer 5804,South,10,2024-01-15
5805,Customer 5805,unknown,"1,000",2024-01-15
5806,Customer 5806,unknown,"1,000",2024-01-15
5807,Customer 5807,EAST,N/A,2024-01-15
5808,Customer 5808,east,N/A,2024-01-15
5809,Customer 5809,east,"1,000",2024-01-15
5810,Customer 5810,east,10,31/02/2024
5811,  Customer 5811  ,EAST,N/A,2024-01-15
5812,Customer 5812,West,-999999,2024-01-15
5813,Customer 5813,EAST,"1,000",2024-01-15
5814,Customer 5814,West,10,2024-01-15
5815,Customer 5815,unknown,"1,000",2024-01-15
5816,Customer 5816,North,N/A,2024-01-15
5817,Customer 5817,unknown,"1,000",31/02/2024
5818,Customer 5818,east,20,2024-01-15
5819,Customer 5819,unknown,10,2024-01-15
5820,Customer 5820,unknown,-999999,2024-01-15
5821,Customer 5821,east,20,2024-01-15
5822,Customer 5822,east,-999999,2024-01-15
5823,Customer 5823,east,-999999,2024-01-15
5824,  Customer 5824  ,West,10,31/02/2024
5825,Customer 5825,unknown,"1,000",2024-01-15
5826,Customer 5826,South,20,2024-01-15
5827,Customer 5827,EAST,"1,000",2024-01-15
5828,Customer 5828,North,N/A,2024-01-15
5829,Customer 5829,West,-999999,2024-01-15
5830,Customer 5830,east,10,2024-01-15
5831,Customer 5831,east,20,31/02/2024
5832,Customer 5832,South,10,2024-01-15
5833,Customer 5833,EAST,-999999,2024-01-15
5834,Customer 5834,EAST,20,2024-01-15
5835,Customer 5835,unknown,"1,000",2024-01-15
5836,Customer 5836,east,10,2024-01-15
5837,  Customer 5837  ,South,-999999,2024-01-15
5838,Customer 5838,West,"1,000",31/02/2024
5839,Customer 5839,North,N/A,2024-01-15
5840,Customer 5840,North,N/A,2024-01-15
5841,Customer 5841,North,20,2024-01-15
5842,Customer 5842,South,10,2024-01-15
5843,Customer 5843,South,10,2024-01-15
5844,Customer 5844,east,"1,000",2024-01-15
5845,Customer 5845,South,"1,000",31/02/2024
5846,Customer 5846,EAST,-999999,2024-01-15
5847,Customer 5847,North,N/A,2024-01-15
5848,Customer 5848,South,-999999,2024-01-15
5849,Customer 5849,EAST,N/A,2024-01-15
5850,  Customer 5850  ,EAST,"1,000",2024-01-15
5851,Customer 5851,unknown,-999999,2024-01-15
5852,Customer 5852,EAST,-999999,31/02/2024
5853,Customer 5853,North,10,2024-01-15
5854,Customer 5854,West,"1,000",2024-01-15
5855,Customer 5855,unknown,N/A,2024-01-15
5856,Customer 5856,east,20,2024-01-15
5857,Customer 5857,EAST,-999999,2024-01-15
5858,Customer 5858,east,10,2024-01-15
5859,Customer 5859,North,10,31/02/2024
5860,Customer 5860,South,N/A,2024-01-15
5861,Customer 5861,unknown,20,2024-01-15
5862,Customer 5862,unknown,10,2024-01-15
5863,  Customer 5863  ,east,-999999,2024-01-15
5864,Customer 5864,unknown,"1,000",2024-01-15
5865,Customer 5865,unknown,-999999,2024-01-15
5866,Customer 5866,South,10,31/02/2024
5867,Customer 5867,South,10,2024-01-15
5868,Customer 5868,West,20,2024-01-15
5869,Customer 5869,unknown,-999999,2024-01-15
5870,Customer 5870,east,"1,000",2024-01-15
5871,Customer 5871,EAST,N/A,2024-01-15
5872,Customer 5872,east,"1,000",2024-01-15
5873,Customer 5873,North,10,31/02/2024
5874,Customer 5874,North,10,2024-01-15
5875,Customer 5875,North,"1,000",2024-01-15
5876,  Customer 5876  ,North,20,2024-01-15
5877,Customer 5877,North,10,2024-01-15
5878,Customer 5878,EAST,10,2024-01-15
5879,Customer 5879,West,N/A,2024-01-15
5880,Customer 5880,West,20,31/02/2024
5881,Customer 5881,South,"1,000",2024-01-15
5882,Customer 5882,EAST,20,2024-01-15
5883,Customer 5883,West,-999999,2024-01-15
5884,Customer 5884,EAST,-999999,2024-01-15
5885,Customer 5885,North,10,2024-01-15
5886,Customer 5886,South,N/A,2024-01-15
5887,Customer 5887,unknown,N/A,31/02/2024
5888,Customer 5888,east,20,2024-01-15
5889,  Customer 5889  ,east,N/A,2024-01-15
5890,Customer 5890,West,"1,000",2024-01-15
5891,Customer 5891,North,N/A,2024-01-15
5892,Customer 5892,West,N/A,2024-01-15
5893,Customer 5893,EAST,20,2024-01-15
5894,Customer 5894,West,20,31/02/2024
5895,Customer 5895,South,-999999,2024-01-15
5896,Customer 5896,South,"1,000",2024-01-15
5897,Customer 5897,North,-999999,2024-01-15
5898,Customer 5898,EAST,N/A,2024-01-15
5899,Customer 5899,unknown,10,2024-01-15
5900,Customer 5900,unknown,-999999,2024-01-15
5901,Customer 5901,North,"1,000",31/02/2024
5902,  Customer 5902  ,EAST,"1,000",2024-01-15
5903,Customer 5903,EAST,20,2024-01-15
5904,Customer 5904,South,10,2024-01-15
5905,Customer 5905,West,N/A,2024-01-15
5906,Customer 5906,West,N/A,2024-01-15
5907,Customer 5907,east,N/A,2024-01-15
5908,Customer 5908,West,20,31/02/2024
5909,Customer 5909,EAST,"1,000",2024-01-15
5910,Customer 5910,east,10,2024-01-15
5911,Customer 5911,unknown,20,2024-01-15
5912,Customer 5912,EAST,N/A,2024-01-15
5913,Customer 5913,West,"1,000",2024-01-15
5914,Customer 5914,east,-999999,2024-01-15
5915,  Customer 5915  ,South,"1,000",31/02/2024
5916,Customer 5916,unknown,20,2024-01-15
5917,Customer 5917,West,20,2024-01-15
5918,Customer 5918,South,20,2024-01-15
5919,Customer 5919,unknown,N/A,2024-01-15
5920,Customer 5920,North,10,2024-01-15
5921,Customer 5921,South,N/A,2024-01-15
5922,Customer 5922,West,20,31/02/2024
5923,Customer 5923,South,N/A,2024-01-15
5924,Customer 5924,unknown,20,2024-01-15
5925,Customer 5925,EAST,20,2024-01-15
5926,Customer 5926,North,-999999,2024-01-15
5927,Customer 5927,West,"1,000",2024-01-15
5928,  Customer 5928  ,South,20,2024-01-15
5929,Customer 5929,EAST,20,31/02/2024
5930,Customer 5930,South,-999999,2024-01-15
5931,Customer 5931,North,N/A,2024-01-15
5932,Customer 5932,unknown,10,2024-01-15
5933,Customer 5933,West,20,2024-01-15
5934,Customer 5934,South,20,2024-01-15
5935,Customer 5935,South,"1,000",2024-01-15
5936,Customer 5936,EAST,"1,000",31/02/2024
5937,Customer 5937,West,10,2024-01-15
5938,Customer 5938,EAST,N/A,2024-01-15
5939,Customer 5939,South,20,2024-01-15
5940,Customer 5940,EAST,10,2024-01-15
5941,  Customer 5941  ,North,N/A,2024-01-15
5942,Customer 5942,east,10,2024-01-15
5943,Customer 5943,unknown,"1,000",31/02/2024
5944,Customer 5944,east,20,2024-01-15
5945,Customer 5945,EAST,N/A,2024-01-15
5946,Customer 5946,east,-999999,2024-01-15
5947,Customer 5947,EAST,10,2024-01-15
5948,Customer 5948,east,N/A,2024-01-15
5949,Customer 5949,South,"1,000",2024-01-15
5950,Customer 5950,North,-999999,31/02/2024
5951,Customer 5951,South,N/A,2024-01-15
5952,Customer 5952,east,-999999,2024-01-15
5953,Customer 5953,South,10,2024-01-15
5954,  Customer 5954  ,South,"1,000",2024-01-15
5955,Customer 5955,EAST,N/A,2024-01-15
5956,Customer 5956,North,N/A,2024-01-15
5957,Customer 5957,unknown,10,31/02/2024
5958,Customer 5958,east,-999999,2024-01-15
5959,Customer 5959,east,10,2024-01-15
5960,Customer 5960,West,20,2024-01-15
5961,Customer 5961,North,10,2024-01-15
5962,Customer 5962,North,10,2024-01-15
5963,Customer 5963,east,-999999,2024-01-15
5964,Customer 5964,West,10,31/02/2024
5965,Customer 5965,North,"1,000",2024-01-15
5966,Customer 5966,South,N/A,2024-01-15
5967,  Customer 5967  ,EAST,N/A,2024-01-15
5968,Customer 5968,North,N/A,2024-01-15
5969,Customer 5969,North,-999999,2024-01-15
5970,Customer 5970,West,"1,000",2024-01-15
5971,Customer 5971,EAST,10,31/02/2024
5972,Customer 5972,EAST,10,2024-01-15
5973,Customer 5973,North,"1,000",2024-01-15
5974,Customer 5974,EAST,N/A,2024-01-15
5975,Customer 5975,North,-999999,2024-01-15
5976,Customer 5976,east,20,2024-01-15
5977,Customer 5977,South,-999999,2024-01-15
5978,Customer 5978,EAST,-999999,31/02/2024
5979,Customer 5979,unknown,"1,000",2024-01-15
5980,  Customer 5980  ,unknown,"1,000",2024-01-15
5981,Customer 5981,unknown,-999999,2024-01-15
5982,Customer 5982,EAST,"1,000",2024-01-15
5983,Customer 5983,South,-999999,2024-01-15
5984,Customer 5984,unknown,10,2024-01-15
5985,Customer 5985,South,10,31/02/2024
5986,Customer 5986,North,10,2024-01-15
5987,Customer 5987,east,-999999,2024-01-15
5988,Customer 5988,unknown,20,2024-01-15
5989,Customer 5989,West,20,2024-01-15
5990,Customer 5990,West,-999999,2024-01-15
5991,Customer 5991,EAST,10,2024-01-15
5992,Customer 5992,east,-999999,31/02/2024
5993,  Customer 5993  ,unknown,"1,000",2024-01-15
5994,Customer 5994,east,"1,000",2024-01-15
5995,Customer 5995,South,20,2024-01-15
5996,Customer 5996,EAST,"1,000",2024-01-15
5997,Customer 5997,EAST,20,2024-01-15
5998,Customer 5998,South,N/A,2024-01-15
5999,Customer 5999,South,10,31/02/2024
5999,Customer 6000,North,20,2024-01-15
6001,Customer 6001,unknown,10,2024-01-15
6002,Customer 6002,West,-999999,2024-01-15
6003,Customer 6003,unknown,10,2024-01-15
6004,Customer 6004,West,20,2024-01-15
6005,Customer 6005,EAST,"1,000",2024-01-15
6006,  Customer 6006  ,EAST,20,31/02/2024
6007,Customer 6007,EAST,10,2024-01-15
6008,Customer 6008,EAST,N/A,2024-01-15
6009,Customer 6009,unknown,-999999,2024-01-15
6010,Customer 6010,EAST,"1,000",2024-01-15
6011,Customer 6011,North,"1,000",2024-01-15
6012,Customer 6012,North,-999999,2024-01-15
6013,Customer 6013,unknown,"1,000",31/02/2024
6014,Customer 6014,North,-999999,2024-01-15
6015,Customer 6015,EAST,10,2024-01-15
6016,Customer 6016,unknown,10,2024-01-15
6017,Customer 6017,EAST,-999999,2024-01-15
6018,Customer 6018,North,N/A,2024-01-15
6019,  Customer 6019  ,West,"1,000",2024-01-15
6020,Customer 6020,EAST,-999999,31/02/2024
6021,Customer 6021,unknown,N/A,2024-01-15
6022,Customer 6022,unknown,-999999,2024-01-15
6023,Customer 6023,unknown,-999999,2024-01-15
6024,Customer 6024,West,20,2024-01-15
6025,Customer 6025,North,"1,000",2024-01-15
6026,Customer 6026,east,20,2024-01-15
6027,Customer 6027,EAST,10,31/02/2024
6028,Customer 6028,North,20,2024-01-15
6029,Customer 6029,east,20,2024-01-15
6030,Customer 6030,east,"1,000",2024-01-15
6031,Customer 6031,east,20,2024-01-15
6032,  Customer 6032  ,unknown,-999999,2024-01-15
6033,Customer 6033,West,20,2024-01-15
6034,Customer 6034,North,20,31/02/2024
6035,Customer 6035,east,10,2024-01-15
6036,Customer 6036,unknown,-999999,2024-01-15
6037,Customer 6037,unknown,-999999,2024-01-15
6038,Customer 6038,South,N/A,2024-01-15
6039,Customer 6039,east,20,2024-01-15
6040,Customer 6040,South,N/A,2024-01-15
6041,Customer 6041,North,10,31/02/2024
6042,Customer 6042,unknown,10,2024-01-15
6043,Customer 6043,West,N/A,2024-01-15
6044,Customer 6044,North,20,2024-01-15
6045,  Customer 6045  ,unknown,"1,000",2024-01-15
6046,Customer 6046,West,-999999,2024-01-15
6047,Customer 6047,West,N/A,2024-01-15
6048,Customer 6048,North,N/A,31/02/2024
6049,Customer 6049,South,"1,000",2024-01-15
6050,Customer 6050,unknown,N/A,2024-01-15
6051,Customer 6051,east,-999999,2024-01-15
6052,Customer 6052,South,20,2024-01-15
6053,Customer 6053,South,N/A,2024-01-15
6054,Customer 6054,South,20,2024-01-15
6055,Customer 6055,EAST,20,31/02/2024
6056,Customer 6056,east,-999999,2024-01-15
6057,Customer 6057,West,10,2024-01-15
6058,  Customer 6058  ,EAST,N/A,2024-01-15
6059,Customer 6059,east,10,2024-01-15
6060,Customer 6060,east,20,2024-01-15
6061,Customer 6061,North,-999999,2024-01-15
6062,Customer 6062,east,-999999,31/02/2024
6063,Customer 6063,North,"1,000",2024-01-15
6064,Customer 6064,South,10,2024-01-15
6065,Customer 6065,EAST,10,2024-01-15
6066,Customer 6066,east,10,2024-01-15
6067,Customer 6067,South,N/A,2024-01-15
6068,Customer 6068,east,20,2024-01-15
6069,Customer 6069,unknown,"1,000",31/02/2024
6070,Customer 6070,EAST,N/A,2024-01-15
6071,  Customer 6071  ,unknown,-999999,2024-01-15
6072,Customer 6072,EAST,20,2024-01-15
6073,Customer 6073,West,N/A,2024-01-15
6074,Customer 6074,South,-999999,2024-01-15
6075,Customer 6075,West,N/A,2024-01-15
6076,Customer 6076,EAST,-999999,31/02/2024
6077,Customer 6077,North,"1,000",2024-01-15
6078,Customer 6078,South,10,2024-01-15
6079,Customer 6079,West,N/A,2024-01-15
6080,Customer 6080,North,10,2024-01-15
6081,Customer 6081,West,20,2024-01-15
6082,Customer 6082,West,-999999,2024-01-15
6083,Customer 6083,EAST,-999999,31/02/2024
6084,  Customer 6084  ,EAST,20,2024-01-15
6085,Customer 6085,east,-999999,2024-01-15
6086,Customer 6086,South,-999999,2024-01-15
6087,Customer 6087,West,10,2024-01-15
6088,Customer 6088,unknown,20,2024-01-15
6089,Customer 6089,EAST,20,2024-01-15
6090,Customer 6090,West,20,31/02/2024
6091,Customer 6091,North,20,2024-01-15
6092,Customer 6092,EAST,10,2024-01-15
6093,Customer 6093,North,"1,000",2024-01-15
6094,Customer 6094,east,20,2024-01-15
6095,Customer 6095,West,20,2024-01-15
6096,Customer 6096,unknown,20,2024-01-15
6097,  Customer 6097  ,West,20,31/02/2024
6098,Customer 6098,North,-999999,2024-01-15
6099,Customer 6099,EAST,20,2024-01-15
6100,Customer 6100,unknown,N/A,2024-01-15
6101,Customer 6101,east,-999999,2024-01-15
6102,Customer 6102,unknown,"1,000",2024-01-15
6103,Customer 6103,South,"1,000",2024-01-15
6104,Customer 6104,South,10,31/02/2024
6105,Customer 6105,east,N/A,2024-01-15
6106,Customer 6106,South,"1,000",2024-01-15
6107,Customer 6107,unknown,"1,000",2024-01-15
6108,Customer 6108,North,N/A,2024-01-15
6109,Customer 6109,EAST,"1,000",2024-01-15
6110,  Customer 6110  ,South,20,2024-01-15
6111,Customer 6111,South,20,31/02/2024
6112,Customer 6112,South,N/A,2024-01-15
6113,Customer 6113,West,"1,000",2024-01-15
6114,Customer 6114,North,N/A,2024-01-15
6115,Customer 6115,unknown,N/A,2024-01-15
6116,Customer 6116,South,"1,000",2024-01-15
6117,Customer 6117,east,"1,000",2024-01-15
6118,Customer 6118,EAST,20,31/02/2024
6119,Customer 6119,east,N/A,2024-01-15
6120,Customer 6120,North,-999999,2024-01-15
6121,Customer 6121,unknown,-999999,2024-01-15
6122,Customer 6122,east,"1,000",2024-01-15
6123,  Customer 6123  ,West,-999999,2024-01-15
6124,Customer 6124,North,N/A,2024-01-15
6125,Customer 6125,east,N/A,31/02/2024
6126,Customer 6126,unknown,20,2024-01-15
6127,Customer 6127,unknown,10,2024-01-15
6128,Customer 6128,West,10,2024-01-15
6129,Customer 6129,unknown,20,2024-01-15
6130,Customer 6130,South,N/A,2024-01-15
6131,Customer 6131,east,10,2024-01-15
6132,Customer 6132,West,-999999,31/02/2024
6133,Customer 6133,West,10,2024-01-15
6134,Customer 6134,South,10,2024-01-15
6135,Customer 6135,east,20,2024-01-15
6136,  Customer 6136  ,North,-999999,2024-01-15
6137,Customer 6137,South,20,2024-01-15
6138,Customer 6138,South,"1,000",2024-01-15
6139,Customer 6139,EAST,10,31/02/2024
6140,Customer 6140,South,20,2024-01-15
6141,Customer 6141,North,"1,000",2024-01-15
6142,Customer 6142,North,N/A,2024-01-15
6143,Customer 6143,North,N/A,2024-01-15
6144,Customer 6144,North,20,2024-01-15
6145,Customer 6145,South,-999999,2024-01-15
6146,Customer 6146,east,"1,000",31/02/2024
6147,Customer 6147,east,10,2024-01-15
6148,Customer 6148,North,-999999,2024-01-15
6149,  Customer 6149  ,South,"1,000",2024-01-15
6150,Customer 6150,West,20,2024-01-15
6151,Customer 6151,EAST,20,2024-01-15
6152,Customer 6152,West,N/A,2024-01-15
6153,Customer 6153,unknown,20,31/02/2024
6154,Customer 6154,EAST,-999999,2024-01-15
6155,Customer 6155,West,N/A,2024-01-15
6156,Customer 6156,North,10,2024-01-15
6157,Customer 6157,West,"1,000",2024-01-15
6158,Customer 6158,EAST,"1,000",2024-01-15
6159,Customer 6159,east,10,2024-01-15
6160,Customer 6160,South,10,31/02/2024
6161,Customer 6161,unknown,-999999,2024-01-15
6162,  Customer 6162  ,EAST,-999999,2024-01-15
6163,Customer 6163,unknown,20,2024-01-15
6164,Customer 6164,West,10,2024-01-15
6165,Customer 6165,South,-999999,2024-01-15
6166,Customer 6166,east,20,2024-01-15
6167,Customer 6167,unknown,10,31/02/2024
6168,Customer 6168,east,N/A,2024-01-15
6169,Customer 6169,South,N/A,2024-01-15
6170,Customer 6170,east,10,2024-01-15
6171,Customer 6171,South,-999999,2024-01-15
6172,Customer 6172,North,N/A,2024-01-15
6173,Customer 6173,North,-999999,2024-01-15
6174,Customer 6174,North,-999999,31/02/2024
6175,  Customer 6175  ,West,N/A,2024-01-15
6176,Customer 6176,EAST,N/A,2024-01-15
6177,Customer 6177,EAST,N/A,2024-01-15
6178,Customer 6178,unknown,"1,000",2024-01-15
6179,Customer 6179,North,N/A,2024-01-15
6180,Customer 6180,unknown,-999999,2024-01-15
6181,Customer 6181,unknown,20,31/02/2024
6182,Customer 6182,unknown,10,2024-01-15
6183,Customer 6183,North,20,2024-01-15
6184,Customer 6184,unknown,10,2024-01-15
6185,Customer 6185,east,10,2024-01-15
6186,Customer 6186,east,20,2024-01-15
6187,Customer 6187,West,-999999,2024-01-15
6188,  Customer 6188  ,North,-999999,31/02/2024
6189,Customer 6189,unknown,N/A,2024-01-15
6190,Customer 6190,North,10,2024-01-15
6191,Customer 6191,West,"1,000",2024-01-15
6192,Customer 6192,unknown,10,2024-01-15
6193,Customer 6193,West,N/A,2024-01-15
6194,Customer 6194,unknown,N/A,2024-01-15
6195,Customer 6195,South,10,31/02/2024
6196,Customer 6196,South,-999999,2024-01-15
6197,Customer 6197,east,10,2024-01-15
6198,Customer 6198,South,-999999,2024-01-15
6199,Customer 6199,South,10,2024-01-15
6200,Customer 6200,EAST,"1,000",2024-01-15
6201,  Customer 6201  ,east,-999999,2024-01-15
6202,Customer 6202,EAST,N/A,31/02/2024
6203,Customer 6203,West,20,2024-01-15
6204,Customer 6204,unknown,N/A,2024-01-15
6205,Customer 6205,North,"1,000",2024-01-15
6206,Customer 6206,North,20,2024-01-15
6207,Customer 6207,EAST,10,2024-01-15
6208,Customer 6208,unknown,10,2024-01-15
6209,Customer 6209,West,"1,000",31/02/2024
6210,Customer 6210,east,N/A,2024-01-15
6211,Customer 6211,unknown,"1,000",2024-01-15
6212,Customer 6212,South,"1,000",2024-01-15
6213,Customer 6213,South,-999999,2024-01-15
6214,  Customer 6214  ,North,20,2024-01-15
6215,Customer 6215,West,N/A,2024-01-15
6216,Customer 6216,North,N/A,31/02/2024
6217,Customer 6217,West,10,2024-01-15
6218,Customer 6218,West,20,2024-01-15
6219,Customer 6219,east,10,2024-01-15
6220,Customer 6220,North,"1,000",2024-01-15
6221,Customer 6221,West,"1,000",2024-01-15
6222,Customer 6222,West,"1,000",2024-01-15
6223,Customer 6223,North,"1,000",31/02/2024
6224,Customer 6224,West,N/A,2024-01-15
6225,Customer 6225,West,20,2024-01-15
6226,Customer 6226,West,10,2024-01-15
6227,  Customer 6227  ,EAST,20,2024-01-15
6228,Customer 6228,EAST,-999999,2024-01-15
6229,Customer 6229,EAST,10,2024-01-15
6230,Customer 6230,North,"1,000",31/02/2024
6231,Customer 6231,North,10,2024-01-15
6232,Customer 6232,east,20,2024-01-15
6233,Customer 6233,EAST,"1,000",2024-01-15
6234,Customer 6234,South,N/A,2024-01-15
6235,Customer 6235,North,20,2024-01-15
6236,Customer 6236,North,-999999,2024-01-15
6237,Customer 6237,South,20,31/02/2024
6238,Customer 6238,unknown,"1,000",2024-01-15
6239,Customer 6239,West,20,2024-01-15
6240,  Customer 6240  ,North,10,2024-01-15
6241,Customer 6241,east,"1,000",2024-01-15
6242,Customer 6242,North,20,2024-01-15
6243,Customer 6243,North,N/A,2024-01-15
6244,Customer 6244,EAST,N/A,31/02/2024
6245,Customer 6245,North,10,2024-01-15
6246,Customer 6246,North,"1,000",2024-01-15
6247,Customer 6247,EAST,"1,000",2024-01-15
6248,Customer 6248,South,10,2024-01-15
6249,Customer 6249,West,20,2024-01-15
6250,Customer 6250,North,"1,000",2024-01-15
6251,Customer 6251,EAST,N/A,31/02/2024
6252,Customer 6252,South,20,2024-01-15
6253,  Customer 6253  ,unknown,N/A,2024-01-15
6254,Customer 6254,South,-999999,2024-01-15
6255,Customer 6255,east,20,2024-01-15
6256,Customer 6256,West,N/A,2024-01-15
6257,Customer 6257,West,-999999,2024-01-15
6258,Customer 6258,EAST,"1,000",31/02/2024
6259,Customer 6259,West,N/A,2024-01-15
6260,Customer 6260,unknown,N/A,2024-01-15
6261,Customer 6261,east,-999999,2024-01-15
6262,Customer 6262,North,10,2024-01-15
6263,Customer 6263,east,N/A,2024-01-15
6264,Customer 6264,EAST,20,2024-01-15
6265,Customer 6265,EAST,-999999,31/02/2024
6266,  Customer 6266  ,EAST,-999999,2024-01-15
6267,Customer 6267,North,"1,000",2024-01-15
6268,Customer 6268,South,"1,000",2024-01-15
6269,Customer 6269,EAST,20,2024-01-15
6270,Customer 6270,North,20,2024-01-15
6271,Customer 6271,EAST,10,2024-01-15
6272,Customer 6272,EAST,"1,000",31/02/2024
6273,Customer 6273,West,-999999,2024-01-15
6274,Customer 6274,east,N/A,2024-01-15
6275,Customer 6275,east,10,2024-01-15
6276,Customer 6276,EAST,"1,000",2024-01-15
6277,Customer 6277,EAST,N/A,2024-01-15
6278,Customer 6278,North,-999999,2024-01-15
6279,  Customer 6279  ,EAST,"1,000",31/02/2024
6280,Customer 6280,South,10,2024-01-15
6281,Customer 6281,east,"1,000",2024-01-15
6282,Customer 6282,North,N/A,2024-01-15
6283,Customer 6283,North,-999999,2024-01-15
6284,Customer 6284,unknown,-999999,2024-01-15
6285,Customer 6285,EAST,"1,000",2024-01-15
6286,Customer 6286,unknown,10,31/02/2024
6287,Customer 6287,east,20,2024-01-15
6288,Customer 6288,North,10,2024-01-15
6289,Customer 6289,West,10,2024-01-15
6290,Customer 6290,unknown,"1,000",2024-01-15
6291,Customer 6291,unknown,10,2024-01-15
6292,  Customer 6292  ,east,N/A,2024-01-15
6293,Customer 6293,unknown,10,31/02/2024
6294,Customer 6294,North,N/A,2024-01-15
6295,Customer 6295,unknown,10,2024-01-15
6296,Customer 6296,South,10,2024-01-15
6297,Customer 6297,West,N/A,2024-01-15
6298,Customer 6298,North,"1,000",2024-01-15
6299,Customer 6299,West,"1,000",2024-01-15
6300,Customer 6300,West,10,31/02/2024
6301,Customer 6301,South,N/A,2024-01-15
6302,Customer 6302,South,"1,000",2024-01-15
6303,Customer 6303,east,10,2024-01-15
6304,Customer 6304,EAST,"1,000",2024-01-15
6305,  Customer 6305  ,unknown,-999999,2024-01-15
6306,Customer 6306,EAST,-999999,2024-01-15
6307,Customer 6307,West,20,31/02/2024
6308,Customer 6308,EAST,20,2024-01-15
6309,Customer 6309,North,20,2024-01-15
6310,Customer 6310,West,20,2024-01-15
6311,Customer 6311,West,20,2024-01-15
6312,Customer 6312,unknown,10,2024-01-15
6313,Customer 6313,South,"1,000",2024-01-15
6314,Customer 6314,EAST,20,31/02/2024
6315,Customer 6315,West,"1,000",2024-01-15
6316,Customer 6316,EAST,20,2024-01-15
6317,Customer 6317,West,20,2024-01-15
6318,  Customer 6318  ,EAST,"1,000",2024-01-15
6319,Customer 6319,unknown,10,2024-01-15
6320,Customer 6320,east,20,2024-01-15
6321,Customer 6321,EAST,N/A,31/02/2024
6322,Customer 6322,North,20,2024-01-15
6323,Customer 6323,EAST,"1,000",2024-01-15
6324,Customer 6324,North,10,2024-01-15
6325,Customer 6325,North,"1,000",2024-01-15
6326,Customer 6326,east,"1,000",2024-01-15
6327,Customer 6327,east,10,2024-01-15
6328,Customer 6328,east,20,31/02/2024
6329,Customer 6329,South,N/A,2024-01-15
6330,Customer 6330,North,20,2024-01-15
6331,  Customer 6331  ,east,10,2024-01-15
6332,Customer 6332,North,20,2024-01-15
6333,Customer 6333,east,20,2024-01-15
6334,Customer 6334,unknown,20,2024-01-15
6335,Customer 6335,South,10,31/02/2024
6336,Customer 6336,EAST,-999999,2024-01-15
6337,Customer 6337,EAST,20,2024-01-15
6338,Customer 6338,North,10,2024-01-15
6339,Customer 6339,North,-999999,2024-01-15
6340,Customer 6340,unknown,"1,000",2024-01-15
6341,Customer 6341,unknown,N/A,2024-01-15
6342,Customer 6342,EAST,-999999,31/02/2024
6343,Customer 6343,east,N/A,2024-01-15
6344,  Customer 6344  ,east,10,2024-01-15
6345,Customer 6345,east,"1,000",2024-01-15
6346,Customer 6346,North,-999999,2024-01-15
6347,Customer 6347,South,20,2024-01-15
6348,Customer 6348,North,20,2024-01-15
6349,Customer 6349,east,20,31/02/2024
6350,Customer 6350,South,N/A,2024-01-15
6351,Customer 6351,West,20,2024-01-15
6352,Customer 6352,North,N/A,2024-01-15
6353,Customer 6353,east,"1,000",2024-01-15
6354,Customer 6354,South,"1,000",2024-01-15
6355,Customer 6355,North,10,2024-01-15
6356,Customer 6356,West,N/A,31/02/2024
6357,  Customer 6357  ,east,"1,000",2024-01-15
6358,Customer 6358,EAST,-999999,2024-01-15
6359,Customer 6359,unknown,N/A,2024-01-15
6360,Customer 6360,EAST,10,2024-01-15
6361,Customer 6361,North,-999999,2024-01-15
6362,Customer 6362,South,-999999,2024-01-15
6363,Customer 6363,east,"1,000",31/02/2024
6364,Customer 6364,east,10,2024-01-15
6365,Customer 6365,unknown,20,2024-01-15
6366,Customer 6366,unknown,-999999,2024-01-15
6367,Customer 6367,EAST,10,2024-01-15
6368,Customer 6368,EAST,-999999,2024-01-15
6369,Customer 6369,EAST,N/A,2024-01-15
6370,  Customer 6370  ,unknown,20,31/02/2024
6371,Customer 6371,West,-999999,2024-01-15
6372,Customer 6372,North,N/A,2024-01-15
6373,Customer 6373,North,20,2024-01-15
6374,Customer 6374,EAST,20,2024-01-15
6375,Customer 6375,east,N/A,2024-01-15
6376,Customer 6376,east,10,2024-01-15
6377,Customer 6377,South,20,31/02/2024
6378,Customer 6378,West,10,2024-01-15
6379,Customer 6379,West,20,2024-01-15
6380,Customer 6380,North,"1,000",2024-01-15
6381,Customer 6381,EAST,N/A,2024-01-15
6382,Customer 6382,east,10,2024-01-15
6383,  Customer 6383  ,east,N/A,2024-01-15
6384,Customer 6384,east,N/A,31/02/2024
6385,Customer 6385,unknown,20,2024-01-15
6386,Customer 6386,South,"1,000",2024-01-15
6387,Customer 6387,EAST,"1,000",2024-01-15
6388,Customer 6388,West,10,2024-01-15
6389,Customer 6389,unknown,"1,000",2024-01-15
6390,Customer 6390,EAST,N/A,2024-01-15
6391,Customer 6391,West,20,31/02/2024
6392,Customer 6392,North,20,2024-01-15
6393,Customer 6393,unknown,N/A,2024-01-15
6394,Customer 6394,east,10,2024-01-15
6395,Customer 6395,North,20,2024-01-15
6396,  Customer 6396  ,unknown,20,2024-01-15
6397,Customer 6397,North,"1,000",2024-01-15
6398,Customer 6398,unknown,-999999,31/02/2024
6399,Customer 6399,South,20,2024-01-15
6400,Customer 6400,South,10,2024-01-15
6401,Customer 6401,EAST,N/A,2024-01-15
6402,Customer 6402,EAST,20,2024-01-15
6403,Customer 6403,EAST,20,2024-01-15
6404,Customer 6404,east,N/A,2024-01-15
6405,Customer 6405,EAST,10,31/02/2024
6406,Customer 6406,east,10,2024-01-15
6407,Customer 6407,West,20,2024-01-15
6408,Customer 6408,North,-999999,2024-01-15
6409,  Customer 6409  ,unknown,N/A,2024-01-15
6410,Customer 6410,east,20,2024-01-15
6411,Customer 6411,North,20,2024-01-15
6412,Customer 6412,North,N/A,31/02/2024
6413,Customer 6413,east,20,2024-01-15
6414,Customer 6414,West,N/A,2024-01-15
6415,Customer 6415,unknown,"1,000",2024-01-15
6416,Customer 6416,North,20,2024-01-15
6417,Customer 6417,EAST,20,2024-01-15
6418,Customer 6418,unknown,N/A,2024-01-15
6419,Customer 6419,South,20,31/02/2024
6420,Customer 6420,South,-999999,2024-01-15
6421,Customer 6421,North,"1,000",2024-01-15
6422,  Customer 6422  ,EAST,10,2024-01-15
6423,Customer 6423,EAST,-999999,2024-01-15
6424,Customer 6424,West,"1,000",2024-01-15
6425,Customer 6425,South,-999999,2024-01-15
6426,Customer 6426,West,-999999,31/02/2024
6427,Customer 6427,North,N/A,2024-01-15
6428,Customer 6428,east,20,2024-01-15
6429,Customer 6429,unknown,10,2024-01-15
6430,Customer 6430,east,N/A,2024-01-15
6431,Customer 6431,North,N/A,2024-01-15
6432,Customer 6432,South,10,2024-01-15
6433,Customer 6433,North,N/A,31/02/2024
6434,Customer 6434,South,"1,000",2024-01-15
6435,  Customer 6435  ,unknown,-999999,2024-01-15
6436,Customer 6436,EAST,-999999,2024-01-15
6437,Customer 6437,South,"1,000",2024-01-15
6438,Customer 6438,EAST,20,2024-01-15
6439,Customer 6439,South,-999999,2024-01-15
6440,Customer 6440,east,N/A,31/02/2024
6441,Customer 6441,North,N/A,2024-01-15
6442,Customer 6442,unknown,10,2024-01-15
6443,Customer 6443,unknown,-999999,2024-01-15
6444,Customer 6444,EAST,N/A,2024-01-15
6445,Customer 6445,South,"1,000",2024-01-15
6446,Customer 6446,North,N/A,2024-01-15
6447,Customer 6447,EAST,"1,000",31/02/2024
6448,  Customer 6448  ,east,20,2024-01-15
6449,Customer 6449,EAST,"1,000",2024-01-15
6450,Customer 6450,West,"1,000",2024-01-15
6451,Customer 6451,West,"1,000",2024-01-15
6452,Customer 6452,EAST,"1,000",2024-01-15
6453,Customer 6453,South,-999999,2024-01-15
6454,Customer 6454,South,20,31/02/2024
6455,Customer 6455,South,10,2024-01-15
6456,Customer 6456,South,N/A,2024-01-15
6457,Customer 6457,east,N/A,2024-01-15
6458,Customer 6458,unknown,10,2024-01-15
6459,Customer 6459,North,10,2024-01-15
6460,Customer 6460,unknown,10,2024-01-15
6461,  Customer 6461  ,West,N/A,31/02/2024
6462,Customer 6462,South,20,2024-01-15
6463,Customer 6463,South,"1,000",2024-01-15
6464,Customer 6464,West,N/A,2024-01-15
6465,Customer 6465,EAST,"1,000",2024-01-15
6466,Customer 6466,North,20,2024-01-15
6467,Customer 6467,North,N/A,2024-01-15
6468,Customer 6468,North,20,31/02/2024
6469,Customer 6469,unknown,N/A,2024-01-15
6470,Customer 6470,West,N/A,2024-01-15
6471,Customer 6471,West,"1,000",2024-01-15
6472,Customer 6472,east,20,2024-01-15
6473,Customer 6473,South,10,2024-01-15
6474,  Customer 6474  ,North,N/A,2024-01-15
6475,Customer 6475,EAST,N/A,31/02/2024
6476,Customer 6476,South,10,2024-01-15
6477,Customer 6477,North,"1,000",2024-01-15
6478,Customer 6478,EAST,10,2024-01-15
6479,Customer 6479,West,N/A,2024-01-15
6480,Customer 6480,West,20,2024-01-15
6481,Customer 6481,EAST,10,2024-01-15
6482,Customer 6482,South,-999999,31/02/2024
6483,Customer 6483,unknown,-999999,2024-01-15
6484,Customer 6484,North,"1,000",2024-01-15
6485,Customer 6485,South,10,2024-01-15
6486,Customer 6486,EAST,N/A,2024-01-15
6487,  Customer 6487  ,EAST,"1,000",2024-01-15
6488,Customer 6488,unknown,"1,000",2024-01-15
6489,Customer 6489,unknown,10,31/02/2024
6490,Customer 6490,South,-999999,2024-01-15
6491,Customer 6491,North,20,2024-01-15
6492,Customer 6492,EAST,10,2024-01-15
6493,Customer 6493,North,20,2024-01-15
6494,Customer 6494,West,10,2024-01-15
6495,Customer 6495,east,N/A,2024-01-15
6496,Customer 6496,South,10,31/02/2024
6497,Customer 6497,West,10,2024-01-15
6498,Customer 6498,North,20,2024-01-15
6499,Customer 6499,unknown,N/A,2024-01-15
6499,  Customer 6500  ,east,20,2024-01-15
6501,Customer 6501,South,-999999,2024-01-15
6502,Customer 6502,West,-999999,2024-01-15
6503,Customer 6503,West,20,31/02/2024
6504,Customer 6504,South,N/A,2024-01-15
6505,Customer 6505,West,-999999,2024-01-15
6506,Customer 6506,east,20,2024-01-15
6507,Customer 6507,unknown,"1,000",2024-01-15
6508,Customer 6508,EAST,N/A,2024-01-15
6509,Customer 6509,South,-999999,2024-01-15
6510,Customer 6510,South,20,31/02/2024
6511,Customer 6511,EAST,20,2024-01-15
6512,Customer 6512,unknown,-999999,2024-01-15
6513,  Customer 6513  ,South,N/A,2024-01-15
6514,Customer 6514,South,"1,000",2024-01-15
6515,Customer 6515,West,N/A,2024-01-15
6516,Customer 6516,EAST,10,2024-01-15
6517,Customer 6517,east,"1,000",31/02/2024
6518,Customer 6518,West,20,2024-01-15
6519,Customer 6519,unknown,N/A,2024-01-15
6520,Customer 6520,West,10,2024-01-15
6521,Customer 6521,North,N/A,2024-01-15
6522,Customer 6522,unknown,20,2024-01-15
6523,Customer 6523,North,-999999,2024-01-15
6524,Customer 6524,unknown,10,31/02/2024
6525,Customer 6525,West,10,2024-01-15
6526,  Customer 6526  ,North,"1,000",2024-01-15
6527,Customer 6527,West,-999999,2024-01-15
6528,Customer 6528,east,-999999,2024-01-15
6529,Customer 6529,South,"1,000",2024-01-15
6530,Customer 6530,North,20,2024-01-15
6531,Customer 6531,east,10,31/02/2024
6532,Customer 6532,unknown,"1,000",2024-01-15
6533,Customer 6533,North,10,2024-01-15
6534,Customer 6534,South,10,2024-01-15
6535,Customer 6535,North,20,2024-01-15
6536,Customer 6536,South,N/A,2024-01-15
6537,Customer 6537,unknown,"1,000",2024-01-15
6538,Customer 6538,South,"1,000",31/02/2024
6539,  Customer 6539  ,east,10,2024-01-15
6540,Customer 6540,east,-999999,2024-01-15
6541,Customer 6541,EAST,-999999,2024-01-15
6542,Customer 6542,South,"1,000",2024-01-15
6543,Customer 6543,unknown,N/A,2024-01-15
6544,Customer 6544,South,"1,000",2024-01-15
6545,Customer 6545,South,-999999,31/02/2024
6546,Customer 6546,South,-999999,2024-01-15
6547,Customer 6547,east,10,2024-01-15
6548,Customer 6548,EAST,20,2024-01-15
6549,Customer 6549,east,20,2024-01-15
6550,Customer 6550,east,"1,000",2024-01-15
6551,Customer 6551,South,10,2024-01-15
6552,  Customer 6552  ,east,20,31/02/2024
6553,Customer 6553,West,N/A,2024-01-15
6554,Customer 6554,North,-999999,2024-01-15
6555,Customer 6555,South,10,2024-01-15
6556,Customer 6556,east,"1,000",2024-01-15
6557,Customer 6557,South,20,2024-01-15
6558,Customer 6558,South,N/A,2024-01-15
6559,Customer 6559,South,10,31/02/2024
6560,Customer 6560,West,-999999,2024-01-15
6561,Customer 6561,east,-999999,2024-01-15
6562,Customer 6562,North,20,2024-01-15
6563,Customer 6563,EAST,N/A,2024-01-15
6564,Customer 6564,EAST,"1,000",2024-01-15
6565,  Customer 6565  ,West,20,2024-01-15
6566,Customer 6566,east,10,31/02/2024
6567,Customer 6567,EAST,N/A,2024-01-15
6568,Customer 6568,unknown,"1,000",2024-01-15
6569,Customer 6569,unknown,20,2024-01-15
6570,Customer 6570,east,N/A,2024-01-15
6571,Customer 6571,South,-999999,2024-01-15
6572,Customer 6572,North,"1,000",2024-01-15
6573,Customer 6573,South,-999999,31/02/2024
6574,Customer 6574,North,20,2024-01-15
6575,Customer 6575,South,-999999,2024-01-15
6576,Customer 6576,North,20,2024-01-15
6577,Customer 6577,unknown,"1,000",2024-01-15
6578,  Customer 6578  ,unknown,20,2024-01-15
6579,Customer 6579,North,10,2024-01-15
6580,Customer 6580,EAST,"1,000",31/02/2024
6581,Customer 6581,West,20,2024-01-15
6582,Customer 6582,unknown,-999999,2024-01-15
6583,Customer 6583,east,N/A,2024-01-15
6584,Customer 6584,South,10,2024-01-15
6585,Customer 6585,unknown,N/A,2024-01-15
6586,Customer 6586,North,10,2024-01-15
6587,Customer 6587,east,N/A,31/02/2024
6588,Customer 6588,West,N/A,2024-01-15
6589,Customer 6589,South,N/A,2024-01-15
6590,Customer 6590,unknown,-999999,2024-01-15
6591,  Customer 6591  ,east,-999999,2024-01-15
6592,Customer 6592,east,-999999,2024-01-15
6593,Customer 6593,EAST,"1,000",2024-01-15
6594,Customer 6594,EAST,20,31/02/2024
6595,Customer 6595,North,N/A,2024-01-15
6596,Customer 6596,EAST,"1,000",2024-01-15
6597,Customer 6597,east,N/A,2024-01-15
6598,Customer 6598,east,-999999,2024-01-15
6599,Customer 6599,east,10,2024-01-15
6600,Customer 6600,North,20,2024-01-15
6601,Customer 6601,South,N/A,31/02/2024
6602,Customer 6602,West,20,2024-01-15
6603,Customer 6603,unknown,"1,000",2024-01-15
6604,  Customer 6604  ,South,N/A,2024-01-15
6605,Customer 6605,North,"1,000",2024-01-15
6606,Customer 6606,South,N/A,2024-01-15
6607,Customer 6607,east,"1,000",2024-01-15
6608,Customer 6608,unknown,"1,000",31/02/2024
6609,Customer 6609,unknown,-999999,2024-01-15
6610,Customer 6610,unknown,10,2024-01-15
6611,Customer 6611,South,"1,000",2024-01-15
6612,Customer 6612,east,N/A,2024-01-15
6613,Customer 6613,West,N/A,2024-01-15
6614,Customer 6614,unknown,"1,000",2024-01-15
6615,Customer 6615,North,10,31/02/2024
6616,Customer 6616,east,-999999,2024-01-15
6617,  Customer 6617  ,North,10,2024-01-15
6618,Customer 6618,West,20,2024-01-15
6619,Customer 6619,North,N/A,2024-01-15
6620,Customer 6620,east,10,2024-01-15
6621,Customer 6621,West,10,2024-01-15
6622,Customer 6622,EAST,-999999,31/02/2024
6623,Customer 6623,South,10,2024-01-15
6624,Customer 6624,unknown,20,2024-01-15
6625,Customer 6625,east,10,2024-01-15
6626,Customer 6626,east,N/A,2024-01-15
6627,Customer 6627,South,"1,000",2024-01-15
6628,Customer 6628,east,N/A,2024-01-15
6629,Customer 6629,North,-999999,31/02/2024
6630,  Customer 6630  ,unknown,"1,000",2024-01-15
6631,Customer 6631,South,20,2024-01-15
6632,Customer 6632,South,"1,000",2024-01-15
6633,Customer 6633,unknown,20,2024-01-15
6634,Customer 6634,North,10,2024-01-15
6635,Customer 6635,North,10,2024-01-15
6636,Customer 6636,east,20,31/02/2024
6637,Customer 6637,unknown,-999999,2024-01-15
6638,Customer 6638,South,20,2024-01-15
6639,Customer 6639,east,20,2024-01-15
6640,Customer 6640,South,20,2024-01-15
6641,Customer 6641,EAST,10,2024-01-15
6642,Customer 6642,West,N/A,2024-01-15
6643,  Customer 6643  ,South,-999999,31/02/2024
6644,Customer 6644,unknown,N/A,2024-01-15
6645,Customer 6645,North,20,2024-01-15
6646,Customer 6646,east,-999999,2024-01-15
6647,Customer 6647,EAST,-999999,2024-01-15
6648,Customer 6648,North,"1,000",2024-01-15
6649,Customer 6649,unknown,20,2024-01-15
6650,Customer 6650,unknown,N/A,31/02/2024
6651,Customer 6651,east,"1,000",2024-01-15
6652,Customer 6652,EAST,-999999,2024-01-15
6653,Customer 6653,east,-999999,2024-01-15
6654,Customer 6654,EAST,10,2024-01-15
6655,Customer 6655,EAST,10,2024-01-15
6656,  Customer 6656  ,east,10,2024-01-15
6657,Customer 6657,South,20,31/02/2024
6658,Customer 6658,EAST,N/A,2024-01-15
6659,Customer 6659,West,20,2024-01-15
6660,Customer 6660,unknown,20,2024-01-15
6661,Customer 6661,unknown,20,2024-01-15
6662,Customer 6662,east,"1,000",2024-01-15
6663,Customer 6663,North,-999999,2024-01-15
6664,Customer 6664,South,"1,000",31/02/2024
6665,Customer 6665,unknown,"1,000",2024-01-15
6666,Customer 6666,unknown,"1,000",2024-01-15
6667,Customer 6667,South,"1,000",2024-01-15
6668,Customer 6668,east,-999999,2024-01-15
6669,  Customer 6669  ,unknown,N/A,2024-01-15
6670,Customer 6670,east,20,2024-01-15
6671,Customer 6671,North,-999999,31/02/2024
6672,Customer 6672,South,-999999,2024-01-15
6673,Customer 6673,EAST,"1,000",2024-01-15
6674,Customer 6674,east,N/A,2024-01-15
6675,Customer 6675,West,"1,000",2024-01-15
6676,Customer 6676,east,10,2024-01-15
6677,Customer 6677,South,-999999,2024-01-15
6678,Customer 6678,North,10,31/02/2024
6679,Customer 6679,North,-999999,2024-01-15
6680,Customer 6680,West,N/A,2024-01-15
6681,Customer 6681,West,-999999,2024-01-15
6682,  Customer 6682  ,North,20,2024-01-15
6683,Customer 6683,North,"1,000",2024-01-15
6684,Customer 6684,east,"1,000",2024-01-15
6685,Customer 6685,South,-999999,31/02/2024
6686,Customer 6686,EAST,N/A,2024-01-15
6687,Customer 6687,South,"1,000",2024-01-15
6688,Customer 6688,unknown,20,2024-01-15
6689,Customer 6689,North,20,2024-01-15
6690,Customer 6690,EAST,-999999,2024-01-15
6691,Customer 6691,South,10,2024-01-15
6692,Customer 6692,unknown,10,31/02/2024
6693,Customer 6693,North,"1,000",2024-01-15
6694,Customer 6694,EAST,10,2024-01-15
6695,  Customer 6695  ,EAST,"1,000",2024-01-15
6696,Customer 6696,South,N/A,2024-01-15
6697,Customer 6697,North,"1,000",2024-01-15
6698,Customer 6698,EAST,N/A,2024-01-15
6699,Customer 6699,east,10,31/02/2024
6700,Customer 6700,EAST,20,2024-01-15
6701,Customer 6701,unknown,20,2024-01-15
6702,Customer 6702,West,10,2024-01-15
6703,Customer 6703,West,N/A,2024-01-15
6704,Customer 6704,North,"1,000",2024-01-15
6705,Customer 6705,EAST,"1,000",2024-01-15
6706,Customer 6706,West,20,31/02/2024
6707,Customer 6707,EAST,N/A,2024-01-15
6708,  Customer 6708  ,east,20,2024-01-15
6709,Customer 6709,South,-999999,2024-01-15
6710,Customer 6710,North,"1,000",2024-01-15
6711,Customer 6711,east,20,2024-01-15
6712,Customer 6712,EAST,"1,000",2024-01-15
6713,Customer 6713,South,"1,000",31/02/2024
6714,Customer 6714,EAST,N/A,2024-01-15
6715,Customer 6715,South,10,2024-01-15
6716,Customer 6716,EAST,-999999,2024-01-15
6717,Customer 6717,EAST,-999999,2024-01-15
6718,Customer 6718,east,"1,000",2024-01-15
6719,Customer 6719,South,20,2024-01-15
6720,Customer 6720,North,N/A,31/02/2024
6721,  Customer 6721  ,North,"1,000",2024-01-15
6722,Customer 6722,east,10,2024-01-15
6723,Customer 6723,North,-999999,2024-01-15
6724,Customer 6724,West,-999999,2024-01-15
6725,Customer 6725,North,"1,000",2024-01-15
6726,Customer 6726,unknown,10,2024-01-15
6727,Customer 6727,unknown,-999999,31/02/2024
6728,Customer 6728,EAST,20,2024-01-15
6729,Customer 6729,east,"1,000",2024-01-15
6730,Customer 6730,east,-999999,2024-01-15
6731,Customer 6731,West,N/A,2024-01-15
6732,Customer 6732,unknown,20,2024-01-15
6733,Customer 6733,North,"1,000",2024-01-15
6734,  Customer 6734  ,unknown,"1,000",31/02/2024
6735,Customer 6735,unknown,10,2024-01-15
6736,Customer 6736,West,10,2024-01-15
6737,Customer 6737,North,"1,000",2024-01-15
6738,Customer 6738,North,10,2024-01-15
6739,Customer 6739,unknown,20,2024-01-15
6740,Customer 6740,EAST,N/A,2024-01-15
6741,Customer 6741,North,10,31/02/2024
6742,Customer 6742,South,10,2024-01-15
6743,Customer 6743,South,"1,000",2024-01-15
6744,Customer 6744,North,-999999,2024-01-15
6745,Customer 6745,South,20,2024-01-15
6746,Customer 6746,South,20,2024-01-15
6747,  Customer 6747  ,unknown,20,2024-01-15
6748,Customer 6748,east,10,31/02/2024
6749,Customer 6749,unknown,"1,000",2024-01-15
6750,Customer 6750,South,10,2024-01-15
6751,Customer 6751,West,10,2024-01-15
6752,Customer 6752,South,20,2024-01-15
6753,Customer 6753,South,10,2024-01-15
6754,Customer 6754,South,-999999,2024-01-15
6755,Customer 6755,unknown,20,31/02/2024
6756,Customer 6756,North,N/A,2024-01-15
6757,Customer 6757,unknown,10,2024-01-15
6758,Customer 6758,east,N/A,2024-01-15
6759,Customer 6759,North,N/A,2024-01-15
6760,  Customer 6760  ,EAST,20,2024-01-15
6761,Customer 6761,North,10,2024-01-15
6762,Customer 6762,North,"1,000",31/02/2024
6763,Customer 6763,EAST,10,2024-01-15
6764,Customer 6764,North,20,2024-01-15
6765,Customer 6765,North,10,2024-01-15
6766,Customer 6766,unknown,10,2024-01-15
6767,Customer 6767,EAST,-999999,2024-01-15
6768,Customer 6768,North,10,2024-01-15
6769,Customer 6769,West,10,31/02/2024
6770,Customer 6770,West,10,2024-01-15
6771,Customer 6771,North,N/A,2024-01-15
6772,Customer 6772,east,N/A,2024-01-15
6773,  Customer 6773  ,east,20,2024-01-15
6774,Customer 6774,North,10,2024-01-15
6775,Customer 6775,east,"1,000",2024-01-15
6776,Customer 6776,South,N/A,31/02/2024
6777,Customer 6777,West,"1,000",2024-01-15
6778,Customer 6778,North,-999999,2024-01-15
6779,Customer 6779,east,"1,000",2024-01-15
6780,Customer 6780,West,"1,000",2024-01-15
6781,Customer 6781,EAST,10,2024-01-15
6782,Customer 6782,North,10,2024-01-15
6783,Customer 6783,unknown,10,31/02/2024
6784,Customer 6784,North,10,2024-01-15
6785,Customer 6785,South,10,2024-01-15
6786,  Customer 6786  ,EAST,20,2024-01-15
6787,Customer 6787,unknown,N/A,2024-01-15
6788,Customer 6788,West,"1,000",2024-01-15
6789,Customer 6789,east,20,2024-01-15
6790,Customer 6790,West,10,31/02/2024
6791,Customer 6791,West,10,2024-01-15
6792,Customer 6792,West,N/A,2024-01-15
6793,Customer 6793,EAST,N/A,2024-01-15
6794,Customer 6794,West,-999999,2024-01-15
6795,Customer 6795,EAST,N/A,2024-01-15
6796,Customer 6796,South,-999999,2024-01-15
6797,Customer 6797,east,10,31/02/2024
6798,Customer 6798,unknown,10,2024-01-15
6799,  Customer 6799  ,unknown,20,2024-01-15
6800,Customer 6800,unknown,"1,000",2024-01-15
6801,Customer 6801,West,20,2024-01-15
6802,Customer 6802,EAST,20,2024-01-15
6803,Customer 6803,West,20,2024-01-15
6804,Customer 6804,West,10,31/02/2024
6805,Customer 6805,EAST,10,2024-01-15
6806,Customer 6806,east,-999999,2024-01-15
6807,Customer 6807,EAST,"1,000",2024-01-15
6808,Customer 6808,West,"1,000",2024-01-15
6809,Customer 6809,North,N/A,2024-01-15
6810,Customer 6810,North,10,2024-01-15
6811,Customer 6811,unknown,10,31/02/2024
6812,  Customer 6812  ,unknown,20,2024-01-15
6813,Customer 6813,unknown,20,2024-01-15
6814,Customer 6814,South,-999999,2024-01-15
6815,Customer 6815,North,10,2024-01-15
6816,Customer 6816,North,N/A,2024-01-15
6817,Customer 6817,unknown,20,2024-01-15
6818,Customer 6818,east,20,31/02/2024
6819,Customer 6819,east,20,2024-01-15
6820,Customer 6820,West,20,2024-01-15
6821,Customer 6821,unknown,20,2024-01-15
6822,Customer 6822,West,10,2024-01-15
6823,Customer 6823,EAST,-999999,2024-01-15
6824,Customer 6824,North,20,2024-01-15
6825,  Customer 6825  ,South,-999999,31/02/2024
6826,Customer 6826,West,"1,000",2024-01-15
6827,Customer 6827,EAST,"1,000",2024-01-15
6828,Customer 6828,South,"1,000",2024-01-15
6829,Customer 6829,South,N/A,2024-01-15
6830,Customer 6830,east,N/A,2024-01-15
6831,Customer 6831,unknown,10,2024-01-15
6832,Customer 6832,EAST,"1,000",31/02/2024
6833,Customer 6833,unknown,"1,000",2024-01-15
6834,Customer 6834,unknown,20,2024-01-15
6835,Customer 6835,West,-999999,2024-01-15
6836,Customer 6836,unknown,N/A,2024-01-15
6837,Customer 6837,unknown,20,2024-01-15
6838,  Customer 6838  ,EAST,N/A,2024-01-15
6839,Customer 6839,South,-999999,31/02/2024
6840,Customer 6840,West,"1,000",2024-01-15
6841,Customer 6841,EAST,10,2024-01-15
6842,Customer 6842,EAST,N/A,2024-01-15
6843,Customer 6843,West,-999999,2024-01-15
6844,Customer 6844,EAST,-999999,2024-01-15
6845,Customer 6845,South,-999999,2024-01-15
6846,Customer 6846,West,"1,000",31/02/2024
6847,Customer 6847,South,-999999,2024-01-15
6848,Customer 6848,North,20,2024-01-15
6849,Customer 6849,unknown,-999999,2024-01-15
6850,Customer 6850,West,"1,000",2024-01-15
6851,  Customer 6851  ,South,N/A,2024-01-15
6852,Customer 6852,North,-999999,2024-01-15
6853,Customer 6853,North,N/A,31/02/2024
6854,Customer 6854,EAST,10,2024-01-15
6855,Customer 6855,South,10,2024-01-15
6856,Customer 6856,EAST,"1,000",2024-01-15
6857,Customer 6857,EAST,"1,000",2024-01-15
6858,Customer 6858,east,-999999,2024-01-15
6859,Customer 6859,South,10,2024-01-15
6860,Customer 6860,North,-999999,31/02/2024
6861,Customer 6861,east,"1,000",2024-01-15
6862,Customer 6862,unknown,-999999,2024-01-15
6863,Customer 6863,east,N/A,2024-01-15
6864,  Customer 6864  ,West,-999999,2024-01-15
6865,Customer 6865,South,-999999,2024-01-15
6866,Customer 6866,east,N/A,2024-01-15
6867,Customer 6867,east,20,31/02/2024
6868,Customer 6868,east,10,2024-01-15
6869,Customer 6869,North,"1,000",2024-01-15
6870,Customer 6870,unknown,-999999,2024-01-15
6871,Customer 6871,east,N/A,2024-01-15
6872,Customer 6872,North,10,2024-01-15
6873,Customer 6873,West,N/A,2024-01-15
6874,Customer 6874,EAST,-999999,31/02/2024
6875,Customer 6875,West,20,2024-01-15
6876,Customer 6876,east,10,2024-01-15
6877,  Customer 6877  ,North,N/A,2024-01-15
6878,Customer 6878,east,N/A,2024-01-15
6879,Customer 6879,West,20,2024-01-15
6880,Customer 6880,EAST,10,2024-01-15
6881,Customer 6881,unknown,-999999,31/02/2024
6882,Customer 6882,east,"1,000",2024-01-15
6883,Customer 6883,east,N/A,2024-01-15
6884,Customer 6884,South,-999999,2024-01-15
6885,Customer 6885,unknown,"1,000",2024-01-15
6886,Customer 6886,North,N/A,2024-01-15
6887,Customer 6887,EAST,-999999,2024-01-15
6888,Customer 6888,unknown,"1,000",31/02/2024
6889,Customer 6889,EAST,N/A,2024-01-15
6890,  Customer 6890  ,North,10,2024-01-15
6891,Customer 6891,West,N/A,2024-01-15
6892,Customer 6892,EAST,-999999,2024-01-15
6893,Customer 6893,North,"1,000",2024-01-15
6894,Customer 6894,South,N/A,2024-01-15
6895,Customer 6895,North,20,31/02/2024
6896,Customer 6896,West,-999999,2024-01-15
6897,Customer 6897,North,10,2024-01-15
6898,Customer 6898,North,20,2024-01-15
6899,Customer 6899,unknown,"1,000",2024-01-15
6900,Customer 6900,North,10,2024-01-15
6901,Customer 6901,North,"1,000",2024-01-15
6902,Customer 6902,EAST,-999999,31/02/2024
6903,  Customer 6903  ,east,-999999,2024-01-15
6904,Customer 6904,North,-999999,2024-01-15
6905,Customer 6905,South,20,2024-01-15
6906,Customer 6906,South,10,2024-01-15
6907,Customer 6907,North,"1,000",2024-01-15
6908,Customer 6908,South,20,2024-01-15
6909,Customer 6909,North,20,31/02/2024
6910,Customer 6910,east,-999999,2024-01-15
6911,Customer 6911,West,20,2024-01-15
6912,Customer 6912,EAST,20,2024-01-15
6913,Customer 6913,West,-999999,2024-01-15
6914,Customer 6914,South,-999999,2024-01-15
6915,Customer 6915,east,-999999,2024-01-15
6916,  Customer 6916  ,unknown,"1,000",31/02/2024
6917,Customer 6917,South,N/A,2024-01-15
6918,Customer 6918,east,20,2024-01-15
6919,Customer 6919,EAST,10,2024-01-15
6920,Customer 6920,east,N/A,2024-01-15
6921,Customer 6921,unknown,10,2024-01-15
6922,Customer 6922,east,N/A,2024-01-15
6923,Customer 6923,unknown,20,31/02/2024
6924,Customer 6924,North,-999999,2024-01-15
6925,Customer 6925,South,10,2024-01-15
6926,Customer 6926,unknown,20,2024-01-15
6927,Customer 6927,South,10,2024-01-15
6928,Customer 6928,South,N/A,2024-01-15
6929,  Customer 6929  ,West,N/A,2024-01-15
6930,Customer 6930,unknown,20,31/02/2024
6931,Customer 6931,EAST,10,2024-01-15
6932,Customer 6932,West,20,2024-01-15
6933,Customer 6933,South,10,2024-01-15
6934,Customer 6934,West,10,2024-01-15
6935,Customer 6935,unknown,"1,000",2024-01-15
6936,Customer 6936,North,N/A,2024-01-15
6937,Customer 6937,EAST,10,31/02/2024
6938,Customer 6938,West,10,2024-01-15
6939,Customer 6939,North,-999999,2024-01-15
6940,Customer 6940,EAST,-999999,2024-01-15
6941,Customer 6941,West,-999999,2024-01-15
6942,  Customer 6942  ,EAST,N/A,2024-01-15
6943,Customer 6943,unknown,N/A,2024-01-15
6944,Customer 6944,EAST,N/A,31/02/2024
6945,Customer 6945,West,N/A,2024-01-15
6946,Customer 6946,West,20,2024-01-15
6947,Customer 6947,North,20,2024-01-15
6948,Customer 6948,South,-999999,2024-01-15
6949,Customer 6949,South,10,2024-01-15
6950,Customer 6950,EAST,-999999,2024-01-15
6951,Customer 6951,east,"1,000",31/02/2024
6952,Customer 6952,unknown,"1,000",2024-01-15
6953,Customer 6953,North,-999999,2024-01-15
6954,Customer 6954,South,N/A,2024-01-15
6955,  Customer 6955  ,South,"1,000",2024-01-15
6956,Customer 6956,east,"1,000",2024-01-15
6957,Customer 6957,east,-999999,2024-01-15
6958,Customer 6958,West,-999999,31/02/2024
6959,Customer 6959,West,20,2024-01-15
6960,Customer 6960,South,-999999,2024-01-15
6961,Customer 6961,unknown,20,2024-01-15
6962,Customer 6962,West,N/A,2024-01-15
6963,Customer 6963,South,20,2024-01-15
6964,Customer 6964,unknown,-999999,2024-01-15
6965,Customer 6965,EAST,10,31/02/2024
6966,Customer 6966,South,N/A,2024-01-15
6967,Customer 6967,South,"1,000",2024-01-15
6968,  Customer 6968  ,east,N/A,2024-01-15
6969,Customer 6969,unknown,N/A,2024-01-15
6970,Customer 6970,North,10,2024-01-15
6971,Customer 6971,North,"1,000",2024-01-15
6972,Customer 6972,EAST,20,31/02/2024
6973,Customer 6973,unknown,"1,000",2024-01-15
6974,Customer 6974,West,20,2024-01-15
6975,Customer 6975,West,"1,000",2024-01-15
6976,Customer 6976,West,10,2024-01-15
6977,Customer 6977,unknown,20,2024-01-15
6978,Customer 6978,South,20,2024-01-15
6979,Customer 6979,east,"1,000",31/02/2024
6980,Customer 6980,east,-999999,2024-01-15
6981,  Customer 6981  ,unknown,10,2024-01-15
6982,Customer 6982,West,10,2024-01-15
6983,Customer 6983,EAST,"1,000",2024-01-15
6984,Customer 6984,unknown,N/A,2024-01-15
6985,Customer 6985,South,N/A,2024-01-15
6986,Customer 6986,EAST,20,31/02/2024
6987,Customer 6987,EAST,10,2024-01-15
6988,Customer 6988,east,10,2024-01-15
6989,Customer 6989,EAST,"1,000",2024-01-15
6990,Customer 6990,east,10,2024-01-15
6991,Customer 6991,unknown,20,2024-01-15
6992,Customer 6992,unknown,20,2024-01-15
6993,Customer 6993,North,-999999,31/02/2024
6994,  Customer 6994  ,EAST,-999999,2024-01-15
6995,Customer 6995,unknown,"1,000",2024-01-15
6996,Customer 6996,South,20,2024-01-15
6997,Customer 6997,east,10,2024-01-15
6998,Customer 6998,EAST,-999999,2024-01-15
6999,Customer 6999,east,10,2024-01-15
6999,Customer 7000,South,N/A,31/02/2024
7001,Customer 7001,South,10,2024-01-15
7002,Customer 7002,EAST,"1,000",2024-01-15
7003,Customer 7003,West,10,2024-01-15
7004,Customer 7004,West,-999999,2024-01-15
7005,Customer 7005,West,20,2024-01-15
7006,Customer 7006,EAST,-999999,2024-01-15
7007,  Customer 7007  ,EAST,-999999,31/02/2024
7008,Customer 7008,West,-999999,2024-01-15
7009,Customer 7009,West,20,2024-01-15
7010,Customer 7010,West,-999999,2024-01-15
7011,Customer 7011,unknown,20,2024-01-15
7012,Customer 7012,North,10,2024-01-15
7013,Customer 7013,east,N/A,2024-01-15
7014,Customer 7014,east,20,31/02/2024
7015,Customer 7015,east,-999999,2024-01-15
7016,Customer 7016,east,20,2024-01-15
7017,Customer 7017,South,20,2024-01-15
7018,Customer 7018,unknown,"1,000",2024-01-15
7019,Customer 7019,EAST,20,2024-01-15
7020,  Customer 7020  ,South,20,2024-01-15
7021,Customer 7021,unknown,20,31/02/2024
7022,Customer 7022,West,20,2024-01-15
7023,Customer 7023,EAST,10,2024-01-15
7024,Customer 7024,east,N/A,2024-01-15
7025,Customer 7025,West,-999999,2024-01-15
7026,Customer 7026,east,N/A,2024-01-15
7027,Customer 7027,EAST,20,2024-01-15
7028,Customer 7028,EAST,-999999,31/02/2024
7029,Customer 7029,West,20,2024-01-15
7030,Customer 7030,unknown,10,2024-01-15
7031,Customer 7031,South,20,2024-01-15
7032,Customer 7032,West,20,2024-01-15
7033,  Customer 7033  ,South,"1,000",2024-01-15
7034,Customer 7034,east,20,2024-01-15
7035,Customer 7035,EAST,-999999,31/02/2024
7036,Customer 7036,EAST,-999999,2024-01-15
7037,Customer 7037,unknown,10,2024-01-15
7038,Customer 7038,North,20,2024-01-15
7039,Customer 7039,EAST,-999999,2024-01-15
7040,Customer 7040,South,-999999,2024-01-15
7041,Customer 7041,West,"1,000",2024-01-15
7042,Customer 7042,unknown,-999999,31/02/2024
7043,Customer 7043,West,10,2024-01-15
7044,Customer 7044,EAST,20,2024-01-15
7045,Customer 7045,North,N/A,2024-01-15
7046,  Customer 7046  ,West,-999999,2024-01-15
7047,Customer 7047,South,N/A,2024-01-15
7048,Customer 7048,EAST,20,2024-01-15
7049,Customer 7049,unknown,N/A,31/02/2024
7050,Customer 7050,North,N/A,2024-01-15
7051,Customer 7051,EAST,-999999,2024-01-15
7052,Customer 7052,east,N/A,2024-01-15
7053,Customer 7053,EAST,"1,000",2024-01-15
7054,Customer 7054,North,N/A,2024-01-15
7055,Customer 7055,EAST,10,2024-01-15
7056,Customer 7056,South,"1,000",31/02/2024
7057,Customer 7057,unknown,-999999,2024-01-15
7058,Customer 7058,South,-999999,2024-01-15
7059,  Customer 7059  ,east,N/A,2024-01-15
7060,Customer 7060,east,20,2024-01-15
7061,Customer 7061,east,-999999,2024-01-15
7062,Customer 7062,West,10,2024-01-15
7063,Customer 7063,EAST,10,31/02/2024
7064,Customer 7064,unknown,"1,000",2024-01-15
7065,Customer 7065,east,-999999,2024-01-15
7066,Customer 7066,east,-999999,2024-01-15
7067,Customer 7067,east,-999999,2024-01-15
7068,Customer 7068,North,10,2024-01-15
7069,Customer 7069,North,10,2024-01-15
7070,Customer 7070,North,20,31/02/2024
7071,Customer 7071,South,N/A,2024-01-15
7072,  Customer 7072  ,EAST,10,2024-01-15
7073,Customer 7073,West,-999999,2024-01-15
7074,Customer 7074,east,-999999,2024-01-15
7075,Customer 7075,West,-999999,2024-01-15
7076,Customer 7076,South,20,2024-01-15
7077,Customer 7077,West,"1,000",31/02/2024
7078,Customer 7078,EAST,10,2024-01-15
7079,Customer 7079,West,N/A,2024-01-15
7080,Customer 7080,unknown,-999999,2024-01-15
7081,Customer 7081,South,20,2024-01-15
7082,Customer 7082,South,20,2024-01-15
7083,Customer 7083,South,-999999,2024-01-15
7084,Customer 7084,east,"1,000",31/02/2024
7085,  Customer 7085  ,South,10,2024-01-15
7086,Customer 7086,South,10,2024-01-15
7087,Customer 7087,EAST,10,2024-01-15
7088,Customer 7088,unknown,N/A,2024-01-15
7089,Customer 7089,unknown,10,2024-01-15
7090,Customer 7090,West,-999999,2024-01-15
7091,Customer 7091,South,20,31/02/2024
7092,Customer 7092,unknown,-999999,2024-01-15
7093,Customer 7093,West,10,2024-01-15
7094,Customer 7094,West,"1,000",2024-01-15
7095,Customer 7095,unknown,"1,000",2024-01-15
7096,Customer 7096,unknown,N/A,2024-01-15
7097,Customer 7097,South,"1,000",2024-01-15
7098,  Customer 7098  ,east,10,31/02/2024
7099,Customer 7099,EAST,10,2024-01-15
7100,Customer 7100,South,-999999,2024-01-15
7101,Customer 7101,EAST,20,2024-01-15
7102,Customer 7102,South,20,2024-01-15
7103,Customer 7103,West,20,2024-01-15
7104,Customer 7104,EAST,20,2024-01-15
7105,Customer 7105,North,N/A,31/02/2024
7106,Customer 7106,unknown,20,2024-01-15
7107,Customer 7107,West,N/A,2024-01-15
7108,Customer 7108,EAST,-999999,2024-01-15
7109,Customer 7109,unknown,-999999,2024-01-15
7110,Customer 7110,EAST,10,2024-01-15
7111,  Customer 7111  ,EAST,20,2024-01-15
7112,Customer 7112,east,"1,000",31/02/2024
7113,Customer 7113,West,-999999,2024-01-15
7114,Customer 7114,east,N/A,2024-01-15
7115,Customer 7115,EAST,-999999,2024-01-15
7116,Customer 7116,West,"1,000",2024-01-15
7117,Customer 7117,east,10,2024-01-15
7118,Customer 7118,South,10,2024-01-15
7119,Customer 7119,east,20,31/02/2024
7120,Customer 7120,West,"1,000",2024-01-15
7121,Customer 7121,North,20,2024-01-15
7122,Customer 7122,EAST,-999999,2024-01-15
7123,Customer 7123,West,-999999,2024-01-15
7124,  Customer 7124  ,West,10,2024-01-15
7125,Customer 7125,unknown,"1,000",2024-01-15
7126,Customer 7126,EAST,-999999,31/02/2024
7127,Customer 7127,EAST,"1,000",2024-01-15
7128,Customer 7128,east,N/A,2024-01-15
7129,Customer 7129,EAST,N/A,2024-01-15
7130,Customer 7130,unknown,-999999,2024-01-15
7131,Customer 7131,east,-999999,2024-01-15
7132,Customer 7132,EAST,N/A,2024-01-15
7133,Customer 7133,east,20,31/02/2024
7134,Customer 7134,unknown,20,2024-01-15
7135,Customer 7135,West,"1,000",2024-01-15
7136,Customer 7136,EAST,"1,000",2024-01-15
7137,  Customer 7137  ,North,N/A,2024-01-15
7138,Customer 7138,North,"1,000",2024-01-15
7139,Customer 7139,EAST,N/A,2024-01-15
7140,Customer 7140,North,-999999,31/02/2024
7141,Customer 7141,North,10,2024-01-15
7142,Customer 7142,east,-999999,2024-01-15
7143,Customer 7143,EAST,N/A,2024-01-15
7144,Customer 7144,east,10,2024-01-15
7145,Customer 7145,EAST,20,2024-01-15
7146,Customer 7146,North,10,2024-01-15
7147,Customer 7147,east,-999999,31/02/2024
7148,Customer 7148,unknown,N/A,2024-01-15
7149,Customer 7149,North,N/A,2024-01-15
7150,  Customer 7150  ,North,-999999,2024-01-15
7151,Customer 7151,unknown,20,2024-01-15
7152,Customer 7152,unknown,-999999,2024-01-15
7153,Customer 7153,North,-999999,2024-01-15
7154,Customer 7154,east,N/A,31/02/2024
7155,Customer 7155,North,20,2024-01-15
7156,Customer 7156,South,-999999,2024-01-15
7157,Customer 7157,North,-999999,2024-01-15
7158,Customer 7158,North,10,2024-01-15
7159,Customer 7159,North,10,2024-01-15
7160,Customer 7160,unknown,N/A,2024-01-15
7161,Customer 7161,North,"1,000",31/02/2024
7162,Customer 7162,North,20,2024-01-15
7163,  Customer 7163  ,West,N/A,2024-01-15
7164,Customer 7164,West,10,2024-01-15
7165,Customer 7165,West,"1,000",2024-01-15
7166,Customer 7166,North,"1,000",2024-01-15
7167,Customer 7167,West,N/A,2024-01-15
7168,Customer 7168,unknown,20,31/02/2024
7169,Customer 7169,South,-999999,2024-01-15
7170,Customer 7170,unknown,20,2024-01-15
7171,Customer 7171,unknown,"1,000",2024-01-15
7172,Customer 7172,South,20,2024-01-15
7173,Customer 7173,West,-999999,2024-01-15
7174,Customer 7174,unknown,-999999,2024-01-15
7175,Customer 7175,unknown,"1,000",31/02/2024
7176,  Customer 7176  ,North,10,2024-01-15
7177,Customer 7177,EAST,20,2024-01-15
7178,Customer 7178,east,N/A,2024-01-15
7179,Customer 7179,east,10,2024-01-15
7180,Customer 7180,West,20,2024-01-15
7181,Customer 7181,South,"1,000",2024-01-15
7182,Customer 7182,West,"1,000",31/02/2024
7183,Customer 7183,South,"1,000",2024-01-15
7184,Customer 7184,South,-999999,2024-01-15
7185,Customer 7185,EAST,"1,000",2024-01-15
7186,Customer 7186,South,-999999,2024-01-15
7187,Customer 7187,South,"1,000",2024-01-15
7188,Customer 7188,east,10,2024-01-15
7189,  Customer 7189  ,unknown,"1,000",31/02/2024
7190,Customer 7190,West,10,2024-01-15
7191,Customer 7191,South,10,2024-01-15
7192,Customer 7192,EAST,-999999,2024-01-15
7193,Customer 7193,unknown,20,2024-01-15
7194,Customer 7194,West,"1,000",2024-01-15
7195,Customer 7195,unknown,20,2024-01-15
7196,Customer 7196,EAST,"1,000",31/02/2024
7197,Customer 7197,North,20,2024-01-15
7198,Customer 7198,West,20,2024-01-15
7199,Customer 7199,unknown,10,2024-01-15
7200,Customer 7200,east,N/A,2024-01-15
7201,Customer 7201,West,10,2024-01-15
7202,  Customer 7202  ,east,"1,000",2024-01-15
7203,Customer 7203,unknown,N/A,31/02/2024
7204,Customer 7204,West,N/A,2024-01-15
7205,Customer 7205,North,"1,000",2024-01-15
7206,Customer 7206,North,N/A,2024-01-15
7207,Customer 7207,EAST,10,2024-01-15
7208,Customer 7208,South,-999999,2024-01-15
7209,Customer 7209,West,"1,000",2024-01-15
7210,Customer 7210,South,-999999,31/02/2024
7211,Customer 7211,North,"1,000",2024-01-15
7212,Customer 7212,unknown,20,2024-01-15
7213,Customer 7213,EAST,20,2024-01-15
7214,Customer 7214,east,10,2024-01-15
7215,  Customer 7215  ,EAST,-999999,2024-01-15
7216,Customer 7216,EAST,20,2024-01-15
7217,Customer 7217,South,20,31/02/2024
7218,Customer 7218,West,"1,000",2024-01-15
7219,Customer 7219,EAST,20,2024-01-15
7220,Customer 7220,West,10,2024-01-15
7221,Customer 7221,unknown,"1,000",2024-01-15
7222,Customer 7222,North,20,2024-01-15
7223,Customer 7223,east,"1,000",2024-01-15
7224,Customer 7224,east,10,31/02/2024
7225,Customer 7225,east,10,2024-01-15
7226,Customer 7226,east,-999999,2024-01-15
7227,Customer 7227,EAST,"1,000",2024-01-15
7228,  Customer 7228  ,West,-999999,2024-01-15
7229,Customer 7229,North,N/A,2024-01-15
7230,Customer 7230,EAST,N/A,2024-01-15
7231,Customer 7231,West,-999999,31/02/2024
7232,Customer 7232,West,"1,000",2024-01-15
7233,Customer 7233,unknown,"1,000",2024-01-15
7234,Customer 7234,South,-999999,2024-01-15
7235,Customer 7235,east,-999999,2024-01-15
7236,Customer 7236,South,N/A,2024-01-15
7237,Customer 7237,EAST,"1,000",2024-01-15
7238,Customer 7238,North,10,31/02/2024
7239,Customer 7239,EAST,20,2024-01-15
7240,Customer 7240,unknown,20,2024-01-15
7241,  Customer 7241  ,EAST,10,2024-01-15
7242,Customer 7242,unknown,N/A,2024-01-15
7243,Customer 7243,South,20,2024-01-15
7244,Customer 7244,unknown,N/A,2024-01-15
7245,Customer 7245,South,10,31/02/2024
7246,Customer 7246,West,N/A,2024-01-15
7247,Customer 7247,West,N/A,2024-01-15
7248,Customer 7248,unknown,10,2024-01-15
7249,Customer 7249,east,N/A,2024-01-15
7250,Customer 7250,North,-999999,2024-01-15
7251,Customer 7251,unknown,"1,000",2024-01-15
7252,Customer 7252,West,10,31/02/2024
7253,Customer 7253,South,"1,000",2024-01-15
7254,  Customer 7254  ,West,20,2024-01-15
7255,Customer 7255,EAST,"1,000",2024-01-15
7256,Customer 7256,South,10,2024-01-15
7257,Customer 7257,South,N/A,2024-01-15
7258,Customer 7258,West,10,2024-01-15
7259,Customer 7259,West,20,31/02/2024
7260,Customer 7260,West,20,2024-01-15
7261,Customer 7261,West,"1,000",2024-01-15
7262,Customer 7262,South,-999999,2024-01-15
7263,Customer 7263,West,-999999,2024-01-15
7264,Customer 7264,east,10,2024-01-15
7265,Customer 7265,North,-999999,2024-01-15
7266,Customer 7266,EAST,20,31/02/2024
7267,  Customer 7267  ,east,-999999,2024-01-15
7268,Customer 7268,unknown,10,2024-01-15
7269,Customer 7269,West,-999999,2024-01-15
7270,Customer 7270,east,-999999,2024-01-15
7271,Customer 7271,EAST,10,2024-01-15
7272,Customer 7272,North,N/A,2024-01-15
7273,Customer 7273,east,N/A,31/02/2024
7274,Customer 7274,EAST,20,2024-01-15
7275,Customer 7275,West,N/A,2024-01-15
7276,Customer 7276,unknown,-999999,2024-01-15
7277,Customer 7277,east,10,2024-01-15
7278,Customer 7278,EAST,"1,000",2024-01-15
7279,Customer 7279,West,10,2024-01-15
7280,  Customer 7280  ,West,10,31/02/2024
7281,Customer 7281,EAST,-999999,2024-01-15
7282,Customer 7282,South,20,2024-01-15
7283,Customer 7283,unknown,"1,000",2024-01-15
7284,Customer 7284,east,10,2024-01-15
7285,Customer 7285,South,10,2024-01-15
7286,Customer 7286,South,20,2024-01-15
7287,Customer 7287,east,N/A,31/02/2024
7288,Customer 7288,North,20,2024-01-15
7289,Customer 7289,east,-999999,2024-01-15
7290,Customer 7290,east,N/A,2024-01-15
7291,Customer 7291,North,-999999,2024-01-15
7292,Customer 7292,unknown,"1,000",2024-01-15
7293,  Customer 7293  ,east,10,2024-01-15
7294,Customer 7294,east,10,31/02/2024
7295,Customer 7295,West,10,2024-01-15
7296,Customer 7296,east,20,2024-01-15
7297,Customer 7297,North,10,2024-01-15
7298,Customer 7298,South,-999999,2024-01-15
7299,Customer 7299,South,10,2024-01-15
7300,Customer 7300,unknown,10,2024-01-15
7301,Customer 7301,EAST,-999999,31/02/2024
7302,Customer 7302,West,20,2024-01-15
7303,Customer 7303,unknown,-999999,2024-01-15
7304,Customer 7304,east,20,2024-01-15
7305,Customer 7305,North,"1,000",2024-01-15
7306,  Customer 7306  ,unknown,N/A,2024-01-15
7307,Customer 7307,North,20,2024-01-15
7308,Customer 7308,east,20,31/02/2024
7309,Customer 7309,South,"1,000",2024-01-15
7310,Customer 7310,unknown,10,2024-01-15
7311,Customer 7311,West,10,2024-01-15
7312,Customer 7312,South,-999999,2024-01-15
7313,Customer 7313,unknown,10,2024-01-15
7314,Customer 7314,unknown,20,2024-01-15
7315,Customer 7315,South,10,31/02/2024
7316,Customer 7316,unknown,-999999,2024-01-15
7317,Customer 7317,South,"1,000",2024-01-15
7318,Customer 7318,North,10,2024-01-15
7319,  Customer 7319  ,North,-999999,2024-01-15
7320,Customer 7320,EAST,N/A,2024-01-15
7321,Customer 7321,east,"1,000",2024-01-15
7322,Customer 7322,West,N/A,31/02/2024
7323,Customer 7323,unknown,N/A,2024-01-15
7324,Customer 7324,unknown,10,2024-01-15
7325,Customer 7325,unknown,20,2024-01-15
7326,Customer 7326,North,10,2024-01-15
7327,Customer 7327,North,N/A,2024-01-15
7328,Customer 7328,east,"1,000",2024-01-15
7329,Customer 7329,EAST,N/A,31/02/2024
7330,Customer 7330,West,"1,000",2024-01-15
7331,Customer 7331,South,N/A,2024-01-15
7332,  Customer 7332  ,West,20,2024-01-15
7333,Customer 7333,South,10,2024-01-15
7334,Customer 7334,West,"1,000",2024-01-15
7335,Customer 7335,West,"1,000",2024-01-15
7336,Customer 7336,EAST,"1,000",31/02/2024
7337,Customer 7337,EAST,N/A,2024-01-15
7338,Customer 7338,unknown,"1,000",2024-01-15
7339,Customer 7339,east,20,2024-01-15
7340,Customer 7340,North,N/A,2024-01-15
7341,Customer 7341,east,20,2024-01-15
7342,Customer 7342,EAST,10,2024-01-15
7343,Customer 7343,EAST,-999999,31/02/2024
7344,Customer 7344,east,"1,000",2024-01-15
7345,  Customer 7345  ,east,"1,000",2024-01-15
7346,Customer 7346,EAST,"1,000",2024-01-15
7347,Customer 7347,EAST,N/A,2024-01-15
7348,Customer 7348,West,20,2024-01-15
7349,Customer 7349,West,N/A,2024-01-15
7350,Customer 7350,West,"1,000",31/02/2024
7351,Customer 7351,South,20,2024-01-15
7352,Customer 7352,unknown,20,2024-01-15
7353,Customer 7353,North,20,2024-01-15
7354,Customer 7354,South,N/A,2024-01-15
7355,Customer 7355,EAST,20,2024-01-15
7356,Customer 7356,North,10,2024-01-15
7357,Customer 7357,South,N/A,31/02/2024
7358,  Customer 7358  ,EAST,-999999,2024-01-15
7359,Customer 7359,South,-999999,2024-01-15
7360,Customer 7360,unknown,"1,000",2024-01-15
7361,Customer 7361,EAST,N/A,2024-01-15
7362,Customer 7362,east,"1,000",2024-01-15
7363,Customer 7363,South,20,2024-01-15
7364,Customer 7364,North,-999999,31/02/2024
7365,Customer 7365,EAST,10,2024-01-15
7366,Customer 7366,EAST,-999999,2024-01-15
7367,Customer 7367,West,10,2024-01-15
7368,Customer 7368,South,-999999,2024-01-15
7369,Customer 7369,South,"1,000",2024-01-15
7370,Customer 7370,unknown,10,2024-01-15
7371,  Customer 7371  ,North,-999999,31/02/2024
7372,Customer 7372,South,20,2024-01-15
7373,Customer 7373,east,-999999,2024-01-15
7374,Customer 7374,West,20,2024-01-15
7375,Customer 7375,West,20,2024-01-15
7376,Customer 7376,east,"1,000",2024-01-15
7377,Customer 7377,West,N/A,2024-01-15
7378,Customer 7378,unknown,N/A,31/02/2024
7379,Customer 7379,North,20,2024-01-15
7380,Customer 7380,unknown,N/A,2024-01-15
7381,Customer 7381,South,20,2024-01-15
7382,Customer 7382,east,10,2024-01-15
7383,Customer 7383,South,20,2024-01-15
7384,  Customer 7384  ,South,20,2024-01-15
7385,Customer 7385,North,"1,000",31/02/2024
7386,Customer 7386,West,"1,000",2024-01-15
7387,Customer 7387,North,-999999,2024-01-15
7388,Customer 7388,east,"1,000",2024-01-15
7389,Customer 7389,South,N/A,2024-01-15
7390,Customer 7390,east,"1,000",2024-01-15
7391,Customer 7391,EAST,20,2024-01-15
7392,Customer 7392,EAST,"1,000",31/02/2024
7393,Customer 7393,West,20,2024-01-15
7394,Customer 7394,EAST,10,2024-01-15
7395,Customer 7395,east,20,2024-01-15
7396,Customer 7396,unknown,"1,000",2024-01-15
7397,  Customer 7397  ,North,N/A,2024-01-15
7398,Customer 7398,east,"1,000",2024-01-15
7399,Customer 7399,North,"1,000",31/02/2024
7400,Customer 7400,North,20,2024-01-15
7401,Customer 7401,unknown,-999999,2024-01-15
7402,Customer 7402,West,N/A,2024-01-15
7403,Customer 7403,EAST,10,2024-01-15
7404,Customer 7404,unknown,"1,000",2024-01-15
7405,Customer 7405,unknown,-999999,2024-01-15
7406,Customer 7406,unknown,-999999,31/02/2024
7407,Customer 7407,EAST,"1,000",2024-01-15
7408,Customer 7408,West,"1,000",2024-01-15
7409,Customer 7409,North,N/A,2024-01-15
7410,  Customer 7410  ,east,N/A,2024-01-15
7411,Customer 7411,EAST,"1,000",2024-01-15
7412,Customer 7412,North,20,2024-01-15
7413,Customer 7413,unknown,20,31/02/2024
7414,Customer 7414,east,"1,000",2024-01-15
7415,Customer 7415,EAST,20,2024-01-15
7416,Customer 7416,east,"1,000",2024-01-15
7417,Customer 7417,West,N/A,2024-01-15
7418,Customer 7418,unknown,N/A,2024-01-15
7419,Customer 7419,unknown,N/A,2024-01-15
7420,Customer 7420,West,"1,000",31/02/2024
7421,Customer 7421,east,-999999,2024-01-15
7422,Customer 7422,West,"1,000",2024-01-15
7423,  Customer 7423  ,North,"1,000",2024-01-15
7424,Customer 7424,east,20,2024-01-15
7425,Customer 7425,east,N/A,2024-01-15
7426,Customer 7426,North,20,2024-01-15
7427,Customer 7427,West,20,31/02/2024
7428,Customer 7428,West,N/A,2024-01-15
7429,Customer 7429,North,20,2024-01-15
7430,Customer 7430,West,10,2024-01-15
7431,Customer 7431,West,"1,000",2024-01-15
7432,Customer 7432,EAST,"1,000",2024-01-15
7433,Customer 7433,EAST,20,2024-01-15
7434,Customer 7434,South,20,31/02/2024
7435,Customer 7435,South,N/A,2024-01-15
7436,  Customer 7436  ,east,"1,000",2024-01-15
7437,Customer 7437,EAST,-999999,2024-01-15
7438,Customer 7438,east,10,2024-01-15
7439,Customer 7439,unknown,N/A,2024-01-15
7440,Customer 7440,North,20,2024-01-15
7441,Customer 7441,South,N/A,31/02/2024
7442,Customer 7442,east,N/A,2024-01-15
7443,Customer 7443,east,-999999,2024-01-15
7444,Customer 7444,West,20,2024-01-15
7445,Customer 7445,EAST,"1,000",2024-01-15
7446,Customer 7446,West,20,2024-01-15
7447,Customer 7447,West,-999999,2024-01-15
7448,Customer 7448,east,N/A,31/02/2024
7449,  Customer 7449  ,North,"1,000",2024-01-15
7450,Customer 7450,North,N/A,2024-01-15
7451,Customer 7451,east,-999999,2024-01-15
7452,Customer 7452,unknown,N/A,2024-01-15
7453,Customer 7453,unknown,-999999,2024-01-15
7454,Customer 7454,West,N/A,2024-01-15
7455,Customer 7455,South,20,31/02/2024
7456,Customer 7456,east,-999999,2024-01-15
7457,Customer 7457,east,10,2024-01-15
7458,Customer 7458,South,-999999,2024-01-15
7459,Customer 7459,North,-999999,2024-01-15
7460,Customer 7460,West,-999999,2024-01-15
7461,Customer 7461,South,"1,000",2024-01-15
7462,  Customer 7462  ,unknown,20,31/02/2024
7463,Customer 7463,West,20,2024-01-15
7464,Customer 7464,North,-999999,2024-01-15
7465,Customer 7465,South,20,2024-01-15
7466,Customer 7466,North,N/A,2024-01-15
7467,Customer 7467,unknown,-999999,2024-01-15
7468,Customer 7468,EAST,-999999,2024-01-15
7469,Customer 7469,South,"1,000",31/02/2024
7470,Customer 7470,West,-999999,2024-01-15
7471,Customer 7471,North,20,2024-01-15
7472,Customer 7472,east,-999999,2024-01-15
7473,Customer 7473,EAST,"1,000",2024-01-15
7474,Customer 7474,unknown,10,2024-01-15
7475,  Customer 7475  ,EAST,10,2024-01-15
7476,Customer 7476,North,N/A,31/02/2024
7477,Customer 7477,unknown,-999999,2024-01-15
7478,Customer 7478,unknown,20,2024-01-15
7479,Customer 7479,North,20,2024-01-15
7480,Customer 7480,unknown,"1,000",2024-01-15
7481,Customer 7481,South,20,2024-01-15
7482,Customer 7482,South,10,2024-01-15
7483,Customer 7483,east,-999999,31/02/2024
7484,Customer 7484,east,20,2024-01-15
7485,Customer 7485,West,10,2024-01-15
7486,Customer 7486,North,N/A,2024-01-15
7487,Customer 7487,east,10,2024-01-15
7488,  Customer 7488  ,South,20,2024-01-15
7489,Customer 7489,West,N/A,2024-01-15
7490,Customer 7490,South,N/A,31/02/2024
7491,Customer 7491,South,20,2024-01-15
7492,Customer 7492,east,N/A,2024-01-15
7493,Customer 7493,North,N/A,2024-01-15
7494,Customer 7494,east,10,2024-01-15
7495,Customer 7495,North,N/A,2024-01-15
7496,Customer 7496,North,-999999,2024-01-15
7497,Customer 7497,EAST,-999999,31/02/2024
7498,Customer 7498,South,20,2024-01-15
7499,Customer 7499,east,N/A,2024-01-15
7499,Customer 7500,South,N/A,2024-01-15
7501,  Customer 7501  ,unknown,-999999,2024-01-15
7502,Customer 7502,West,10,2024-01-15
7503,Customer 7503,EAST,"1,000",2024-01-15
7504,Customer 7504,South,N/A,31/02/2024
7505,Customer 7505,EAST,10,2024-01-15
7506,Customer 7506,South,10,2024-01-15
7507,Customer 7507,EAST,10,2024-01-15
7508,Customer 7508,West,20,2024-01-15
7509,Customer 7509,West,"1,000",2024-01-15
7510,Customer 7510,South,10,2024-01-15
7511,Customer 7511,West,10,31/02/2024
7512,Customer 7512,east,"1,000",2024-01-15
7513,Customer 7513,unknown,10,2024-01-15
7514,  Customer 7514  ,unknown,"1,000",2024-01-15
7515,Customer 7515,West,N/A,2024-01-15
7516,Customer 7516,unknown,"1,000",2024-01-15
7517,Customer 7517,South,20,2024-01-15
7518,Customer 7518,east,20,31/02/2024
7519,Customer 7519,North,-999999,2024-01-15
7520,Customer 7520,South,N/A,2024-01-15
7521,Customer 7521,North,"1,000",2024-01-15
7522,Customer 7522,West,20,2024-01-15
7523,Customer 7523,West,20,2024-01-15
7524,Customer 7524,east,10,2024-01-15
7525,Customer 7525,South,20,31/02/2024
7526,Customer 7526,West,N/A,2024-01-15
7527,  Customer 7527  ,West,-999999,2024-01-15
7528,Customer 7528,West,"1,000",2024-01-15
7529,Customer 7529,North,N/A,2024-01-15
7530,Customer 7530,unknown,20,2024-01-15
7531,Customer 7531,EAST,N/A,2024-01-15
7532,Customer 7532,West,-999999,31/02/2024
7533,Customer 7533,West,N/A,2024-01-15
7534,Customer 7534,South,10,2024-01-15
7535,Customer 7535,West,20,2024-01-15
7536,Customer 7536,West,N/A,2024-01-15
7537,Customer 7537,EAST,20,2024-01-15
7538,Customer 7538,east,-999999,2024-01-15
7539,Customer 7539,North,-999999,31/02/2024
7540,  Customer 7540  ,EAST,-999999,2024-01-15
7541,Customer 7541,east,"1,000",2024-01-15
7542,Customer 7542,West,"1,000",2024-01-15
7543,Customer 7543,North,10,2024-01-15
7544,Customer 7544,EAST,N/A,2024-01-15
7545,Customer 7545,South,10,2024-01-15
7546,Customer 7546,South,N/A,31/02/2024
7547,Customer 7547,North,10,2024-01-15
7548,Customer 7548,North,"1,000",2024-01-15
7549,Customer 7549,EAST,"1,000",2024-01-15
7550,Customer 7550,West,10,2024-01-15
7551,Customer 7551,EAST,20,2024-01-15
7552,Customer 7552,east,20,2024-01-15
7553,  Customer 7553  ,North,-999999,31/02/2024
7554,Customer 7554,North,10,2024-01-15
7555,Customer 7555,North,"1,000",2024-01-15
7556,Customer 7556,east,"1,000",2024-01-15
7557,Customer 7557,West,20,2024-01-15
7558,Customer 7558,EAST,20,2024-01-15
7559,Customer 7559,South,-999999,2024-01-15
7560,Customer 7560,North,N/A,31/02/2024
7561,Customer 7561,North,-999999,2024-01-15
7562,Customer 7562,North,20,2024-01-15
7563,Customer 7563,South,N/A,2024-01-15
7564,Customer 7564,unknown,-999999,2024-01-15
7565,Customer 7565,North,-999999,2024-01-15
7566,  Customer 7566  ,North,N/A,2024-01-15
7567,Customer 7567,North,20,31/02/2024
7568,Customer 7568,South,N/A,2024-01-15
7569,Customer 7569,unknown,10,2024-01-15
7570,Customer 7570,West,10,2024-01-15
7571,Customer 7571,South,10,2024-01-15
7572,Customer 7572,North,N/A,2024-01-15
7573,Customer 7573,EAST,"1,000",2024-01-15
7574,Customer 7574,West,"1,000",31/02/2024
7575,Customer 7575,South,-999999,2024-01-15
7576,Customer 7576,unknown,"1,000",2024-01-15
7577,Customer 7577,North,10,2024-01-15
7578,Customer 7578,North,N/A,2024-01-15
7579,  Customer 7579  ,North,N/A,2024-01-15
7580,Customer 7580,unknown,20,2024-01-15
7581,Customer 7581,east,-999999,31/02/2024
7582,Customer 7582,West,N/A,2024-01-15
7583,Customer 7583,unknown,N/A,2024-01-15
7584,Customer 7584,West,N/A,2024-01-15
7585,Customer 7585,West,-999999,2024-01-15
7586,Customer 7586,West,"1,000",2024-01-15
7587,Customer 7587,West,N/A,2024-01-15
7588,Customer 7588,unknown,10,31/02/2024
7589,Customer 7589,east,N/A,2024-01-15
7590,Customer 7590,North,-999999,2024-01-15
7591,Customer 7591,North,"1,000",2024-01-15
7592,  Customer 7592  ,North,20,2024-01-15
7593,Customer 7593,South,10,2024-01-15
7594,Customer 7594,EAST,-999999,2024-01-15
7595,Customer 7595,South,N/A,31/02/2024
7596,Customer 7596,South,10,2024-01-15
7597,Customer 7597,West,20,2024-01-15
7598,Customer 7598,east,10,2024-01-15
7599,Customer 7599,unknown,20,2024-01-15
7600,Customer 7600,North,-999999,2024-01-15
7601,Customer 7601,east,-999999,2024-01-15
7602,Customer 7602,east,10,31/02/2024
7603,Customer 7603,North,"1,000",2024-01-15
7604,Customer 7604,South,20,2024-01-15
7605,  Customer 7605  ,EAST,10,2024-01-15
7606,Customer 7606,unknown,N/A,2024-01-15
7607,Customer 7607,West,-999999,2024-01-15
7608,Customer 7608,West,20,2024-01-15
7609,Customer 7609,east,20,31/02/2024
7610,Customer 7610,North,"1,000",2024-01-15
7611,Customer 7611,east,"1,000",2024-01-15
7612,Customer 7612,North,N/A,2024-01-15
7613,Customer 7613,South,-999999,2024-01-15
7614,Customer 7614,EAST,"1,000",2024-01-15
7615,Customer 7615,east,N/A,2024-01-15
7616,Customer 7616,unknown,N/A,31/02/2024
7617,Customer 7617,South,-999999,2024-01-15
7618,  Customer 7618  ,east,10,2024-01-15
7619,Customer 7619,unknown,-999999,2024-01-15
7620,Customer 7620,east,N/A,2024-01-15
7621,Customer 7621,South,"1,000",2024-01-15
7622,Customer 7622,unknown,N/A,2024-01-15
7623,Customer 7623,EAST,10,31/02/2024
7624,Customer 7624,unknown,10,2024-01-15
7625,Customer 7625,unknown,"1,000",2024-01-15
7626,Customer 7626,unknown,10,2024-01-15
7627,Customer 7627,EAST,"1,000",2024-01-15
7628,Customer 7628,West,"1,000",2024-01-15
7629,Customer 7629,South,-999999,2024-01-15
7630,Customer 7630,West,N/A,31/02/2024
7631,  Customer 7631  ,West,N/A,2024-01-15
7632,Customer 7632,South,-999999,2024-01-15
7633,Customer 7633,EAST,N/A,2024-01-15
7634,Customer 7634,South,10,2024-01-15
7635,Customer 7635,West,20,2024-01-15
7636,Customer 7636,east,20,2024-01-15
7637,Customer 7637,South,N/A,31/02/2024
7638,Customer 7638,West,10,2024-01-15
7639,Customer 7639,unknown,20,2024-01-15
7640,Customer 7640,West,20,2024-01-15
7641,Customer 7641,North,-999999,2024-01-15
7642,Customer 7642,South,20,2024-01-15
7643,Customer 7643,east,10,2024-01-15
7644,  Customer 7644  ,east,20,31/02/2024
7645,Customer 7645,east,-999999,2024-01-15
7646,Customer 7646,EAST,"1,000",2024-01-15
7647,Customer 7647,West,10,2024-01-15
7648,Customer 7648,South,20,2024-01-15
7649,Customer 7649,North,-999999,2024-01-15
7650,Customer 7650,east,"1,000",2024-01-15
7651,Customer 7651,South,"1,000",31/02/2024
7652,Customer 7652,North,-999999,2024-01-15
7653,Customer 7653,West,N/A,2024-01-15
7654,Customer 7654,North,-999999,2024-01-15
7655,Customer 7655,North,-999999,2024-01-15
7656,Customer 7656,West,"1,000",2024-01-15
7657,  Customer 7657  ,east,"1,000",2024-01-15
7658,Customer 7658,unknown,"1,000",31/02/2024
7659,Customer 7659,east,10,2024-01-15
7660,Customer 7660,east,10,2024-01-15
7661,Customer 7661,EAST,20,2024-01-15
7662,Customer 7662,EAST,"1,000",2024-01-15
7663,Customer 7663,South,-999999,2024-01-15
7664,Customer 7664,South,N/A,2024-01-15
7665,Customer 7665,North,10,31/02/2024
7666,Customer 7666,east,10,2024-01-15
7667,Customer 7667,South,20,2024-01-15
7668,Customer 7668,South,"1,000",2024-01-15
7669,Customer 7669,east,-999999,2024-01-15
7670,  Customer 7670  ,West,N/A,2024-01-15
7671,Customer 7671,east,-999999,2024-01-15
7672,Customer 7672,North,-999999,31/02/2024
7673,Customer 7673,EAST,"1,000",2024-01-15
7674,Customer 7674,West,"1,000",2024-01-15
7675,Customer 7675,North,10,2024-01-15
7676,Customer 7676,unknown,"1,000",2024-01-15
7677,Customer 7677,EAST,-999999,2024-01-15
7678,Customer 7678,unknown,-999999,2024-01-15
7679,Customer 7679,North,10,31/02/2024
7680,Customer 7680,West,10,2024-01-15
7681,Customer 7681,unknown,"1,000",2024-01-15
7682,Customer 7682,South,N/A,2024-01-15
7683,  Customer 7683  ,east,"1,000",2024-01-15
7684,Customer 7684,EAST,20,2024-01-15
7685,Customer 7685,West,10,2024-01-15
7686,Customer 7686,South,N/A,31/02/2024
7687,Customer 7687,unknown,10,2024-01-15
7688,Customer 7688,West,20,2024-01-15
7689,Customer 7689,South,"1,000",2024-01-15
7690,Customer 7690,South,N/A,2024-01-15
7691,Customer 7691,EAST,10,2024-01-15
7692,Customer 7692,West,-999999,2024-01-15
7693,Customer 7693,unknown,N/A,31/02/2024
7694,Customer 7694,West,"1,000",2024-01-15
7695,Customer 7695,east,N/A,2024-01-15
7696,  Customer 7696  ,unknown,"1,000",2024-01-15
7697,Customer 7697,EAST,N/A,2024-01-15
7698,Customer 7698,unknown,20,2024-01-15
7699,Customer 7699,West,20,2024-01-15
7700,Customer 7700,unknown,N/A,31/02/2024
7701,Customer 7701,east,N/A,2024-01-15
7702,Customer 7702,West,N/A,2024-01-15
7703,Customer 7703,North,N/A,2024-01-15
7704,Customer 7704,South,"1,000",2024-01-15
7705,Customer 7705,North,10,2024-01-15
7706,Customer 7706,EAST,10,2024-01-15
7707,Customer 7707,east,-999999,31/02/2024
7708,Customer 7708,unknown,10,2024-01-15
7709,  Customer 7709  ,EAST,N/A,2024-01-15
7710,Customer 7710,east,-999999,2024-01-15
7711,Customer 7711,West,-999999,2024-01-15
7712,Customer 7712,EAST,-999999,2024-01-15
7713,Customer 7713,North,"1,000",2024-01-15
7714,Customer 7714,South,-999999,31/02/2024
7715,Customer 7715,unknown,10,2024-01-15
7716,Customer 7716,east,"1,000",2024-01-15
7717,Customer 7717,South,N/A,2024-01-15
7718,Customer 7718,east,-999999,2024-01-15
7719,Customer 7719,unknown,10,2024-01-15
7720,Customer 7720,EAST,-999999,2024-01-15
7721,Customer 7721,east,N/A,31/02/2024
7722,  Customer 7722  ,east,-999999,2024-01-15
7723,Customer 7723,South,"1,000",2024-01-15
7724,Customer 7724,unknown,N/A,2024-01-15
7725,Customer 7725,east,N/A,2024-01-15
7726,Customer 7726,unknown,10,2024-01-15
7727,Customer 7727,unknown,20,2024-01-15
7728,Customer 7728,east,-999999,31/02/2024
7729,Customer 7729,unknown,10,2024-01-15
7730,Customer 7730,unknown,N/A,2024-01-15
7731,Customer 7731,east,N/A,2024-01-15
7732,Customer 7732,North,-999999,2024-01-15
7733,Customer 7733,West,20,2024-01-15
7734,Customer 7734,EAST,N/A,2024-01-15
7735,  Customer 7735  ,West,-999999,31/02/2024
7736,Customer 7736,West,-999999,2024-01-15
7737,Customer 7737,West,10,2024-01-15
7738,Customer 7738,West,10,2024-01-15
7739,Customer 7739,unknown,20,2024-01-15
7740,Customer 7740,West,20,2024-01-15
7741,Customer 7741,east,20,2024-01-15
7742,Customer 7742,North,10,31/02/2024
7743,Customer 7743,unknown,20,2024-01-15
7744,Customer 7744,South,N/A,2024-01-15
7745,Customer 7745,West,20,2024-01-15
7746,Customer 7746,North,N/A,2024-01-15
7747,Customer 7747,unknown,20,2024-01-15
7748,  Customer 7748  ,unknown,N/A,2024-01-15
7749,Customer 7749,South,10,31/02/2024
7750,Customer 7750,West,10,2024-01-15
7751,Customer 7751,North,N/A,2024-01-15
7752,Customer 7752,West,10,2024-01-15
7753,Customer 7753,unknown,N/A,2024-01-15
7754,Customer 7754,EAST,20,2024-01-15
7755,Customer 7755,unknown,20,2024-01-15
7756,Customer 7756,unknown,-999999,31/02/2024
7757,Customer 7757,North,-999999,2024-01-15
7758,Customer 7758,North,10,2024-01-15
7759,Customer 7759,North,10,2024-01-15
7760,Customer 7760,east,"1,000",2024-01-15
7761,  Customer 7761  ,east,10,2024-01-15
7762,Customer 7762,EAST,"1,000",2024-01-15
7763,Customer 7763,unknown,"1,000",31/02/2024
7764,Customer 7764,east,10,2024-01-15
7765,Customer 7765,east,"1,000",2024-01-15
7766,Customer 7766,West,-999999,2024-01-15
7767,Customer 7767,North,N/A,2024-01-15
7768,Customer 7768,North,"1,000",2024-01-15
7769,Customer 7769,South,10,2024-01-15
7770,Customer 7770,EAST,-999999,31/02/2024
7771,Customer 7771,EAST,20,2024-01-15
7772,Customer 7772,EAST,"1,000",2024-01-15
7773,Customer 7773,North,N/A,2024-01-15
7774,  Customer 7774  ,east,"1,000",2024-01-15
7775,Customer 7775,West,N/A,2024-01-15
7776,Customer 7776,east,20,2024-01-15
7777,Customer 7777,unknown,"1,000",31/02/2024
7778,Customer 7778,West,20,2024-01-15
7779,Customer 7779,unknown,"1,000",2024-01-15
7780,Customer 7780,South,"1,000",2024-01-15
7781,Customer 7781,West,N/A,2024-01-15
7782,Customer 7782,unknown,10,2024-01-15
7783,Customer 7783,South,N/A,2024-01-15
7784,Customer 7784,North,"1,000",31/02/2024
7785,Customer 7785,EAST,-999999,2024-01-15
7786,Customer 7786,South,20,2024-01-15
7787,  Customer 7787  ,South,N/A,2024-01-15
7788,Customer 7788,east,-999999,2024-01-15
7789,Customer 7789,South,"1,000",2024-01-15
7790,Customer 7790,West,"1,000",2024-01-15
7791,Customer 7791,EAST,"1,000",31/02/2024
7792,Customer 7792,EAST,-999999,2024-01-15
7793,Customer 7793,unknown,"1,000",2024-01-15
7794,Customer 7794,EAST,10,2024-01-15
7795,Customer 7795,West,10,2024-01-15
7796,Customer 7796,EAST,10,2024-01-15
7797,Customer 7797,unknown,N/A,2024-01-15
7798,Customer 7798,EAST,10,31/02/2024
7799,Customer 7799,unknown,"1,000",2024-01-15
7800,  Customer 7800  ,South,"1,000",2024-01-15
7801,Customer 7801,West,20,2024-01-15
7802,Customer 7802,North,"1,000",2024-01-15
7803,Customer 7803,West,N/A,2024-01-15
7804,Customer 7804,West,10,2024-01-15
7805,Customer 7805,unknown,10,31/02/2024
7806,Customer 7806,EAST,"1,000",2024-01-15
7807,Customer 7807,unknown,"1,000",2024-01-15
7808,Customer 7808,east,"1,000",2024-01-15
7809,Customer 7809,unknown,-999999,2024-01-15
7810,Customer 7810,West,"1,000",2024-01-15
7811,Customer 7811,unknown,-999999,2024-01-15
7812,Customer 7812,South,10,31/02/2024
7813,  Customer 7813  ,North,N/A,2024-01-15
7814,Customer 7814,West,N/A,2024-01-15
7815,Customer 7815,east,20,2024-01-15
7816,Customer 7816,South,"1,000",2024-01-15
7817,Customer 7817,West,"1,000",2024-01-15
7818,Customer 7818,unknown,20,2024-01-15
7819,Customer 7819,unknown,20,31/02/2024
7820,Customer 7820,unknown,10,2024-01-15
7821,Customer 7821,West,20,2024-01-15
7822,Customer 7822,unknown,N/A,2024-01-15
7823,Customer 7823,South,-999999,2024-01-15
7824,Customer 7824,east,10,2024-01-15
7825,Customer 7825,east,"1,000",2024-01-15
7826,  Customer 7826  ,east,20,31/02/2024
7827,Customer 7827,North,20,2024-01-15
7828,Customer 7828,EAST,20,2024-01-15
7829,Customer 7829,EAST,-999999,2024-01-15
7830,Customer 7830,EAST,20,2024-01-15
7831,Customer 7831,east,-999999,2024-01-15
7832,Customer 7832,EAST,-999999,2024-01-15
7833,Customer 7833,east,10,31/02/2024
7834,Customer 7834,West,20,2024-01-15
7835,Customer 7835,North,10,2024-01-15
7836,Customer 7836,east,-999999,2024-01-15
7837,Customer 7837,West,-999999,2024-01-15
7838,Customer 7838,unknown,-999999,2024-01-15
7839,  Customer 7839  ,South,20,2024-01-15
7840,Customer 7840,South,20,31/02/2024
7841,Customer 7841,EAST,20,2024-01-15
7842,Customer 7842,EAST,"1,000",2024-01-15
7843,Customer 7843,South,"1,000",2024-01-15
7844,Customer 7844,unknown,10,2024-01-15
7845,Customer 7845,east,-999999,2024-01-15
7846,Customer 7846,North,"1,000",2024-01-15
7847,Customer 7847,unknown,-999999,31/02/2024
7848,Customer 7848,North,-999999,2024-01-15
7849,Customer 7849,unknown,N/A,2024-01-15
7850,Customer 7850,east,"1,000",2024-01-15
7851,Customer 7851,EAST,20,2024-01-15
7852,  Customer 7852  ,South,10,2024-01-15
7853,Customer 7853,EAST,"1,000",2024-01-15
7854,Customer 7854,North,"1,000",31/02/2024
7855,Customer 7855,unknown,N/A,2024-01-15
7856,Customer 7856,east,-999999,2024-01-15
7857,Customer 7857,South,N/A,2024-01-15
7858,Customer 7858,east,10,2024-01-15
7859,Customer 7859,North,10,2024-01-15
7860,Customer 7860,South,10,2024-01-15
7861,Customer 7861,unknown,N/A,31/02/2024
7862,Customer 7862,unknown,20,2024-01-15
7863,Customer 7863,South,20,2024-01-15
7864,Customer 7864,West,20,2024-01-15
7865,  Customer 7865  ,EAST,-999999,2024-01-15
7866,Customer 7866,unknown,N/A,2024-01-15
7867,Customer 7867,EAST,"1,000",2024-01-15
7868,Customer 7868,West,10,31/02/2024
7869,Customer 7869,east,-999999,2024-01-15
7870,Customer 7870,South,20,2024-01-15
7871,Customer 7871,South,10,2024-01-15
7872,Customer 7872,unknown,N/A,2024-01-15
7873,Customer 7873,West,-999999,2024-01-15
7874,Customer 7874,east,-999999,2024-01-15
7875,Customer 7875,West,20,31/02/2024
7876,Customer 7876,South,20,2024-01-15
7877,Customer 7877,east,20,2024-01-15
7878,  Customer 7878  ,South,N/A,2024-01-15
7879,Customer 7879,unknown,20,2024-01-15
7880,Customer 7880,South,-999999,2024-01-15
7881,Customer 7881,east,20,2024-01-15
7882,Customer 7882,unknown,20,31/02/2024
7883,Customer 7883,unknown,"1,000",2024-01-15
7884,Customer 7884,West,N/A,2024-01-15
7885,Customer 7885,east,-999999,2024-01-15
7886,Customer 7886,North,20,2024-01-15
7887,Customer 7887,east,N/A,2024-01-15
7888,Customer 7888,South,N/A,2024-01-15
7889,Customer 7889,unknown,10,31/02/2024
7890,Customer 7890,east,"1,000",2024-01-15
7891,  Customer 7891  ,North,20,2024-01-15
7892,Customer 7892,West,N/A,2024-01-15
7893,Customer 7893,east,N/A,2024-01-15
7894,Customer 7894,east,-999999,2024-01-15
7895,Customer 7895,EAST,N/A,2024-01-15
7896,Customer 7896,North,-999999,31/02/2024
7897,Customer 7897,unknown,10,2024-01-15
7898,Customer 7898,North,N/A,2024-01-15
7899,Customer 7899,unknown,-999999,2024-01-15
7900,Customer 7900,South,-999999,2024-01-15
7901,Customer 7901,east,"1,000",2024-01-15
7902,Customer 7902,unknown,10,2024-01-15
7903,Customer 7903,EAST,-999999,31/02/2024
7904,  Customer 7904  ,North,-999999,2024-01-15
7905,Customer 7905,North,-999999,2024-01-15
7906,Customer 7906,West,10,2024-01-15
7907,Customer 7907,EAST,-999999,2024-01-15
7908,Customer 7908,unknown,N/A,2024-01-15
7909,Customer 7909,West,20,2024-01-15
7910,Customer 7910,east,"1,000",31/02/2024
7911,Customer 7911,east,10,2024-01-15
7912,Customer 7912,east,20,2024-01-15
7913,Customer 7913,South,-999999,2024-01-15
7914,Customer 7914,unknown,N/A,2024-01-15
7915,Customer 7915,South,-999999,2024-01-15
7916,Customer 7916,east,-999999,2024-01-15
7917,  Customer 7917  ,South,N/A,31/02/2024
7918,Customer 7918,unknown,20,2024-01-15
7919,Customer 7919,North,20,2024-01-15
7920,Customer 7920,North,-999999,2024-01-15
7921,Customer 7921,West,-999999,2024-01-15
7922,Customer 7922,unknown,20,2024-01-15
7923,Customer 7923,east,-999999,2024-01-15
7924,Customer 7924,east,20,31/02/2024
7925,Customer 7925,South,20,2024-01-15
7926,Customer 7926,EAST,"1,000",2024-01-15
7927,Customer 7927,east,-999999,2024-01-15
7928,Customer 7928,West,20,2024-01-15
7929,Customer 7929,east,-999999,2024-01-15
7930,  Customer 7930  ,EAST,N/A,2024-01-15
7931,Customer 7931,West,"1,000",31/02/2024
7932,Customer 7932,EAST,-999999,2024-01-15
7933,Customer 7933,South,N/A,2024-01-15
7934,Customer 7934,east,"1,000",2024-01-15
7935,Customer 7935,West,10,2024-01-15
7936,Customer 7936,east,"1,000",2024-01-15
7937,Customer 7937,east,10,2024-01-15
7938,Customer 7938,EAST,20,31/02/2024
7939,Customer 7939,South,10,2024-01-15
7940,Customer 7940,unknown,N/A,2024-01-15
7941,Customer 7941,South,"1,000",2024-01-15
7942,Customer 7942,South,N/A,2024-01-15
7943,  Customer 7943  ,unknown,-999999,2024-01-15
7944,Customer 7944,South,-999999,2024-01-15
7945,Customer 7945,unknown,10,31/02/2024
7946,Customer 7946,South,-999999,2024-01-15
7947,Customer 7947,North,-999999,2024-01-15
7948,Customer 7948,North,10,2024-01-15
7949,Customer 7949,east,"1,000",2024-01-15
7950,Customer 7950,West,-999999,2024-01-15
7951,Customer 7951,West,N/A,2024-01-15
7952,Customer 7952,EAST,-999999,31/02/2024
7953,Customer 7953,South,N/A,2024-01-15
7954,Customer 7954,EAST,20,2024-01-15
7955,Customer 7955,North,-999999,2024-01-15
7956,  Customer 7956  ,EAST,"1,000",2024-01-15
7957,Customer 7957,West,N/A,2024-01-15
7958,Customer 7958,east,10,2024-01-15
7959,Customer 7959,North,-999999,31/02/2024
7960,Customer 7960,unknown,N/A,2024-01-15
7961,Customer 7961,unknown,N/A,2024-01-15
7962,Customer 7962,North,20,2024-01-15
7963,Customer 7963,West,N/A,2024-01-15
7964,Customer 7964,EAST,20,2024-01-15
7965,Customer 7965,West,20,2024-01-15
7966,Customer 7966,east,N/A,31/02/2024
7967,Customer 7967,West,"1,000",2024-01-15
7968,Customer 7968,West,20,2024-01-15
7969,  Customer 7969  ,South,10,2024-01-15
7970,Customer 7970,EAST,N/A,2024-01-15
7971,Customer 7971,unknown,10,2024-01-15
7972,Customer 7972,West,10,2024-01-15
7973,Customer 7973,unknown,10,31/02/2024
7974,Customer 7974,South,-999999,2024-01-15
7975,Customer 7975,West,N/A,2024-01-15
7976,Customer 7976,West,-999999,2024-01-15
7977,Customer 7977,South,"1,000",2024-01-15
7978,Customer 7978,unknown,-999999,2024-01-15
7979,Customer 7979,South,"1,000",2024-01-15
7980,Customer 7980,EAST,10,31/02/2024
7981,Customer 7981,North,20,2024-01-15
7982,  Customer 7982  ,unknown,10,2024-01-15
7983,Customer 7983,South,-999999,2024-01-15
7984,Customer 7984,West,20,2024-01-15
7985,Customer 7985,North,20,2024-01-15
7986,Customer 7986,east,20,2024-01-15
7987,Customer 7987,unknown,N/A,31/02/2024
7988,Customer 7988,EAST,-999999,2024-01-15
7989,Customer 7989,EAST,"1,000",2024-01-15
7990,Customer 7990,North,"1,000",2024-01-15
7991,Customer 7991,EAST,"1,000",2024-01-15
7992,Customer 7992,east,N/A,2024-01-15
7993,Customer 7993,unknown,20,2024-01-15
7994,Customer 7994,east,-999999,31/02/2024
7995,  Customer 7995  ,EAST,20,2024-01-15
7996,Customer 7996,North,N/A,2024-01-15
7997,Customer 7997,east,-999999,2024-01-15
7998,Customer 7998,West,N/A,2024-01-15
7999,Customer 7999,West,-999999,2024-01-15
7999,Customer 8000,EAST,N/A,2024-01-15
8001,Customer 8001,EAST,20,31/02/2024
8002,Customer 8002,east,20,2024-01-15
8003,Customer 8003,unknown,N/A,2024-01-15
8004,Customer 8004,South,20,2024-01-15
8005,Customer 8005,unknown,20,2024-01-15
8006,Customer 8006,South,"1,000",2024-01-15
8007,Customer 8007,South,-999999,2024-01-15
8008,  Customer 8008  ,unknown,N/A,31/02/2024
8009,Customer 8009,South,"1,000",2024-01-15
8010,Customer 8010,east,"1,000",2024-01-15
8011,Customer 8011,West,"1,000",2024-01-15
8012,Customer 8012,east,20,2024-01-15
8013,Customer 8013,unknown,"1,000",2024-01-15
8014,Customer 8014,North,-999999,2024-01-15
8015,Customer 8015,east,-999999,31/02/2024
8016,Customer 8016,EAST,N/A,2024-01-15
8017,Customer 8017,unknown,N/A,2024-01-15
8018,Customer 8018,east,N/A,2024-01-15
8019,Customer 8019,West,"1,000",2024-01-15
8020,Customer 8020,unknown,N/A,2024-01-15
8021,  Customer 8021  ,North,10,2024-01-15
8022,Customer 8022,unknown,"1,000",31/02/2024
8023,Customer 8023,North,"1,000",2024-01-15
8024,Customer 8024,North,-999999,2024-01-15
8025,Customer 8025,unknown,N/A,2024-01-15
8026,Customer 8026,West,-999999,2024-01-15
8027,Customer 8027,east,20,2024-01-15
8028,Customer 8028,West,20,2024-01-15
8029,Customer 8029,West,-999999,31/02/2024
8030,Customer 8030,North,20,2024-01-15
8031,Customer 8031,South,N/A,2024-01-15
8032,Customer 8032,unknown,"1,000",2024-01-15
8033,Customer 8033,South,10,2024-01-15
8034,  Customer 8034  ,unknown,10,2024-01-15
8035,Customer 8035,east,20,2024-01-15
8036,Customer 8036,South,10,31/02/2024
8037,Customer 8037,West,"1,000",2024-01-15
8038,Customer 8038,West,10,2024-01-15
8039,Customer 8039,North,"1,000",2024-01-15
8040,Customer 8040,South,20,2024-01-15
8041,Customer 8041,unknown,"1,000",2024-01-15
8042,Customer 8042,unknown,20,2024-01-15
8043,Customer 8043,EAST,N/A,31/02/2024
8044,Customer 8044,east,20,2024-01-15
8045,Customer 8045,unknown,20,2024-01-15
8046,Customer 8046,West,-999999,2024-01-15
8047,  Customer 8047  ,unknown,-999999,2024-01-15
8048,Customer 8048,North,"1,000",2024-01-15
8049,Customer 8049,east,-999999,2024-01-15
8050,Customer 8050,North,20,31/02/2024
8051,Customer 8051,east,20,2024-01-15
8052,Customer 8052,West,"1,000",2024-01-15
8053,Customer 8053,West,10,2024-01-15
8054,Customer 8054,EAST,10,2024-01-15
8055,Customer 8055,east,N/A,2024-01-15
8056,Customer 8056,unknown,10,2024-01-15
8057,Customer 8057,South,20,31/02/2024
8058,Customer 8058,east,10,2024-01-15
8059,Customer 8059,South,10,2024-01-15
8060,  Customer 8060  ,North,N/A,2024-01-15
8061,Customer 8061,east,"1,000",2024-01-15
8062,Customer 8062,South,-999999,2024-01-15
8063,Customer 8063,unknown,20,2024-01-15
8064,Customer 8064,unknown,-999999,31/02/2024
8065,Customer 8065,EAST,10,2024-01-15
8066,Customer 8066,South,20,2024-01-15
8067,Customer 8067,EAST,-999999,2024-01-15
8068,Customer 8068,North,20,2024-01-15
8069,Customer 8069,east,20,2024-01-15
8070,Customer 8070,West,"1,000",2024-01-15
8071,Customer 8071,unknown,10,31/02/2024
8072,Customer 8072,unknown,20,2024-01-15
8073,  Customer 8073  ,West,10,2024-01-15
8074,Customer 8074,South,N/A,2024-01-15
8075,Customer 8075,South,"1,000",2024-01-15
8076,Customer 8076,West,"1,000",2024-01-15
8077,Customer 8077,unknown,-999999,2024-01-15
8078,Customer 8078,North,-999999,31/02/2024
8079,Customer 8079,West,"1,000",2024-01-15
8080,Customer 8080,EAST,"1,000",2024-01-15
8081,Customer 8081,EAST,-999999,2024-01-15
8082,Customer 8082,EAST,"1,000",2024-01-15
8083,Customer 8083,West,20,2024-01-15
8084,Customer 8084,east,20,2024-01-15
8085,Customer 8085,east,N/A,31/02/2024
8086,  Customer 8086  ,east,10,2024-01-15
8087,Customer 8087,West,-999999,2024-01-15
8088,Customer 8088,West,10,2024-01-15
8089,Customer 8089,EAST,"1,000",2024-01-15
8090,Customer 8090,South,10,2024-01-15
8091,Customer 8091,South,20,2024-01-15
8092,Customer 8092,unknown,10,31/02/2024
8093,Customer 8093,North,20,2024-01-15
8094,Customer 8094,West,-999999,2024-01-15
8095,Customer 8095,east,N/A,2024-01-15
8096,Customer 8096,unknown,10,2024-01-15
8097,Customer 8097,unknown,10,2024-01-15
8098,Customer 8098,West,10,2024-01-15
8099,  Customer 8099  ,EAST,"1,000",31/02/2024
8100,Customer 8100,West,20,2024-01-15
8101,Customer 8101,unknown,N/A,2024-01-15
8102,Customer 8102,EAST,10,2024-01-15
8103,Customer 8103,South,-999999,2024-01-15
8104,Customer 8104,east,N/A,2024-01-15
8105,Customer 8105,unknown,20,2024-01-15
8106,Customer 8106,east,-999999,31/02/2024
8107,Customer 8107,east,20,2024-01-15
8108,Customer 8108,east,20,2024-01-15
8109,Customer 8109,EAST,20,2024-01-15
8110,Customer 8110,east,10,2024-01-15
8111,Customer 8111,EAST,N/A,2024-01-15
8112,  Customer 8112  ,South,20,2024-01-15
8113,Customer 8113,South,-999999,31/02/2024
8114,Customer 8114,EAST,N/A,2024-01-15
8115,Customer 8115,EAST,10,2024-01-15
8116,Customer 8116,unknown,"1,000",2024-01-15
8117,Customer 8117,east,-999999,2024-01-15
8118,Customer 8118,West,20,2024-01-15
8119,Customer 8119,South,N/A,2024-01-15
8120,Customer 8120,West,-999999,31/02/2024
8121,Customer 8121,South,N/A,2024-01-15
8122,Customer 8122,South,-999999,2024-01-15
8123,Customer 8123,North,20,2024-01-15
8124,Customer 8124,unknown,10,2024-01-15
8125,  Customer 8125  ,South,20,2024-01-15
8126,Customer 8126,EAST,N/A,2024-01-15
8127,Customer 8127,unknown,20,31/02/2024
8128,Customer 8128,North,20,2024-01-15
8129,Customer 8129,east,-999999,2024-01-15
8130,Customer 8130,West,"1,000",2024-01-15
8131,Customer 8131,east,10,2024-01-15
8132,Customer 8132,West,"1,000",2024-01-15
8133,Customer 8133,unknown,"1,000",2024-01-15
8134,Customer 8134,North,20,31/02/2024
8135,Customer 8135,unknown,20,2024-01-15
8136,Customer 8136,North,"1,000",2024-01-15
8137,Customer 8137,unknown,20,2024-01-15
8138,  Customer 8138  ,EAST,-999999,2024-01-15
8139,Customer 8139,West,10,2024-01-15
8140,Customer 8140,North,N/A,2024-01-15
8141,Customer 8141,unknown,"1,000",31/02/2024
8142,Customer 8142,North,N/A,2024-01-15
8143,Customer 8143,east,-999999,2024-01-15
8144,Customer 8144,unknown,"1,000",2024-01-15
8145,Customer 8145,unknown,"1,000",2024-01-15
8146,Customer 8146,West,N/A,2024-01-15
8147,Customer 8147,EAST,20,2024-01-15
8148,Customer 8148,east,20,31/02/2024
8149,Customer 8149,South,N/A,2024-01-15
8150,Customer 8150,West,20,2024-01-15
8151,  Customer 8151  ,unknown,-999999,2024-01-15
8152,Customer 8152,unknown,-999999,2024-01-15
8153,Customer 8153,EAST,"1,000",2024-01-15
8154,Customer 8154,unknown,-999999,2024-01-15
8155,Customer 8155,east,20,31/02/2024
8156,Customer 8156,EAST,-999999,2024-01-15
8157,Customer 8157,West,N/A,2024-01-15
8158,Customer 8158,east,20,2024-01-15
8159,Customer 8159,West,10,2024-01-15
8160,Customer 8160,North,20,2024-01-15
8161,Customer 8161,West,10,2024-01-15
8162,Customer 8162,east,20,31/02/2024
8163,Customer 8163,South,N/A,2024-01-15
8164,  Customer 8164  ,West,10,2024-01-15
8165,Customer 8165,EAST,10,2024-01-15
8166,Customer 8166,EAST,10,2024-01-15
8167,Customer 8167,EAST,10,2024-01-15
8168,Customer 8168,east,20,2024-01-15
8169,Customer 8169,West,"1,000",31/02/2024
8170,Customer 8170,unknown,10,2024-01-15
8171,Customer 8171,unknown,20,2024-01-15
8172,Customer 8172,North,20,2024-01-15
8173,Customer 8173,unknown,"1,000",2024-01-15
8174,Customer 8174,unknown,10,2024-01-15
8175,Customer 8175,South,10,2024-01-15
8176,Customer 8176,unknown,"1,000",31/02/2024
8177,  Customer 8177  ,EAST,10,2024-01-15
8178,Customer 8178,North,"1,000",2024-01-15
8179,Customer 8179,West,N/A,2024-01-15
8180,Customer 8180,unknown,20,2024-01-15
8181,Customer 8181,West,10,2024-01-15
8182,Customer 8182,east,10,2024-01-15
8183,Customer 8183,West,-999999,31/02/2024
8184,Customer 8184,West,20,2024-01-15
8185,Customer 8185,EAST,20,2024-01-15
8186,Customer 8186,east,10,2024-01-15
8187,Customer 8187,east,20,2024-01-15
8188,Customer 8188,South,N/A,2024-01-15
8189,Customer 8189,North,"1,000",2024-01-15
8190,  Customer 8190  ,EAST,10,31/02/2024
8191,Customer 8191,east,20,2024-01-15
8192,Customer 8192,West,10,2024-01-15
8193,Customer 8193,North,"1,000",2024-01-15
8194,Customer 8194,West,"1,000",2024-01-15
8195,Customer 8195,east,N/A,2024-01-15
8196,Customer 8196,east,N/A,2024-01-15
8197,Customer 8197,east,N/A,31/02/2024
8198,Customer 8198,east,20,2024-01-15
8199,Customer 8199,unknown,"1,000",2024-01-15
8200,Customer 8200,EAST,"1,000",2024-01-15
8201,Customer 8201,unknown,-999999,2024-01-15
8202,Customer 8202,unknown,20,2024-01-15
8203,  Customer 8203  ,unknown,N/A,2024-01-15
8204,Customer 8204,unknown,10,31/02/2024
8205,Customer 8205,North,-999999,2024-01-15
8206,Customer 8206,unknown,-999999,2024-01-15
8207,Customer 8207,North,N/A,2024-01-15
8208,Customer 8208,EAST,"1,000",2024-01-15
8209,Customer 8209,unknown,N/A,2024-01-15
8210,Customer 8210,east,"1,000",2024-01-15
8211,Customer 8211,EAST,20,31/02/2024
8212,Customer 8212,South,-999999,2024-01-15
8213,Customer 8213,North,-999999,2024-01-15
8214,Customer 8214,east,-999999,2024-01-15
8215,Customer 8215,North,N/A,2024-01-15
8216,  Customer 8216  ,South,10,2024-01-15
8217,Customer 8217,east,-999999,2024-01-15
8218,Customer 8218,unknown,20,31/02/2024
8219,Customer 8219,east,-999999,2024-01-15
8220,Customer 8220,EAST,N/A,2024-01-15
8221,Customer 8221,West,N/A,2024-01-15
8222,Customer 8222,east,10,2024-01-15
8223,Customer 8223,east,20,2024-01-15
8224,Customer 8224,unknown,10,2024-01-15
8225,Customer 8225,South,10,31/02/2024
8226,Customer 8226,unknown,20,2024-01-15
8227,Customer 8227,West,-999999,2024-01-15
8228,Customer 8228,North,"1,000",2024-01-15
8229,  Customer 8229  ,east,N/A,2024-01-15
8230,Customer 8230,West,-999999,2024-01-15
8231,Customer 8231,North,N/A,2024-01-15
8232,Customer 8232,West,10,31/02/2024
8233,Customer 8233,South,10,2024-01-15
8234,Customer 8234,North,N/A,2024-01-15
8235,Customer 8235,South,10,2024-01-15
8236,Customer 8236,West,"1,000",2024-01-15
8237,Customer 8237,West,"1,000",2024-01-15
8238,Customer 8238,unknown,N/A,2024-01-15
8239,Customer 8239,West,"1,000",31/02/2024
8240,Customer 8240,North,"1,000",2024-01-15
8241,Customer 8241,South,20,2024-01-15
8242,  Customer 8242  ,South,N/A,2024-01-15
8243,Customer 8243,South,10,2024-01-15
8244,Customer 8244,North,"1,000",2024-01-15
8245,Customer 8245,South,20,2024-01-15
8246,Customer 8246,EAST,20,31/02/2024
8247,Customer 8247,EAST,N/A,2024-01-15
8248,Customer 8248,unknown,N/A,2024-01-15
8249,Customer 8249,North,"1,000",2024-01-15
8250,Customer 8250,unknown,N/A,2024-01-15
8251,Customer 8251,North,"1,000",2024-01-15
8252,Customer 8252,unknown,20,2024-01-15
8253,Customer 8253,east,20,31/02/2024
8254,Customer 8254,South,"1,000",2024-01-15
8255,  Customer 8255  ,unknown,10,2024-01-15
8256,Customer 8256,North,-999999,2024-01-15
8257,Customer 8257,unknown,10,2024-01-15
8258,Customer 8258,unknown,20,2024-01-15
8259,Customer 8259,unknown,-999999,2024-01-15
8260,Customer 8260,east,N/A,31/02/2024
8261,Customer 8261,North,"1,000",2024-01-15
8262,Customer 8262,South,10,2024-01-15
8263,Customer 8263,North,N/A,2024-01-15
8264,Customer 8264,unknown,"1,000",2024-01-15
8265,Customer 8265,North,N/A,2024-01-15
8266,Customer 8266,South,-999999,2024-01-15
8267,Customer 8267,unknown,20,31/02/2024
8268,  Customer 8268  ,EAST,20,2024-01-15
8269,Customer 8269,EAST,20,2024-01-15
8270,Customer 8270,South,-999999,2024-01-15
8271,Customer 8271,North,N/A,2024-01-15
8272,Customer 8272,unknown,10,2024-01-15
8273,Customer 8273,unknown,10,2024-01-15
8274,Customer 8274,South,"1,000",31/02/2024
8275,Customer 8275,east,"1,000",2024-01-15
8276,Customer 8276,North,-999999,2024-01-15
8277,Customer 8277,east,N/A,2024-01-15
8278,Customer 8278,North,N/A,2024-01-15
8279,Customer 8279,east,10,2024-01-15
8280,Customer 8280,West,20,2024-01-15
8281,  Customer 8281  ,east,-999999,31/02/2024
8282,Customer 8282,West,N/A,2024-01-15
8283,Customer 8283,South,10,2024-01-15
8284,Customer 8284,South,N/A,2024-01-15
8285,Customer 8285,EAST,20,2024-01-15
8286,Customer 8286,unknown,-999999,2024-01-15
8287,Customer 8287,West,"1,000",2024-01-15
8288,Customer 8288,North,"1,000",31/02/2024
8289,Customer 8289,east,20,2024-01-15
8290,Customer 8290,West,-999999,2024-01-15
8291,Customer 8291,unknown,-999999,2024-01-15
8292,Customer 8292,North,20,2024-01-15
8293,Customer 8293,unknown,20,2024-01-15
8294,  Customer 8294  ,EAST,"1,000",2024-01-15
8295,Customer 8295,east,-999999,31/02/2024
8296,Customer 8296,North,10,2024-01-15
8297,Customer 8297,North,10,2024-01-15
8298,Customer 8298,EAST,N/A,2024-01-15
8299,Customer 8299,east,10,2024-01-15
8300,Customer 8300,EAST,20,2024-01-15
8301,Customer 8301,West,10,2024-01-15
8302,Customer 8302,West,-999999,31/02/2024
8303,Customer 8303,South,"1,000",2024-01-15
8304,Customer 8304,unknown,20,2024-01-15
8305,Customer 8305,North,10,2024-01-15
8306,Customer 8306,West,"1,000",2024-01-15
8307,  Customer 8307  ,east,"1,000",2024-01-15
8308,Customer 8308,North,N/A,2024-01-15
8309,Customer 8309,east,-999999,31/02/2024
8310,Customer 8310,unknown,N/A,2024-01-15
8311,Customer 8311,EAST,10,2024-01-15
8312,Customer 8312,South,10,2024-01-15
8313,Customer 8313,North,10,2024-01-15
8314,Customer 8314,unknown,"1,000",2024-01-15
8315,Customer 8315,North,"1,000",2024-01-15
8316,Customer 8316,West,"1,000",31/02/2024
8317,Customer 8317,South,N/A,2024-01-15
8318,Customer 8318,unknown,20,2024-01-15
8319,Customer 8319,unknown,"1,000",2024-01-15
8320,  Customer 8320  ,EAST,10,2024-01-15
8321,Customer 8321,North,"1,000",2024-01-15
8322,Customer 8322,east,"1,000",2024-01-15
8323,Customer 8323,West,N/A,31/02/2024
8324,Customer 8324,unknown,"1,000",2024-01-15
8325,Customer 8325,North,20,2024-01-15
8326,Customer 8326,West,-999999,2024-01-15
8327,Customer 8327,North,-999999,2024-01-15
8328,Customer 8328,North,"1,000",2024-01-15
8329,Customer 8329,unknown,"1,000",2024-01-15
8330,Customer 8330,West,"1,000",31/02/2024
8331,Customer 8331,east,-999999,2024-01-15
8332,Customer 8332,North,"1,000",2024-01-15
8333,  Customer 8333  ,east,20,2024-01-15
8334,Customer 8334,North,-999999,2024-01-15
8335,Customer 8335,unknown,20,2024-01-15
8336,Customer 8336,West,-999999,2024-01-15
8337,Customer 8337,EAST,-999999,31/02/2024
8338,Customer 8338,east,10,2024-01-15
8339,Customer 8339,West,10,2024-01-15
8340,Customer 8340,North,20,2024-01-15
8341,Customer 8341,North,N/A,2024-01-15
8342,Customer 8342,South,-999999,2024-01-15
8343,Customer 8343,West,10,2024-01-15
8344,Customer 8344,unknown,"1,000",31/02/2024
8345,Customer 8345,unknown,-999999,2024-01-15
8346,  Customer 8346  ,South,10,2024-01-15
8347,Customer 8347,unknown,-999999,2024-01-15
8348,Customer 8348,EAST,"1,000",2024-01-15
8349,Customer 8349,east,"1,000",2024-01-15
8350,Customer 8350,east,20,2024-01-15
8351,Customer 8351,EAST,20,31/02/2024
8352,Customer 8352,unknown,N/A,2024-01-15
8353,Customer 8353,South,"1,000",2024-01-15
8354,Customer 8354,east,20,2024-01-15
8355,Customer 8355,EAST,10,2024-01-15
8356,Customer 8356,North,N/A,2024-01-15
8357,Customer 8357,EAST,-999999,2024-01-15
8358,Customer 8358,South,20,31/02/2024
8359,  Customer 8359  ,EAST,20,2024-01-15
8360,Customer 8360,east,20,2024-01-15
8361,Customer 8361,West,-999999,2024-01-15
8362,Customer 8362,West,-999999,2024-01-15
8363,Customer 8363,South,-999999,2024-01-15
8364,Customer 8364,South,10,2024-01-15
8365,Customer 8365,West,"1,000",31/02/2024
8366,Customer 8366,North,N/A,2024-01-15
8367,Customer 8367,South,20,2024-01-15
8368,Customer 8368,North,"1,000",2024-01-15
8369,Customer 8369,unknown,10,2024-01-15
8370,Customer 8370,North,20,2024-01-15
8371,Customer 8371,east,-999999,2024-01-15
8372,  Customer 8372  ,east,"1,000",31/02/2024
8373,Customer 8373,North,20,2024-01-15
8374,Customer 8374,West,20,2024-01-15
8375,Customer 8375,east,N/A,2024-01-15
8376,Customer 8376,West,-999999,2024-01-15
8377,Customer 8377,North,N/A,2024-01-15
8378,Customer 8378,North,"1,000",2024-01-15
8379,Customer 8379,EAST,10,31/02/2024
8380,Customer 8380,unknown,-999999,2024-01-15
8381,Customer 8381,South,10,2024-01-15
8382,Customer 8382,North,-999999,2024-01-15
8383,Customer 8383,West,"1,000",2024-01-15
8384,Customer 8384,EAST,-999999,2024-01-15
8385,  Customer 8385  ,unknown,10,2024-01-15
8386,Customer 8386,unknown,20,31/02/2024
8387,Customer 8387,east,10,2024-01-15
8388,Customer 8388,unknown,10,2024-01-15
8389,Customer 8389,unknown,"1,000",2024-01-15
8390,Customer 8390,North,20,2024-01-15
8391,Customer 8391,unknown,20,2024-01-15
8392,Customer 8392,West,20,2024-01-15
8393,Customer 8393,West,10,31/02/2024
8394,Customer 8394,east,20,2024-01-15
8395,Customer 8395,east,20,2024-01-15
8396,Customer 8396,West,"1,000",2024-01-15
8397,Customer 8397,unknown,-999999,2024-01-15
8398,  Customer 8398  ,east,"1,000",2024-01-15
8399,Customer 8399,EAST,20,2024-01-15
8400,Customer 8400,North,N/A,31/02/2024
8401,Customer 8401,EAST,N/A,2024-01-15
8402,Customer 8402,North,10,2024-01-15
8403,Customer 8403,South,20,2024-01-15
8404,Customer 8404,east,20,2024-01-15
8405,Customer 8405,West,N/A,2024-01-15
8406,Customer 8406,unknown,20,2024-01-15
8407,Customer 8407,east,"1,000",31/02/2024
8408,Customer 8408,EAST,20,2024-01-15
8409,Customer 8409,unknown,-999999,2024-01-15
8410,Customer 8410,EAST,N/A,2024-01-15
8411,  Customer 8411  ,unknown,20,2024-01-15
8412,Customer 8412,South,N/A,2024-01-15
8413,Customer 8413,EAST,N/A,2024-01-15
8414,Customer 8414,unknown,10,31/02/2024
8415,Customer 8415,EAST,"1,000",2024-01-15
8416,Customer 8416,unknown,-999999,2024-01-15
8417,Customer 8417,EAST,20,2024-01-15
8418,Customer 8418,unknown,"1,000",2024-01-15
8419,Customer 8419,South,N/A,2024-01-15
8420,Customer 8420,West,10,2024-01-15
8421,Customer 8421,West,"1,000",31/02/2024
8422,Customer 8422,North,-999999,2024-01-15
8423,Customer 8423,North,20,2024-01-15
8424,  Customer 8424  ,North,10,2024-01-15
8425,Customer 8425,North,20,2024-01-15
8426,Customer 8426,South,20,2024-01-15
8427,Customer 8427,EAST,"1,000",2024-01-15
8428,Customer 8428,east,"1,000",31/02/2024
8429,Customer 8429,unknown,10,2024-01-15
8430,Customer 8430,North,N/A,2024-01-15
8431,Customer 8431,unknown,20,2024-01-15
8432,Customer 8432,east,N/A,2024-01-15
8433,Customer 8433,unknown,"1,000",2024-01-15
8434,Customer 8434,West,20,2024-01-15
8435,Customer 8435,east,-999999,31/02/2024
8436,Customer 8436,unknown,20,2024-01-15
8437,  Customer 8437  ,West,10,2024-01-15
8438,Customer 8438,unknown,10,2024-01-15
8439,Customer 8439,West,N/A,2024-01-15
8440,Customer 8440,EAST,N/A,2024-01-15
8441,Customer 8441,EAST,N/A,2024-01-15
8442,Customer 8442,North,20,31/02/2024
8443,Customer 8443,West,"1,000",2024-01-15
8444,Customer 8444,South,20,2024-01-15
8445,Customer 8445,east,-999999,2024-01-15
8446,Customer 8446,West,N/A,2024-01-15
8447,Customer 8447,North,"1,000",2024-01-15
8448,Customer 8448,North,"1,000",2024-01-15
8449,Customer 8449,east,20,31/02/2024
8450,  Customer 8450  ,South,N/A,2024-01-15
8451,Customer 8451,North,20,2024-01-15
8452,Customer 8452,West,N/A,2024-01-15
8453,Customer 8453,EAST,-999999,2024-01-15
8454,Customer 8454,EAST,N/A,2024-01-15
8455,Customer 8455,South,-999999,2024-01-15
8456,Customer 8456,South,-999999,31/02/2024
8457,Customer 8457,North,-999999,2024-01-15
8458,Customer 8458,east,N/A,2024-01-15
8459,Customer 8459,North,N/A,2024-01-15
8460,Customer 8460,South,"1,000",2024-01-15
8461,Customer 8461,EAST,-999999,2024-01-15
8462,Customer 8462,West,20,2024-01-15
8463,  Customer 8463  ,east,20,31/02/2024
8464,Customer 8464,West,20,2024-01-15
8465,Customer 8465,North,N/A,2024-01-15
8466,Customer 8466,EAST,10,2024-01-15
8467,Customer 8467,South,10,2024-01-15
8468,Customer 8468,North,20,2024-01-15
8469,Customer 8469,east,"1,000",2024-01-15
8470,Customer 8470,North,N/A,31/02/2024
8471,Customer 8471,North,"1,000",2024-01-15
8472,Customer 8472,West,"1,000",2024-01-15
8473,Customer 8473,South,"1,000",2024-01-15
8474,Customer 8474,West,-999999,2024-01-15
8475,Customer 8475,unknown,10,2024-01-15
8476,  Customer 8476  ,unknown,N/A,2024-01-15
8477,Customer 8477,West,-999999,31/02/2024
8478,Customer 8478,South,20,2024-01-15
8479,Customer 8479,unknown,10,2024-01-15
8480,Customer 8480,West,10,2024-01-15
8481,Customer 8481,West,-999999,2024-01-15
8482,Customer 8482,North,-999999,2024-01-15
8483,Customer 8483,North,"1,000",2024-01-15
8484,Customer 8484,South,"1,000",31/02/2024
8485,Customer 8485,North,10,2024-01-15
8486,Customer 8486,South,10,2024-01-15
8487,Customer 8487,EAST,-999999,2024-01-15
8488,Customer 8488,unknown,N/A,2024-01-15
8489,  Customer 8489  ,EAST,"1,000",2024-01-15
8490,Customer 8490,east,"1,000",2024-01-15
8491,Customer 8491,unknown,-999999,31/02/2024
8492,Customer 8492,east,"1,000",2024-01-15
8493,Customer 8493,West,10,2024-01-15
8494,Customer 8494,east,-999999,2024-01-15
8495,Customer 8495,east,-999999,2024-01-15
8496,Customer 8496,West,20,2024-01-15
8497,Customer 8497,east,N/A,2024-01-15
8498,Customer 8498,unknown,20,31/02/2024
8499,Customer 8499,North,10,2024-01-15
8499,Customer 8500,east,-999999,2024-01-15
8501,Customer 8501,EAST,N/A,2024-01-15
8502,  Customer 8502  ,South,-999999,2024-01-15
8503,Customer 8503,South,N/A,2024-01-15
8504,Customer 8504,South,-999999,2024-01-15
8505,Customer 8505,South,10,31/02/2024
8506,Customer 8506,North,"1,000",2024-01-15
8507,Customer 8507,South,-999999,2024-01-15
8508,Customer 8508,North,20,2024-01-15
8509,Customer 8509,South,N/A,2024-01-15
8510,Customer 8510,east,10,2024-01-15
8511,Customer 8511,South,10,2024-01-15
8512,Customer 8512,West,"1,000",31/02/2024
8513,Customer 8513,South,10,2024-01-15
8514,Customer 8514,east,"1,000",2024-01-15
8515,  Customer 8515  ,West,N/A,2024-01-15
8516,Customer 8516,east,10,2024-01-15
8517,Customer 8517,east,-999999,2024-01-15
8518,Customer 8518,North,N/A,2024-01-15
8519,Customer 8519,east,"1,000",31/02/2024
8520,Customer 8520,West,N/A,2024-01-15
8521,Customer 8521,South,"1,000",2024-01-15
8522,Customer 8522,North,N/A,2024-01-15
8523,Customer 8523,North,20,2024-01-15
8524,Customer 8524,West,N/A,2024-01-15
8525,Customer 8525,EAST,10,2024-01-15
8526,Customer 8526,east,-999999,31/02/2024
8527,Customer 8527,West,20,2024-01-15
8528,  Customer 8528  ,South,-999999,2024-01-15
8529,Customer 8529,unknown,20,2024-01-15
8530,Customer 8530,unknown,"1,000",2024-01-15
8531,Customer 8531,South,20,2024-01-15
8532,Customer 8532,South,-999999,2024-01-15
8533,Customer 8533,West,10,31/02/2024
8534,Customer 8534,unknown,20,2024-01-15
8535,Customer 8535,east,"1,000",2024-01-15
8536,Customer 8536,South,20,2024-01-15
8537,Customer 8537,South,"1,000",2024-01-15
8538,Customer 8538,West,20,2024-01-15
8539,Customer 8539,east,10,2024-01-15
8540,Customer 8540,North,10,31/02/2024
8541,  Customer 8541  ,unknown,"1,000",2024-01-15
8542,Customer 8542,West,"1,000",2024-01-15
8543,Customer 8543,West,N/A,2024-01-15
8544,Customer 8544,unknown,10,2024-01-15
8545,Customer 8545,North,10,2024-01-15
8546,Customer 8546,South,N/A,2024-01-15
8547,Customer 8547,North,"1,000",31/02/2024
8548,Customer 8548,South,-999999,2024-01-15
8549,Customer 8549,EAST,N/A,2024-01-15
8550,Customer 8550,east,"1,000",2024-01-15
8551,Customer 8551,North,"1,000",2024-01-15
8552,Customer 8552,EAST,-999999,2024-01-15
8553,Customer 8553,EAST,20,2024-01-15
8554,  Customer 8554  ,West,"1,000",31/02/2024
8555,Customer 8555,unknown,N/A,2024-01-15
8556,Customer 8556,North,20,2024-01-15
8557,Customer 8557,North,N/A,2024-01-15
8558,Customer 8558,South,-999999,2024-01-15
8559,Customer 8559,EAST,-999999,2024-01-15
8560,Customer 8560,North,N/A,2024-01-15
8561,Customer 8561,South,20,31/02/2024
8562,Customer 8562,North,N/A,2024-01-15
8563,Customer 8563,South,10,2024-01-15
8564,Customer 8564,North,"1,000",2024-01-15
8565,Customer 8565,North,20,2024-01-15
8566,Customer 8566,east,N/A,2024-01-15
8567,  Customer 8567  ,North,10,2024-01-15
8568,Customer 8568,North,N/A,31/02/2024
8569,Customer 8569,South,20,2024-01-15
8570,Customer 8570,West,N/A,2024-01-15
8571,Customer 8571,EAST,10,2024-01-15
8572,Customer 8572,east,N/A,2024-01-15
8573,Customer 8573,South,-999999,2024-01-15
8574,Customer 8574,West,10,2024-01-15
8575,Customer 8575,EAST,-999999,31/02/2024
8576,Customer 8576,North,-999999,2024-01-15
8577,Customer 8577,South,"1,000",2024-01-15
8578,Customer 8578,West,10,2024-01-15
8579,Customer 8579,EAST,N/A,2024-01-15
8580,  Customer 8580  ,South,20,2024-01-15
8581,Customer 8581,South,-999999,2024-01-15
8582,Customer 8582,West,10,31/02/2024
8583,Customer 8583,unknown,20,2024-01-15
8584,Customer 8584,east,"1,000",2024-01-15
8585,Customer 8585,east,20,2024-01-15
8586,Customer 8586,EAST,-999999,2024-01-15
8587,Customer 8587,unknown,-999999,2024-01-15
8588,Customer 8588,West,20,2024-01-15
8589,Customer 8589,unknown,-999999,31/02/2024
8590,Customer 8590,unknown,20,2024-01-15
8591,Customer 8591,EAST,10,2024-01-15
8592,Customer 8592,unknown,10,2024-01-15
8593,  Customer 8593  ,South,20,2024-01-15
8594,Customer 8594,EAST,20,2024-01-15
8595,Customer 8595,West,"1,000",2024-01-15
8596,Customer 8596,unknown,20,31/02/2024
8597,Customer 8597,EAST,N/A,2024-01-15
8598,Customer 8598,South,"1,000",2024-01-15
8599,Customer 8599,South,"1,000",2024-01-15
8600,Customer 8600,South,N/A,2024-01-15
8601,Customer 8601,West,20,2024-01-15
8602,Customer 8602,North,"1,000",2024-01-15
8603,Customer 8603,West,10,31/02/2024
8604,Customer 8604,east,-999999,2024-01-15
8605,Customer 8605,South,10,2024-01-15
8606,  Customer 8606  ,West,N/A,2024-01-15
8607,Customer 8607,West,N/A,2024-01-15
8608,Customer 8608,West,-999999,2024-01-15
8609,Customer 8609,east,10,2024-01-15
8610,Customer 8610,West,10,31/02/2024
8611,Customer 8611,EAST,N/A,2024-01-15
8612,Customer 8612,EAST,10,2024-01-15
8613,Customer 8613,EAST,N/A,2024-01-15
8614,Customer 8614,unknown,N/A,2024-01-15
8615,Customer 8615,unknown,-999999,2024-01-15
8616,Customer 8616,unknown,10,2024-01-15
8617,Customer 8617,east,10,31/02/2024
8618,Customer 8618,unknown,"1,000",2024-01-15
8619,  Customer 8619  ,east,20,2024-01-15
8620,Customer 8620,unknown,20,2024-01-15
8621,Customer 8621,South,20,2024-01-15
8622,Customer 8622,West,10,2024-01-15
8623,Customer 8623,EAST,"1,000",2024-01-15
8624,Customer 8624,unknown,"1,000",31/02/2024
8625,Customer 8625,unknown,10,2024-01-15
8626,Customer 8626,EAST,20,2024-01-15
8627,Customer 8627,EAST,20,2024-01-15
8628,Customer 8628,West,10,2024-01-15
8629,Customer 8629,east,10,2024-01-15
8630,Customer 8630,South,-999999,2024-01-15
8631,Customer 8631,North,-999999,31/02/2024
8632,  Customer 8632  ,EAST,-999999,2024-01-15
8633,Customer 8633,east,-999999,2024-01-15
8634,Customer 8634,EAST,-999999,2024-01-15
8635,Customer 8635,West,-999999,2024-01-15
8636,Customer 8636,West,"1,000",2024-01-15
8637,Customer 8637,east,10,2024-01-15
8638,Customer 8638,EAST,10,31/02/2024
8639,Customer 8639,east,20,2024-01-15
8640,Customer 8640,North,20,2024-01-15
8641,Customer 8641,EAST,-999999,2024-01-15
8642,Customer 8642,North,"1,000",2024-01-15
8643,Customer 8643,EAST,-999999,2024-01-15
8644,Customer 8644,unknown,20,2024-01-15
8645,  Customer 8645  ,North,20,31/02/2024
8646,Customer 8646,unknown,10,2024-01-15
8647,Customer 8647,North,-999999,2024-01-15
8648,Customer 8648,EAST,N/A,2024-01-15
8649,Customer 8649,North,20,2024-01-15
8650,Customer 8650,unknown,20,2024-01-15
8651,Customer 8651,unknown,"1,000",2024-01-15
8652,Customer 8652,South,20,31/02/2024
8653,Customer 8653,EAST,20,2024-01-15
8654,Customer 8654,EAST,"1,000",2024-01-15
8655,Customer 8655,EAST,-999999,2024-01-15
8656,Customer 8656,east,"1,000",2024-01-15
8657,Customer 8657,North,N/A,2024-01-15
8658,  Customer 8658  ,EAST,-999999,2024-01-15
8659,Customer 8659,unknown,-999999,31/02/2024
8660,Customer 8660,West,-999999,2024-01-15
8661,Customer 8661,unknown,10,2024-01-15
8662,Customer 8662,EAST,10,2024-01-15
8663,Customer 8663,North,N/A,2024-01-15
8664,Customer 8664,unknown,"1,000",2024-01-15
8665,Customer 8665,North,-999999,2024-01-15
8666,Customer 8666,West,N/A,31/02/2024
8667,Customer 8667,North,20,2024-01-15
8668,Customer 8668,North,-999999,2024-01-15
8669,Customer 8669,unknown,20,2024-01-15
8670,Customer 8670,North,-999999,2024-01-15
8671,  Customer 8671  ,EAST,"1,000",2024-01-15
8672,Customer 8672,EAST,N/A,2024-01-15
8673,Customer 8673,EAST,N/A,31/02/2024
8674,Customer 8674,east,"1,000",2024-01-15
8675,Customer 8675,east,20,2024-01-15
8676,Customer 8676,EAST,N/A,2024-01-15
8677,Customer 8677,North,N/A,2024-01-15
8678,Customer 8678,North,"1,000",2024-01-15
8679,Customer 8679,unknown,N/A,2024-01-15
8680,Customer 8680,West,-999999,31/02/2024
8681,Customer 8681,South,N/A,2024-01-15
8682,Customer 8682,North,-999999,2024-01-15
8683,Customer 8683,EAST,N/A,2024-01-15
8684,  Customer 8684  ,unknown,"1,000",2024-01-15
8685,Customer 8685,South,"1,000",2024-01-15
8686,Customer 8686,West,"1,000",2024-01-15
8687,Customer 8687,South,20,31/02/2024
8688,Customer 8688,North,N/A,2024-01-15
8689,Customer 8689,West,"1,000",2024-01-15
8690,Customer 8690,EAST,10,2024-01-15
8691,Customer 8691,EAST,-999999,2024-01-15
8692,Customer 8692,West,"1,000",2024-01-15
8693,Customer 8693,West,-999999,2024-01-15
8694,Customer 8694,West,10,31/02/2024
8695,Customer 8695,North,"1,000",2024-01-15
8696,Customer 8696,South,10,2024-01-15
8697,  Customer 8697  ,North,20,2024-01-15
8698,Customer 8698,east,N/A,2024-01-15
8699,Customer 8699,unknown,"1,000",2024-01-15
8700,Customer 8700,West,"1,000",2024-01-15
8701,Customer 8701,east,N/A,31/02/2024
8702,Customer 8702,unknown,10,2024-01-15
8703,Customer 8703,South,N/A,2024-01-15
8704,Customer 8704,North,"1,000",2024-01-15
8705,Customer 8705,EAST,10,2024-01-15
8706,Customer 8706,West,"1,000",2024-01-15
8707,Customer 8707,east,N/A,2024-01-15
8708,Customer 8708,South,"1,000",31/02/2024
8709,Customer 8709,South,20,2024-01-15
8710,  Customer 8710  ,EAST,20,2024-01-15
8711,Customer 8711,North,-999999,2024-01-15
8712,Customer 8712,unknown,N/A,2024-01-15
8713,Customer 8713,EAST,-999999,2024-01-15
8714,Customer 8714,EAST,10,2024-01-15
8715,Customer 8715,EAST,-999999,31/02/2024
8716,Customer 8716,North,"1,000",2024-01-15
8717,Customer 8717,South,"1,000",2024-01-15
8718,Customer 8718,West,"1,000",2024-01-15
8719,Customer 8719,EAST,20,2024-01-15
8720,Customer 8720,EAST,10,2024-01-15
8721,Customer 8721,South,10,2024-01-15
8722,Customer 8722,EAST,"1,000",31/02/2024
8723,  Customer 8723  ,east,-999999,2024-01-15
8724,Customer 8724,North,-999999,2024-01-15
8725,Customer 8725,North,-999999,2024-01-15
8726,Customer 8726,North,-999999,2024-01-15
8727,Customer 8727,North,"1,000",2024-01-15
8728,Customer 8728,West,"1,000",2024-01-15
8729,Customer 8729,east,-999999,31/02/2024
8730,Customer 8730,North,20,2024-01-15
8731,Customer 8731,east,N/A,2024-01-15
8732,Customer 8732,South,N/A,2024-01-15
8733,Customer 8733,South,10,2024-01-15
8734,Customer 8734,east,-999999,2024-01-15
8735,Customer 8735,West,10,2024-01-15
8736,  Customer 8736  ,east,N/A,31/02/2024
8737,Customer 8737,unknown,20,2024-01-15
8738,Customer 8738,North,10,2024-01-15
8739,Customer 8739,EAST,10,2024-01-15
8740,Customer 8740,EAST,"1,000",2024-01-15
8741,Customer 8741,West,20,2024-01-15
8742,Customer 8742,South,-999999,2024-01-15
8743,Customer 8743,South,10,31/02/2024
8744,Customer 8744,east,10,2024-01-15
8745,Customer 8745,east,-999999,2024-01-15
8746,Customer 8746,east,-999999,2024-01-15
8747,Customer 8747,West,-999999,2024-01-15
8748,Customer 8748,east,"1,000",2024-01-15
8749,  Customer 8749  ,South,"1,000",2024-01-15
8750,Customer 8750,West,-999999,31/02/2024
8751,Customer 8751,east,-999999,2024-01-15
8752,Customer 8752,east,N/A,2024-01-15
8753,Customer 8753,North,20,2024-01-15
8754,Customer 8754,EAST,"1,000",2024-01-15
8755,Customer 8755,unknown,"1,000",2024-01-15
8756,Customer 8756,North,N/A,2024-01-15
8757,Customer 8757,West,20,31/02/2024
8758,Customer 8758,South,"1,000",2024-01-15
8759,Customer 8759,unknown,N/A,2024-01-15
8760,Customer 8760,east,"1,000",2024-01-15
8761,Customer 8761,east,-999999,2024-01-15
8762,  Customer 8762  ,east,10,2024-01-15
8763,Customer 8763,unknown,10,2024-01-15
8764,Customer 8764,South,10,31/02/2024
8765,Customer 8765,West,N/A,2024-01-15
8766,Customer 8766,North,-999999,2024-01-15
8767,Customer 8767,EAST,20,2024-01-15
8768,Customer 8768,unknown,10,2024-01-15
8769,Customer 8769,West,N/A,2024-01-15
8770,Customer 8770,North,"1,000",2024-01-15
8771,Customer 8771,east,"1,000",31/02/2024
8772,Customer 8772,east,-999999,2024-01-15
8773,Customer 8773,east,"1,000",2024-01-15
8774,Customer 8774,unknown,N/A,2024-01-15
8775,  Customer 8775  ,EAST,"1,000",2024-01-15
8776,Customer 8776,EAST,N/A,2024-01-15
8777,Customer 8777,West,20,2024-01-15
8778,Customer 8778,West,20,31/02/2024
8779,Customer 8779,South,"1,000",2024-01-15
8780,Customer 8780,unknown,20,2024-01-15
8781,Customer 8781,EAST,10,2024-01-15
8782,Customer 8782,South,10,2024-01-15
8783,Customer 8783,West,20,2024-01-15
8784,Customer 8784,unknown,10,2024-01-15
8785,Customer 8785,unknown,N/A,31/02/2024
8786,Customer 8786,EAST,20,2024-01-15
8787,Customer 8787,east,"1,000",2024-01-15
8788,  Customer 8788  ,South,10,2024-01-15
8789,Customer 8789,West,20,2024-01-15
8790,Customer 8790,South,N/A,2024-01-15
8791,Customer 8791,unknown,10,2024-01-15
8792,Customer 8792,east,"1,000",31/02/2024
8793,Customer 8793,unknown,-999999,2024-01-15
8794,Customer 8794,South,"1,000",2024-01-15
8795,Customer 8795,South,N/A,2024-01-15
8796,Customer 8796,unknown,20,2024-01-15
8797,Customer 8797,North,10,2024-01-15
8798,Customer 8798,South,20,2024-01-15
8799,Customer 8799,unknown,10,31/02/2024
8800,Customer 8800,South,20,2024-01-15
8801,  Customer 8801  ,South,10,2024-01-15
8802,Customer 8802,unknown,-999999,2024-01-15
8803,Customer 8803,east,10,2024-01-15
8804,Customer 8804,West,-999999,2024-01-15
8805,Customer 8805,EAST,"1,000",2024-01-15
8806,Customer 8806,West,-999999,31/02/2024
8807,Customer 8807,EAST,"1,000",2024-01-15
8808,Customer 8808,South,"1,000",2024-01-15
8809,Customer 8809,unknown,N/A,2024-01-15
8810,Customer 8810,South,N/A,2024-01-15
8811,Customer 8811,South,10,2024-01-15
8812,Customer 8812,unknown,20,2024-01-15
8813,Customer 8813,West,N/A,31/02/2024
8814,  Customer 8814  ,EAST,20,2024-01-15
8815,Customer 8815,South,-999999,2024-01-15
8816,Customer 8816,West,"1,000",2024-01-15
8817,Customer 8817,South,-999999,2024-01-15
8818,Customer 8818,North,-999999,2024-01-15
8819,Customer 8819,EAST,10,2024-01-15
8820,Customer 8820,North,-999999,31/02/2024
8821,Customer 8821,North,N/A,2024-01-15
8822,Customer 8822,North,20,2024-01-15
8823,Customer 8823,North,"1,000",2024-01-15
8824,Customer 8824,South,"1,000",2024-01-15
8825,Customer 8825,EAST,"1,000",2024-01-15
8826,Customer 8826,South,N/A,2024-01-15
8827,  Customer 8827  ,West,-999999,31/02/2024
8828,Customer 8828,east,20,2024-01-15
8829,Customer 8829,east,-999999,2024-01-15
8830,Customer 8830,South,"1,000",2024-01-15
8831,Customer 8831,West,20,2024-01-15
8832,Customer 8832,West,20,2024-01-15
8833,Customer 8833,EAST,10,2024-01-15
8834,Customer 8834,North,N/A,31/02/2024
8835,Customer 8835,EAST,10,2024-01-15
8836,Customer 8836,EAST,20,2024-01-15
8837,Customer 8837,east,N/A,2024-01-15
8838,Customer 8838,North,-999999,2024-01-15
8839,Customer 8839,EAST,-999999,2024-01-15
8840,  Customer 8840  ,unknown,-999999,2024-01-15
8841,Customer 8841,east,"1,000",31/02/2024
8842,Customer 8842,unknown,20,2024-01-15
8843,Customer 8843,EAST,20,2024-01-15
8844,Customer 8844,east,"1,000",2024-01-15
8845,Customer 8845,South,10,2024-01-15
8846,Customer 8846,east,-999999,2024-01-15
8847,Customer 8847,North,10,2024-01-15
8848,Customer 8848,east,-999999,31/02/2024
8849,Customer 8849,North,10,2024-01-15
8850,Customer 8850,North,N/A,2024-01-15
8851,Customer 8851,South,"1,000",2024-01-15
8852,Customer 8852,North,"1,000",2024-01-15
8853,  Customer 8853  ,South,-999999,2024-01-15
8854,Customer 8854,east,10,2024-01-15
8855,Customer 8855,EAST,-999999,31/02/2024
8856,Customer 8856,West,10,2024-01-15
8857,Customer 8857,West,-999999,2024-01-15
8858,Customer 8858,North,N/A,2024-01-15
8859,Customer 8859,West,20,2024-01-15
8860,Customer 8860,EAST,"1,000",2024-01-15
8861,Customer 8861,West,20,2024-01-15
8862,Customer 8862,South,N/A,31/02/2024
8863,Customer 8863,EAST,10,2024-01-15
8864,Customer 8864,South,10,2024-01-15
8865,Customer 8865,South,20,2024-01-15
8866,  Customer 8866  ,North,N/A,2024-01-15
8867,Customer 8867,West,-999999,2024-01-15
8868,Customer 8868,South,"1,000",2024-01-15
8869,Customer 8869,east,N/A,31/02/2024
8870,Customer 8870,EAST,-999999,2024-01-15
8871,Customer 8871,South,10,2024-01-15
8872,Customer 8872,east,20,2024-01-15
8873,Customer 8873,unknown,10,2024-01-15
8874,Customer 8874,EAST,N/A,2024-01-15
8875,Customer 8875,EAST,"1,000",2024-01-15
8876,Customer 8876,North,20,31/02/2024
8877,Customer 8877,South,"1,000",2024-01-15
8878,Customer 8878,South,"1,000",2024-01-15
8879,  Customer 8879  ,North,10,2024-01-15
8880,Customer 8880,unknown,-999999,2024-01-15
8881,Customer 8881,West,N/A,2024-01-15
8882,Customer 8882,east,10,2024-01-15
8883,Customer 8883,South,10,31/02/2024
8884,Customer 8884,North,"1,000",2024-01-15
8885,Customer 8885,North,10,2024-01-15
8886,Customer 8886,West,10,2024-01-15
8887,Customer 8887,West,20,2024-01-15
8888,Customer 8888,EAST,10,2024-01-15
8889,Customer 8889,unknown,N/A,2024-01-15
8890,Customer 8890,West,N/A,31/02/2024
8891,Customer 8891,South,"1,000",2024-01-15
8892,  Customer 8892  ,east,10,2024-01-15
8893,Customer 8893,unknown,10,2024-01-15
8894,Customer 8894,North,"1,000",2024-01-15
8895,Customer 8895,EAST,10,2024-01-15
8896,Customer 8896,EAST,10,2024-01-15
8897,Customer 8897,EAST,-999999,31/02/2024
8898,Customer 8898,North,10,2024-01-15
8899,Customer 8899,unknown,20,2024-01-15
8900,Customer 8900,North,10,2024-01-15
8901,Customer 8901,South,-999999,2024-01-15
8902,Customer 8902,east,10,2024-01-15
8903,Customer 8903,unknown,-999999,2024-01-15
8904,Customer 8904,unknown,-999999,31/02/2024
8905,  Customer 8905  ,unknown,10,2024-01-15
8906,Customer 8906,North,-999999,2024-01-15
8907,Customer 8907,South,20,2024-01-15
8908,Customer 8908,South,N/A,2024-01-15
8909,Customer 8909,unknown,10,2024-01-15
8910,Customer 8910,EAST,-999999,2024-01-15
8911,Customer 8911,South,10,31/02/2024
8912,Customer 8912,South,-999999,2024-01-15
8913,Customer 8913,North,N/A,2024-01-15
8914,Customer 8914,North,"1,000",2024-01-15
8915,Customer 8915,east,-999999,2024-01-15
8916,Customer 8916,east,20,2024-01-15
8917,Customer 8917,east,"1,000",2024-01-15
8918,  Customer 8918  ,South,N/A,31/02/2024
8919,Customer 8919,South,10,2024-01-15
8920,Customer 8920,West,N/A,2024-01-15
8921,Customer 8921,South,-999999,2024-01-15
8922,Customer 8922,North,N/A,2024-01-15
8923,Customer 8923,unknown,-999999,2024-01-15
8924,Customer 8924,east,10,2024-01-15
8925,Customer 8925,South,-999999,31/02/2024
8926,Customer 8926,North,"1,000",2024-01-15
8927,Customer 8927,South,10,2024-01-15
8928,Customer 8928,east,"1,000",2024-01-15
8929,Customer 8929,east,20,2024-01-15
8930,Customer 8930,EAST,-999999,2024-01-15
8931,  Customer 8931  ,South,-999999,2024-01-15
8932,Customer 8932,EAST,N/A,31/02/2024
8933,Customer 8933,South,-999999,2024-01-15
8934,Customer 8934,unknown,10,2024-01-15
8935,Customer 8935,unknown,10,2024-01-15
8936,Customer 8936,EAST,N/A,2024-01-15
8937,Customer 8937,east,10,2024-01-15
8938,Customer 8938,West,"1,000",2024-01-15
8939,Customer 8939,North,N/A,31/02/2024
8940,Customer 8940,North,N/A,2024-01-15
8941,Customer 8941,South,10,2024-01-15
8942,Customer 8942,West,20,2024-01-15
8943,Customer 8943,South,10,2024-01-15
8944,  Customer 8944  ,West,-999999,2024-01-15
8945,Customer 8945,South,"1,000",2024-01-15
8946,Customer 8946,east,-999999,31/02/2024
8947,Customer 8947,east,"1,000",2024-01-15
8948,Customer 8948,east,20,2024-01-15
8949,Customer 8949,east,10,2024-01-15
8950,Customer 8950,east,-999999,2024-01-15
8951,Customer 8951,unknown,10,2024-01-15
8952,Customer 8952,unknown,10,2024-01-15
8953,Customer 8953,east,10,31/02/2024
8954,Customer 8954,unknown,-999999,2024-01-15
8955,Customer 8955,unknown,10,2024-01-15
8956,Customer 8956,EAST,20,2024-01-15
8957,  Customer 8957  ,east,10,2024-01-15
8958,Customer 8958,North,"1,000",2024-01-15
8959,Customer 8959,West,N/A,2024-01-15
8960,Customer 8960,South,N/A,31/02/2024
8961,Customer 8961,North,20,2024-01-15
8962,Customer 8962,east,20,2024-01-15
8963,Customer 8963,EAST,-999999,2024-01-15
8964,Customer 8964,EAST,20,2024-01-15
8965,Customer 8965,North,"1,000",2024-01-15
8966,Customer 8966,east,N/A,2024-01-15
8967,Customer 8967,east,N/A,31/02/2024
8968,Customer 8968,North,10,2024-01-15
8969,Customer 8969,EAST,-999999,2024-01-15
8970,  Customer 8970  ,EAST,-999999,2024-01-15
8971,Customer 8971,South,20,2024-01-15
8972,Customer 8972,North,10,2024-01-15
8973,Customer 8973,North,"1,000",2024-01-15
8974,Customer 8974,east,-999999,31/02/2024
8975,Customer 8975,South,"1,000",2024-01-15
8976,Customer 8976,unknown,"1,000",2024-01-15
8977,Customer 8977,North,"1,000",2024-01-15
8978,Customer 8978,West,-999999,2024-01-15
8979,Customer 8979,east,"1,000",2024-01-15
8980,Customer 8980,West,10,2024-01-15
8981,Customer 8981,EAST,20,31/02/2024
8982,Customer 8982,West,N/A,2024-01-15
8983,  Customer 8983  ,EAST,N/A,2024-01-15
8984,Customer 8984,unknown,10,2024-01-15
8985,Customer 8985,east,10,2024-01-15
8986,Customer 8986,east,10,2024-01-15
8987,Customer 8987,South,"1,000",2024-01-15
8988,Customer 8988,North,N/A,31/02/2024
8989,Customer 8989,North,"1,000",2024-01-15
8990,Customer 8990,east,N/A,2024-01-15
8991,Customer 8991,EAST,"1,000",2024-01-15
8992,Customer 8992,unknown,N/A,2024-01-15
8993,Customer 8993,South,N/A,2024-01-15
8994,Customer 8994,east,-999999,2024-01-15
8995,Customer 8995,North,20,31/02/2024
8996,  Customer 8996  ,unknown,20,2024-01-15
8997,Customer 8997,unknown,20,2024-01-15
8998,Customer 8998,east,20,2024-01-15
8999,Customer 8999,North,-999999,2024-01-15
8999,Customer 9000,EAST,"1,000",2024-01-15
9001,Customer 9001,South,N/A,2024-01-15
9002,Customer 9002,North,20,31/02/2024
9003,Customer 9003,West,10,2024-01-15
9004,Customer 9004,EAST,10,2024-01-15
9005,Customer 9005,east,20,2024-01-15
9006,Customer 9006,West,20,2024-01-15
9007,Customer 9007,North,20,2024-01-15
9008,Customer 9008,West,"1,000",2024-01-15
9009,  Customer 9009  ,east,"1,000",31/02/2024
9010,Customer 9010,unknown,"1,000",2024-01-15
9011,Customer 9011,EAST,20,2024-01-15
9012,Customer 9012,West,"1,000",2024-01-15
9013,Customer 9013,North,10,2024-01-15
9014,Customer 9014,east,10,2024-01-15
9015,Customer 9015,EAST,-999999,2024-01-15
9016,Customer 9016,EAST,20,31/02/2024
9017,Customer 9017,North,20,2024-01-15
9018,Customer 9018,unknown,20,2024-01-15
9019,Customer 9019,South,20,2024-01-15
9020,Customer 9020,North,N/A,2024-01-15
9021,Customer 9021,EAST,N/A,2024-01-15
9022,  Customer 9022  ,east,N/A,2024-01-15
9023,Customer 9023,South,N/A,31/02/2024
9024,Customer 9024,east,-999999,2024-01-15
9025,Customer 9025,east,-999999,2024-01-15
9026,Customer 9026,South,10,2024-01-15
9027,Customer 9027,West,10,2024-01-15
9028,Customer 9028,EAST,10,2024-01-15
9029,Customer 9029,EAST,20,2024-01-15
9030,Customer 9030,east,N/A,31/02/2024
9031,Customer 9031,South,"1,000",2024-01-15
9032,Customer 9032,EAST,20,2024-01-15
9033,Customer 9033,North,-999999,2024-01-15
9034,Customer 9034,unknown,20,2024-01-15
9035,  Customer 9035  ,east,20,2024-01-15
9036,Customer 9036,EAST,10,2024-01-15
9037,Customer 9037,east,-999999,31/02/2024
9038,Customer 9038,east,"1,000",2024-01-15
9039,Customer 9039,EAST,20,2024-01-15
9040,Customer 9040,EAST,N/A,2024-01-15
9041,Customer 9041,South,-999999,2024-01-15
9042,Customer 9042,EAST,20,2024-01-15
9043,Customer 9043,South,"1,000",2024-01-15
9044,Customer 9044,unknown,20,31/02/2024
9045,Customer 9045,West,10,2024-01-15
9046,Customer 9046,West,N/A,2024-01-15
9047,Customer 9047,EAST,-999999,2024-01-15
9048,  Customer 9048  ,West,20,2024-01-15
9049,Customer 9049,unknown,N/A,2024-01-15
9050,Customer 9050,unknown,"1,000",2024-01-15
9051,Customer 9051,West,20,31/02/2024
9052,Customer 9052,east,"1,000",2024-01-15
9053,Customer 9053,South,10,2024-01-15
9054,Customer 9054,South,10,2024-01-15
9055,Customer 9055,South,-999999,2024-01-15
9056,Customer 9056,West,"1,000",2024-01-15
9057,Customer 9057,EAST,-999999,2024-01-15
9058,Customer 9058,North,"1,000",31/02/2024
9059,Customer 9059,South,-999999,2024-01-15
9060,Customer 9060,West,20,2024-01-15
9061,  Customer 9061  ,West,N/A,2024-01-15
9062,Customer 9062,unknown,"1,000",2024-01-15
9063,Customer 9063,South,"1,000",2024-01-15
9064,Customer 9064,unknown,10,2024-01-15
9065,Customer 9065,EAST,N/A,31/02/2024
9066,Customer 9066,North,20,2024-01-15
9067,Customer 9067,east,N/A,2024-01-15
9068,Customer 9068,South,N/A,2024-01-15
9069,Customer 9069,EAST,20,2024-01-15
9070,Customer 9070,South,N/A,2024-01-15
9071,Customer 9071,South,-999999,2024-01-15
9072,Customer 9072,EAST,-999999,31/02/2024
9073,Customer 9073,unknown,-999999,2024-01-15
9074,  Customer 9074  ,EAST,10,2024-01-15
9075,Customer 9075,West,10,2024-01-15
9076,Customer 9076,South,"1,000",2024-01-15
9077,Customer 9077,North,-999999,2024-01-15
9078,Customer 9078,east,N/A,2024-01-15
9079,Customer 9079,EAST,N/A,31/02/2024
9080,Customer 9080,east,-999999,2024-01-15
9081,Customer 9081,unknown,-999999,2024-01-15
9082,Customer 9082,EAST,-999999,2024-01-15
9083,Customer 9083,east,20,2024-01-15
9084,Customer 9084,unknown,"1,000",2024-01-15
9085,Customer 9085,EAST,N/A,2024-01-15
9086,Customer 9086,east,10,31/02/2024
9087,  Customer 9087  ,east,20,2024-01-15
9088,Customer 9088,South,N/A,2024-01-15
9089,Customer 9089,unknown,10,2024-01-15
9090,Customer 9090,North,-999999,2024-01-15
9091,Customer 9091,West,"1,000",2024-01-15
9092,Customer 9092,West,N/A,2024-01-15
9093,Customer 9093,EAST,20,31/02/2024
9094,Customer 9094,North,-999999,2024-01-15
9095,Customer 9095,West,"1,000",2024-01-15
9096,Customer 9096,South,-999999,2024-01-15
9097,Customer 9097,West,-999999,2024-01-15
9098,Customer 9098,North,-999999,2024-01-15
9099,Customer 9099,EAST,N/A,2024-01-15
9100,  Customer 9100  ,West,10,31/02/2024
9101,Customer 9101,unknown,10,2024-01-15
9102,Customer 9102,unknown,-999999,2024-01-15
9103,Customer 9103,EAST,10,2024-01-15
9104,Customer 9104,South,N/A,2024-01-15
9105,Customer 9105,east,-999999,2024-01-15
9106,Customer 9106,unknown,10,2024-01-15
9107,Customer 9107,east,-999999,31/02/2024
9108,Customer 9108,North,"1,000",2024-01-15
9109,Customer 9109,unknown,"1,000",2024-01-15
9110,Customer 9110,South,10,2024-01-15
9111,Customer 9111,North,-999999,2024-01-15
9112,Customer 9112,North,"1,000",2024-01-15
9113,  Customer 9113  ,South,20,2024-01-15
9114,Customer 9114,North,-999999,31/02/2024
9115,Customer 9115,South,-999999,2024-01-15
9116,Customer 9116,EAST,20,2024-01-15
9117,Customer 9117,EAST,"1,000",2024-01-15
9118,Customer 9118,east,"1,000",2024-01-15
9119,Customer 9119,east,20,2024-01-15
9120,Customer 9120,unknown,10,2024-01-15
9121,Customer 9121,West,-999999,31/02/2024
9122,Customer 9122,east,10,2024-01-15
9123,Customer 9123,West,-999999,2024-01-15
9124,Customer 9124,east,20,2024-01-15
9125,Customer 9125,east,"1,000",2024-01-15
9126,  Customer 9126  ,North,N/A,2024-01-15
9127,Customer 9127,east,N/A,2024-01-15
9128,Customer 9128,unknown,"1,000",31/02/2024
9129,Customer 9129,EAST,N/A,2024-01-15
9130,Customer 9130,east,20,2024-01-15
9131,Customer 9131,east,20,2024-01-15
9132,Customer 9132,West,N/A,2024-01-15
9133,Customer 9133,EAST,-999999,2024-01-15
9134,Customer 9134,South,20,2024-01-15
9135,Customer 9135,West,-999999,31/02/2024
9136,Customer 9136,West,-999999,2024-01-15
9137,Customer 9137,EAST,N/A,2024-01-15
9138,Customer 9138,North,N/A,2024-01-15
9139,  Customer 9139  ,EAST,20,2024-01-15
9140,Customer 9140,unknown,-999999,2024-01-15
9141,Customer 9141,North,"1,000",2024-01-15
9142,Customer 9142,South,"1,000",31/02/2024
9143,Customer 9143,EAST,N/A,2024-01-15
9144,Customer 9144,unknown,N/A,2024-01-15
9145,Customer 9145,North,20,2024-01-15
9146,Customer 9146,South,-999999,2024-01-15
9147,Customer 9147,unknown,"1,000",2024-01-15
9148,Customer 9148,South,20,2024-01-15
9149,Customer 9149,unknown,-999999,31/02/2024
9150,Customer 9150,unknown,20,2024-01-15
9151,Customer 9151,West,20,2024-01-15
9152,  Customer 9152  ,unknown,20,2024-01-15
9153,Customer 9153,South,-999999,2024-01-15
9154,Customer 9154,West,10,2024-01-15
9155,Customer 9155,EAST,10,2024-01-15
9156,Customer 9156,South,20,31/02/2024
9157,Customer 9157,South,-999999,2024-01-15
9158,Customer 9158,unknown,-999999,2024-01-15
9159,Customer 9159,unknown,20,2024-01-15
9160,Customer 9160,EAST,N/A,2024-01-15
9161,Customer 9161,South,20,2024-01-15
9162,Customer 9162,North,20,2024-01-15
9163,Customer 9163,unknown,-999999,31/02/2024
9164,Customer 9164,unknown,N/A,2024-01-15
9165,  Customer 9165  ,unknown,"1,000",2024-01-15
9166,Customer 9166,West,-999999,2024-01-15
9167,Customer 9167,South,-999999,2024-01-15
9168,Customer 9168,unknown,-999999,2024-01-15
9169,Customer 9169,unknown,"1,000",2024-01-15
9170,Customer 9170,South,10,31/02/2024
9171,Customer 9171,West,N/A,2024-01-15
9172,Customer 9172,North,10,2024-01-15
9173,Customer 9173,EAST,"1,000",2024-01-15
9174,Customer 9174,West,-999999,2024-01-15
9175,Customer 9175,West,10,2024-01-15
9176,Customer 9176,unknown,N/A,2024-01-15
9177,Customer 9177,West,N/A,31/02/2024
9178,  Customer 9178  ,unknown,N/A,2024-01-15
9179,Customer 9179,North,"1,000",2024-01-15
9180,Customer 9180,South,"1,000",2024-01-15
9181,Customer 9181,South,20,2024-01-15
9182,Customer 9182,North,-999999,2024-01-15
9183,Customer 9183,EAST,20,2024-01-15
9184,Customer 9184,North,N/A,31/02/2024
9185,Customer 9185,east,10,2024-01-15
9186,Customer 9186,South,10,2024-01-15
9187,Customer 9187,east,"1,000",2024-01-15
9188,Customer 9188,unknown,10,2024-01-15
9189,Customer 9189,West,-999999,2024-01-15
9190,Customer 9190,east,-999999,2024-01-15
9191,  Customer 9191  ,EAST,-999999,31/02/2024
9192,Customer 9192,east,20,2024-01-15
9193,Customer 9193,North,20,2024-01-15
9194,Customer 9194,EAST,20,2024-01-15
9195,Customer 9195,EAST,-999999,2024-01-15
9196,Customer 9196,east,10,2024-01-15
9197,Customer 9197,South,-999999,2024-01-15
9198,Customer 9198,North,"1,000",31/02/2024
9199,Customer 9199,West,-999999,2024-01-15
9200,Customer 9200,EAST,10,2024-01-15
9201,Customer 9201,North,N/A,2024-01-15
9202,Customer 9202,EAST,-999999,2024-01-15
9203,Customer 9203,North,N/A,2024-01-15
9204,  Customer 9204  ,east,-999999,2024-01-15
9205,Customer 9205,North,N/A,31/02/2024
9206,Customer 9206,West,N/A,2024-01-15
9207,Customer 9207,unknown,20,2024-01-15
9208,Customer 9208,South,10,2024-01-15
9209,Customer 9209,North,N/A,2024-01-15
9210,Customer 9210,EAST,10,2024-01-15
9211,Customer 9211,South,N/A,2024-01-15
9212,Customer 9212,South,10,31/02/2024
9213,Customer 9213,North,-999999,2024-01-15
9214,Customer 9214,east,N/A,2024-01-15
9215,Customer 9215,West,"1,000",2024-01-15
9216,Customer 9216,South,"1,000",2024-01-15
9217,  Customer 9217  ,North,"1,000",2024-01-15
9218,Customer 9218,east,"1,000",2024-01-15
9219,Customer 9219,West,20,31/02/2024
9220,Customer 9220,unknown,N/A,2024-01-15
9221,Customer 9221,east,20,2024-01-15
9222,Customer 9222,West,"1,000",2024-01-15
9223,Customer 9223,unknown,"1,000",2024-01-15
9224,Customer 9224,South,N/A,2024-01-15
9225,Customer 9225,North,20,2024-01-15
9226,Customer 9226,North,N/A,31/02/2024
9227,Customer 9227,West,N/A,2024-01-15
9228,Customer 9228,EAST,"1,000",2024-01-15
9229,Customer 9229,EAST,20,2024-01-15
9230,  Customer 9230  ,unknown,N/A,2024-01-15
9231,Customer 9231,east,10,2024-01-15
9232,Customer 9232,South,-999999,2024-01-15
9233,Customer 9233,North,-999999,31/02/2024
9234,Customer 9234,West,20,2024-01-15
9235,Customer 9235,South,20,2024-01-15
9236,Customer 9236,North,20,2024-01-15
9237,Customer 9237,North,"1,000",2024-01-15
9238,Customer 9238,North,"1,000",2024-01-15
9239,Customer 9239,east,10,2024-01-15
9240,Customer 9240,EAST,-999999,31/02/2024
9241,Customer 9241,EAST,20,2024-01-15
9242,Customer 9242,South,N/A,2024-01-15
9243,  Customer 9243  ,West,20,2024-01-15
9244,Customer 9244,east,20,2024-01-15
9245,Customer 9245,North,N/A,2024-01-15
9246,Customer 9246,EAST,20,2024-01-15
9247,Customer 9247,unknown,10,31/02/2024
9248,Customer 9248,South,10,2024-01-15
9249,Customer 9249,east,"1,000",2024-01-15
9250,Customer 9250,east,20,2024-01-15
9251,Customer 9251,North,20,2024-01-15
9252,Customer 9252,South,"1,000",2024-01-15
9253,Customer 9253,east,20,2024-01-15
9254,Customer 9254,east,-999999,31/02/2024
9255,Customer 9255,North,20,2024-01-15
9256,  Customer 9256  ,South,N/A,2024-01-15
9257,Customer 9257,West,20,2024-01-15
9258,Customer 9258,unknown,-999999,2024-01-15
9259,Customer 9259,South,"1,000",2024-01-15
9260,Customer 9260,North,"1,000",2024-01-15
9261,Customer 9261,West,"1,000",31/02/2024
9262,Customer 9262,unknown,-999999,2024-01-15
9263,Customer 9263,West,-999999,2024-01-15
9264,Customer 9264,North,-999999,2024-01-15
9265,Customer 9265,North,N/A,2024-01-15
9266,Customer 9266,unknown,"1,000",2024-01-15
9267,Customer 9267,east,10,2024-01-15
9268,Customer 9268,West,"1,000",31/02/2024
9269,  Customer 9269  ,unknown,-999999,2024-01-15
9270,Customer 9270,EAST,N/A,2024-01-15
9271,Customer 9271,EAST,"1,000",2024-01-15
9272,Customer 9272,EAST,"1,000",2024-01-15
9273,Customer 9273,unknown,N/A,2024-01-15
9274,Customer 9274,unknown,-999999,2024-01-15
9275,Customer 9275,South,10,31/02/2024
9276,Customer 9276,EAST,10,2024-01-15
9277,Customer 9277,east,-999999,2024-01-15
9278,Customer 9278,South,N/A,2024-01-15
9279,Customer 9279,South,"1,000",2024-01-15
9280,Customer 9280,South,10,2024-01-15
9281,Customer 9281,North,-999999,2024-01-15
9282,  Customer 9282  ,West,20,31/02/2024
9283,Customer 9283,unknown,20,2024-01-15
9284,Customer 9284,West,-999999,2024-01-15
9285,Customer 9285,EAST,"1,000",2024-01-15
9286,Customer 9286,east,20,2024-01-15
9287,Customer 9287,West,20,2024-01-15
9288,Customer 9288,South,-999999,2024-01-15
9289,Customer 9289,South,-999999,31/02/2024
9290,Customer 9290,North,-999999,2024-01-15
9291,Customer 9291,North,-999999,2024-01-15
9292,Customer 9292,South,20,2024-01-15
9293,Customer 9293,EAST,"1,000",2024-01-15
9294,Customer 9294,unknown,20,2024-01-15
9295,  Customer 9295  ,South,20,2024-01-15
9296,Customer 9296,West,-999999,31/02/2024
9297,Customer 9297,West,N/A,2024-01-15
9298,Customer 9298,EAST,"1,000",2024-01-15
9299,Customer 9299,West,N/A,2024-01-15
9300,Customer 9300,South,N/A,2024-01-15
9301,Customer 9301,EAST,20,2024-01-15
9302,Customer 9302,West,10,2024-01-15
9303,Customer 9303,EAST,"1,000",31/02/2024
9304,Customer 9304,North,10,2024-01-15
9305,Customer 9305,South,20,2024-01-15
9306,Customer 9306,South,-999999,2024-01-15
9307,Customer 9307,West,N/A,2024-01-15
9308,  Customer 9308  ,east,N/A,2024-01-15
9309,Customer 9309,South,-999999,2024-01-15
9310,Customer 9310,South,N/A,31/02/2024
9311,Customer 9311,West,"1,000",2024-01-15
9312,Customer 9312,EAST,10,2024-01-15
9313,Customer 9313,EAST,"1,000",2024-01-15
9314,Customer 9314,unknown,N/A,2024-01-15
9315,Customer 9315,South,-999999,2024-01-15
9316,Customer 9316,EAST,"1,000",2024-01-15
9317,Customer 9317,unknown,"1,000",31/02/2024
9318,Customer 9318,EAST,"1,000",2024-01-15
9319,Customer 9319,east,-999999,2024-01-15
9320,Customer 9320,EAST,"1,000",2024-01-15
9321,  Customer 9321  ,South,N/A,2024-01-15
9322,Customer 9322,EAST,10,2024-01-15
9323,Customer 9323,unknown,20,2024-01-15
9324,Customer 9324,North,N/A,31/02/2024
9325,Customer 9325,unknown,"1,000",2024-01-15
9326,Customer 9326,EAST,-999999,2024-01-15
9327,Customer 9327,east,-999999,2024-01-15
9328,Customer 9328,EAST,-999999,2024-01-15
9329,Customer 9329,EAST,10,2024-01-15
9330,Customer 9330,east,-999999,2024-01-15
9331,Customer 9331,east,20,31/02/2024
9332,Customer 9332,unknown,"1,000",2024-01-15
9333,Customer 9333,West,N/A,2024-01-15
9334,  Customer 9334  ,EAST,-999999,2024-01-15
9335,Customer 9335,West,N/A,2024-01-15
9336,Customer 9336,South,-999999,2024-01-15
9337,Customer 9337,EAST,20,2024-01-15
9338,Customer 9338,West,"1,000",31/02/2024
9339,Customer 9339,North,"1,000",2024-01-15
9340,Customer 9340,east,-999999,2024-01-15
9341,Customer 9341,West,-999999,2024-01-15
9342,Customer 9342,east,10,2024-01-15
9343,Customer 9343,North,-999999,2024-01-15
9344,Customer 9344,West,N/A,2024-01-15
9345,Customer 9345,North,"1,000",31/02/2024
9346,Customer 9346,South,"1,000",2024-01-15
9347,  Customer 9347  ,North,N/A,2024-01-15
9348,Customer 9348,North,"1,000",2024-01-15
9349,Customer 9349,east,N/A,2024-01-15
9350,Customer 9350,South,-999999,2024-01-15
9351,Customer 9351,North,N/A,2024-01-15
9352,Customer 9352,east,-999999,31/02/2024
9353,Customer 9353,West,"1,000",2024-01-15
9354,Customer 9354,east,N/A,2024-01-15
9355,Customer 9355,South,"1,000",2024-01-15
9356,Customer 9356,east,-999999,2024-01-15
9357,Customer 9357,South,"1,000",2024-01-15
9358,Customer 9358,North,10,2024-01-15
9359,Customer 9359,EAST,N/A,31/02/2024
9360,  Customer 9360  ,South,N/A,2024-01-15
9361,Customer 9361,unknown,20,2024-01-15
9362,Customer 9362,east,10,2024-01-15
9363,Customer 9363,unknown,20,2024-01-15
9364,Customer 9364,West,"1,000",2024-01-15
9365,Customer 9365,North,20,2024-01-15
9366,Customer 9366,unknown,-999999,31/02/2024
9367,Customer 9367,South,10,2024-01-15
9368,Customer 9368,unknown,-999999,2024-01-15
9369,Customer 9369,South,10,2024-01-15
9370,Customer 9370,east,20,2024-01-15
9371,Customer 9371,unknown,10,2024-01-15
9372,Customer 9372,West,20,2024-01-15
9373,  Customer 9373  ,North,10,31/02/2024
9374,Customer 9374,West,20,2024-01-15
9375,Customer 9375,North,"1,000",2024-01-15
9376,Customer 9376,North,20,2024-01-15
9377,Customer 9377,North,-999999,2024-01-15
9378,Customer 9378,east,N/A,2024-01-15
9379,Customer 9379,North,N/A,2024-01-15
9380,Customer 9380,unknown,-999999,31/02/2024
9381,Customer 9381,EAST,20,2024-01-15
9382,Customer 9382,east,"1,000",2024-01-15
9383,Customer 9383,east,20,2024-01-15
9384,Customer 9384,West,20,2024-01-15
9385,Customer 9385,West,-999999,2024-01-15
9386,  Customer 9386  ,EAST,-999999,2024-01-15
9387,Customer 9387,South,-999999,31/02/2024
9388,Customer 9388,east,"1,000",2024-01-15
9389,Customer 9389,South,-999999,2024-01-15
9390,Customer 9390,east,20,2024-01-15
9391,Customer 9391,EAST,20,2024-01-15
9392,Customer 9392,unknown,"1,000",2024-01-15
9393,Customer 9393,West,20,2024-01-15
9394,Customer 9394,South,N/A,31/02/2024
9395,Customer 9395,North,"1,000",2024-01-15
9396,Customer 9396,South,10,2024-01-15
9397,Customer 9397,South,"1,000",2024-01-15
9398,Customer 9398,unknown,"1,000",2024-01-15
9399,  Customer 9399  ,West,20,2024-01-15
9400,Customer 9400,West,20,2024-01-15
9401,Customer 9401,unknown,-999999,31/02/2024
9402,Customer 9402,unknown,"1,000",2024-01-15
9403,Customer 9403,South,-999999,2024-01-15
9404,Customer 9404,West,"1,000",2024-01-15
9405,Customer 9405,South,10,2024-01-15
9406,Customer 9406,South,"1,000",2024-01-15
9407,Customer 9407,east,N/A,2024-01-15
9408,Customer 9408,EAST,"1,000",31/02/2024
9409,Customer 9409,east,-999999,2024-01-15
9410,Customer 9410,South,-999999,2024-01-15
9411,Customer 9411,EAST,N/A,2024-01-15
9412,  Customer 9412  ,West,10,2024-01-15
9413,Customer 9413,West,-999999,2024-01-15
9414,Customer 9414,South,"1,000",2024-01-15
9415,Customer 9415,east,"1,000",31/02/2024
9416,Customer 9416,West,"1,000",2024-01-15
9417,Customer 9417,EAST,20,2024-01-15
9418,Customer 9418,West,"1,000",2024-01-15
9419,Customer 9419,South,-999999,2024-01-15
9420,Customer 9420,West,"1,000",2024-01-15
9421,Customer 9421,EAST,"1,000",2024-01-15
9422,Customer 9422,South,20,31/02/2024
9423,Customer 9423,South,-999999,2024-01-15
9424,Customer 9424,east,-999999,2024-01-15
9425,  Customer 9425  ,unknown,N/A,2024-01-15
9426,Customer 9426,West,10,2024-01-15
9427,Customer 9427,North,-999999,2024-01-15
9428,Customer 9428,West,N/A,2024-01-15
9429,Customer 9429,east,20,31/02/2024
9430,Customer 9430,West,N/A,2024-01-15
9431,Customer 9431,EAST,"1,000",2024-01-15
9432,Customer 9432,South,"1,000",2024-01-15
9433,Customer 9433,EAST,10,2024-01-15
9434,Customer 9434,EAST,10,2024-01-15
9435,Customer 9435,EAST,"1,000",2024-01-15
9436,Customer 9436,east,10,31/02/2024
9437,Customer 9437,North,N/A,2024-01-15
9438,  Customer 9438  ,West,-999999,2024-01-15
9439,Customer 9439,east,N/A,2024-01-15
9440,Customer 9440,West,-999999,2024-01-15
9441,Customer 9441,South,"1,000",2024-01-15
9442,Customer 9442,South,20,2024-01-15
9443,Customer 9443,West,"1,000",31/02/2024
9444,Customer 9444,South,-999999,2024-01-15
9445,Customer 9445,West,"1,000",2024-01-15
9446,Customer 9446,West,-999999,2024-01-15
9447,Customer 9447,North,20,2024-01-15
9448,Customer 9448,EAST,20,2024-01-15
9449,Customer 9449,North,N/A,2024-01-15
9450,Customer 9450,South,20,31/02/2024
9451,  Customer 9451  ,West,-999999,2024-01-15
9452,Customer 9452,EAST,20,2024-01-15
9453,Customer 9453,EAST,"1,000",2024-01-15
9454,Customer 9454,EAST,"1,000",2024-01-15
9455,Customer 9455,West,"1,000",2024-01-15
9456,Customer 9456,unknown,20,2024-01-15
9457,Customer 9457,EAST,20,31/02/2024
9458,Customer 9458,unknown,-999999,2024-01-15
9459,Customer 9459,South,N/A,2024-01-15
9460,Customer 9460,unknown,20,2024-01-15
9461,Customer 9461,unknown,"1,000",2024-01-15
9462,Customer 9462,east,-999999,2024-01-15
9463,Customer 9463,EAST,"1,000",2024-01-15
9464,  Customer 9464  ,unknown,20,31/02/2024
9465,Customer 9465,North,"1,000",2024-01-15
9466,Customer 9466,South,10,2024-01-15
9467,Customer 9467,EAST,-999999,2024-01-15
9468,Customer 9468,North,"1,000",2024-01-15
9469,Customer 9469,North,20,2024-01-15
9470,Customer 9470,West,20,2024-01-15
9471,Customer 9471,North,-999999,31/02/2024
9472,Customer 9472,North,-999999,2024-01-15
9473,Customer 9473,unknown,20,2024-01-15
9474,Customer 9474,east,N/A,2024-01-15
9475,Customer 9475,east,"1,000",2024-01-15
9476,Customer 9476,EAST,N/A,2024-01-15
9477,  Customer 9477  ,unknown,-999999,2024-01-15
9478,Customer 9478,unknown,N/A,31/02/2024
9479,Customer 9479,South,"1,000",2024-01-15
9480,Customer 9480,EAST,20,2024-01-15
9481,Customer 9481,east,10,2024-01-15
9482,Customer 9482,South,N/A,2024-01-15
9483,Customer 9483,North,"1,000",2024-01-15
9484,Customer 9484,North,N/A,2024-01-15
9485,Customer 9485,South,-999999,31/02/2024
9486,Customer 9486,east,"1,000",2024-01-15
9487,Customer 9487,EAST,10,2024-01-15
9488,Customer 9488,West,20,2024-01-15
9489,Customer 9489,South,"1,000",2024-01-15
9490,  Customer 9490  ,unknown,20,2024-01-15
9491,Customer 9491,South,N/A,2024-01-15
9492,Customer 9492,east,20,31/02/2024
9493,Customer 9493,unknown,20,2024-01-15
9494,Customer 9494,EAST,"1,000",2024-01-15
9495,Customer 9495,east,-999999,2024-01-15
9496,Customer 9496,North,10,2024-01-15
9497,Customer 9497,east,-999999,2024-01-15
9498,Customer 9498,South,-999999,2024-01-15
9499,Customer 9499,east,"1,000",31/02/2024
9499,Customer 9500,unknown,20,2024-01-15
9501,Customer 9501,West,10,2024-01-15
9502,Customer 9502,EAST,-999999,2024-01-15
9503,  Customer 9503  ,EAST,10,2024-01-15
9504,Customer 9504,EAST,N/A,2024-01-15
9505,Customer 9505,North,10,2024-01-15
9506,Customer 9506,EAST,-999999,31/02/2024
9507,Customer 9507,North,-999999,2024-01-15
9508,Customer 9508,South,10,2024-01-15
9509,Customer 9509,North,N/A,2024-01-15
9510,Customer 9510,West,-999999,2024-01-15
9511,Customer 9511,east,N/A,2024-01-15
9512,Customer 9512,unknown,20,2024-01-15
9513,Customer 9513,South,"1,000",31/02/2024
9514,Customer 9514,EAST,"1,000",2024-01-15
9515,Customer 9515,unknown,10,2024-01-15
9516,  Customer 9516  ,North,-999999,2024-01-15
9517,Customer 9517,West,-999999,2024-01-15
9518,Customer 9518,EAST,-999999,2024-01-15
9519,Customer 9519,EAST,"1,000",2024-01-15
9520,Customer 9520,EAST,-999999,31/02/2024
9521,Customer 9521,North,-999999,2024-01-15
9522,Customer 9522,EAST,10,2024-01-15
9523,Customer 9523,North,10,2024-01-15
9524,Customer 9524,South,10,2024-01-15
9525,Customer 9525,North,"1,000",2024-01-15
9526,Customer 9526,unknown,10,2024-01-15
9527,Customer 9527,EAST,"1,000",31/02/2024
9528,Customer 9528,South,20,2024-01-15
9529,  Customer 9529  ,unknown,N/A,2024-01-15
9530,Customer 9530,unknown,"1,000",2024-01-15
9531,Customer 9531,EAST,"1,000",2024-01-15
9532,Customer 9532,North,"1,000",2024-01-15
9533,Customer 9533,east,-999999,2024-01-15
9534,Customer 9534,east,"1,000",31/02/2024
9535,Customer 9535,North,"1,000",2024-01-15
9536,Customer 9536,unknown,-999999,2024-01-15
9537,Customer 9537,West,10,2024-01-15
9538,Customer 9538,West,"1,000",2024-01-15
9539,Customer 9539,EAST,"1,000",2024-01-15
9540,Customer 9540,West,-999999,2024-01-15
9541,Customer 9541,unknown,-999999,31/02/2024
9542,  Customer 9542  ,West,"1,000",2024-01-15
9543,Customer 9543,east,10,2024-01-15
9544,Customer 9544,EAST,N/A,2024-01-15
9545,Customer 9545,North,"1,000",2024-01-15
9546,Customer 9546,EAST,"1,000",2024-01-15
9547,Customer 9547,east,"1,000",2024-01-15
9548,Customer 9548,unknown,20,31/02/2024
9549,Customer 9549,unknown,-999999,2024-01-15
9550,Customer 9550,North,N/A,2024-01-15
9551,Customer 9551,EAST,-999999,2024-01-15
9552,Customer 9552,South,10,2024-01-15
9553,Customer 9553,West,N/A,2024-01-15
9554,Customer 9554,EAST,N/A,2024-01-15
9555,  Customer 9555  ,West,-999999,31/02/2024
9556,Customer 9556,West,"1,000",2024-01-15
9557,Customer 9557,EAST,N/A,2024-01-15
9558,Customer 9558,North,N/A,2024-01-15
9559,Customer 9559,West,-999999,2024-01-15
9560,Customer 9560,unknown,10,2024-01-15
9561,Customer 9561,EAST,"1,000",2024-01-15
9562,Customer 9562,EAST,20,31/02/2024
9563,Customer 9563,South,N/A,2024-01-15
9564,Customer 9564,east,10,2024-01-15
9565,Customer 9565,EAST,-999999,2024-01-15
9566,Customer 9566,east,N/A,2024-01-15
9567,Customer 9567,South,N/A,2024-01-15
9568,  Customer 9568  ,West,N/A,2024-01-15
9569,Customer 9569,South,-999999,31/02/2024
9570,Customer 9570,EAST,10,2024-01-15
9571,Customer 9571,West,"1,000",2024-01-15
9572,Customer 9572,east,20,2024-01-15
9573,Customer 9573,east,10,2024-01-15
9574,Customer 9574,West,N/A,2024-01-15
9575,Customer 9575,east,20,2024-01-15
9576,Customer 9576,unknown,10,31/02/2024
9577,Customer 9577,unknown,10,2024-01-15
9578,Customer 9578,West,N/A,2024-01-15
9579,Customer 9579,unknown,-999999,2024-01-15
9580,Customer 9580,EAST,-999999,2024-01-15
9581,  Customer 9581  ,east,10,2024-01-15
9582,Customer 9582,east,N/A,2024-01-15
9583,Customer 9583,east,10,31/02/2024
9584,Customer 9584,unknown,N/A,2024-01-15
9585,Customer 9585,east,N/A,2024-01-15
9586,Customer 9586,West,N/A,2024-01-15
9587,Customer 9587,South,"1,000",2024-01-15
9588,Customer 9588,EAST,-999999,2024-01-15
9589,Customer 9589,South,10,2024-01-15
9590,Customer 9590,South,"1,000",31/02/2024
9591,Customer 9591,unknown,"1,000",2024-01-15
9592,Customer 9592,east,-999999,2024-01-15
9593,Customer 9593,South,20,2024-01-15
9594,  Customer 9594  ,South,"1,000",2024-01-15
9595,Customer 9595,North,20,2024-01-15
9596,Customer 9596,unknown,10,2024-01-15
9597,Customer 9597,unknown,10,31/02/2024
9598,Customer 9598,EAST,-999999,2024-01-15
9599,Customer 9599,North,20,2024-01-15
9600,Customer 9600,unknown,"1,000",2024-01-15
9601,Customer 9601,east,-999999,2024-01-15
9602,Customer 9602,unknown,-999999,2024-01-15
9603,Customer 9603,unknown,"1,000",2024-01-15
9604,Customer 9604,unknown,10,31/02/2024
9605,Customer 9605,east,10,2024-01-15
9606,Customer 9606,South,20,2024-01-15
9607,  Customer 9607  ,West,-999999,2024-01-15
9608,Customer 9608,unknown,20,2024-01-15
9609,Customer 9609,east,10,2024-01-15
9610,Customer 9610,North,20,2024-01-15
9611,Customer 9611,South,-999999,31/02/2024
9612,Customer 9612,east,20,2024-01-15
9613,Customer 9613,east,-999999,2024-01-15
9614,Customer 9614,North,-999999,2024-01-15
9615,Customer 9615,EAST,10,2024-01-15
9616,Customer 9616,West,10,2024-01-15
9617,Customer 9617,West,"1,000",2024-01-15
9618,Customer 9618,West,-999999,31/02/2024
9619,Customer 9619,South,N/A,2024-01-15
9620,  Customer 9620  ,unknown,"1,000",2024-01-15
9621,Customer 9621,unknown,-999999,2024-01-15
9622,Customer 9622,east,10,2024-01-15
9623,Customer 9623,West,N/A,2024-01-15
9624,Customer 9624,unknown,10,2024-01-15
9625,Customer 9625,unknown,20,31/02/2024
9626,Customer 9626,West,20,2024-01-15
9627,Customer 9627,North,"1,000",2024-01-15
9628,Customer 9628,east,-999999,2024-01-15
9629,Customer 9629,EAST,-999999,2024-01-15
9630,Customer 9630,EAST,"1,000",2024-01-15
9631,Customer 9631,West,-999999,2024-01-15
9632,Customer 9632,EAST,"1,000",31/02/2024
9633,  Customer 9633  ,east,-999999,2024-01-15
9634,Customer 9634,West,10,2024-01-15
9635,Customer 9635,east,-999999,2024-01-15
9636,Customer 9636,South,10,2024-01-15
9637,Customer 9637,South,20,2024-01-15
9638,Customer 9638,South,N/A,2024-01-15
9639,Customer 9639,unknown,N/A,31/02/2024
9640,Customer 9640,unknown,10,2024-01-15
9641,Customer 9641,unknown,-999999,2024-01-15
9642,Customer 9642,EAST,"1,000",2024-01-15
9643,Customer 9643,unknown,N/A,2024-01-15
9644,Customer 9644,North,N/A,2024-01-15
9645,Customer 9645,South,10,2024-01-15
9646,  Customer 9646  ,east,-999999,31/02/2024
9647,Customer 9647,South,N/A,2024-01-15
9648,Customer 9648,West,20,2024-01-15
9649,Customer 9649,North,10,2024-01-15
9650,Customer 9650,east,10,2024-01-15
9651,Customer 9651,EAST,-999999,2024-01-15
9652,Customer 9652,West,"1,000",2024-01-15
9653,Customer 9653,North,20,31/02/2024
9654,Customer 9654,unknown,10,2024-01-15
9655,Customer 9655,EAST,10,2024-01-15
9656,Customer 9656,east,10,2024-01-15
9657,Customer 9657,east,20,2024-01-15
9658,Customer 9658,South,20,2024-01-15
9659,  Customer 9659  ,east,N/A,2024-01-15
9660,Customer 9660,South,N/A,31/02/2024
9661,Customer 9661,east,20,2024-01-15
9662,Customer 9662,West,"1,000",2024-01-15
9663,Customer 9663,North,N/A,2024-01-15
9664,Customer 9664,North,20,2024-01-15
9665,Customer 9665,EAST,"1,000",2024-01-15
9666,Customer 9666,EAST,N/A,2024-01-15
9667,Customer 9667,east,N/A,31/02/2024
9668,Customer 9668,North,10,2024-01-15
9669,Customer 9669,unknown,-999999,2024-01-15
9670,Customer 9670,South,-999999,2024-01-15
9671,Customer 9671,east,10,2024-01-15
9672,  Customer 9672  ,unknown,10,2024-01-15
9673,Customer 9673,EAST,"1,000",2024-01-15
9674,Customer 9674,east,"1,000",31/02/2024
9675,Customer 9675,unknown,N/A,2024-01-15
9676,Customer 9676,east,-999999,2024-01-15
9677,Customer 9677,West,-999999,2024-01-15
9678,Customer 9678,unknown,10,2024-01-15
9679,Customer 9679,North,10,2024-01-15
9680,Customer 9680,east,-999999,2024-01-15
9681,Customer 9681,east,N/A,31/02/2024
9682,Customer 9682,South,N/A,2024-01-15
9683,Customer 9683,EAST,"1,000",2024-01-15
9684,Customer 9684,West,N/A,2024-01-15
9685,  Customer 9685  ,West,"1,000",2024-01-15
9686,Customer 9686,east,"1,000",2024-01-15
9687,Customer 9687,North,20,2024-01-15
9688,Customer 9688,North,10,31/02/2024
9689,Customer 9689,South,10,2024-01-15
9690,Customer 9690,West,-999999,2024-01-15
9691,Customer 9691,EAST,-999999,2024-01-15
9692,Customer 9692,EAST,"1,000",2024-01-15
9693,Customer 9693,South,"1,000",2024-01-15
9694,Customer 9694,EAST,10,2024-01-15
9695,Customer 9695,South,"1,000",31/02/2024
9696,Customer 9696,North,N/A,2024-01-15
9697,Customer 9697,unknown,-999999,2024-01-15
9698,  Customer 9698  ,east,10,2024-01-15
9699,Customer 9699,South,"1,000",2024-01-15
9700,Customer 9700,North,N/A,2024-01-15
9701,Customer 9701,east,-999999,2024-01-15
9702,Customer 9702,unknown,"1,000",31/02/2024
9703,Customer 9703,South,20,2024-01-15
9704,Customer 9704,West,20,2024-01-15
9705,Customer 9705,North,"1,000",2024-01-15
9706,Customer 9706,EAST,N/A,2024-01-15
9707,Customer 9707,West,N/A,2024-01-15
9708,Customer 9708,east,10,2024-01-15
9709,Customer 9709,South,10,31/02/2024
9710,Customer 9710,unknown,-999999,2024-01-15
9711,  Customer 9711  ,east,10,2024-01-15
9712,Customer 9712,West,10,2024-01-15
9713,Customer 9713,South,20,2024-01-15
9714,Customer 9714,EAST,N/A,2024-01-15
9715,Customer 9715,east,20,2024-01-15
9716,Customer 9716,South,"1,000",31/02/2024
9717,Customer 9717,east,"1,000",2024-01-15
9718,Customer 9718,EAST,"1,000",2024-01-15
9719,Customer 9719,South,10,2024-01-15
9720,Customer 9720,South,N/A,2024-01-15
9721,Customer 9721,unknown,"1,000",2024-01-15
9722,Customer 9722,EAST,N/A,2024-01-15
9723,Customer 9723,West,20,31/02/2024
9724,  Customer 9724  ,South,N/A,2024-01-15
9725,Customer 9725,east,N/A,2024-01-15
9726,Customer 9726,North,-999999,2024-01-15
9727,Customer 9727,West,-999999,2024-01-15
9728,Customer 9728,unknown,"1,000",2024-01-15
9729,Customer 9729,South,"1,000",2024-01-15
9730,Customer 9730,east,"1,000",31/02/2024
9731,Customer 9731,North,N/A,2024-01-15
9732,Customer 9732,EAST,20,2024-01-15
9733,Customer 9733,South,N/A,2024-01-15
9734,Customer 9734,North,20,2024-01-15
9735,Customer 9735,North,10,2024-01-15
9736,Customer 9736,South,"1,000",2024-01-15
9737,  Customer 9737  ,east,N/A,31/02/2024
9738,Customer 9738,unknown,N/A,2024-01-15
9739,Customer 9739,South,-999999,2024-01-15
9740,Customer 9740,unknown,-999999,2024-01-15
9741,Customer 9741,EAST,10,2024-01-15
9742,Customer 9742,unknown,10,2024-01-15
9743,Customer 9743,North,-999999,2024-01-15
9744,Customer 9744,east,10,31/02/2024
9745,Customer 9745,West,"1,000",2024-01-15
9746,Customer 9746,South,N/A,2024-01-15
9747,Customer 9747,South,20,2024-01-15
9748,Customer 9748,unknown,20,2024-01-15
9749,Customer 9749,EAST,N/A,2024-01-15
9750,  Customer 9750  ,North,20,2024-01-15
9751,Customer 9751,EAST,20,31/02/2024
9752,Customer 9752,EAST,-999999,2024-01-15
9753,Customer 9753,EAST,20,2024-01-15
9754,Customer 9754,North,10,2024-01-15
9755,Customer 9755,east,"1,000",2024-01-15
9756,Customer 9756,EAST,N/A,2024-01-15
9757,Customer 9757,South,N/A,2024-01-15
9758,Customer 9758,EAST,10,31/02/2024
9759,Customer 9759,West,N/A,2024-01-15
9760,Customer 9760,unknown,20,2024-01-15
9761,Customer 9761,east,"1,000",2024-01-15
9762,Customer 9762,unknown,10,2024-01-15
9763,  Customer 9763  ,unknown,N/A,2024-01-15
9764,Customer 9764,North,20,2024-01-15
9765,Customer 9765,South,10,31/02/2024
9766,Customer 9766,North,"1,000",2024-01-15
9767,Customer 9767,North,N/A,2024-01-15
9768,Customer 9768,North,10,2024-01-15
9769,Customer 9769,EAST,"1,000",2024-01-15
9770,Customer 9770,South,N/A,2024-01-15
9771,Customer 9771,unknown,N/A,2024-01-15
9772,Customer 9772,east,"1,000",31/02/2024
9773,Customer 9773,east,-999999,2024-01-15
9774,Customer 9774,EAST,-999999,2024-01-15
9775,Customer 9775,east,"1,000",2024-01-15
9776,  Customer 9776  ,EAST,20,2024-01-15
9777,Customer 9777,South,-999999,2024-01-15
9778,Customer 9778,unknown,10,2024-01-15
9779,Customer 9779,South,-999999,31/02/2024
9780,Customer 9780,EAST,20,2024-01-15
9781,Customer 9781,east,10,2024-01-15
9782,Customer 9782,unknown,20,2024-01-15
9783,Customer 9783,South,10,2024-01-15
9784,Customer 9784,unknown,N/A,2024-01-15
9785,Customer 9785,West,-999999,2024-01-15
9786,Customer 9786,West,"1,000",31/02/2024
9787,Customer 9787,West,-999999,2024-01-15
9788,Customer 9788,North,"1,000",2024-01-15
9789,  Customer 9789  ,east,20,2024-01-15
9790,Customer 9790,east,-999999,2024-01-15
9791,Customer 9791,North,"1,000",2024-01-15
9792,Customer 9792,South,N/A,2024-01-15
9793,Customer 9793,North,10,31/02/2024
9794,Customer 9794,unknown,10,2024-01-15
9795,Customer 9795,West,-999999,2024-01-15
9796,Customer 9796,unknown,-999999,2024-01-15
9797,Customer 9797,east,20,2024-01-15
9798,Customer 9798,east,10,2024-01-15
9799,Customer 9799,South,-999999,2024-01-15
9800,Customer 9800,east,20,31/02/2024
9801,Customer 9801,West,20,2024-01-15
9802,  Customer 9802  ,east,"1,000",2024-01-15
9803,Customer 9803,West,20,2024-01-15
9804,Customer 9804,West,"1,000",2024-01-15
9805,Customer 9805,unknown,10,2024-01-15
9806,Customer 9806,South,20,2024-01-15
9807,Customer 9807,east,"1,000",31/02/2024
9808,Customer 9808,east,-999999,2024-01-15
9809,Customer 9809,unknown,10,2024-01-15
9810,Customer 9810,North,-999999,2024-01-15
9811,Customer 9811,West,10,2024-01-15
9812,Customer 9812,South,N/A,2024-01-15
9813,Customer 9813,North,N/A,2024-01-15
9814,Customer 9814,South,N/A,31/02/2024
9815,  Customer 9815  ,unknown,N/A,2024-01-15
9816,Customer 9816,North,-999999,2024-01-15
9817,Customer 9817,North,"1,000",2024-01-15
9818,Customer 9818,West,10,2024-01-15
9819,Customer 9819,east,10,2024-01-15
9820,Customer 9820,South,"1,000",2024-01-15
9821,Customer 9821,South,20,31/02/2024
9822,Customer 9822,West,N/A,2024-01-15
9823,Customer 9823,EAST,20,2024-01-15
9824,Customer 9824,South,-999999,2024-01-15
9825,Customer 9825,North,10,2024-01-15
9826,Customer 9826,West,N/A,2024-01-15
9827,Customer 9827,South,-999999,2024-01-15
9828,  Customer 9828  ,North,10,31/02/2024
9829,Customer 9829,North,10,2024-01-15
9830,Customer 9830,east,20,2024-01-15
9831,Customer 9831,east,-999999,2024-01-15
9832,Customer 9832,West,10,2024-01-15
9833,Customer 9833,North,10,2024-01-15
9834,Customer 9834,South,-999999,2024-01-15
9835,Customer 9835,east,10,31/02/2024
9836,Customer 9836,South,10,2024-01-15
9837,Customer 9837,EAST,10,2024-01-15
9838,Customer 9838,South,"1,000",2024-01-15
9839,Customer 9839,West,-999999,2024-01-15
9840,Customer 9840,unknown,N/A,2024-01-15
9841,  Customer 9841  ,South,10,2024-01-15
9842,Customer 9842,unknown,"1,000",31/02/2024
9843,Customer 9843,unknown,20,2024-01-15
9844,Customer 9844,EAST,20,2024-01-15
9845,Customer 9845,unknown,10,2024-01-15
9846,Customer 9846,South,N/A,2024-01-15
9847,Customer 9847,West,"1,000",2024-01-15
9848,Customer 9848,EAST,20,2024-01-15
9849,Customer 9849,east,"1,000",31/02/2024
9850,Customer 9850,east,-999999,2024-01-15
9851,Customer 9851,EAST,N/A,2024-01-15
9852,Customer 9852,east,"1,000",2024-01-15
9853,Customer 9853,West,-999999,2024-01-15
9854,  Customer 9854  ,North,20,2024-01-15
9855,Customer 9855,South,20,2024-01-15
9856,Customer 9856,North,10,31/02/2024
9857,Customer 9857,EAST,10,2024-01-15
9858,Customer 9858,unknown,-999999,2024-01-15
9859,Customer 9859,EAST,20,2024-01-15
9860,Customer 9860,EAST,-999999,2024-01-15
9861,Customer 9861,West,10,2024-01-15
9862,Customer 9862,east,-999999,2024-01-15
9863,Customer 9863,EAST,-999999,31/02/2024
9864,Customer 9864,east,20,2024-01-15
9865,Customer 9865,EAST,20,2024-01-15
9866,Customer 9866,EAST,20,2024-01-15
9867,  Customer 9867  ,North,-999999,2024-01-15
9868,Customer 9868,east,"1,000",2024-01-15
9869,Customer 9869,South,20,2024-01-15
9870,Customer 9870,North,"1,000",31/02/2024
9871,Customer 9871,South,-999999,2024-01-15
9872,Customer 9872,unknown,N/A,2024-01-15
9873,Customer 9873,EAST,N/A,2024-01-15
9874,Customer 9874,unknown,N/A,2024-01-15
9875,Customer 9875,EAST,10,2024-01-15
9876,Customer 9876,east,-999999,2024-01-15
9877,Customer 9877,North,20,31/02/2024
9878,Customer 9878,east,"1,000",2024-01-15
9879,Customer 9879,North,"1,000",2024-01-15
9880,  Customer 9880  ,east,N/A,2024-01-15
9881,Customer 9881,unknown,"1,000",2024-01-15
9882,Customer 9882,unknown,20,2024-01-15
9883,Customer 9883,unknown,"1,000",2024-01-15
9884,Customer 9884,unknown,10,31/02/2024
9885,Customer 9885,North,10,2024-01-15
9886,Customer 9886,unknown,10,2024-01-15
9887,Customer 9887,east,N/A,2024-01-15
9888,Customer 9888,EAST,10,2024-01-15
9889,Customer 9889,West,N/A,2024-01-15
9890,Customer 9890,east,20,2024-01-15
9891,Customer 9891,EAST,-999999,31/02/2024
9892,Customer 9892,North,20,2024-01-15
9893,  Customer 9893  ,South,N/A,2024-01-15
9894,Customer 9894,EAST,20,2024-01-15
9895,Customer 9895,EAST,"1,000",2024-01-15
9896,Customer 9896,West,"1,000",2024-01-15
9897,Customer 9897,South,10,2024-01-15
9898,Customer 9898,West,"1,000",31/02/2024
9899,Customer 9899,unknown,-999999,2024-01-15
9900,Customer 9900,North,N/A,2024-01-15
9901,Customer 9901,South,20,2024-01-15
9902,Customer 9902,east,-999999,2024-01-15
9903,Customer 9903,South,-999999,2024-01-15
9904,Customer 9904,West,-999999,2024-01-15
9905,Customer 9905,West,"1,000",31/02/2024
9906,  Customer 9906  ,unknown,"1,000",2024-01-15
9907,Customer 9907,North,20,2024-01-15
9908,Customer 9908,EAST,20,2024-01-15
9909,Customer 9909,east,20,2024-01-15
9910,Customer 9910,South,20,2024-01-15
9911,Customer 9911,east,"1,000",2024-01-15
9912,Customer 9912,North,N/A,31/02/2024
9913,Customer 9913,West,10,2024-01-15
9914,Customer 9914,North,20,2024-01-15
9915,Customer 9915,West,"1,000",2024-01-15
9916,Customer 9916,east,20,2024-01-15
9917,Customer 9917,unknown,-999999,2024-01-15
9918,Customer 9918,South,N/A,2024-01-15
9919,  Customer 9919  ,EAST,"1,000",31/02/2024
9920,Customer 9920,EAST,"1,000",2024-01-15
9921,Customer 9921,South,"1,000",2024-01-15
9922,Customer 9922,South,"1,000",2024-01-15
9923,Customer 9923,unknown,20,2024-01-15
9924,Customer 9924,east,N/A,2024-01-15
9925,Customer 9925,unknown,20,2024-01-15
9926,Customer 9926,east,10,31/02/2024
9927,Customer 9927,North,"1,000",2024-01-15
9928,Customer 9928,South,N/A,2024-01-15
9929,Customer 9929,North,20,2024-01-15
9930,Customer 9930,West,10,2024-01-15
9931,Customer 9931,unknown,20,2024-01-15
9932,  Customer 9932  ,unknown,10,2024-01-15
9933,Customer 9933,EAST,10,31/02/2024
9934,Customer 9934,EAST,"1,000",2024-01-15
9935,Customer 9935,North,10,2024-01-15
9936,Customer 9936,South,20,2024-01-15
9937,Customer 9937,EAST,-999999,2024-01-15
9938,Customer 9938,EAST,"1,000",2024-01-15
9939,Customer 9939,North,"1,000",2024-01-15
9940,Customer 9940,EAST,20,31/02/2024
9941,Customer 9941,North,10,2024-01-15
9942,Customer 9942,east,N/A,2024-01-15
9943,Customer 9943,EAST,N/A,2024-01-15
9944,Customer 9944,North,N/A,2024-01-15
9945,  Customer 9945  ,North,10,2024-01-15
9946,Customer 9946,North,20,2024-01-15
9947,Customer 9947,North,10,31/02/2024
9948,Customer 9948,North,-999999,2024-01-15
9949,Customer 9949,EAST,10,2024-01-15
9950,Customer 9950,South,"1,000",2024-01-15
9951,Customer 9951,North,-999999,2024-01-15
9952,Customer 9952,unknown,-999999,2024-01-15
9953,Customer 9953,South,"1,000",2024-01-15
9954,Customer 9954,North,10,31/02/2024
9955,Customer 9955,east,20,2024-01-15
9956,Customer 9956,east,20,2024-01-15
9957,Customer 9957,unknown,N/A,2024-01-15
9958,  Customer 9958  ,South,10,2024-01-15
9959,Customer 9959,EAST,20,2024-01-15
9960,Customer 9960,EAST,-999999,2024-01-15
9961,Customer 9961,unknown,N/A,31/02/2024
9962,Customer 9962,West,N/A,2024-01-15
9963,Customer 9963,EAST,10,2024-01-15
9964,Customer 9964,South,"1,000",2024-01-15
9965,Customer 9965,West,N/A,2024-01-15
9966,Customer 9966,EAST,N/A,2024-01-15
9967,Customer 9967,West,"1,000",2024-01-15
9968,Customer 9968,West,10,31/02/2024
9969,Customer 9969,South,20,2024-01-15
9970,Customer 9970,South,N/A,2024-01-15
9971,  Customer 9971  ,EAST,N/A,2024-01-15
9972,Customer 9972,West,-999999,2024-01-15
9973,Customer 9973,EAST,10,2024-01-15
9974,Customer 9974,east,N/A,2024-01-15
9975,Customer 9975,North,20,31/02/2024
9976,Customer 9976,South,-999999,2024-01-15
9977,Customer 9977,east,N/A,2024-01-15
9978,Customer 9978,east,10,2024-01-15
9979,Customer 9979,unknown,10,2024-01-15
9980,Customer 9980,EAST,N/A,2024-01-15
9981,Customer 9981,South,10,2024-01-15
9982,Customer 9982,EAST,10,31/02/2024
9983,Customer 9983,South,20,2024-01-15
9984,  Customer 9984  ,North,N/A,2024-01-15
9985,Customer 9985,EAST,20,2024-01-15
9986,Customer 9986,North,10,2024-01-15
9987,Customer 9987,EAST,-999999,2024-01-15
9988,Customer 9988,South,N/A,2024-01-15
9989,Customer 9989,east,"1,000",31/02/2024
9990,Customer 9990,east,-999999,2024-01-15
9991,Customer 9991,South,10,2024-01-15
9992,Customer 9992,unknown,20,2024-01-15
9993,Customer 9993,east,10,2024-01-15
9994,Customer 9994,South,20,2024-01-15
9995,Customer 9995,North,10,2024-01-15
9996,Customer 9996,North,10,31/02/2024
9997,  Customer 9997  ,North,20,2024-01-15
9998,Customer 9998,West,10,2024-01-15
9999,Customer 9999,North,"1,000",2024-01-15
9999,Customer 10000,unknown,N/A,2024-01-15
